file,class,method,constructor,line,cbo,cboModified,fanin,fanout,wmc,rfc,loc,returnsQty,variablesQty,parametersQty,methodsInvokedQty,methodsInvokedLocalQty,methodsInvokedIndirectLocalQty,loopQty,comparisonsQty,tryCatchQty,parenthesizedExpsQty,stringLiteralsQty,numbersQty,assignmentsQty,mathOperationsQty,maxNestedBlocksQty,anonymousClassesQty,innerClassesQty,lambdasQty,uniqueWordsQty,modifiers,logStatementsQty,hasJavaDoc
/home/alison/jsoup-quality-analysis/work/jsoup/src/main/java/org/jsoup/helper/DataUtil.java,org.jsoup.helper.DataUtil,"load/3[java.io.InputStream,java.lang.String,java.lang.String]",false,58,3,4,1,3,1,3,4,1,1,3,3,2,4,0,0,0,0,0,0,1,0,0,0,0,0,41,9,0,true
/home/alison/jsoup-quality-analysis/work/jsoup/src/main/java/org/jsoup/helper/DataUtil.java,org.jsoup.helper.DataUtil,getCharsetFromContentType/1[java.lang.String],false,205,1,3,2,1,3,6,10,3,2,1,6,1,1,0,1,0,0,2,1,3,0,1,0,0,0,31,8,0,true
/home/alison/jsoup-quality-analysis/work/jsoup/src/main/java/org/jsoup/helper/DataUtil.java,org.jsoup.helper.DataUtil,"load/4[java.io.InputStream,java.lang.String,java.lang.String,org.jsoup.parser.Parser]",false,72,3,3,1,2,1,2,4,1,1,4,2,2,4,0,0,0,0,0,0,1,0,0,0,0,0,46,9,0,true
/home/alison/jsoup-quality-analysis/work/jsoup/src/main/java/org/jsoup/helper/DataUtil.java,org.jsoup.helper.DataUtil,emptyByteBuffer/0,false,195,0,1,1,0,1,1,3,1,0,0,1,0,0,0,0,0,0,0,1,0,0,0,0,0,0,3,8,0,false
/home/alison/jsoup-quality-analysis/work/jsoup/src/main/java/org/jsoup/helper/DataUtil.java,org.jsoup.helper.DataUtil,"readToByteBuffer/2[java.io.InputStream,int]",false,154,2,4,3,1,10,6,21,1,5,2,6,0,0,1,1,0,0,1,5,6,0,3,0,0,0,56,9,0,true
/home/alison/jsoup-quality-analysis/work/jsoup/src/main/java/org/jsoup/helper/DataUtil.java,org.jsoup.helper.DataUtil,mimeBoundary/0,false,232,0,1,1,0,2,3,8,1,3,0,3,0,0,1,0,0,0,0,1,3,0,1,0,0,0,15,8,0,true
/home/alison/jsoup-quality-analysis/work/jsoup/src/main/java/org/jsoup/helper/DataUtil.java,org.jsoup.helper.DataUtil,"load/3[java.io.File,java.lang.String,java.lang.String]",false,45,3,5,2,3,1,3,4,1,1,3,3,2,3,0,0,0,0,0,0,1,0,0,0,0,0,34,9,0,true
/home/alison/jsoup-quality-analysis/work/jsoup/src/main/java/org/jsoup/helper/DataUtil.java,org.jsoup.helper.DataUtil,"crossStreams/2[java.io.InputStream,java.io.OutputStream]",false,83,1,1,1,0,2,2,7,0,2,2,2,0,0,1,1,0,1,0,2,2,0,1,0,0,0,24,8,0,true
/home/alison/jsoup-quality-analysis/work/jsoup/src/main/java/org/jsoup/helper/DataUtil.java,org.jsoup.helper.DataUtil,"detectCharsetFromBom/2[java.nio.ByteBuffer,java.lang.String]",false,241,1,1,1,0,17,5,19,1,1,2,5,0,0,0,15,0,0,3,32,4,0,1,0,0,0,14,10,0,false
/home/alison/jsoup-quality-analysis/work/jsoup/src/main/java/org/jsoup/helper/DataUtil.java,org.jsoup.helper.DataUtil,DataUtil/0,true,35,0,0,0,0,1,0,2,0,0,0,0,0,0,0,0,0,0,0,0,0,0,0,0,0,0,2,2,0,false
/home/alison/jsoup-quality-analysis/work/jsoup/src/main/java/org/jsoup/helper/DataUtil.java,org.jsoup.helper.DataUtil,readToByteBuffer/1[java.io.InputStream],false,178,1,3,2,1,1,1,3,1,0,1,1,1,1,0,0,0,0,0,1,0,0,0,0,0,0,10,8,0,false
/home/alison/jsoup-quality-analysis/work/jsoup/src/main/java/org/jsoup/helper/DataUtil.java,org.jsoup.helper.DataUtil,readFileToByteBuffer/1[java.io.File],false,182,1,1,1,0,2,4,12,1,2,1,4,0,0,0,1,1,0,1,0,3,0,2,0,0,0,14,8,0,false
/home/alison/jsoup-quality-analysis/work/jsoup/src/main/java/org/jsoup/helper/DataUtil.java,org.jsoup.helper.DataUtil,validateCharset/1[java.lang.String],false,216,0,2,2,0,6,5,12,4,0,1,5,0,0,0,2,1,0,2,1,2,0,2,0,0,0,8,10,0,false
/home/alison/jsoup-quality-analysis/work/jsoup/src/main/java/org/jsoup/helper/DataUtil.java,org.jsoup.helper.DataUtil,"parseByteData/4[java.nio.ByteBuffer,java.lang.String,java.lang.String,org.jsoup.parser.Parser]",false,94,9,17,4,13,14,20,45,1,5,4,20,3,2,1,6,0,0,10,3,17,0,3,0,0,0,38,8,0,false
/home/alison/jsoup-quality-analysis/work/jsoup/src/main/java/org/jsoup/select/StructuralEvaluator.java,org.jsoup.select.StructuralEvaluator$ImmediateParent,ImmediateParent/1[org.jsoup.select.Evaluator],true,78,1,1,1,0,1,0,3,0,0,1,0,0,0,0,0,0,0,0,0,1,0,0,0,0,0,4,1,0,false
/home/alison/jsoup-quality-analysis/work/jsoup/src/main/java/org/jsoup/select/StructuralEvaluator.java,org.jsoup.select.StructuralEvaluator$ImmediateParent,"matches/2[org.jsoup.nodes.Element,org.jsoup.nodes.Element]",false,82,2,2,0,2,3,2,5,2,1,2,2,0,0,0,2,0,0,0,0,1,0,1,0,0,0,7,1,0,false
/home/alison/jsoup-quality-analysis/work/jsoup/src/main/java/org/jsoup/select/StructuralEvaluator.java,org.jsoup.select.StructuralEvaluator$ImmediateParent,toString/0,false,91,0,0,0,0,1,1,3,1,0,0,1,0,0,0,0,0,0,1,0,0,0,0,0,0,0,2,1,0,false
/home/alison/jsoup-quality-analysis/work/jsoup/src/main/java/org/jsoup/helper/ChangeNotifyingArrayList.java,org.jsoup.helper.ChangeNotifyingArrayList,"removeRange/2[int,int]",false,65,1,1,0,1,1,2,4,0,0,2,2,0,0,0,0,0,0,0,0,0,0,0,0,0,0,7,4,0,false
/home/alison/jsoup-quality-analysis/work/jsoup/src/main/java/org/jsoup/helper/ChangeNotifyingArrayList.java,org.jsoup.helper.ChangeNotifyingArrayList,retainAll/1[java.util.Collection<?>],false,77,1,1,0,1,1,2,4,1,0,1,2,0,0,0,0,0,0,0,0,0,0,0,0,0,0,6,1,0,false
/home/alison/jsoup-quality-analysis/work/jsoup/src/main/java/org/jsoup/helper/ChangeNotifyingArrayList.java,org.jsoup.helper.ChangeNotifyingArrayList,ChangeNotifyingArrayList/1[int],true,10,0,0,0,0,1,0,3,0,0,1,0,0,0,0,0,0,0,0,0,0,0,0,0,0,0,6,1,0,false
/home/alison/jsoup-quality-analysis/work/jsoup/src/main/java/org/jsoup/helper/ChangeNotifyingArrayList.java,org.jsoup.helper.ChangeNotifyingArrayList,remove/1[int],false,35,2,1,0,1,1,2,4,1,0,1,2,0,0,0,0,0,0,0,0,0,0,0,0,0,0,6,1,0,false
/home/alison/jsoup-quality-analysis/work/jsoup/src/main/java/org/jsoup/helper/ChangeNotifyingArrayList.java,org.jsoup.helper.ChangeNotifyingArrayList,add/1[E],false,23,2,1,0,1,1,2,4,1,0,1,2,0,0,0,0,0,0,0,0,0,0,0,0,0,0,6,1,0,false
/home/alison/jsoup-quality-analysis/work/jsoup/src/main/java/org/jsoup/helper/ChangeNotifyingArrayList.java,org.jsoup.helper.ChangeNotifyingArrayList,onContentsChanged/0,false,14,0,0,0,0,1,0,1,0,0,0,0,0,0,0,0,0,0,0,0,0,0,0,0,0,0,3,1025,0,false
/home/alison/jsoup-quality-analysis/work/jsoup/src/main/java/org/jsoup/helper/ChangeNotifyingArrayList.java,org.jsoup.helper.ChangeNotifyingArrayList,"add/2[int,E]",false,29,2,1,0,1,1,2,4,0,0,2,2,0,0,0,0,0,0,0,0,0,0,0,0,0,0,5,1,0,false
/home/alison/jsoup-quality-analysis/work/jsoup/src/main/java/org/jsoup/helper/ChangeNotifyingArrayList.java,org.jsoup.helper.ChangeNotifyingArrayList,removeAll/1[java.util.Collection<?>],false,71,1,1,0,1,1,2,4,1,0,1,2,0,0,0,0,0,0,0,0,0,0,0,0,0,0,6,1,0,false
/home/alison/jsoup-quality-analysis/work/jsoup/src/main/java/org/jsoup/helper/ChangeNotifyingArrayList.java,org.jsoup.helper.ChangeNotifyingArrayList,remove/1[java.lang.Object],false,41,1,1,0,1,1,2,4,1,0,1,2,0,0,0,0,0,0,0,0,0,0,0,0,0,0,6,1,0,false
/home/alison/jsoup-quality-analysis/work/jsoup/src/main/java/org/jsoup/helper/ChangeNotifyingArrayList.java,org.jsoup.helper.ChangeNotifyingArrayList,addAll/1[java.util.Collection<? extends E>],false,53,1,1,0,1,1,2,4,1,0,1,2,0,0,0,0,0,0,0,0,0,0,0,0,0,0,7,1,0,false
/home/alison/jsoup-quality-analysis/work/jsoup/src/main/java/org/jsoup/helper/ChangeNotifyingArrayList.java,org.jsoup.helper.ChangeNotifyingArrayList,"set/2[int,E]",false,17,2,1,0,1,1,2,4,1,0,2,2,0,0,0,0,0,0,0,0,0,0,0,0,0,0,6,1,0,false
/home/alison/jsoup-quality-analysis/work/jsoup/src/main/java/org/jsoup/helper/ChangeNotifyingArrayList.java,org.jsoup.helper.ChangeNotifyingArrayList,clear/0,false,47,1,1,0,1,1,2,4,0,0,0,2,0,0,0,0,0,0,0,0,0,0,0,0,0,0,4,1,0,false
/home/alison/jsoup-quality-analysis/work/jsoup/src/main/java/org/jsoup/helper/ChangeNotifyingArrayList.java,org.jsoup.helper.ChangeNotifyingArrayList,"addAll/2[int,java.util.Collection<? extends E>]",false,59,1,1,0,1,1,2,4,1,0,2,2,0,0,0,0,0,0,0,0,0,0,0,0,0,0,7,1,0,false
/home/alison/jsoup-quality-analysis/work/jsoup/src/main/java/org/jsoup/Connection.java,org.jsoup.Connection$Response,charset/0,false,634,0,0,0,0,1,0,1,0,0,0,0,0,0,0,0,0,0,0,0,0,0,0,0,0,0,11,0,0,true
/home/alison/jsoup-quality-analysis/work/jsoup/src/main/java/org/jsoup/Connection.java,org.jsoup.Connection$Response,charset/1[java.lang.String],false,640,1,0,0,0,1,0,1,0,0,1,0,0,0,0,0,0,0,0,0,0,0,0,0,0,0,20,0,0,true
/home/alison/jsoup-quality-analysis/work/jsoup/src/main/java/org/jsoup/Connection.java,org.jsoup.Connection$Response,parse/0,false,653,1,2,2,0,1,0,1,0,0,0,0,0,0,0,0,0,0,0,0,0,0,0,0,0,0,15,0,0,true
/home/alison/jsoup-quality-analysis/work/jsoup/src/main/java/org/jsoup/Connection.java,org.jsoup.Connection$Response,contentType/0,false,647,0,0,0,0,1,0,1,0,0,0,0,0,0,0,0,0,0,0,0,0,0,0,0,0,0,6,0,0,true
/home/alison/jsoup-quality-analysis/work/jsoup/src/main/java/org/jsoup/Connection.java,org.jsoup.Connection$Response,body/0,false,660,0,0,0,0,1,0,1,0,0,0,0,0,0,0,0,0,0,0,0,0,0,0,0,0,0,8,0,0,true
/home/alison/jsoup-quality-analysis/work/jsoup/src/main/java/org/jsoup/Connection.java,org.jsoup.Connection$Response,statusCode/0,false,622,0,0,0,0,1,0,1,0,0,0,0,0,0,0,0,0,0,0,0,0,0,0,0,0,0,6,0,0,true
/home/alison/jsoup-quality-analysis/work/jsoup/src/main/java/org/jsoup/Connection.java,org.jsoup.Connection$Response,statusMessage/0,false,628,0,0,0,0,1,0,1,0,0,0,0,0,0,0,0,0,0,0,0,0,0,0,0,0,0,6,0,0,true
/home/alison/jsoup-quality-analysis/work/jsoup/src/main/java/org/jsoup/Connection.java,org.jsoup.Connection$Response,bodyAsBytes/0,false,666,1,0,0,0,1,0,1,0,0,0,0,0,0,0,0,0,0,0,0,0,0,0,0,0,0,11,0,0,true
/home/alison/jsoup-quality-analysis/work/jsoup/src/main/java/org/jsoup/select/Evaluator.java,org.jsoup.select.Evaluator$IndexEvaluator,IndexEvaluator/1[int],true,642,0,0,0,0,1,0,3,0,0,1,0,0,0,0,0,0,0,0,0,1,0,0,0,0,0,3,1,0,false
/home/alison/jsoup-quality-analysis/work/jsoup/src/main/java/org/jsoup/select/Evaluator.java,org.jsoup.select.Evaluator$IsOnlyOfType,"matches/2[org.jsoup.nodes.Element,org.jsoup.nodes.Element]",false,602,4,4,0,4,6,4,10,2,3,2,4,0,0,1,2,0,0,0,2,3,0,2,0,0,0,11,1,0,false
/home/alison/jsoup-quality-analysis/work/jsoup/src/main/java/org/jsoup/select/Evaluator.java,org.jsoup.select.Evaluator$IsOnlyOfType,toString/0,false,614,0,0,0,0,1,0,3,1,0,0,0,0,0,0,0,0,0,1,0,0,0,0,0,0,0,3,1,0,false
/home/alison/jsoup-quality-analysis/work/jsoup/src/main/java/org/jsoup/nodes/Entities.java,org.jsoup.nodes.Entities$CoreCharset,byName/1[java.lang.String],false,282,1,1,1,0,3,2,5,3,0,1,2,0,0,0,0,0,0,2,0,0,0,1,0,0,0,8,10,0,false
/home/alison/jsoup-quality-analysis/work/jsoup/src/main/java/org/jsoup/safety/Cleaner.java,org.jsoup.safety.Cleaner,isValid/1[org.jsoup.nodes.Document],false,74,4,7,0,7,3,8,6,1,2,1,8,1,1,0,2,0,0,0,2,2,0,0,0,0,0,69,1,0,true
/home/alison/jsoup-quality-analysis/work/jsoup/src/main/java/org/jsoup/safety/Cleaner.java,org.jsoup.safety.Cleaner,Cleaner/1[org.jsoup.safety.Whitelist],true,42,2,4,3,1,1,1,4,0,0,1,1,0,0,0,0,0,0,0,0,1,0,0,0,0,0,16,1,0,true
/home/alison/jsoup-quality-analysis/work/jsoup/src/main/java/org/jsoup/safety/Cleaner.java,org.jsoup.safety.Cleaner,clean/1[org.jsoup.nodes.Document],false,53,4,7,2,5,2,5,6,1,1,1,5,1,1,0,1,0,0,0,0,1,0,1,0,0,0,29,1,0,true
/home/alison/jsoup-quality-analysis/work/jsoup/src/main/java/org/jsoup/safety/Cleaner.java,org.jsoup.safety.Cleaner,createSafeElement/1[org.jsoup.nodes.Element],false,147,6,12,1,11,3,8,14,1,6,1,8,0,0,1,0,0,0,0,1,6,0,2,0,0,0,15,2,0,false
/home/alison/jsoup-quality-analysis/work/jsoup/src/main/java/org/jsoup/safety/Cleaner.java,org.jsoup.safety.Cleaner,"copySafeNodes/2[org.jsoup.nodes.Element,org.jsoup.nodes.Element]",false,140,3,6,3,3,1,1,6,1,2,2,1,0,0,0,0,0,0,0,0,2,0,0,0,0,0,12,2,0,false
/home/alison/jsoup-quality-analysis/work/jsoup/src/main/java/org/jsoup/safety/Cleaner.java,org.jsoup.safety.Cleaner,isValidBodyHtml/1[java.lang.String],false,83,6,7,1,6,3,7,9,1,5,1,7,1,1,0,2,0,0,3,4,5,0,0,0,0,0,18,1,0,false
/home/alison/jsoup-quality-analysis/work/jsoup/src/main/java/org/jsoup/nodes/Element.java,org.jsoup.nodes.Element,preserveWhitespace/1[org.jsoup.nodes.Node],false,1023,3,4,2,2,3,2,7,2,1,1,2,1,1,0,2,0,0,0,0,1,0,1,0,0,0,8,8,0,false
/home/alison/jsoup-quality-analysis/work/jsoup/src/main/java/org/jsoup/nodes/Element.java,org.jsoup.nodes.Element,before/1[org.jsoup.nodes.Node],false,513,2,1,1,0,1,1,3,1,0,1,1,0,0,0,0,0,0,0,0,0,0,0,0,0,0,19,1,0,true
/home/alison/jsoup-quality-analysis/work/jsoup/src/main/java/org/jsoup/nodes/Element.java,org.jsoup.nodes.Element,"getElementsByAttributeValueMatching/2[java.lang.String,java.lang.String]",false,830,2,1,0,1,2,2,10,1,1,2,2,1,1,0,0,1,0,1,0,1,1,1,0,0,0,48,1,0,true
/home/alison/jsoup-quality-analysis/work/jsoup/src/main/java/org/jsoup/nodes/Element.java,org.jsoup.nodes.Element,isBlock/0,false,123,1,2,1,1,1,1,3,1,0,0,1,0,0,0,0,0,0,0,0,0,0,0,0,0,0,15,1,0,true
/home/alison/jsoup-quality-analysis/work/jsoup/src/main/java/org/jsoup/nodes/Element.java,org.jsoup.nodes.Element,child/1[int],false,213,1,4,3,1,1,2,3,1,0,1,2,1,1,0,0,0,0,0,0,0,0,0,0,0,0,43,1,0,true
/home/alison/jsoup-quality-analysis/work/jsoup/src/main/java/org/jsoup/nodes/Element.java,org.jsoup.nodes.Element,"outerHtmlHead/3[java.lang.Appendable,int,org.jsoup.nodes.Document.OutputSettings]",false,1250,5,11,0,11,12,15,17,0,0,3,15,3,1,0,2,0,3,3,1,0,0,3,0,0,0,16,0,0,false
/home/alison/jsoup-quality-analysis/work/jsoup/src/main/java/org/jsoup/nodes/Element.java,org.jsoup.nodes.Element,dataNodes/0,false,292,2,0,0,0,3,2,7,1,1,0,2,0,0,1,0,0,0,0,0,1,0,2,0,0,0,30,1,0,true
/home/alison/jsoup-quality-analysis/work/jsoup/src/main/java/org/jsoup/nodes/Element.java,org.jsoup.nodes.Element,appendText/1[java.lang.String],false,446,4,4,0,4,1,3,6,1,1,1,3,1,1,0,0,0,0,0,0,1,0,0,0,0,0,15,1,0,true
/home/alison/jsoup-quality-analysis/work/jsoup/src/main/java/org/jsoup/nodes/Element.java,org.jsoup.nodes.Element,firstElementSibling/0,false,649,1,2,0,2,2,4,4,1,1,0,4,2,1,0,0,0,0,0,2,1,0,0,0,0,0,16,1,0,true
/home/alison/jsoup-quality-analysis/work/jsoup/src/main/java/org/jsoup/nodes/Element.java,org.jsoup.nodes.Element,"attr/2[java.lang.String,java.lang.String]",false,142,1,4,4,0,1,1,4,1,0,2,1,0,0,0,0,0,0,0,0,0,0,0,0,0,0,18,1,0,true
/home/alison/jsoup-quality-analysis/work/jsoup/src/main/java/org/jsoup/nodes/Element.java,org.jsoup.nodes.Element,"appendNormalisedText/2[java.lang.StringBuilder,org.jsoup.nodes.TextNode]",false,1009,3,6,2,4,2,5,5,0,1,2,5,1,2,0,0,0,0,0,0,1,0,1,0,0,0,10,10,0,false
/home/alison/jsoup-quality-analysis/work/jsoup/src/main/java/org/jsoup/nodes/Element.java,org.jsoup.nodes.Element,getAllElements/0,false,946,3,3,1,2,1,1,3,1,0,0,1,0,0,0,0,0,0,0,0,0,0,0,0,0,0,12,1,0,true
/home/alison/jsoup-quality-analysis/work/jsoup/src/main/java/org/jsoup/nodes/Element.java,org.jsoup.nodes.Element,className/0,false,1100,1,2,1,1,1,2,3,1,0,0,2,0,0,0,0,0,0,1,0,0,0,0,0,0,0,25,1,0,true
/home/alison/jsoup-quality-analysis/work/jsoup/src/main/java/org/jsoup/nodes/Element.java,org.jsoup.nodes.Element,nodeName/0,false,82,1,19,18,1,1,1,3,1,0,0,1,0,0,0,0,0,0,0,0,0,0,0,0,0,0,2,1,0,false
/home/alison/jsoup-quality-analysis/work/jsoup/src/main/java/org/jsoup/nodes/Element.java,org.jsoup.nodes.Element,childElementsList/0,false,234,2,8,8,0,5,4,13,1,4,0,4,0,0,1,2,0,1,0,1,6,0,3,0,0,0,41,2,0,true
/home/alison/jsoup-quality-analysis/work/jsoup/src/main/java/org/jsoup/nodes/Element.java,org.jsoup.nodes.Element,"appendWhitespaceIfBr/2[org.jsoup.nodes.Element,java.lang.StringBuilder]",false,1018,3,3,1,2,3,4,3,0,0,2,4,0,0,0,0,0,0,2,0,0,0,1,0,0,0,6,10,0,false
/home/alison/jsoup-quality-analysis/work/jsoup/src/main/java/org/jsoup/nodes/Element.java,org.jsoup.nodes.Element,"attr/2[java.lang.String,boolean]",false,157,2,1,0,1,1,1,4,1,0,2,1,0,0,0,0,0,0,0,0,0,0,0,0,0,0,27,1,0,true
/home/alison/jsoup-quality-analysis/work/jsoup/src/main/java/org/jsoup/nodes/Element.java,org.jsoup.nodes.Element,text/0,false,959,2,10,7,3,1,3,19,1,1,0,3,0,0,0,0,0,0,0,0,1,0,0,1,0,0,42,1,0,true
/home/alison/jsoup-quality-analysis/work/jsoup/src/main/java/org/jsoup/nodes/Element.java,org.jsoup.nodes.Element,textNodes/0,false,274,2,0,0,0,3,2,7,1,1,0,2,0,0,1,0,0,0,0,0,1,0,2,0,0,0,39,1,0,true
/home/alison/jsoup-quality-analysis/work/jsoup/src/main/java/org/jsoup/nodes/Element.java,org.jsoup.nodes.Element,children/0,false,225,2,8,6,2,1,1,3,1,0,0,1,1,1,0,0,0,0,0,0,0,0,0,0,0,0,22,1,0,true
/home/alison/jsoup-quality-analysis/work/jsoup/src/main/java/org/jsoup/nodes/Element.java,org.jsoup.nodes.Element,is/1[java.lang.String],false,330,2,2,0,2,1,2,3,1,0,1,2,1,1,0,0,0,0,0,0,0,0,0,0,0,0,13,1,0,true
/home/alison/jsoup-quality-analysis/work/jsoup/src/main/java/org/jsoup/nodes/Element.java,org.jsoup.nodes.Element,getElementsByAttributeStarting/1[java.lang.String],false,751,4,3,0,3,1,3,5,1,0,1,3,0,0,0,0,0,0,0,0,1,0,0,0,0,0,32,1,0,true
/home/alison/jsoup-quality-analysis/work/jsoup/src/main/java/org/jsoup/nodes/Element.java,org.jsoup.nodes.Element,is/1[org.jsoup.select.Evaluator],false,339,3,5,3,2,1,2,3,1,0,1,2,0,0,0,0,0,0,0,0,0,0,0,0,0,0,10,1,0,true
/home/alison/jsoup-quality-analysis/work/jsoup/src/main/java/org/jsoup/nodes/Element.java,org.jsoup.nodes.Element,"outerHtmlTail/3[java.lang.Appendable,int,org.jsoup.nodes.Document.OutputSettings]",false,1275,5,6,0,6,10,10,6,0,0,3,10,1,1,0,1,0,7,2,3,0,0,2,0,0,0,13,0,0,false
/home/alison/jsoup-quality-analysis/work/jsoup/src/main/java/org/jsoup/nodes/Element.java,org.jsoup.nodes.Element,siblingElements/0,false,597,2,4,1,3,4,4,7,2,2,0,4,2,1,1,2,0,0,0,2,2,1,2,0,0,0,29,1,0,true
/home/alison/jsoup-quality-analysis/work/jsoup/src/main/java/org/jsoup/nodes/Element.java,org.jsoup.nodes.Element,text/1[java.lang.String],false,1038,3,7,3,4,1,3,7,1,1,1,3,2,1,0,0,0,0,0,0,1,0,0,0,0,0,20,1,0,true
/home/alison/jsoup-quality-analysis/work/jsoup/src/main/java/org/jsoup/nodes/Element.java,org.jsoup.nodes.Element,getElementsByTag/1[java.lang.String],false,689,5,7,3,4,1,3,5,1,0,1,3,0,0,0,0,0,0,0,0,1,0,0,0,0,0,32,1,0,true
/home/alison/jsoup-quality-analysis/work/jsoup/src/main/java/org/jsoup/nodes/Element.java,org.jsoup.nodes.Element,hasClass/1[java.lang.String],false,1135,1,3,2,1,12,6,33,5,6,1,6,0,0,1,4,0,0,1,5,9,2,4,0,0,0,23,1,0,true
/home/alison/jsoup-quality-analysis/work/jsoup/src/main/java/org/jsoup/nodes/Element.java,org.jsoup.nodes.Element,empty/0,false,544,1,3,3,0,1,1,4,1,0,0,1,0,0,0,0,0,0,0,0,0,0,0,0,0,0,13,1,0,true
/home/alison/jsoup-quality-analysis/work/jsoup/src/main/java/org/jsoup/nodes/Element.java,org.jsoup.nodes.Element,getElementsMatchingText/1[java.util.regex.Pattern],false,895,3,3,1,2,1,1,3,1,0,1,1,0,0,0,0,0,0,0,0,0,0,0,0,0,0,19,1,0,true
/home/alison/jsoup-quality-analysis/work/jsoup/src/main/java/org/jsoup/nodes/Element.java,org.jsoup.nodes.Element,after/1[org.jsoup.nodes.Node],false,536,2,0,0,0,1,1,3,1,0,1,1,0,0,0,0,0,0,0,0,0,0,0,0,0,0,19,1,0,true
/home/alison/jsoup-quality-analysis/work/jsoup/src/main/java/org/jsoup/nodes/Element.java,org.jsoup.nodes.Element,toggleClass/1[java.lang.String],false,1213,2,4,1,3,2,6,8,1,1,1,6,2,2,0,0,0,0,0,0,1,0,1,0,0,0,17,1,0,true
/home/alison/jsoup-quality-analysis/work/jsoup/src/main/java/org/jsoup/nodes/Element.java,org.jsoup.nodes.Element,ownText/1[java.lang.StringBuilder],false,998,3,3,1,2,4,2,11,0,1,1,2,2,3,1,0,0,0,0,0,1,0,2,0,0,0,15,2,0,false
/home/alison/jsoup-quality-analysis/work/jsoup/src/main/java/org/jsoup/nodes/Element.java,org.jsoup.nodes.Element,html/0,false,1292,3,6,3,3,2,5,5,1,1,0,5,1,1,0,0,0,0,0,0,1,0,0,0,0,0,20,1,0,true
/home/alison/jsoup-quality-analysis/work/jsoup/src/main/java/org/jsoup/nodes/Element.java,org.jsoup.nodes.Element,parent/0,false,180,1,24,24,0,1,0,3,1,0,0,0,0,0,0,0,0,0,0,0,0,0,0,0,0,0,3,17,0,false
/home/alison/jsoup-quality-analysis/work/jsoup/src/main/java/org/jsoup/nodes/Element.java,org.jsoup.nodes.Element,previousElementSibling/0,false,634,2,7,3,4,3,5,8,3,2,0,5,2,1,0,1,0,0,0,2,2,1,1,0,0,0,20,1,0,true
/home/alison/jsoup-quality-analysis/work/jsoup/src/main/java/org/jsoup/nodes/Element.java,org.jsoup.nodes.Element,elementSiblingIndex/0,false,660,1,12,9,3,2,3,4,2,0,0,3,2,1,0,1,0,0,0,1,0,0,1,0,0,0,19,1,0,true
/home/alison/jsoup-quality-analysis/work/jsoup/src/main/java/org/jsoup/nodes/Element.java,org.jsoup.nodes.Element,ownText/0,false,992,1,3,2,1,1,3,5,1,1,0,3,1,4,0,0,0,0,0,0,1,0,0,0,0,0,44,1,0,true
/home/alison/jsoup-quality-analysis/work/jsoup/src/main/java/org/jsoup/nodes/Element.java,org.jsoup.nodes.Element,"getElementsByAttributeValueStarting/2[java.lang.String,java.lang.String]",false,787,3,2,0,2,1,1,3,1,0,2,1,0,0,0,0,0,0,0,0,0,0,0,0,0,0,22,1,0,true
/home/alison/jsoup-quality-analysis/work/jsoup/src/main/java/org/jsoup/nodes/Element.java,org.jsoup.nodes.Element,getElementsByIndexEquals/1[int],false,863,3,2,0,2,1,1,3,1,0,1,1,0,0,0,0,0,0,0,0,0,0,0,0,0,0,16,1,0,true
/home/alison/jsoup-quality-analysis/work/jsoup/src/main/java/org/jsoup/nodes/Element.java,org.jsoup.nodes.Element,"insertChildren/2[int,org.jsoup.nodes.Node[]]",false,404,3,4,0,4,4,4,8,1,1,2,4,0,0,0,0,0,0,2,3,2,1,1,0,0,0,40,1,0,true
/home/alison/jsoup-quality-analysis/work/jsoup/src/main/java/org/jsoup/nodes/Element.java,org.jsoup.nodes.Element,"getElementsByAttributeValueNot/2[java.lang.String,java.lang.String]",false,776,3,2,0,2,1,1,3,1,0,2,1,0,0,0,0,0,0,0,0,0,0,0,0,0,0,25,1,0,true
/home/alison/jsoup-quality-analysis/work/jsoup/src/main/java/org/jsoup/nodes/Element.java,org.jsoup.nodes.Element,"getElementsByAttributeValueMatching/2[java.lang.String,java.util.regex.Pattern]",false,819,3,3,1,2,1,1,3,1,0,2,1,0,0,0,0,0,0,0,0,0,0,0,0,0,0,27,1,0,true
/home/alison/jsoup-quality-analysis/work/jsoup/src/main/java/org/jsoup/nodes/Element.java,org.jsoup.nodes.Element,classNames/0,false,1110,1,5,4,1,1,4,6,1,2,0,4,1,1,0,0,0,0,1,0,2,0,0,0,0,0,29,1,0,true
/home/alison/jsoup-quality-analysis/work/jsoup/src/main/java/org/jsoup/nodes/Element.java,org.jsoup.nodes.Element,addClass/1[java.lang.String],false,1183,2,4,1,3,1,4,7,1,1,1,4,2,2,0,0,0,0,0,0,1,0,0,0,0,0,12,1,0,true
/home/alison/jsoup-quality-analysis/work/jsoup/src/main/java/org/jsoup/nodes/Element.java,org.jsoup.nodes.Element,getElementsContainingText/1[java.lang.String],false,874,3,2,0,2,1,1,3,1,0,1,1,0,0,0,0,0,0,0,0,0,0,0,0,0,0,24,1,0,true
/home/alison/jsoup-quality-analysis/work/jsoup/src/main/java/org/jsoup/nodes/Element.java,org.jsoup.nodes.Element,getElementsByIndexLessThan/1[int],false,845,3,2,0,2,1,1,3,1,0,1,1,0,0,0,0,0,0,0,0,0,0,0,0,0,0,17,1,0,true
/home/alison/jsoup-quality-analysis/work/jsoup/src/main/java/org/jsoup/nodes/Element.java,org.jsoup.nodes.Element,getElementsMatchingOwnText/1[java.util.regex.Pattern],false,921,3,3,1,2,1,1,3,1,0,1,1,0,0,0,0,0,0,0,0,0,0,0,0,0,0,21,1,0,true
/home/alison/jsoup-quality-analysis/work/jsoup/src/main/java/org/jsoup/nodes/Element.java,org.jsoup.nodes.Element,after/1[java.lang.String],false,525,1,1,1,0,1,1,3,1,0,1,1,0,0,0,0,0,0,0,0,0,0,0,0,0,0,21,1,0,true
/home/alison/jsoup-quality-analysis/work/jsoup/src/main/java/org/jsoup/nodes/Element.java,org.jsoup.nodes.Element,"accumulateParents/2[org.jsoup.nodes.Element,org.jsoup.select.Elements]",false,194,2,5,2,3,3,5,7,0,1,2,5,3,1,0,1,0,0,1,0,1,0,1,0,0,0,6,10,0,false
/home/alison/jsoup-quality-analysis/work/jsoup/src/main/java/org/jsoup/nodes/Element.java,org.jsoup.nodes.Element,appendElement/1[java.lang.String],false,421,3,8,4,4,1,3,5,1,1,1,3,1,1,0,0,0,0,0,0,1,0,0,0,0,0,23,1,0,true
/home/alison/jsoup-quality-analysis/work/jsoup/src/main/java/org/jsoup/nodes/Element.java,org.jsoup.nodes.Element,before/1[java.lang.String],false,502,1,1,1,0,1,1,3,1,0,1,1,0,0,0,0,0,0,0,0,0,0,0,0,0,0,21,1,0,true
/home/alison/jsoup-quality-analysis/work/jsoup/src/main/java/org/jsoup/nodes/Element.java,org.jsoup.nodes.Element,data/0,false,1076,4,5,2,3,5,5,19,1,5,0,5,1,0,1,0,0,0,0,0,5,0,2,0,0,0,41,1,0,true
/home/alison/jsoup-quality-analysis/work/jsoup/src/main/java/org/jsoup/nodes/Element.java,org.jsoup.nodes.Element,dataset/0,false,175,1,1,0,1,1,1,3,1,0,0,1,0,0,0,0,0,0,0,0,0,0,0,0,0,0,44,1,0,true
/home/alison/jsoup-quality-analysis/work/jsoup/src/main/java/org/jsoup/nodes/Element.java,org.jsoup.nodes.Element,"insertChildren/2[int,java.util.Collection<? extends org.jsoup.nodes.Node>]",false,383,3,5,1,4,4,6,10,1,3,2,6,0,0,0,0,0,0,2,3,4,1,1,0,0,0,42,1,0,true
/home/alison/jsoup-quality-analysis/work/jsoup/src/main/java/org/jsoup/nodes/Element.java,org.jsoup.nodes.Element,"getElementsByAttributeValueContaining/2[java.lang.String,java.lang.String]",false,809,3,2,0,2,1,1,3,1,0,2,1,0,0,0,0,0,0,0,0,0,0,0,0,0,0,26,1,0,true
/home/alison/jsoup-quality-analysis/work/jsoup/src/main/java/org/jsoup/nodes/Element.java,org.jsoup.nodes.Element,getElementsByIndexGreaterThan/1[int],false,854,3,2,0,2,1,1,3,1,0,1,1,0,0,0,0,0,0,0,0,0,0,0,0,0,0,17,1,0,true
/home/alison/jsoup-quality-analysis/work/jsoup/src/main/java/org/jsoup/nodes/Element.java,org.jsoup.nodes.Element,removeClass/1[java.lang.String],false,1198,2,4,1,3,1,4,7,1,1,1,4,2,2,0,0,0,0,0,0,1,0,0,0,0,0,13,1,0,true
/home/alison/jsoup-quality-analysis/work/jsoup/src/main/java/org/jsoup/nodes/Element.java,org.jsoup.nodes.Element,appendChild/1[org.jsoup.nodes.Node],false,349,3,17,13,4,1,6,8,1,0,1,6,0,0,0,0,0,0,0,1,0,1,0,0,0,0,20,1,0,true
/home/alison/jsoup-quality-analysis/work/jsoup/src/main/java/org/jsoup/nodes/Element.java,org.jsoup.nodes.Element,lastElementSibling/0,false,669,1,2,0,2,2,4,4,1,1,0,4,2,1,0,0,0,0,0,2,1,1,0,0,0,0,16,1,0,true
/home/alison/jsoup-quality-analysis/work/jsoup/src/main/java/org/jsoup/nodes/Element.java,org.jsoup.nodes.Element,wrap/1[java.lang.String],false,556,1,1,1,0,1,1,3,1,0,1,1,0,0,0,0,0,0,0,0,0,0,0,0,0,0,16,1,0,true
/home/alison/jsoup-quality-analysis/work/jsoup/src/main/java/org/jsoup/nodes/Element.java,org.jsoup.nodes.Element,html/1[java.lang.StringBuilder],false,1298,1,2,1,1,2,1,3,0,0,1,1,0,0,1,0,0,0,0,0,0,0,1,0,0,0,8,2,0,false
/home/alison/jsoup-quality-analysis/work/jsoup/src/main/java/org/jsoup/nodes/Element.java,org.jsoup.nodes.Element,tagName/1[java.lang.String],false,102,3,3,1,2,1,2,5,1,0,1,2,0,0,0,0,0,0,1,0,1,0,0,0,0,0,17,1,0,true
/home/alison/jsoup-quality-analysis/work/jsoup/src/main/java/org/jsoup/nodes/Element.java,org.jsoup.nodes.Element,tagName/0,false,91,1,19,18,1,1,1,3,1,0,0,1,0,0,0,0,0,0,0,0,0,0,0,0,0,0,7,1,0,true
/home/alison/jsoup-quality-analysis/work/jsoup/src/main/java/org/jsoup/nodes/Element.java,org.jsoup.nodes.Element,toString/0,false,1326,1,1,0,1,1,1,3,1,0,0,1,0,0,0,0,0,0,0,0,0,0,0,0,0,0,4,1,0,false
/home/alison/jsoup-quality-analysis/work/jsoup/src/main/java/org/jsoup/nodes/Element.java,org.jsoup.nodes.Element,append/1[java.lang.String],false,472,4,6,2,4,1,6,6,1,1,1,6,0,0,0,0,0,0,0,0,1,0,0,0,0,0,28,1,0,true
/home/alison/jsoup-quality-analysis/work/jsoup/src/main/java/org/jsoup/nodes/Element.java,org.jsoup.nodes.Element,"Element/3[org.jsoup.parser.Tag,java.lang.String,org.jsoup.nodes.Attributes]",true,62,3,5,4,1,1,1,5,0,0,3,1,0,0,0,0,0,0,0,0,1,0,0,0,0,0,23,1,0,true
/home/alison/jsoup-quality-analysis/work/jsoup/src/main/java/org/jsoup/nodes/Element.java,org.jsoup.nodes.Element,getElementsByAttribute/1[java.lang.String],false,738,4,3,0,3,1,3,5,1,0,1,3,0,0,0,0,0,0,0,0,1,0,0,0,0,0,19,1,0,true
/home/alison/jsoup-quality-analysis/work/jsoup/src/main/java/org/jsoup/nodes/Element.java,org.jsoup.nodes.Element,parents/0,false,188,2,4,2,2,1,1,5,1,1,0,1,1,2,0,0,0,0,0,0,1,0,0,0,0,0,14,1,0,true
/home/alison/jsoup-quality-analysis/work/jsoup/src/main/java/org/jsoup/nodes/Element.java,org.jsoup.nodes.Element,classNames/1[java.util.Set<java.lang.String>],false,1123,4,6,3,3,1,3,5,1,0,1,3,0,0,0,0,0,0,2,0,0,0,0,0,0,0,12,1,0,true
/home/alison/jsoup-quality-analysis/work/jsoup/src/main/java/org/jsoup/nodes/Element.java,org.jsoup.nodes.Element,getElementsContainingOwnText/1[java.lang.String],false,885,3,2,0,2,1,1,3,1,0,1,1,0,0,0,0,0,0,0,0,0,0,0,0,0,0,26,1,0,true
/home/alison/jsoup-quality-analysis/work/jsoup/src/main/java/org/jsoup/nodes/Element.java,org.jsoup.nodes.Element,getElementsMatchingOwnText/1[java.lang.String],false,931,2,1,0,1,2,2,10,1,1,1,2,1,1,0,0,1,0,1,0,1,1,1,0,0,0,40,1,0,true
/home/alison/jsoup-quality-analysis/work/jsoup/src/main/java/org/jsoup/nodes/Element.java,org.jsoup.nodes.Element,val/0,false,1230,2,5,2,3,2,4,4,2,0,0,4,2,1,0,0,0,0,2,0,0,0,1,0,0,0,17,1,0,true
/home/alison/jsoup-quality-analysis/work/jsoup/src/main/java/org/jsoup/nodes/Element.java,org.jsoup.nodes.Element,"getElementsByAttributeValueEnding/2[java.lang.String,java.lang.String]",false,798,3,2,0,2,1,1,3,1,0,2,1,0,0,0,0,0,0,0,0,0,0,0,0,0,0,22,1,0,true
/home/alison/jsoup-quality-analysis/work/jsoup/src/main/java/org/jsoup/nodes/Element.java,org.jsoup.nodes.Element,clone/0,false,1331,1,1,1,0,1,1,3,1,0,0,1,0,0,0,0,0,0,0,0,0,0,0,0,0,0,2,1,0,false
/home/alison/jsoup-quality-analysis/work/jsoup/src/main/java/org/jsoup/nodes/Element.java,org.jsoup.nodes.Element,"getElementsByAttributeValue/2[java.lang.String,java.lang.String]",false,765,3,2,0,2,1,1,3,1,0,2,1,0,0,0,0,0,0,0,0,0,0,0,0,0,0,21,1,0,true
/home/alison/jsoup-quality-analysis/work/jsoup/src/main/java/org/jsoup/nodes/Element.java,org.jsoup.nodes.Element,getElementsMatchingText/1[java.lang.String],false,905,2,1,0,1,2,2,10,1,1,1,2,1,1,0,0,1,0,1,0,1,1,1,0,0,0,39,1,0,true
/home/alison/jsoup-quality-analysis/work/jsoup/src/main/java/org/jsoup/nodes/Element.java,org.jsoup.nodes.Element,getElementsByClass/1[java.lang.String],false,726,4,3,0,3,1,2,4,1,0,1,2,0,0,0,0,0,0,0,0,0,0,0,0,0,0,35,1,0,true
/home/alison/jsoup-quality-analysis/work/jsoup/src/main/java/org/jsoup/nodes/Element.java,org.jsoup.nodes.Element,val/1[java.lang.String],false,1242,1,4,1,3,2,4,5,1,0,1,4,3,2,0,0,0,0,2,0,0,0,1,0,0,0,17,1,0,true
/home/alison/jsoup-quality-analysis/work/jsoup/src/main/java/org/jsoup/nodes/Element.java,org.jsoup.nodes.Element,nodelistChanged/0,false,253,0,0,0,0,1,1,4,0,0,0,1,0,0,0,0,0,0,0,0,1,0,0,0,0,0,10,0,0,true
/home/alison/jsoup-quality-analysis/work/jsoup/src/main/java/org/jsoup/nodes/Element.java,org.jsoup.nodes.Element,tag/0,false,113,1,8,8,0,1,0,3,1,0,0,0,0,0,0,0,0,0,0,0,0,0,0,0,0,0,5,1,0,true
/home/alison/jsoup-quality-analysis/work/jsoup/src/main/java/org/jsoup/nodes/Element.java,org.jsoup.nodes.Element,html/1[T],false,1307,2,1,0,1,2,1,4,1,0,1,1,0,0,1,0,0,0,0,0,0,0,1,0,0,0,8,1,0,true
/home/alison/jsoup-quality-analysis/work/jsoup/src/main/java/org/jsoup/nodes/Element.java,org.jsoup.nodes.Element,select/1[java.lang.String],false,321,2,7,6,1,1,1,3,1,0,1,1,0,0,0,0,0,0,0,0,0,0,0,0,0,0,65,1,0,true
/home/alison/jsoup-quality-analysis/work/jsoup/src/main/java/org/jsoup/nodes/Element.java,org.jsoup.nodes.Element,getElementById/1[java.lang.String],false,705,5,3,0,3,2,4,6,2,1,1,4,0,0,0,0,0,0,0,2,1,0,1,0,0,0,43,1,0,true
/home/alison/jsoup-quality-analysis/work/jsoup/src/main/java/org/jsoup/nodes/Element.java,org.jsoup.nodes.Element,prependText/1[java.lang.String],false,459,4,4,0,4,1,3,6,1,1,1,3,1,1,0,0,0,0,0,0,1,0,0,0,0,0,15,1,0,true
/home/alison/jsoup-quality-analysis/work/jsoup/src/main/java/org/jsoup/nodes/Element.java,org.jsoup.nodes.Element,prependChild/1[org.jsoup.nodes.Node],false,366,3,6,4,2,1,2,5,1,0,1,2,0,0,0,0,0,0,0,1,0,0,0,0,0,0,21,1,0,true
/home/alison/jsoup-quality-analysis/work/jsoup/src/main/java/org/jsoup/nodes/Element.java,org.jsoup.nodes.Element,nextElementSibling/0,false,618,2,5,1,4,3,6,8,3,2,0,6,2,1,0,1,0,0,0,2,2,2,1,0,0,0,35,1,0,true
/home/alison/jsoup-quality-analysis/work/jsoup/src/main/java/org/jsoup/nodes/Element.java,org.jsoup.nodes.Element,hasText/0,false,1052,3,5,3,2,6,2,13,3,2,0,2,1,0,1,0,0,0,0,0,2,0,3,0,0,0,21,1,0,true
/home/alison/jsoup-quality-analysis/work/jsoup/src/main/java/org/jsoup/nodes/Element.java,org.jsoup.nodes.Element,cssSelector/0,false,570,3,9,1,8,6,16,11,3,3,0,16,7,3,0,1,0,0,4,5,3,3,1,0,0,0,43,1,0,true
/home/alison/jsoup-quality-analysis/work/jsoup/src/main/java/org/jsoup/nodes/Element.java,org.jsoup.nodes.Element,html/1[java.lang.String],false,1320,1,3,1,2,1,2,5,1,0,1,2,2,1,0,0,0,0,0,0,0,0,0,0,0,0,19,1,0,true
/home/alison/jsoup-quality-analysis/work/jsoup/src/main/java/org/jsoup/nodes/Element.java,org.jsoup.nodes.Element,prepend/1[java.lang.String],false,486,4,5,1,4,1,6,6,1,1,1,6,0,0,0,0,0,0,0,1,1,0,0,0,0,0,29,1,0,true
/home/alison/jsoup-quality-analysis/work/jsoup/src/main/java/org/jsoup/nodes/Element.java,org.jsoup.nodes.Element,"Element/2[org.jsoup.parser.Tag,java.lang.String]",true,77,2,7,6,1,1,0,3,0,0,2,0,0,0,0,0,0,0,0,0,0,0,0,0,0,0,24,1,0,true
/home/alison/jsoup-quality-analysis/work/jsoup/src/main/java/org/jsoup/nodes/Element.java,org.jsoup.nodes.Element,id/0,false,132,1,3,2,1,1,1,3,1,0,0,1,0,0,0,0,0,0,1,0,0,0,0,0,0,0,10,1,0,true
/home/alison/jsoup-quality-analysis/work/jsoup/src/main/java/org/jsoup/nodes/Element.java,org.jsoup.nodes.Element,prependElement/1[java.lang.String],false,434,3,5,1,4,1,3,5,1,1,1,3,1,1,0,0,0,0,0,0,1,0,0,0,0,0,23,1,0,true
/home/alison/jsoup-quality-analysis/work/jsoup/src/main/java/org/jsoup/nodes/Element.java,org.jsoup.nodes.Element,Element/1[java.lang.String],true,49,2,2,0,2,1,1,3,0,0,1,1,0,0,0,0,0,0,1,0,0,0,0,0,0,0,7,1,0,true
/home/alison/jsoup-quality-analysis/work/jsoup/src/main/java/org/jsoup/nodes/Element.java,org.jsoup.nodes.Element,"indexInList/2[org.jsoup.nodes.Element,java.util.List<E>]",false,674,2,0,0,0,3,2,6,2,1,2,2,0,0,1,1,0,0,0,2,1,0,2,0,0,0,7,10,0,false
/home/alison/jsoup-quality-analysis/work/jsoup/src/main/java/org/jsoup/helper/HttpConnection.java,org.jsoup.helper.HttpConnection,parser/1[org.jsoup.parser.Parser],false,243,4,1,0,1,1,1,4,1,0,1,1,0,0,0,0,0,0,0,0,0,0,0,0,0,0,3,1,0,false
/home/alison/jsoup-quality-analysis/work/jsoup/src/main/java/org/jsoup/helper/HttpConnection.java,org.jsoup.helper.HttpConnection,postDataCharset/1[java.lang.String],false,283,3,1,0,1,1,1,4,1,0,1,1,0,0,0,0,0,0,0,0,0,0,0,0,0,0,5,1,0,false
/home/alison/jsoup-quality-analysis/work/jsoup/src/main/java/org/jsoup/helper/HttpConnection.java,org.jsoup.helper.HttpConnection,data/1[java.lang.String],false,203,4,4,0,4,3,5,7,2,0,1,5,1,1,1,0,0,0,1,0,0,0,2,0,0,0,8,1,0,false
/home/alison/jsoup-quality-analysis/work/jsoup/src/main/java/org/jsoup/helper/HttpConnection.java,org.jsoup.helper.HttpConnection,"cookies/1[java.util.Map<java.lang.String,java.lang.String>]",false,235,4,2,0,2,2,5,7,1,0,1,5,0,0,1,0,0,0,1,0,0,0,1,0,0,0,7,1,0,false
/home/alison/jsoup-quality-analysis/work/jsoup/src/main/java/org/jsoup/helper/HttpConnection.java,org.jsoup.helper.HttpConnection,proxy/1[java.net.Proxy],false,107,3,1,0,1,1,1,4,1,0,1,1,0,0,0,0,0,0,0,0,0,0,0,0,0,0,3,1,0,false
/home/alison/jsoup-quality-analysis/work/jsoup/src/main/java/org/jsoup/helper/HttpConnection.java,org.jsoup.helper.HttpConnection,execute/0,false,260,2,3,2,1,1,1,4,1,0,0,1,0,0,0,0,0,0,0,0,1,0,0,0,0,0,6,1,0,false
/home/alison/jsoup-quality-analysis/work/jsoup/src/main/java/org/jsoup/helper/HttpConnection.java,org.jsoup.helper.HttpConnection,encodeMimeName/1[java.lang.String],false,78,0,1,1,0,2,1,4,2,0,1,1,0,0,0,1,0,0,2,0,0,0,1,0,0,0,5,10,0,false
/home/alison/jsoup-quality-analysis/work/jsoup/src/main/java/org/jsoup/helper/HttpConnection.java,org.jsoup.helper.HttpConnection,"header/2[java.lang.String,java.lang.String]",false,217,3,1,0,1,1,1,4,1,0,2,1,0,0,0,0,0,0,0,0,0,0,0,0,0,0,3,1,0,false
/home/alison/jsoup-quality-analysis/work/jsoup/src/main/java/org/jsoup/helper/HttpConnection.java,org.jsoup.helper.HttpConnection,connect/1[java.lang.String],false,42,2,3,1,2,1,1,5,1,1,1,1,0,0,0,0,0,0,0,0,1,0,0,0,0,0,5,9,0,false
/home/alison/jsoup-quality-analysis/work/jsoup/src/main/java/org/jsoup/helper/HttpConnection.java,org.jsoup.helper.HttpConnection,requestBody/1[java.lang.String],false,212,3,1,0,1,1,1,4,1,0,1,1,0,0,0,0,0,0,0,0,0,0,0,0,0,0,4,1,0,false
/home/alison/jsoup-quality-analysis/work/jsoup/src/main/java/org/jsoup/helper/HttpConnection.java,org.jsoup.helper.HttpConnection,url/1[java.lang.String],false,97,4,3,0,3,2,3,10,1,0,1,3,1,2,0,0,1,0,2,0,0,1,1,0,0,0,15,1,0,false
/home/alison/jsoup-quality-analysis/work/jsoup/src/main/java/org/jsoup/helper/HttpConnection.java,org.jsoup.helper.HttpConnection,encodeUrl/1[java.lang.String],false,59,1,2,1,1,2,2,9,2,1,1,2,1,1,0,0,1,0,0,0,1,0,1,0,0,0,22,10,0,true
/home/alison/jsoup-quality-analysis/work/jsoup/src/main/java/org/jsoup/helper/HttpConnection.java,org.jsoup.helper.HttpConnection,encodeUrl/1[java.net.URL],false,68,0,2,2,0,2,2,9,2,1,1,2,0,0,0,0,1,0,0,0,1,0,1,0,0,0,10,10,0,false
/home/alison/jsoup-quality-analysis/work/jsoup/src/main/java/org/jsoup/helper/HttpConnection.java,org.jsoup.helper.HttpConnection,"headers/1[java.util.Map<java.lang.String,java.lang.String>]",false,222,4,2,0,2,2,5,7,1,0,1,5,0,0,1,0,0,0,1,0,0,0,1,0,0,0,7,1,0,false
/home/alison/jsoup-quality-analysis/work/jsoup/src/main/java/org/jsoup/helper/HttpConnection.java,org.jsoup.helper.HttpConnection,"cookie/2[java.lang.String,java.lang.String]",false,230,3,1,0,1,1,1,4,1,0,2,1,0,0,0,0,0,0,0,0,0,0,0,0,0,0,3,1,0,false
/home/alison/jsoup-quality-analysis/work/jsoup/src/main/java/org/jsoup/helper/HttpConnection.java,org.jsoup.helper.HttpConnection,needsMultipart/1[org.jsoup.Connection.Request],false,1051,2,3,1,2,3,2,10,1,1,1,2,0,0,1,0,0,0,0,0,2,0,2,0,0,0,8,10,0,false
/home/alison/jsoup-quality-analysis/work/jsoup/src/main/java/org/jsoup/helper/HttpConnection.java,org.jsoup.helper.HttpConnection,method/1[org.jsoup.Connection.Method],false,144,4,1,0,1,1,1,4,1,0,1,1,0,0,0,0,0,0,0,0,0,0,0,0,0,0,3,1,0,false
/home/alison/jsoup-quality-analysis/work/jsoup/src/main/java/org/jsoup/helper/HttpConnection.java,org.jsoup.helper.HttpConnection,timeout/1[int],false,123,3,1,0,1,1,1,4,1,0,1,1,0,0,0,0,0,0,0,0,0,0,0,0,0,0,3,1,0,false
/home/alison/jsoup-quality-analysis/work/jsoup/src/main/java/org/jsoup/helper/HttpConnection.java,org.jsoup.helper.HttpConnection,"data/1[java.util.Map<java.lang.String,java.lang.String>]",false,174,5,3,0,3,2,6,7,1,0,1,6,0,0,1,0,0,0,1,0,0,0,1,0,0,0,7,1,0,false
/home/alison/jsoup-quality-analysis/work/jsoup/src/main/java/org/jsoup/helper/HttpConnection.java,org.jsoup.helper.HttpConnection,"data/3[java.lang.String,java.lang.String,java.io.InputStream]",false,169,4,2,0,2,1,2,4,1,0,3,2,0,0,0,0,0,0,0,0,0,0,0,0,0,0,4,1,0,false
/home/alison/jsoup-quality-analysis/work/jsoup/src/main/java/org/jsoup/helper/HttpConnection.java,org.jsoup.helper.HttpConnection,get/0,false,248,4,3,0,3,1,3,5,1,0,0,3,1,1,0,0,0,0,0,0,0,0,0,0,0,0,6,1,0,false
/home/alison/jsoup-quality-analysis/work/jsoup/src/main/java/org/jsoup/helper/HttpConnection.java,org.jsoup.helper.HttpConnection,response/1[org.jsoup.Connection.Response],false,278,3,0,0,0,1,0,4,1,0,1,0,0,0,0,0,0,0,0,0,1,0,0,0,0,0,3,1,0,false
/home/alison/jsoup-quality-analysis/work/jsoup/src/main/java/org/jsoup/helper/HttpConnection.java,org.jsoup.helper.HttpConnection,HttpConnection/0,true,87,2,4,2,2,1,0,4,0,0,0,0,0,0,0,0,0,0,0,0,2,0,0,0,0,0,6,2,0,false
/home/alison/jsoup-quality-analysis/work/jsoup/src/main/java/org/jsoup/helper/HttpConnection.java,org.jsoup.helper.HttpConnection,url/1[java.net.URL],false,92,3,1,0,1,1,1,4,1,0,1,1,0,0,0,0,0,0,0,0,0,0,0,0,0,0,5,1,0,false
/home/alison/jsoup-quality-analysis/work/jsoup/src/main/java/org/jsoup/helper/HttpConnection.java,org.jsoup.helper.HttpConnection,"proxy/2[java.lang.String,int]",false,112,3,1,0,1,1,1,4,1,0,2,1,0,0,0,0,0,0,0,0,0,0,0,0,0,0,3,1,0,false
/home/alison/jsoup-quality-analysis/work/jsoup/src/main/java/org/jsoup/helper/HttpConnection.java,org.jsoup.helper.HttpConnection,connect/1[java.net.URL],false,48,2,3,1,2,1,1,5,1,1,1,1,0,0,0,0,0,0,0,0,1,0,0,0,0,0,8,9,0,false
/home/alison/jsoup-quality-analysis/work/jsoup/src/main/java/org/jsoup/helper/HttpConnection.java,org.jsoup.helper.HttpConnection,data/1[java.lang.String[]],false,182,5,5,0,5,3,5,12,1,3,1,5,0,0,1,1,0,0,4,5,4,2,1,0,0,0,15,1,0,false
/home/alison/jsoup-quality-analysis/work/jsoup/src/main/java/org/jsoup/helper/HttpConnection.java,org.jsoup.helper.HttpConnection,request/0,false,265,1,1,1,0,1,0,3,1,0,0,0,0,0,0,0,0,0,0,0,0,0,0,0,0,0,2,1,0,false
/home/alison/jsoup-quality-analysis/work/jsoup/src/main/java/org/jsoup/helper/HttpConnection.java,org.jsoup.helper.HttpConnection,response/0,false,274,1,0,0,0,1,0,3,1,0,0,0,0,0,0,0,0,0,0,0,0,0,0,0,0,0,2,1,0,false
/home/alison/jsoup-quality-analysis/work/jsoup/src/main/java/org/jsoup/helper/HttpConnection.java,org.jsoup.helper.HttpConnection,followRedirects/1[boolean],false,133,3,1,0,1,1,1,4,1,0,1,1,0,0,0,0,0,0,0,0,0,0,0,0,0,0,3,1,0,false
/home/alison/jsoup-quality-analysis/work/jsoup/src/main/java/org/jsoup/helper/HttpConnection.java,org.jsoup.helper.HttpConnection,userAgent/1[java.lang.String],false,117,4,2,0,2,1,2,5,1,0,1,2,0,0,0,0,0,0,1,0,0,0,0,0,0,0,7,1,0,false
/home/alison/jsoup-quality-analysis/work/jsoup/src/main/java/org/jsoup/helper/HttpConnection.java,org.jsoup.helper.HttpConnection,post/0,false,254,4,3,0,3,1,3,5,1,0,0,3,1,1,0,0,0,0,0,0,0,0,0,0,0,0,6,1,0,false
/home/alison/jsoup-quality-analysis/work/jsoup/src/main/java/org/jsoup/helper/HttpConnection.java,org.jsoup.helper.HttpConnection,ignoreHttpErrors/1[boolean],false,149,3,1,0,1,1,1,4,1,0,1,1,0,0,0,0,0,0,0,0,0,0,0,0,0,0,4,1,0,false
/home/alison/jsoup-quality-analysis/work/jsoup/src/main/java/org/jsoup/helper/HttpConnection.java,org.jsoup.helper.HttpConnection,maxBodySize/1[int],false,128,3,1,0,1,1,1,4,1,0,1,1,0,0,0,0,0,0,0,0,0,0,0,0,0,0,5,1,0,false
/home/alison/jsoup-quality-analysis/work/jsoup/src/main/java/org/jsoup/helper/HttpConnection.java,org.jsoup.helper.HttpConnection,request/1[org.jsoup.Connection.Request],false,269,3,0,0,0,1,0,4,1,0,1,0,0,0,0,0,0,0,0,0,1,0,0,0,0,0,3,1,0,false
/home/alison/jsoup-quality-analysis/work/jsoup/src/main/java/org/jsoup/helper/HttpConnection.java,org.jsoup.helper.HttpConnection,validateTLSCertificates/1[boolean],false,159,3,1,0,1,1,1,4,1,0,1,1,0,0,0,0,0,0,0,0,0,0,0,0,0,0,7,1,0,false
/home/alison/jsoup-quality-analysis/work/jsoup/src/main/java/org/jsoup/helper/HttpConnection.java,org.jsoup.helper.HttpConnection,data/1[java.util.Collection<org.jsoup.Connection.KeyVal>],false,195,5,2,0,2,2,2,7,1,0,1,2,0,0,1,0,0,0,1,0,0,0,1,0,0,0,7,1,0,false
/home/alison/jsoup-quality-analysis/work/jsoup/src/main/java/org/jsoup/helper/HttpConnection.java,org.jsoup.helper.HttpConnection,ignoreContentType/1[boolean],false,154,3,1,0,1,1,1,4,1,0,1,1,0,0,0,0,0,0,0,0,0,0,0,0,0,0,4,1,0,false
/home/alison/jsoup-quality-analysis/work/jsoup/src/main/java/org/jsoup/helper/HttpConnection.java,org.jsoup.helper.HttpConnection,referrer/1[java.lang.String],false,138,4,2,0,2,1,2,5,1,0,1,2,0,0,0,0,0,0,2,0,0,0,0,0,0,0,5,1,0,false
/home/alison/jsoup-quality-analysis/work/jsoup/src/main/java/org/jsoup/helper/HttpConnection.java,org.jsoup.helper.HttpConnection,"data/2[java.lang.String,java.lang.String]",false,164,4,2,0,2,1,2,4,1,0,2,2,0,0,0,0,0,0,0,0,0,0,0,0,0,0,3,1,0,false
/home/alison/jsoup-quality-analysis/work/jsoup/src/main/java/org/jsoup/safety/Whitelist.java,org.jsoup.safety.Whitelist$TypedValue,equals/1[java.lang.Object],false,629,1,0,0,0,7,2,11,6,1,1,2,0,0,0,5,0,0,0,0,1,0,2,0,0,0,12,1,0,false
/home/alison/jsoup-quality-analysis/work/jsoup/src/main/java/org/jsoup/safety/Whitelist.java,org.jsoup.safety.Whitelist$TypedValue,TypedValue/1[java.lang.String],true,615,1,1,0,1,1,1,4,0,0,1,1,0,0,0,0,0,0,0,0,1,0,0,0,0,0,3,0,0,false
/home/alison/jsoup-quality-analysis/work/jsoup/src/main/java/org/jsoup/safety/Whitelist.java,org.jsoup.safety.Whitelist$TypedValue,toString/0,false,641,0,2,2,0,1,0,3,1,0,0,0,0,0,0,0,0,0,0,0,0,0,0,0,0,0,3,1,0,false
/home/alison/jsoup-quality-analysis/work/jsoup/src/main/java/org/jsoup/safety/Whitelist.java,org.jsoup.safety.Whitelist$TypedValue,hashCode/0,false,621,0,0,0,0,2,1,6,1,2,0,1,0,0,0,1,0,2,0,3,3,2,0,0,0,0,6,1,0,false
/home/alison/jsoup-quality-analysis/work/jsoup/src/main/java/org/jsoup/select/NodeTraversor.java,org.jsoup.select.NodeTraversor,NodeTraversor/1[org.jsoup.select.NodeVisitor],true,18,1,8,8,0,1,0,3,0,0,1,0,0,0,0,0,0,0,0,0,1,0,0,0,0,0,14,1,0,true
/home/alison/jsoup-quality-analysis/work/jsoup/src/main/java/org/jsoup/select/NodeTraversor.java,org.jsoup.select.NodeTraversor,traverse/1[org.jsoup.nodes.Node],false,26,2,14,8,6,6,6,21,0,2,1,6,0,0,2,3,0,0,0,4,5,0,3,0,0,0,16,1,0,true
/home/alison/jsoup-quality-analysis/work/jsoup/src/main/java/org/jsoup/select/Evaluator.java,org.jsoup.select.Evaluator$MatchesOwn,toString/0,false,749,0,0,0,0,1,1,3,1,0,0,1,0,0,0,0,0,0,1,0,0,0,0,0,0,0,2,1,0,false
/home/alison/jsoup-quality-analysis/work/jsoup/src/main/java/org/jsoup/select/Evaluator.java,org.jsoup.select.Evaluator$MatchesOwn,"matches/2[org.jsoup.nodes.Element,org.jsoup.nodes.Element]",false,743,1,1,0,1,1,3,4,1,1,2,3,0,0,0,0,0,0,0,0,1,0,0,0,0,0,5,1,0,false
/home/alison/jsoup-quality-analysis/work/jsoup/src/main/java/org/jsoup/select/Evaluator.java,org.jsoup.select.Evaluator$MatchesOwn,MatchesOwn/1[java.util.regex.Pattern],true,738,0,2,2,0,1,0,3,0,0,1,0,0,0,0,0,0,0,0,0,1,0,0,0,0,0,4,1,0,false
/home/alison/jsoup-quality-analysis/work/jsoup/src/main/java/org/jsoup/select/CombiningEvaluator.java,org.jsoup.select.CombiningEvaluator$And,And/1[org.jsoup.select.Evaluator[]],true,46,1,1,1,0,1,1,3,0,0,1,1,0,0,0,0,0,0,0,0,0,0,0,0,0,0,2,0,0,false
/home/alison/jsoup-quality-analysis/work/jsoup/src/main/java/org/jsoup/select/CombiningEvaluator.java,org.jsoup.select.CombiningEvaluator$And,toString/0,false,61,1,1,0,1,1,1,3,1,0,0,1,0,0,0,0,0,0,1,0,0,0,0,0,0,0,2,1,0,false
/home/alison/jsoup-quality-analysis/work/jsoup/src/main/java/org/jsoup/select/CombiningEvaluator.java,org.jsoup.select.CombiningEvaluator$And,"matches/2[org.jsoup.nodes.Element,org.jsoup.nodes.Element]",false,51,2,1,0,1,3,2,7,2,2,2,2,0,0,1,0,0,0,0,1,2,0,2,0,0,0,9,1,0,false
/home/alison/jsoup-quality-analysis/work/jsoup/src/main/java/org/jsoup/select/CombiningEvaluator.java,org.jsoup.select.CombiningEvaluator$And,And/1[java.util.Collection<org.jsoup.select.Evaluator>],true,42,1,3,3,0,1,0,3,0,0,1,0,0,0,0,0,0,0,0,0,0,0,0,0,0,0,2,0,0,false
/home/alison/jsoup-quality-analysis/work/jsoup/src/main/java/org/jsoup/parser/Token.java,org.jsoup.parser.Token$EndTag,EndTag/0,true,250,0,1,1,0,1,0,4,0,0,0,0,0,0,0,0,0,0,0,0,1,0,0,0,0,0,3,0,0,false
/home/alison/jsoup-quality-analysis/work/jsoup/src/main/java/org/jsoup/parser/Token.java,org.jsoup.parser.Token$EndTag,toString/0,false,256,1,1,0,1,1,1,3,1,0,0,1,0,0,0,0,0,0,2,0,0,1,0,0,0,0,3,1,0,false
/home/alison/jsoup-quality-analysis/work/jsoup/src/main/java/org/jsoup/helper/HttpConnection.java,org.jsoup.helper.HttpConnection$Request,validateTLSCertificates/1[boolean],false,538,0,0,0,0,1,0,3,0,0,1,0,0,0,0,0,0,0,0,0,1,0,0,0,0,0,6,1,0,false
/home/alison/jsoup-quality-analysis/work/jsoup/src/main/java/org/jsoup/helper/HttpConnection.java,org.jsoup.helper.HttpConnection$Request,ignoreContentType/0,false,547,0,0,0,0,1,0,3,1,0,0,0,0,0,0,0,0,0,0,0,0,0,0,0,0,0,3,1,0,false
/home/alison/jsoup-quality-analysis/work/jsoup/src/main/java/org/jsoup/helper/HttpConnection.java,org.jsoup.helper.HttpConnection$Request,proxy/1[java.net.Proxy],false,491,1,0,0,0,1,0,4,1,0,1,0,0,0,0,0,0,0,0,0,1,0,0,0,0,0,3,1,0,false
/home/alison/jsoup-quality-analysis/work/jsoup/src/main/java/org/jsoup/helper/HttpConnection.java,org.jsoup.helper.HttpConnection$Request,followRedirects/1[boolean],false,525,2,0,0,0,1,0,4,1,0,1,0,0,0,0,0,0,0,0,0,1,0,0,0,0,0,2,1,0,false
/home/alison/jsoup-quality-analysis/work/jsoup/src/main/java/org/jsoup/helper/HttpConnection.java,org.jsoup.helper.HttpConnection$Request,ignoreHttpErrors/0,false,530,0,0,0,0,1,0,3,1,0,0,0,0,0,0,0,0,0,0,0,0,0,0,0,0,0,3,1,0,false
/home/alison/jsoup-quality-analysis/work/jsoup/src/main/java/org/jsoup/helper/HttpConnection.java,org.jsoup.helper.HttpConnection$Request,requestBody/0,false,571,0,0,0,0,1,0,3,1,0,0,0,0,0,0,0,0,0,0,0,0,0,0,0,0,0,3,1,0,false
/home/alison/jsoup-quality-analysis/work/jsoup/src/main/java/org/jsoup/helper/HttpConnection.java,org.jsoup.helper.HttpConnection$Request,Request/0,true,476,2,2,1,1,1,2,10,0,0,0,2,0,0,0,0,0,0,2,3,6,1,0,0,0,0,13,2,0,false
/home/alison/jsoup-quality-analysis/work/jsoup/src/main/java/org/jsoup/helper/HttpConnection.java,org.jsoup.helper.HttpConnection$Request,timeout/0,false,501,0,0,0,0,1,0,3,1,0,0,0,0,0,0,0,0,0,0,0,0,0,0,0,0,0,2,1,0,false
/home/alison/jsoup-quality-analysis/work/jsoup/src/main/java/org/jsoup/helper/HttpConnection.java,org.jsoup.helper.HttpConnection$Request,validateTLSCertificates/0,false,534,0,0,0,0,1,0,3,1,0,0,0,0,0,0,0,0,0,0,0,0,0,0,0,0,0,5,1,0,false
/home/alison/jsoup-quality-analysis/work/jsoup/src/main/java/org/jsoup/helper/HttpConnection.java,org.jsoup.helper.HttpConnection$Request,ignoreContentType/1[boolean],false,551,2,0,0,0,1,0,4,1,0,1,0,0,0,0,0,0,0,0,0,1,0,0,0,0,0,3,1,0,false
/home/alison/jsoup-quality-analysis/work/jsoup/src/main/java/org/jsoup/helper/HttpConnection.java,org.jsoup.helper.HttpConnection$Request,"proxy/2[java.lang.String,int]",false,496,1,0,0,0,1,1,4,1,0,2,1,0,0,0,0,0,0,0,0,1,0,0,0,0,0,4,1,0,false
/home/alison/jsoup-quality-analysis/work/jsoup/src/main/java/org/jsoup/helper/HttpConnection.java,org.jsoup.helper.HttpConnection$Request,data/0,false,562,1,0,0,0,1,0,3,1,0,0,0,0,0,0,0,0,0,0,0,0,0,0,0,0,0,1,1,0,false
/home/alison/jsoup-quality-analysis/work/jsoup/src/main/java/org/jsoup/helper/HttpConnection.java,org.jsoup.helper.HttpConnection$Request,parser/0,false,581,1,0,0,0,1,0,3,1,0,0,0,0,0,0,0,0,0,0,0,0,0,0,0,0,0,2,1,0,false
/home/alison/jsoup-quality-analysis/work/jsoup/src/main/java/org/jsoup/helper/HttpConnection.java,org.jsoup.helper.HttpConnection$Request,postDataCharset/0,false,592,0,0,0,0,1,0,3,1,0,0,0,0,0,0,0,0,0,0,0,0,0,0,0,0,0,3,1,0,false
/home/alison/jsoup-quality-analysis/work/jsoup/src/main/java/org/jsoup/helper/HttpConnection.java,org.jsoup.helper.HttpConnection$Request,requestBody/1[java.lang.String],false,566,2,0,0,0,1,0,4,1,0,1,0,0,0,0,0,0,0,0,0,1,0,0,0,0,0,3,1,0,false
/home/alison/jsoup-quality-analysis/work/jsoup/src/main/java/org/jsoup/helper/HttpConnection.java,org.jsoup.helper.HttpConnection$Request,ignoreHttpErrors/1[boolean],false,542,2,0,0,0,1,0,4,1,0,1,0,0,0,0,0,0,0,0,0,1,0,0,0,0,0,3,1,0,false
/home/alison/jsoup-quality-analysis/work/jsoup/src/main/java/org/jsoup/helper/HttpConnection.java,org.jsoup.helper.HttpConnection$Request,maxBodySize/1[int],false,515,3,1,0,1,2,1,5,1,0,1,1,0,0,0,0,0,0,1,1,1,0,0,0,0,0,9,1,0,false
/home/alison/jsoup-quality-analysis/work/jsoup/src/main/java/org/jsoup/helper/HttpConnection.java,org.jsoup.helper.HttpConnection$Request,maxBodySize/0,false,511,0,0,0,0,1,0,3,1,0,0,0,0,0,0,0,0,0,0,0,0,0,0,0,0,0,4,1,0,false
/home/alison/jsoup-quality-analysis/work/jsoup/src/main/java/org/jsoup/helper/HttpConnection.java,org.jsoup.helper.HttpConnection$Request,postDataCharset/1[java.lang.String],false,585,3,1,0,1,2,2,6,1,0,1,2,0,0,0,0,0,0,1,0,1,0,1,0,0,0,10,1,0,false
/home/alison/jsoup-quality-analysis/work/jsoup/src/main/java/org/jsoup/helper/HttpConnection.java,org.jsoup.helper.HttpConnection$Request,parser/1[org.jsoup.parser.Parser],false,575,2,0,0,0,1,0,5,1,0,1,0,0,0,0,0,0,0,0,0,2,0,0,0,0,0,5,1,0,false
/home/alison/jsoup-quality-analysis/work/jsoup/src/main/java/org/jsoup/helper/HttpConnection.java,org.jsoup.helper.HttpConnection$Request,timeout/1[int],false,505,2,1,0,1,2,1,5,1,0,1,1,0,0,0,0,0,0,1,1,1,0,0,0,0,0,9,1,0,false
/home/alison/jsoup-quality-analysis/work/jsoup/src/main/java/org/jsoup/helper/HttpConnection.java,org.jsoup.helper.HttpConnection$Request,followRedirects/0,false,521,0,0,0,0,1,0,3,1,0,0,0,0,0,0,0,0,0,0,0,0,0,0,0,0,0,2,1,0,false
/home/alison/jsoup-quality-analysis/work/jsoup/src/main/java/org/jsoup/helper/HttpConnection.java,org.jsoup.helper.HttpConnection$Request,data/1[org.jsoup.Connection.KeyVal],false,556,3,1,0,1,1,2,5,1,0,1,2,0,0,0,0,0,0,1,0,0,0,0,0,0,0,7,1,0,false
/home/alison/jsoup-quality-analysis/work/jsoup/src/main/java/org/jsoup/helper/HttpConnection.java,org.jsoup.helper.HttpConnection$Request,proxy/0,false,487,0,0,0,0,1,0,3,1,0,0,0,0,0,0,0,0,0,0,0,0,0,0,0,0,0,2,1,0,false
/home/alison/jsoup-quality-analysis/work/jsoup/src/main/java/org/jsoup/nodes/Document.java,org.jsoup.nodes.Document,outerHtml/0,false,194,0,0,0,0,1,1,3,1,0,0,1,0,0,0,0,0,0,0,0,0,0,0,0,0,0,2,1,0,false
/home/alison/jsoup-quality-analysis/work/jsoup/src/main/java/org/jsoup/nodes/Document.java,org.jsoup.nodes.Document,updateMetaCharsetElement/0,false,281,0,0,0,0,1,0,3,1,0,0,0,0,0,0,0,0,0,0,0,0,0,0,0,0,0,21,1,0,true
/home/alison/jsoup-quality-analysis/work/jsoup/src/main/java/org/jsoup/nodes/Document.java,org.jsoup.nodes.Document,head/0,false,64,2,5,4,1,1,1,3,1,0,0,1,1,1,0,0,0,0,1,0,0,0,0,0,0,0,10,1,0,true
/home/alison/jsoup-quality-analysis/work/jsoup/src/main/java/org/jsoup/nodes/Document.java,org.jsoup.nodes.Document,normalise/0,false,115,2,8,0,8,4,8,13,1,1,0,8,6,5,0,3,0,0,6,0,2,0,1,0,0,0,45,1,0,true
/home/alison/jsoup-quality-analysis/work/jsoup/src/main/java/org/jsoup/nodes/Document.java,org.jsoup.nodes.Document,outputSettings/0,false,535,1,7,7,0,1,0,3,1,0,0,0,0,0,0,0,0,0,0,0,0,0,0,0,0,0,6,1,0,true
/home/alison/jsoup-quality-analysis/work/jsoup/src/main/java/org/jsoup/nodes/Document.java,org.jsoup.nodes.Document,location/0,false,56,0,1,1,0,1,0,3,1,0,0,0,0,0,0,0,0,0,0,0,0,0,0,0,0,0,18,1,0,true
/home/alison/jsoup-quality-analysis/work/jsoup/src/main/java/org/jsoup/nodes/Document.java,org.jsoup.nodes.Document,ensureMetaCharsetElement/0,false,311,7,17,2,15,9,17,43,0,7,0,17,3,2,0,5,0,0,18,1,8,0,5,0,0,0,63,2,0,true
/home/alison/jsoup-quality-analysis/work/jsoup/src/main/java/org/jsoup/nodes/Document.java,org.jsoup.nodes.Document,quirksMode/1[org.jsoup.nodes.Document.QuirksMode],false,558,2,2,2,0,1,0,4,1,0,1,0,0,0,0,0,0,0,0,0,1,0,0,0,0,0,4,1,0,false
/home/alison/jsoup-quality-analysis/work/jsoup/src/main/java/org/jsoup/nodes/Document.java,org.jsoup.nodes.Document,"normaliseStructure/2[java.lang.String,org.jsoup.nodes.Element]",false,158,3,7,1,6,6,9,16,0,5,2,9,0,0,3,0,0,0,0,2,5,0,3,0,0,0,15,2,0,false
/home/alison/jsoup-quality-analysis/work/jsoup/src/main/java/org/jsoup/nodes/Document.java,org.jsoup.nodes.Document,nodeName/0,false,210,0,0,0,0,1,0,3,1,0,0,0,0,0,0,0,0,0,1,0,0,0,0,0,0,0,2,1,0,false
/home/alison/jsoup-quality-analysis/work/jsoup/src/main/java/org/jsoup/nodes/Document.java,org.jsoup.nodes.Document,createElement/1[java.lang.String],false,106,3,3,0,3,1,2,3,1,0,1,2,0,0,0,0,0,0,0,0,0,0,0,0,0,0,16,1,0,true
/home/alison/jsoup-quality-analysis/work/jsoup/src/main/java/org/jsoup/nodes/Document.java,org.jsoup.nodes.Document,quirksMode/0,false,554,1,2,2,0,1,0,3,1,0,0,0,0,0,0,0,0,0,0,0,0,0,0,0,0,0,3,1,0,false
/home/alison/jsoup-quality-analysis/work/jsoup/src/main/java/org/jsoup/nodes/Document.java,org.jsoup.nodes.Document,"findFirstElementByTagName/2[java.lang.String,org.jsoup.nodes.Node]",false,180,3,6,4,2,4,3,10,3,1,2,3,1,0,1,1,0,0,0,0,1,0,4,0,0,0,12,2,0,false
/home/alison/jsoup-quality-analysis/work/jsoup/src/main/java/org/jsoup/nodes/Document.java,org.jsoup.nodes.Document,updateMetaCharsetElement/1[boolean],false,269,0,1,1,0,1,0,3,0,0,1,0,0,0,0,0,0,0,0,0,1,0,0,0,0,0,30,1,0,true
/home/alison/jsoup-quality-analysis/work/jsoup/src/main/java/org/jsoup/nodes/Document.java,org.jsoup.nodes.Document,outputSettings/1[org.jsoup.nodes.Document.OutputSettings],false,544,3,2,1,1,1,1,5,1,0,1,1,0,0,0,0,0,0,0,0,1,0,0,0,0,0,6,1,0,true
/home/alison/jsoup-quality-analysis/work/jsoup/src/main/java/org/jsoup/nodes/Document.java,org.jsoup.nodes.Document,body/0,false,72,2,10,9,1,1,1,3,1,0,0,1,1,1,0,0,0,0,1,0,0,0,0,0,0,0,10,1,0,true
/home/alison/jsoup-quality-analysis/work/jsoup/src/main/java/org/jsoup/nodes/Document.java,org.jsoup.nodes.Document,text/1[java.lang.String],false,204,2,2,0,2,1,2,4,1,0,1,2,1,2,0,0,0,0,0,0,0,0,0,0,0,0,14,1,0,true
/home/alison/jsoup-quality-analysis/work/jsoup/src/main/java/org/jsoup/nodes/Document.java,org.jsoup.nodes.Document,createShell/1[java.lang.String],false,40,3,7,4,3,1,2,8,1,2,1,2,0,0,0,0,0,0,3,0,2,0,0,0,0,0,21,9,0,true
/home/alison/jsoup-quality-analysis/work/jsoup/src/main/java/org/jsoup/nodes/Document.java,org.jsoup.nodes.Document,Document/1[java.lang.String],true,30,1,6,5,1,1,1,4,0,0,1,1,0,0,0,0,0,0,1,0,1,0,0,0,0,0,11,1,0,true
/home/alison/jsoup-quality-analysis/work/jsoup/src/main/java/org/jsoup/nodes/Document.java,org.jsoup.nodes.Document,charset/1[java.nio.charset.Charset],false,238,2,3,0,3,1,3,5,0,0,1,3,2,3,0,0,0,0,0,0,0,0,0,0,0,0,46,1,0,true
/home/alison/jsoup-quality-analysis/work/jsoup/src/main/java/org/jsoup/nodes/Document.java,org.jsoup.nodes.Document,title/0,false,80,3,4,0,4,2,5,4,1,1,0,5,0,0,0,1,0,0,2,0,1,0,0,0,0,0,17,1,0,true
/home/alison/jsoup-quality-analysis/work/jsoup/src/main/java/org/jsoup/nodes/Document.java,org.jsoup.nodes.Document,title/1[java.lang.String],false,91,4,6,0,6,2,6,10,0,1,1,6,1,2,0,1,0,0,2,0,1,0,1,0,0,0,21,1,0,true
/home/alison/jsoup-quality-analysis/work/jsoup/src/main/java/org/jsoup/nodes/Document.java,org.jsoup.nodes.Document,normaliseTextNodes/1[org.jsoup.nodes.Element],false,139,4,6,1,5,5,7,15,0,4,1,7,1,2,2,0,0,0,2,2,4,1,3,0,0,0,12,2,0,false
/home/alison/jsoup-quality-analysis/work/jsoup/src/main/java/org/jsoup/nodes/Document.java,org.jsoup.nodes.Document,clone/0,false,286,2,1,0,1,1,2,5,1,1,0,2,0,0,0,0,0,0,0,0,2,0,0,0,0,0,2,1,0,false
/home/alison/jsoup-quality-analysis/work/jsoup/src/main/java/org/jsoup/nodes/Document.java,org.jsoup.nodes.Document,charset/0,false,252,1,2,1,1,1,1,3,1,0,0,1,0,0,0,0,0,0,0,0,0,0,0,0,0,0,12,1,0,true
/home/alison/jsoup-quality-analysis/work/jsoup/src/main/java/org/jsoup/Jsoup.java,org.jsoup.Jsoup,"parse/2[java.io.File,java.lang.String]",false,102,2,1,0,1,1,2,3,1,0,2,2,0,0,0,0,0,0,0,0,0,0,0,0,0,0,52,9,0,true
/home/alison/jsoup-quality-analysis/work/jsoup/src/main/java/org/jsoup/Jsoup.java,org.jsoup.Jsoup,Jsoup/0,true,20,0,0,0,0,1,0,2,0,0,0,0,0,0,0,0,0,0,0,0,0,0,0,0,0,0,1,2,0,false
/home/alison/jsoup-quality-analysis/work/jsoup/src/main/java/org/jsoup/Jsoup.java,org.jsoup.Jsoup,"parse/2[java.net.URL,int]",false,180,3,3,0,3,1,3,5,1,1,2,3,0,0,0,0,0,0,0,0,1,0,0,0,0,0,80,9,0,true
/home/alison/jsoup-quality-analysis/work/jsoup/src/main/java/org/jsoup/Jsoup.java,org.jsoup.Jsoup,parseBodyFragment/1[java.lang.String],false,159,2,1,0,1,1,1,3,1,0,1,1,0,0,0,0,0,0,1,0,0,0,0,0,0,0,22,9,0,true
/home/alison/jsoup-quality-analysis/work/jsoup/src/main/java/org/jsoup/Jsoup.java,org.jsoup.Jsoup,"parse/3[java.lang.String,java.lang.String,org.jsoup.parser.Parser]",false,44,2,2,1,1,1,1,3,1,0,3,1,0,0,0,0,0,0,0,0,0,0,0,0,0,0,43,9,0,true
/home/alison/jsoup-quality-analysis/work/jsoup/src/main/java/org/jsoup/Jsoup.java,org.jsoup.Jsoup,"isValid/2[java.lang.String,org.jsoup.safety.Whitelist]",false,249,2,2,0,2,1,1,3,1,0,2,1,0,0,0,0,0,0,0,0,0,0,0,0,0,0,52,9,0,true
/home/alison/jsoup-quality-analysis/work/jsoup/src/main/java/org/jsoup/Jsoup.java,org.jsoup.Jsoup,connect/1[java.lang.String],false,72,2,4,3,1,1,1,3,1,0,1,1,0,0,0,0,0,0,0,0,0,0,0,0,0,0,37,9,0,true
/home/alison/jsoup-quality-analysis/work/jsoup/src/main/java/org/jsoup/Jsoup.java,org.jsoup.Jsoup,parse/1[java.lang.String],false,57,2,1,0,1,1,1,3,1,0,1,1,0,0,0,0,0,0,1,0,0,0,0,0,0,0,26,9,0,true
/home/alison/jsoup-quality-analysis/work/jsoup/src/main/java/org/jsoup/Jsoup.java,org.jsoup.Jsoup,"clean/3[java.lang.String,java.lang.String,org.jsoup.safety.Whitelist]",false,197,5,6,1,5,1,4,6,1,3,3,4,1,1,0,0,0,0,0,0,3,0,0,0,0,0,43,9,0,true
/home/alison/jsoup-quality-analysis/work/jsoup/src/main/java/org/jsoup/Jsoup.java,org.jsoup.Jsoup,"parse/4[java.io.InputStream,java.lang.String,java.lang.String,org.jsoup.parser.Parser]",false,134,3,1,0,1,1,1,3,1,0,4,1,0,0,0,0,0,0,0,0,0,0,0,0,0,0,72,9,0,true
/home/alison/jsoup-quality-analysis/work/jsoup/src/main/java/org/jsoup/Jsoup.java,org.jsoup.Jsoup,"parse/3[java.io.InputStream,java.lang.String,java.lang.String]",false,117,2,1,0,1,1,1,3,1,0,3,1,0,0,0,0,0,0,0,0,0,0,0,0,0,0,62,9,0,true
/home/alison/jsoup-quality-analysis/work/jsoup/src/main/java/org/jsoup/Jsoup.java,org.jsoup.Jsoup,"parse/3[java.io.File,java.lang.String,java.lang.String]",false,87,2,1,0,1,1,1,3,1,0,3,1,0,0,0,0,0,0,0,0,0,0,0,0,0,0,55,9,0,true
/home/alison/jsoup-quality-analysis/work/jsoup/src/main/java/org/jsoup/Jsoup.java,org.jsoup.Jsoup,"parseBodyFragment/2[java.lang.String,java.lang.String]",false,147,2,3,2,1,1,1,3,1,0,2,1,0,0,0,0,0,0,0,0,0,0,0,0,0,0,30,9,0,true
/home/alison/jsoup-quality-analysis/work/jsoup/src/main/java/org/jsoup/Jsoup.java,org.jsoup.Jsoup,"clean/4[java.lang.String,java.lang.String,org.jsoup.safety.Whitelist,org.jsoup.nodes.Document.OutputSettings]",false,232,6,6,0,6,1,5,7,1,3,4,5,1,1,0,0,0,0,0,0,3,0,0,0,0,0,74,9,0,true
/home/alison/jsoup-quality-analysis/work/jsoup/src/main/java/org/jsoup/Jsoup.java,org.jsoup.Jsoup,"parse/2[java.lang.String,java.lang.String]",false,30,2,1,0,1,1,1,3,1,0,2,1,0,0,0,0,0,0,0,0,0,0,0,0,0,0,39,9,0,true
/home/alison/jsoup-quality-analysis/work/jsoup/src/main/java/org/jsoup/Jsoup.java,org.jsoup.Jsoup,"clean/2[java.lang.String,org.jsoup.safety.Whitelist]",false,214,2,1,0,1,1,1,3,1,0,2,1,1,2,0,0,0,0,1,0,0,0,0,0,0,0,28,9,0,true
/home/alison/jsoup-quality-analysis/work/jsoup/src/main/java/org/jsoup/parser/HtmlTreeBuilder.java,org.jsoup.parser.HtmlTreeBuilder,insert/1[org.jsoup.parser.Token.Comment],false,227,3,4,1,3,1,2,4,0,1,1,2,1,5,0,0,0,0,0,0,1,0,0,0,0,0,5,0,0,false
/home/alison/jsoup-quality-analysis/work/jsoup/src/main/java/org/jsoup/parser/HtmlTreeBuilder.java,org.jsoup.parser.HtmlTreeBuilder,inTableScope/1[java.lang.String],false,479,1,4,3,1,1,1,3,1,0,1,1,1,2,0,0,0,0,0,0,0,0,0,0,0,0,6,0,0,false
/home/alison/jsoup-quality-analysis/work/jsoup/src/main/java/org/jsoup/parser/HtmlTreeBuilder.java,org.jsoup.parser.HtmlTreeBuilder,lastFormattingElement/0,false,558,1,1,1,0,2,2,3,1,0,0,2,0,0,0,0,0,0,0,2,0,1,0,0,0,0,4,0,0,false
/home/alison/jsoup-quality-analysis/work/jsoup/src/main/java/org/jsoup/parser/HtmlTreeBuilder.java,org.jsoup.parser.HtmlTreeBuilder,clearFormattingElementsToLastMarker/0,false,635,2,2,1,1,3,2,6,0,1,0,2,1,1,1,1,0,0,0,0,1,0,2,0,0,0,10,0,0,false
/home/alison/jsoup-quality-analysis/work/jsoup/src/main/java/org/jsoup/parser/HtmlTreeBuilder.java,org.jsoup.parser.HtmlTreeBuilder,inScope/1[java.lang.String[]],false,457,1,2,1,1,1,1,3,1,0,1,1,1,1,0,0,0,0,0,0,0,0,0,0,0,0,5,0,0,false
/home/alison/jsoup-quality-analysis/work/jsoup/src/main/java/org/jsoup/parser/HtmlTreeBuilder.java,org.jsoup.parser.HtmlTreeBuilder,clearStackToTableBodyContext/0,false,340,1,3,2,1,1,1,3,0,0,0,1,1,1,0,0,0,0,3,0,0,0,0,0,0,0,6,0,0,false
/home/alison/jsoup-quality-analysis/work/jsoup/src/main/java/org/jsoup/parser/HtmlTreeBuilder.java,org.jsoup.parser.HtmlTreeBuilder,transition/1[org.jsoup.parser.HtmlTreeBuilderState],false,121,1,5,5,0,1,0,3,0,0,1,0,0,0,0,0,0,0,0,0,1,0,0,0,0,0,6,0,0,false
/home/alison/jsoup-quality-analysis/work/jsoup/src/main/java/org/jsoup/parser/HtmlTreeBuilder.java,org.jsoup.parser.HtmlTreeBuilder,insertInFosterParent/1[org.jsoup.nodes.Node],false,676,4,8,2,6,4,7,20,0,3,1,7,2,3,0,2,0,0,1,1,6,0,2,0,0,0,20,0,0,false
/home/alison/jsoup-quality-analysis/work/jsoup/src/main/java/org/jsoup/parser/HtmlTreeBuilder.java,org.jsoup.parser.HtmlTreeBuilder,getStack/0,false,268,1,2,2,0,1,0,3,1,0,0,0,0,0,0,0,0,0,0,0,0,0,0,0,0,0,3,0,0,false
/home/alison/jsoup-quality-analysis/work/jsoup/src/main/java/org/jsoup/parser/HtmlTreeBuilder.java,org.jsoup.parser.HtmlTreeBuilder,"insertOnStackAfter/2[org.jsoup.nodes.Element,org.jsoup.nodes.Element]",false,369,2,2,1,1,2,3,5,0,1,2,3,0,0,0,1,0,0,0,2,1,1,0,0,0,0,8,0,0,false
/home/alison/jsoup-quality-analysis/work/jsoup/src/main/java/org/jsoup/parser/HtmlTreeBuilder.java,org.jsoup.parser.HtmlTreeBuilder,clearStackToTableRowContext/0,false,344,1,2,1,1,1,1,3,0,0,0,1,1,1,0,0,0,0,1,0,0,0,0,0,0,0,6,0,0,false
/home/alison/jsoup-quality-analysis/work/jsoup/src/main/java/org/jsoup/parser/HtmlTreeBuilder.java,org.jsoup.parser.HtmlTreeBuilder,reconstructFormattingElements/0,false,597,5,8,1,7,10,10,25,1,6,0,10,3,6,2,4,0,0,0,3,10,2,2,0,0,0,19,0,0,false
/home/alison/jsoup-quality-analysis/work/jsoup/src/main/java/org/jsoup/parser/HtmlTreeBuilder.java,org.jsoup.parser.HtmlTreeBuilder,inSelectScope/1[java.lang.String],false,483,3,4,1,3,4,6,10,3,3,1,6,0,0,1,0,0,0,1,2,3,1,2,0,0,0,12,0,0,false
/home/alison/jsoup-quality-analysis/work/jsoup/src/main/java/org/jsoup/parser/HtmlTreeBuilder.java,org.jsoup.parser.HtmlTreeBuilder,"parseFragment/5[java.lang.String,org.jsoup.nodes.Element,java.lang.String,org.jsoup.parser.ParseErrorList,org.jsoup.parser.ParseSettings]",false,59,12,16,2,14,12,16,32,2,3,5,16,1,2,1,4,0,1,11,1,8,0,6,0,0,0,24,0,0,false
/home/alison/jsoup-quality-analysis/work/jsoup/src/main/java/org/jsoup/parser/HtmlTreeBuilder.java,org.jsoup.parser.HtmlTreeBuilder,pushActiveFormattingElements/1[org.jsoup.nodes.Element],false,571,2,2,1,1,5,5,13,0,3,1,5,1,1,1,2,0,0,0,4,3,1,2,0,0,0,13,0,0,false
/home/alison/jsoup-quality-analysis/work/jsoup/src/main/java/org/jsoup/parser/HtmlTreeBuilder.java,org.jsoup.parser.HtmlTreeBuilder,clearStackToContext/1[java.lang.String[]],false,348,2,5,3,2,4,6,7,0,2,1,6,0,0,1,0,0,0,1,2,2,1,2,0,0,0,9,2,0,false
/home/alison/jsoup-quality-analysis/work/jsoup/src/main/java/org/jsoup/parser/HtmlTreeBuilder.java,org.jsoup.parser.HtmlTreeBuilder,isInActiveFormattingElements/1[org.jsoup.nodes.Element],false,653,2,2,1,1,1,1,3,1,0,1,1,1,1,0,0,0,0,0,0,0,0,0,0,0,0,8,0,0,false
/home/alison/jsoup-quality-analysis/work/jsoup/src/main/java/org/jsoup/parser/HtmlTreeBuilder.java,org.jsoup.parser.HtmlTreeBuilder,generateImpliedEndTags/1[java.lang.String],false,541,4,7,3,4,4,5,3,0,0,1,5,1,1,1,1,0,1,0,0,0,0,1,0,0,0,57,0,0,true
/home/alison/jsoup-quality-analysis/work/jsoup/src/main/java/org/jsoup/parser/HtmlTreeBuilder.java,org.jsoup.parser.HtmlTreeBuilder,removeLastFormattingElement/0,false,562,1,1,1,0,2,2,5,2,1,0,2,0,0,0,0,0,0,0,2,1,1,1,0,0,0,6,0,0,false
/home/alison/jsoup-quality-analysis/work/jsoup/src/main/java/org/jsoup/parser/HtmlTreeBuilder.java,org.jsoup.parser.HtmlTreeBuilder,"isSameFormattingElement/2[org.jsoup.nodes.Element,org.jsoup.nodes.Element]",false,589,3,4,1,3,1,4,3,1,0,2,4,0,0,0,0,0,0,0,0,0,0,0,0,0,0,5,2,0,false
/home/alison/jsoup-quality-analysis/work/jsoup/src/main/java/org/jsoup/parser/HtmlTreeBuilder.java,org.jsoup.parser.HtmlTreeBuilder,isFosterInserts/0,false,504,0,1,1,0,1,0,3,1,0,0,0,0,0,0,0,0,0,0,0,0,0,0,0,0,0,4,0,0,false
/home/alison/jsoup-quality-analysis/work/jsoup/src/main/java/org/jsoup/parser/HtmlTreeBuilder.java,org.jsoup.parser.HtmlTreeBuilder,getFromStack/1[java.lang.String],false,286,1,3,2,1,3,4,9,2,2,1,4,0,0,1,0,0,0,0,2,2,1,2,0,0,0,9,0,0,false
/home/alison/jsoup-quality-analysis/work/jsoup/src/main/java/org/jsoup/parser/HtmlTreeBuilder.java,org.jsoup.parser.HtmlTreeBuilder,"insertForm/2[org.jsoup.parser.Token.StartTag,boolean]",false,217,5,6,1,5,2,5,8,1,2,2,5,2,5,0,0,0,0,0,0,2,0,1,0,0,0,10,0,0,false
/home/alison/jsoup-quality-analysis/work/jsoup/src/main/java/org/jsoup/parser/HtmlTreeBuilder.java,org.jsoup.parser.HtmlTreeBuilder,"inScope/2[java.lang.String,java.lang.String[]]",false,465,1,4,3,1,1,1,3,1,0,2,1,1,2,0,0,0,0,0,0,0,0,0,0,0,0,4,0,0,false
/home/alison/jsoup-quality-analysis/work/jsoup/src/main/java/org/jsoup/parser/HtmlTreeBuilder.java,org.jsoup.parser.HtmlTreeBuilder,popStackToClose/1[java.lang.String],false,307,1,3,2,1,3,5,7,0,2,1,5,0,0,1,0,0,0,0,2,2,1,2,0,0,0,9,0,0,false
/home/alison/jsoup-quality-analysis/work/jsoup/src/main/java/org/jsoup/parser/HtmlTreeBuilder.java,org.jsoup.parser.HtmlTreeBuilder,getBaseUri/0,false,149,0,1,1,0,1,0,3,1,0,0,0,0,0,0,0,0,0,0,0,0,0,0,0,0,0,4,0,0,false
/home/alison/jsoup-quality-analysis/work/jsoup/src/main/java/org/jsoup/parser/HtmlTreeBuilder.java,org.jsoup.parser.HtmlTreeBuilder,inScope/1[java.lang.String],false,461,1,3,2,1,1,1,3,1,0,1,1,1,3,0,0,0,0,0,0,0,0,0,0,0,0,4,0,0,false
/home/alison/jsoup-quality-analysis/work/jsoup/src/main/java/org/jsoup/parser/HtmlTreeBuilder.java,org.jsoup.parser.HtmlTreeBuilder,clearStackToTableContext/0,false,336,1,2,1,1,1,1,3,0,0,0,1,1,1,0,0,0,0,1,0,0,0,0,0,0,0,5,0,0,false
/home/alison/jsoup-quality-analysis/work/jsoup/src/main/java/org/jsoup/parser/HtmlTreeBuilder.java,org.jsoup.parser.HtmlTreeBuilder,inListItemScope/1[java.lang.String],false,471,1,2,1,1,1,1,3,1,0,1,1,1,3,0,0,0,0,0,0,0,0,0,0,0,0,6,0,0,false
/home/alison/jsoup-quality-analysis/work/jsoup/src/main/java/org/jsoup/parser/HtmlTreeBuilder.java,org.jsoup.parser.HtmlTreeBuilder,insert/1[org.jsoup.parser.Token.Character],false,232,6,8,2,6,3,5,7,0,2,1,5,0,0,0,0,0,0,2,0,3,0,1,0,0,0,11,0,0,false
/home/alison/jsoup-quality-analysis/work/jsoup/src/main/java/org/jsoup/parser/HtmlTreeBuilder.java,org.jsoup.parser.HtmlTreeBuilder,originalState/0,false,133,1,1,1,0,1,0,3,1,0,0,0,0,0,0,0,0,0,0,0,0,0,0,0,0,0,5,0,0,false
/home/alison/jsoup-quality-analysis/work/jsoup/src/main/java/org/jsoup/parser/HtmlTreeBuilder.java,org.jsoup.parser.HtmlTreeBuilder,removeFromStack/1[org.jsoup.nodes.Element],false,296,1,1,1,0,3,3,10,2,2,1,3,0,0,1,1,0,0,0,2,2,1,2,0,0,0,9,0,0,false
/home/alison/jsoup-quality-analysis/work/jsoup/src/main/java/org/jsoup/parser/HtmlTreeBuilder.java,org.jsoup.parser.HtmlTreeBuilder,setFormElement/1[org.jsoup.nodes.FormElement],false,516,1,2,2,0,1,0,3,0,0,1,0,0,0,0,0,0,0,0,0,1,0,0,0,0,0,4,0,0,false
/home/alison/jsoup-quality-analysis/work/jsoup/src/main/java/org/jsoup/parser/HtmlTreeBuilder.java,org.jsoup.parser.HtmlTreeBuilder,inButtonScope/1[java.lang.String],false,475,1,2,1,1,1,1,3,1,0,1,1,1,3,0,0,0,0,0,0,0,0,0,0,0,0,5,0,0,false
/home/alison/jsoup-quality-analysis/work/jsoup/src/main/java/org/jsoup/parser/HtmlTreeBuilder.java,org.jsoup.parser.HtmlTreeBuilder,maybeSetBaseUri/1[org.jsoup.nodes.Element],false,153,2,3,1,2,3,3,9,1,1,1,3,0,0,0,1,0,0,1,1,3,0,1,0,0,0,10,0,0,false
/home/alison/jsoup-quality-analysis/work/jsoup/src/main/java/org/jsoup/parser/HtmlTreeBuilder.java,org.jsoup.parser.HtmlTreeBuilder,removeFromActiveFormattingElements/1[org.jsoup.nodes.Element],false,643,1,1,1,0,3,3,9,0,2,1,3,0,0,1,1,0,0,0,2,2,1,2,0,0,0,9,0,0,false
/home/alison/jsoup-quality-analysis/work/jsoup/src/main/java/org/jsoup/parser/HtmlTreeBuilder.java,org.jsoup.parser.HtmlTreeBuilder,HtmlTreeBuilder/0,true,46,0,4,4,0,1,0,2,0,0,0,0,0,0,0,0,0,0,0,0,0,0,0,0,0,0,3,0,0,false
/home/alison/jsoup-quality-analysis/work/jsoup/src/main/java/org/jsoup/parser/HtmlTreeBuilder.java,org.jsoup.parser.HtmlTreeBuilder,"replaceOnStack/2[org.jsoup.nodes.Element,org.jsoup.nodes.Element]",false,375,2,2,1,1,1,1,3,0,0,2,1,1,1,0,0,0,0,0,0,0,0,0,0,0,0,7,0,0,false
/home/alison/jsoup-quality-analysis/work/jsoup/src/main/java/org/jsoup/parser/HtmlTreeBuilder.java,org.jsoup.parser.HtmlTreeBuilder,getPendingTableCharacters/0,false,524,0,1,1,0,1,0,3,1,0,0,0,0,0,0,0,0,0,0,0,0,0,0,0,0,0,5,0,0,false
/home/alison/jsoup-quality-analysis/work/jsoup/src/main/java/org/jsoup/parser/HtmlTreeBuilder.java,org.jsoup.parser.HtmlTreeBuilder,setPendingTableCharacters/1[java.util.List<java.lang.String>],false,528,0,0,0,0,1,0,3,0,0,1,0,0,0,0,0,0,0,0,0,1,0,0,0,0,0,5,0,0,false
/home/alison/jsoup-quality-analysis/work/jsoup/src/main/java/org/jsoup/parser/HtmlTreeBuilder.java,org.jsoup.parser.HtmlTreeBuilder,process/1[org.jsoup.parser.Token],false,111,2,4,3,1,1,1,4,1,0,1,1,0,0,0,0,0,0,0,0,1,0,0,0,0,0,4,4,0,false
/home/alison/jsoup-quality-analysis/work/jsoup/src/main/java/org/jsoup/parser/HtmlTreeBuilder.java,org.jsoup.parser.HtmlTreeBuilder,getFormElement/0,false,512,1,1,1,0,1,0,3,1,0,0,0,0,0,0,0,0,0,0,0,0,0,0,0,0,0,4,0,0,false
/home/alison/jsoup-quality-analysis/work/jsoup/src/main/java/org/jsoup/parser/HtmlTreeBuilder.java,org.jsoup.parser.HtmlTreeBuilder,aboveOnStack/1[org.jsoup.nodes.Element],false,358,2,3,2,1,3,3,10,2,2,1,3,1,2,1,1,0,0,0,3,2,2,2,0,0,0,10,0,0,false
/home/alison/jsoup-quality-analysis/work/jsoup/src/main/java/org/jsoup/parser/HtmlTreeBuilder.java,org.jsoup.parser.HtmlTreeBuilder,isFragmentParsing/0,false,165,0,1,1,0,1,0,3,1,0,0,0,0,0,0,0,0,0,0,0,0,0,0,0,0,0,4,0,0,false
/home/alison/jsoup-quality-analysis/work/jsoup/src/main/java/org/jsoup/parser/HtmlTreeBuilder.java,org.jsoup.parser.HtmlTreeBuilder,defaultSettings/0,false,48,1,2,2,0,1,0,3,1,0,0,0,0,0,0,0,0,0,0,0,0,0,0,0,0,0,3,0,0,false
/home/alison/jsoup-quality-analysis/work/jsoup/src/main/java/org/jsoup/parser/HtmlTreeBuilder.java,org.jsoup.parser.HtmlTreeBuilder,push/1[org.jsoup.nodes.Element],false,264,1,1,1,0,1,1,3,0,0,1,1,0,0,0,0,0,0,0,0,0,0,0,0,0,0,3,0,0,false
/home/alison/jsoup-quality-analysis/work/jsoup/src/main/java/org/jsoup/parser/HtmlTreeBuilder.java,org.jsoup.parser.HtmlTreeBuilder,getHeadElement/0,false,500,1,1,1,0,1,0,3,1,0,0,0,0,0,0,0,0,0,0,0,0,0,0,0,0,0,4,0,0,false
/home/alison/jsoup-quality-analysis/work/jsoup/src/main/java/org/jsoup/parser/HtmlTreeBuilder.java,org.jsoup.parser.HtmlTreeBuilder,insert/1[org.jsoup.parser.Token.StartTag],false,174,7,15,3,12,2,12,12,2,2,1,12,2,6,0,0,0,0,0,0,2,0,1,0,0,0,6,0,0,false
/home/alison/jsoup-quality-analysis/work/jsoup/src/main/java/org/jsoup/parser/HtmlTreeBuilder.java,org.jsoup.parser.HtmlTreeBuilder,"inSpecificScope/3[java.lang.String[],java.lang.String[],java.lang.String[]]",false,442,3,5,2,3,6,5,11,4,3,3,5,0,0,1,1,0,0,1,2,3,1,2,0,0,0,14,2,0,false
/home/alison/jsoup-quality-analysis/work/jsoup/src/main/java/org/jsoup/parser/HtmlTreeBuilder.java,org.jsoup.parser.HtmlTreeBuilder,insertMarkerToFormattingElements/0,false,672,0,1,1,0,1,1,3,0,0,0,1,0,0,0,0,0,0,0,0,0,0,0,0,0,0,6,0,0,false
/home/alison/jsoup-quality-analysis/work/jsoup/src/main/java/org/jsoup/parser/HtmlTreeBuilder.java,org.jsoup.parser.HtmlTreeBuilder,popStackToBefore/1[java.lang.String],false,325,1,2,1,1,3,5,11,0,2,1,5,0,0,1,0,0,0,0,2,2,1,2,0,0,0,9,0,0,false
/home/alison/jsoup-quality-analysis/work/jsoup/src/main/java/org/jsoup/parser/HtmlTreeBuilder.java,org.jsoup.parser.HtmlTreeBuilder,"parse/4[java.lang.String,java.lang.String,org.jsoup.parser.ParseErrorList,org.jsoup.parser.ParseSettings]",false,53,3,0,0,0,1,1,5,1,0,4,1,0,0,0,0,0,0,0,0,2,0,0,0,0,0,10,0,0,false
/home/alison/jsoup-quality-analysis/work/jsoup/src/main/java/org/jsoup/parser/HtmlTreeBuilder.java,org.jsoup.parser.HtmlTreeBuilder,framesetOk/1[boolean],false,137,0,2,2,0,1,0,3,0,0,1,0,0,0,0,0,0,0,0,0,1,0,0,0,0,0,2,0,0,false
/home/alison/jsoup-quality-analysis/work/jsoup/src/main/java/org/jsoup/parser/HtmlTreeBuilder.java,org.jsoup.parser.HtmlTreeBuilder,isSpecial/1[org.jsoup.nodes.Element],false,551,2,4,2,2,1,2,4,1,1,1,2,0,0,0,0,0,0,0,0,1,0,0,0,0,0,5,0,0,false
/home/alison/jsoup-quality-analysis/work/jsoup/src/main/java/org/jsoup/parser/HtmlTreeBuilder.java,org.jsoup.parser.HtmlTreeBuilder,"process/2[org.jsoup.parser.Token,org.jsoup.parser.HtmlTreeBuilderState]",false,116,2,3,2,1,1,1,4,1,0,2,1,0,0,0,0,0,0,0,0,1,0,0,0,0,0,5,0,0,false
/home/alison/jsoup-quality-analysis/work/jsoup/src/main/java/org/jsoup/parser/HtmlTreeBuilder.java,org.jsoup.parser.HtmlTreeBuilder,generateImpliedEndTags/0,false,547,1,2,1,1,1,1,3,0,0,0,1,1,2,0,0,0,0,0,0,0,0,0,0,0,0,5,0,0,false
/home/alison/jsoup-quality-analysis/work/jsoup/src/main/java/org/jsoup/parser/HtmlTreeBuilder.java,org.jsoup.parser.HtmlTreeBuilder,error/1[org.jsoup.parser.HtmlTreeBuilderState],false,169,5,8,4,4,2,4,3,0,0,1,4,0,0,0,0,0,0,1,0,0,0,1,0,0,0,11,0,0,false
/home/alison/jsoup-quality-analysis/work/jsoup/src/main/java/org/jsoup/parser/HtmlTreeBuilder.java,org.jsoup.parser.HtmlTreeBuilder,insert/1[org.jsoup.nodes.Element],false,196,2,3,2,1,1,2,4,0,0,1,2,1,5,0,0,0,0,0,0,0,0,0,0,0,0,4,0,0,false
/home/alison/jsoup-quality-analysis/work/jsoup/src/main/java/org/jsoup/parser/HtmlTreeBuilder.java,org.jsoup.parser.HtmlTreeBuilder,popStackToClose/1[java.lang.String[]],false,316,2,3,1,2,3,5,7,0,2,1,5,0,0,1,0,0,0,0,2,2,1,2,0,0,0,9,0,0,false
/home/alison/jsoup-quality-analysis/work/jsoup/src/main/java/org/jsoup/parser/HtmlTreeBuilder.java,org.jsoup.parser.HtmlTreeBuilder,state/0,false,125,1,1,1,0,1,0,3,1,0,0,0,0,0,0,0,0,0,0,0,0,0,0,0,0,0,5,0,0,false
/home/alison/jsoup-quality-analysis/work/jsoup/src/main/java/org/jsoup/parser/HtmlTreeBuilder.java,org.jsoup.parser.HtmlTreeBuilder,getActiveFormattingElement/1[java.lang.String],false,657,1,2,1,1,4,4,8,2,2,1,4,0,0,1,1,0,0,0,2,2,1,3,0,0,0,9,0,0,false
/home/alison/jsoup-quality-analysis/work/jsoup/src/main/java/org/jsoup/parser/HtmlTreeBuilder.java,org.jsoup.parser.HtmlTreeBuilder,"inSpecificScope/3[java.lang.String,java.lang.String[],java.lang.String[]]",false,437,1,3,2,1,1,1,4,1,0,3,1,1,1,0,0,0,0,0,1,1,0,0,0,0,0,7,2,0,false
/home/alison/jsoup-quality-analysis/work/jsoup/src/main/java/org/jsoup/parser/HtmlTreeBuilder.java,org.jsoup.parser.HtmlTreeBuilder,"isElementInQueue/2[java.util.ArrayList<org.jsoup.nodes.Element>,org.jsoup.nodes.Element]",false,276,1,2,2,0,3,2,9,2,2,2,2,0,0,1,1,0,0,0,2,2,1,2,0,0,0,9,2,0,false
/home/alison/jsoup-quality-analysis/work/jsoup/src/main/java/org/jsoup/parser/HtmlTreeBuilder.java,org.jsoup.parser.HtmlTreeBuilder,insertStartTag/1[java.lang.String],false,190,3,5,2,3,1,2,5,1,1,1,2,1,6,0,0,0,0,0,0,1,0,0,0,0,0,7,0,0,false
/home/alison/jsoup-quality-analysis/work/jsoup/src/main/java/org/jsoup/parser/HtmlTreeBuilder.java,org.jsoup.parser.HtmlTreeBuilder,resetInsertionMode/0,false,385,2,4,2,2,19,5,59,0,4,0,5,1,1,1,1,0,1,14,3,6,1,2,0,0,0,12,0,0,false
/home/alison/jsoup-quality-analysis/work/jsoup/src/main/java/org/jsoup/parser/HtmlTreeBuilder.java,org.jsoup.parser.HtmlTreeBuilder,getDocument/0,false,145,1,1,1,0,1,0,3,1,0,0,0,0,0,0,0,0,0,0,0,0,0,0,0,0,0,3,0,0,false
/home/alison/jsoup-quality-analysis/work/jsoup/src/main/java/org/jsoup/parser/HtmlTreeBuilder.java,org.jsoup.parser.HtmlTreeBuilder,insertEmpty/1[org.jsoup.parser.Token.StartTag],false,201,6,11,2,9,4,8,15,1,2,1,8,1,5,0,0,0,0,0,0,2,0,3,0,0,0,8,0,0,false
/home/alison/jsoup-quality-analysis/work/jsoup/src/main/java/org/jsoup/parser/HtmlTreeBuilder.java,org.jsoup.parser.HtmlTreeBuilder,framesetOk/0,false,141,0,1,1,0,1,0,3,1,0,0,0,0,0,0,0,0,0,0,0,0,0,0,0,0,0,2,0,0,false
/home/alison/jsoup-quality-analysis/work/jsoup/src/main/java/org/jsoup/parser/HtmlTreeBuilder.java,org.jsoup.parser.HtmlTreeBuilder,toString/0,false,699,1,1,0,1,1,1,3,1,0,0,1,0,0,0,0,0,0,4,0,0,2,0,0,0,0,6,1,0,false
/home/alison/jsoup-quality-analysis/work/jsoup/src/main/java/org/jsoup/parser/HtmlTreeBuilder.java,org.jsoup.parser.HtmlTreeBuilder,newPendingTableCharacters/0,false,520,0,1,1,0,1,0,3,0,0,0,0,0,0,0,0,0,0,0,0,1,0,0,0,0,0,5,0,0,false
/home/alison/jsoup-quality-analysis/work/jsoup/src/main/java/org/jsoup/parser/HtmlTreeBuilder.java,org.jsoup.parser.HtmlTreeBuilder,onStack/1[org.jsoup.nodes.Element],false,272,2,4,3,1,1,1,3,1,0,1,1,1,1,0,0,0,0,0,0,0,0,0,0,0,0,7,0,0,false
/home/alison/jsoup-quality-analysis/work/jsoup/src/main/java/org/jsoup/parser/HtmlTreeBuilder.java,org.jsoup.parser.HtmlTreeBuilder,"replaceInQueue/3[java.util.ArrayList<org.jsoup.nodes.Element>,org.jsoup.nodes.Element,org.jsoup.nodes.Element]",false,379,2,3,2,1,2,3,5,0,1,3,3,0,0,0,1,0,0,0,1,1,0,0,0,0,0,6,2,0,false
/home/alison/jsoup-quality-analysis/work/jsoup/src/main/java/org/jsoup/parser/HtmlTreeBuilder.java,org.jsoup.parser.HtmlTreeBuilder,"replaceActiveFormattingElement/2[org.jsoup.nodes.Element,org.jsoup.nodes.Element]",false,668,2,2,1,1,1,1,3,0,0,2,1,1,1,0,0,0,0,0,0,0,0,0,0,0,0,7,0,0,false
/home/alison/jsoup-quality-analysis/work/jsoup/src/main/java/org/jsoup/parser/HtmlTreeBuilder.java,org.jsoup.parser.HtmlTreeBuilder,insertNode/1[org.jsoup.nodes.Node],false,243,6,11,4,7,6,8,8,0,0,1,8,2,4,0,2,0,1,0,1,0,0,2,0,0,0,12,2,0,false
/home/alison/jsoup-quality-analysis/work/jsoup/src/main/java/org/jsoup/parser/HtmlTreeBuilder.java,org.jsoup.parser.HtmlTreeBuilder,setFosterInserts/1[boolean],false,508,0,2,2,0,1,0,3,0,0,1,0,0,0,0,0,0,0,0,0,1,0,0,0,0,0,4,0,0,false
/home/alison/jsoup-quality-analysis/work/jsoup/src/main/java/org/jsoup/parser/HtmlTreeBuilder.java,org.jsoup.parser.HtmlTreeBuilder,setHeadElement/1[org.jsoup.nodes.Element],false,496,1,1,1,0,1,0,3,0,0,1,0,0,0,0,0,0,0,0,0,1,0,0,0,0,0,4,0,0,false
/home/alison/jsoup-quality-analysis/work/jsoup/src/main/java/org/jsoup/parser/HtmlTreeBuilder.java,org.jsoup.parser.HtmlTreeBuilder,pop/0,false,259,1,2,2,0,1,2,4,1,1,0,2,0,0,0,0,0,0,0,1,1,1,0,0,0,0,3,0,0,false
/home/alison/jsoup-quality-analysis/work/jsoup/src/main/java/org/jsoup/parser/HtmlTreeBuilder.java,org.jsoup.parser.HtmlTreeBuilder,markInsertionMode/0,false,129,0,3,3,0,1,0,3,0,0,0,0,0,0,0,0,0,0,0,0,1,0,0,0,0,0,6,0,0,false
/home/alison/jsoup-quality-analysis/work/jsoup/src/main/java/org/jsoup/nodes/FormElement.java,org.jsoup.nodes.FormElement,elements/0,false,35,1,0,0,0,1,0,3,1,0,0,0,0,0,0,0,0,0,0,0,0,0,0,0,0,0,11,1,0,true
/home/alison/jsoup-quality-analysis/work/jsoup/src/main/java/org/jsoup/nodes/FormElement.java,org.jsoup.nodes.FormElement,formData/0,false,72,6,10,1,9,13,13,32,1,7,0,13,0,0,2,2,0,0,10,2,8,0,4,0,0,0,37,1,0,true
/home/alison/jsoup-quality-analysis/work/jsoup/src/main/java/org/jsoup/nodes/FormElement.java,org.jsoup.nodes.FormElement,"FormElement/3[org.jsoup.parser.Tag,java.lang.String,org.jsoup.nodes.Attributes]",true,27,2,1,1,0,1,0,3,0,0,3,0,0,0,0,0,0,0,0,0,0,0,0,0,0,0,18,1,0,true
/home/alison/jsoup-quality-analysis/work/jsoup/src/main/java/org/jsoup/nodes/FormElement.java,org.jsoup.nodes.FormElement,submit/0,false,56,6,9,0,9,3,11,6,1,2,0,11,1,1,0,0,0,0,5,0,2,0,0,0,0,0,57,1,0,true
/home/alison/jsoup-quality-analysis/work/jsoup/src/main/java/org/jsoup/nodes/FormElement.java,org.jsoup.nodes.FormElement,addElement/1[org.jsoup.nodes.Element],false,44,2,1,1,0,1,1,4,1,0,1,1,0,0,0,0,0,0,0,0,0,0,0,0,0,0,10,1,0,true
/home/alison/jsoup-quality-analysis/work/jsoup/src/main/java/org/jsoup/UnsupportedMimeTypeException.java,org.jsoup.UnsupportedMimeTypeException,getMimeType/0,false,18,0,0,0,0,1,0,3,1,0,0,0,0,0,0,0,0,0,0,0,0,0,0,0,0,0,4,1,0,false
/home/alison/jsoup-quality-analysis/work/jsoup/src/main/java/org/jsoup/UnsupportedMimeTypeException.java,org.jsoup.UnsupportedMimeTypeException,getUrl/0,false,22,0,0,0,0,1,0,3,1,0,0,0,0,0,0,0,0,0,0,0,0,0,0,0,0,0,3,1,0,false
/home/alison/jsoup-quality-analysis/work/jsoup/src/main/java/org/jsoup/UnsupportedMimeTypeException.java,org.jsoup.UnsupportedMimeTypeException,"UnsupportedMimeTypeException/3[java.lang.String,java.lang.String,java.lang.String]",true,12,0,1,1,0,1,0,5,0,0,3,0,0,0,0,0,0,0,0,0,2,0,0,0,0,0,7,1,0,false
/home/alison/jsoup-quality-analysis/work/jsoup/src/main/java/org/jsoup/UnsupportedMimeTypeException.java,org.jsoup.UnsupportedMimeTypeException,toString/0,false,27,0,0,0,0,1,1,3,1,0,0,1,0,0,0,0,0,0,2,0,0,1,0,0,0,0,9,1,0,false
/home/alison/jsoup-quality-analysis/work/jsoup/src/main/java/org/jsoup/select/Evaluator.java,org.jsoup.select.Evaluator$IndexEquals,toString/0,false,387,0,0,0,0,1,1,3,1,0,0,1,0,0,0,0,0,0,1,0,0,0,0,0,0,0,2,1,0,false
/home/alison/jsoup-quality-analysis/work/jsoup/src/main/java/org/jsoup/select/Evaluator.java,org.jsoup.select.Evaluator$IndexEquals,IndexEquals/1[int],true,377,0,2,2,0,1,0,3,0,0,1,0,0,0,0,0,0,0,0,0,0,0,0,0,0,0,3,1,0,false
/home/alison/jsoup-quality-analysis/work/jsoup/src/main/java/org/jsoup/select/Evaluator.java,org.jsoup.select.Evaluator$IndexEquals,"matches/2[org.jsoup.nodes.Element,org.jsoup.nodes.Element]",false,382,1,1,0,1,2,1,3,1,0,2,1,0,0,0,1,0,0,0,0,0,0,0,0,0,0,4,1,0,false
/home/alison/jsoup-quality-analysis/work/jsoup/src/main/java/org/jsoup/select/Selector.java,org.jsoup.select.Selector$SelectorParseException,"SelectorParseException/2[java.lang.String,java.lang.Object[]]",true,171,0,5,5,0,1,1,3,0,0,2,1,0,0,0,0,0,0,0,0,0,0,0,0,0,0,4,1,0,false
/home/alison/jsoup-quality-analysis/work/jsoup/src/main/java/org/jsoup/parser/Token.java,org.jsoup.parser.Token$Tag,appendAttributeValue/1[int[]],false,197,2,2,1,1,2,2,6,0,0,1,2,1,1,1,0,0,0,0,0,0,0,1,0,0,0,6,16,0,false
/home/alison/jsoup-quality-analysis/work/jsoup/src/main/java/org/jsoup/parser/Token.java,org.jsoup.parser.Token$Tag,setEmptyAttributeValue/0,false,204,0,1,1,0,1,0,3,0,0,0,0,0,0,0,0,0,0,0,0,1,0,0,0,0,0,6,16,0,false
/home/alison/jsoup-quality-analysis/work/jsoup/src/main/java/org/jsoup/parser/Token.java,org.jsoup.parser.Token$Tag,getAttributes/0,false,156,1,1,1,0,1,0,3,1,0,0,0,0,0,0,0,0,0,1,0,0,0,0,0,0,0,3,16,0,false
/home/alison/jsoup-quality-analysis/work/jsoup/src/main/java/org/jsoup/parser/Token.java,org.jsoup.parser.Token$Tag,normalName/0,false,141,0,1,1,0,1,0,3,1,0,0,0,0,0,0,0,0,0,0,0,0,0,0,0,0,0,2,16,0,false
/home/alison/jsoup-quality-analysis/work/jsoup/src/main/java/org/jsoup/parser/Token.java,org.jsoup.parser.Token$Tag,appendAttributeValue/1[java.lang.String],false,178,1,2,1,1,2,3,9,0,0,1,3,1,1,0,1,0,0,0,1,1,0,1,0,0,0,6,16,0,false
/home/alison/jsoup-quality-analysis/work/jsoup/src/main/java/org/jsoup/parser/Token.java,org.jsoup.parser.Token$Tag,appendTagName/1[java.lang.String],false,161,1,4,3,1,2,2,4,0,0,1,2,0,0,0,1,0,0,0,0,2,0,0,0,0,0,8,16,0,false
/home/alison/jsoup-quality-analysis/work/jsoup/src/main/java/org/jsoup/parser/Token.java,org.jsoup.parser.Token$Tag,appendAttributeName/1[char],false,174,1,2,1,1,1,2,3,0,0,1,2,1,1,0,0,0,0,0,0,0,0,0,0,0,0,3,16,0,false
/home/alison/jsoup-quality-analysis/work/jsoup/src/main/java/org/jsoup/parser/Token.java,org.jsoup.parser.Token$Tag,newAttribute/0,false,102,4,7,2,5,7,6,18,0,1,0,6,0,0,0,2,0,0,1,2,9,0,4,0,0,0,16,16,0,false
/home/alison/jsoup-quality-analysis/work/jsoup/src/main/java/org/jsoup/parser/Token.java,org.jsoup.parser.Token$Tag,finaliseTag/0,false,128,1,2,1,1,2,1,5,0,0,0,1,1,1,0,1,0,0,0,0,0,0,1,0,0,0,7,16,0,false
/home/alison/jsoup-quality-analysis/work/jsoup/src/main/java/org/jsoup/parser/Token.java,org.jsoup.parser.Token$Tag,name/1[java.lang.String],false,145,2,6,5,1,1,1,5,1,0,1,1,0,0,0,0,0,0,0,0,2,0,0,0,0,0,7,16,0,false
/home/alison/jsoup-quality-analysis/work/jsoup/src/main/java/org/jsoup/parser/Token.java,org.jsoup.parser.Token$Tag,appendAttributeValue/1[char],false,187,1,2,1,1,1,2,4,0,0,1,2,1,1,0,0,0,0,0,0,0,0,0,0,0,0,4,16,0,false
/home/alison/jsoup-quality-analysis/work/jsoup/src/main/java/org/jsoup/parser/Token.java,org.jsoup.parser.Token$Tag,appendAttributeName/1[java.lang.String],false,170,0,2,2,0,2,1,3,0,0,1,1,0,0,0,1,0,0,0,0,1,0,0,0,0,0,5,16,0,false
/home/alison/jsoup-quality-analysis/work/jsoup/src/main/java/org/jsoup/parser/Token.java,org.jsoup.parser.Token$Tag,reset/0,false,89,2,4,3,1,1,1,12,1,0,0,1,0,0,0,0,0,0,0,0,8,0,0,0,0,0,17,0,0,false
/home/alison/jsoup-quality-analysis/work/jsoup/src/main/java/org/jsoup/parser/Token.java,org.jsoup.parser.Token$Tag,appendAttributeValue/1[char[]],false,192,2,1,0,1,1,2,4,0,0,1,2,1,1,0,0,0,0,0,0,0,0,0,0,0,0,4,16,0,false
/home/alison/jsoup-quality-analysis/work/jsoup/src/main/java/org/jsoup/parser/Token.java,org.jsoup.parser.Token$Tag,isSelfClosing/0,false,151,0,3,3,0,1,0,3,1,0,0,0,0,0,0,0,0,0,0,0,0,0,0,0,0,0,4,16,0,false
/home/alison/jsoup-quality-analysis/work/jsoup/src/main/java/org/jsoup/parser/Token.java,org.jsoup.parser.Token$Tag,ensureAttributeValue/0,false,208,0,4,4,0,2,1,7,0,0,0,1,0,0,0,1,0,0,0,0,2,0,1,0,0,0,9,2,0,false
/home/alison/jsoup-quality-analysis/work/jsoup/src/main/java/org/jsoup/parser/Token.java,org.jsoup.parser.Token$Tag,name/0,false,136,1,10,9,1,3,2,4,1,0,0,2,0,0,0,2,0,0,0,1,0,0,0,0,0,0,4,16,0,false
/home/alison/jsoup-quality-analysis/work/jsoup/src/main/java/org/jsoup/parser/Token.java,org.jsoup.parser.Token$Tag,appendTagName/1[char],false,166,1,2,1,1,1,2,3,0,0,1,2,1,1,0,0,0,0,0,0,0,0,0,0,0,0,3,16,0,false
/home/alison/jsoup-quality-analysis/work/jsoup/src/main/java/org/jsoup/nodes/XmlDeclaration.java,org.jsoup.nodes.XmlDeclaration,toString/0,false,63,1,1,0,1,1,1,3,1,0,0,1,0,0,0,0,0,0,0,0,0,0,0,0,0,0,4,1,0,false
/home/alison/jsoup-quality-analysis/work/jsoup/src/main/java/org/jsoup/nodes/XmlDeclaration.java,org.jsoup.nodes.XmlDeclaration,"outerHtmlHead/3[java.lang.Appendable,int,org.jsoup.nodes.Document.OutputSettings]",false,49,2,1,0,1,3,2,5,0,0,3,2,0,0,0,0,0,0,6,0,0,0,0,0,0,0,12,0,0,false
/home/alison/jsoup-quality-analysis/work/jsoup/src/main/java/org/jsoup/nodes/XmlDeclaration.java,org.jsoup.nodes.XmlDeclaration,getWholeDeclaration/0,false,45,1,1,0,1,1,2,3,1,0,0,2,0,0,0,0,0,0,0,0,0,0,0,0,0,0,10,1,0,true
/home/alison/jsoup-quality-analysis/work/jsoup/src/main/java/org/jsoup/nodes/XmlDeclaration.java,org.jsoup.nodes.XmlDeclaration,"XmlDeclaration/3[java.lang.String,java.lang.String,boolean]",true,21,1,3,2,1,1,1,6,0,0,3,1,0,0,0,0,0,0,0,0,2,0,0,0,0,0,18,1,0,true
/home/alison/jsoup-quality-analysis/work/jsoup/src/main/java/org/jsoup/nodes/XmlDeclaration.java,org.jsoup.nodes.XmlDeclaration,nodeName/0,false,28,0,0,0,0,1,0,3,1,0,0,0,0,0,0,0,0,0,1,0,0,0,0,0,0,0,2,1,0,false
/home/alison/jsoup-quality-analysis/work/jsoup/src/main/java/org/jsoup/nodes/XmlDeclaration.java,org.jsoup.nodes.XmlDeclaration,name/0,false,37,0,2,2,0,1,0,3,1,0,0,0,0,0,0,0,0,0,0,0,0,0,0,0,0,0,4,1,0,true
/home/alison/jsoup-quality-analysis/work/jsoup/src/main/java/org/jsoup/nodes/XmlDeclaration.java,org.jsoup.nodes.XmlDeclaration,"outerHtmlTail/3[java.lang.Appendable,int,org.jsoup.nodes.Document.OutputSettings]",false,60,1,0,0,0,1,0,2,0,0,3,0,0,0,0,0,0,0,0,0,0,0,0,0,0,0,5,0,0,false
/home/alison/jsoup-quality-analysis/work/jsoup/src/main/java/org/jsoup/parser/Token.java,org.jsoup.parser.Token$Doctype,Doctype/0,true,42,0,0,0,0,1,0,3,0,0,0,0,0,0,0,0,0,0,0,0,1,0,0,0,0,0,2,0,0,false
/home/alison/jsoup-quality-analysis/work/jsoup/src/main/java/org/jsoup/parser/Token.java,org.jsoup.parser.Token$Doctype,isForceQuirks/0,false,72,0,1,1,0,1,0,3,1,0,0,0,0,0,0,0,0,0,0,0,0,0,0,0,0,0,4,1,0,false
/home/alison/jsoup-quality-analysis/work/jsoup/src/main/java/org/jsoup/parser/Token.java,org.jsoup.parser.Token$Doctype,getPublicIdentifier/0,false,64,0,2,2,0,1,1,3,1,0,0,1,0,0,0,0,0,0,0,0,0,0,0,0,0,0,3,0,0,false
/home/alison/jsoup-quality-analysis/work/jsoup/src/main/java/org/jsoup/parser/Token.java,org.jsoup.parser.Token$Doctype,getName/0,false,56,0,2,2,0,1,1,3,1,0,0,1,0,0,0,0,0,0,0,0,0,0,0,0,0,0,2,0,0,false
/home/alison/jsoup-quality-analysis/work/jsoup/src/main/java/org/jsoup/parser/Token.java,org.jsoup.parser.Token$Doctype,getPubSysKey/0,false,60,0,2,2,0,1,0,3,1,0,0,0,0,0,0,0,0,0,0,0,0,0,0,0,0,0,5,0,0,false
/home/alison/jsoup-quality-analysis/work/jsoup/src/main/java/org/jsoup/parser/Token.java,org.jsoup.parser.Token$Doctype,reset/0,false,47,2,2,1,1,1,1,8,1,0,0,1,0,0,0,0,0,0,0,0,2,0,0,0,0,0,13,0,0,false
/home/alison/jsoup-quality-analysis/work/jsoup/src/main/java/org/jsoup/parser/Token.java,org.jsoup.parser.Token$Doctype,getSystemIdentifier/0,false,68,0,2,2,0,1,1,3,1,0,0,1,0,0,0,0,0,0,0,0,0,0,0,0,0,0,3,1,0,false
/home/alison/jsoup-quality-analysis/work/jsoup/src/main/java/org/jsoup/select/Evaluator.java,org.jsoup.select.Evaluator$TagEndsWith,TagEndsWith/1[java.lang.String],true,64,0,1,1,0,1,0,3,0,0,1,0,0,0,0,0,0,0,0,0,1,0,0,0,0,0,5,1,0,false
/home/alison/jsoup-quality-analysis/work/jsoup/src/main/java/org/jsoup/select/Evaluator.java,org.jsoup.select.Evaluator$TagEndsWith,"matches/2[org.jsoup.nodes.Element,org.jsoup.nodes.Element]",false,69,1,1,0,1,1,2,3,1,0,2,2,0,0,0,0,0,1,0,0,0,0,0,0,0,0,5,1,0,false
/home/alison/jsoup-quality-analysis/work/jsoup/src/main/java/org/jsoup/select/Evaluator.java,org.jsoup.select.Evaluator$TagEndsWith,toString/0,false,74,0,0,0,0,1,1,3,1,0,0,1,0,0,0,0,0,0,1,0,0,0,0,0,0,0,2,1,0,false
/home/alison/jsoup-quality-analysis/work/jsoup/src/main/java/org/jsoup/select/Evaluator.java,org.jsoup.select.Evaluator$Tag,Tag/1[java.lang.String],true,42,0,2,2,0,1,0,3,0,0,1,0,0,0,0,0,0,0,0,0,1,0,0,0,0,0,3,1,0,false
/home/alison/jsoup-quality-analysis/work/jsoup/src/main/java/org/jsoup/select/Evaluator.java,org.jsoup.select.Evaluator$Tag,toString/0,false,52,0,0,0,0,1,1,3,1,0,0,1,0,0,0,0,0,0,1,0,0,0,0,0,0,0,2,1,0,false
/home/alison/jsoup-quality-analysis/work/jsoup/src/main/java/org/jsoup/select/Evaluator.java,org.jsoup.select.Evaluator$Tag,"matches/2[org.jsoup.nodes.Element,org.jsoup.nodes.Element]",false,47,1,1,0,1,1,2,3,1,0,2,2,0,0,0,0,0,1,0,0,0,0,0,0,0,0,5,1,0,false
/home/alison/jsoup-quality-analysis/work/jsoup/src/main/java/org/jsoup/parser/TokeniserState.java,org.jsoup.parser.TokeniserState$Anonymous24,"read/2[org.jsoup.parser.Tokeniser,org.jsoup.parser.CharacterReader]",false,379,2,53,0,53,6,6,23,1,1,2,6,0,0,0,0,0,0,0,0,1,0,1,0,0,0,11,0,1,false
/home/alison/jsoup-quality-analysis/work/jsoup/src/main/java/org/jsoup/parser/TokeniserState.java,org.jsoup.parser.TokeniserState$Anonymous25,"read/2[org.jsoup.parser.Tokeniser,org.jsoup.parser.CharacterReader]",false,410,2,53,0,53,3,9,16,0,0,2,9,0,0,0,0,0,0,1,0,0,1,1,0,0,0,12,0,0,false
/home/alison/jsoup-quality-analysis/work/jsoup/src/main/java/org/jsoup/parser/TokeniserState.java,org.jsoup.parser.TokeniserState$Anonymous26,"read/2[org.jsoup.parser.Tokeniser,org.jsoup.parser.CharacterReader]",false,426,3,53,0,53,2,8,12,0,0,2,8,0,0,0,0,0,0,1,0,0,0,1,0,0,0,10,0,0,false
/home/alison/jsoup-quality-analysis/work/jsoup/src/main/java/org/jsoup/parser/TokeniserState.java,org.jsoup.parser.TokeniserState$Anonymous27,"read/2[org.jsoup.parser.Tokeniser,org.jsoup.parser.CharacterReader]",false,439,3,53,0,53,1,1,3,0,0,2,1,0,0,0,0,0,0,0,0,0,0,0,0,0,0,7,0,0,false
/home/alison/jsoup-quality-analysis/work/jsoup/src/main/java/org/jsoup/parser/TokeniserState.java,org.jsoup.parser.TokeniserState$Anonymous20,"read/2[org.jsoup.parser.Tokeniser,org.jsoup.parser.CharacterReader]",false,304,2,53,0,53,2,4,9,0,0,2,4,0,0,0,0,0,0,0,0,0,0,1,0,0,0,8,0,0,false
/home/alison/jsoup-quality-analysis/work/jsoup/src/main/java/org/jsoup/parser/TokeniserState.java,org.jsoup.parser.TokeniserState$Anonymous21,"read/2[org.jsoup.parser.Tokeniser,org.jsoup.parser.CharacterReader]",false,314,2,53,0,53,2,4,9,0,0,2,4,0,0,0,0,0,0,0,0,0,0,1,0,0,0,7,0,0,false
/home/alison/jsoup-quality-analysis/work/jsoup/src/main/java/org/jsoup/parser/TokeniserState.java,org.jsoup.parser.TokeniserState$Anonymous22,"read/2[org.jsoup.parser.Tokeniser,org.jsoup.parser.CharacterReader]",false,324,2,53,0,53,5,10,20,1,1,2,10,0,0,0,0,0,0,0,0,1,0,1,0,0,0,12,0,1,false
/home/alison/jsoup-quality-analysis/work/jsoup/src/main/java/org/jsoup/parser/TokeniserState.java,org.jsoup.parser.TokeniserState$Anonymous23,"read/2[org.jsoup.parser.Tokeniser,org.jsoup.parser.CharacterReader]",false,351,2,53,0,53,5,6,21,1,1,2,6,0,0,0,0,0,0,0,0,1,0,1,0,0,0,12,0,1,false
/home/alison/jsoup-quality-analysis/work/jsoup/src/main/java/org/jsoup/parser/Tokeniser.java,org.jsoup.parser.Tokeniser,emitTagPending/0,false,205,2,4,2,2,1,2,4,0,0,0,2,1,2,0,0,0,0,0,0,0,0,0,0,0,0,4,0,0,false
/home/alison/jsoup-quality-analysis/work/jsoup/src/main/java/org/jsoup/parser/Tokeniser.java,org.jsoup.parser.Tokeniser,transition/1[org.jsoup.parser.TokeniserState],false,116,1,11,11,0,1,0,3,0,0,1,0,0,0,0,0,0,0,0,0,1,0,0,0,0,0,4,0,0,false
/home/alison/jsoup-quality-analysis/work/jsoup/src/main/java/org/jsoup/parser/Tokeniser.java,org.jsoup.parser.Tokeniser,emitDoctypePending/0,false,222,1,2,1,1,1,1,3,0,0,0,1,1,2,0,0,0,0,0,0,0,0,0,0,0,0,4,0,0,false
/home/alison/jsoup-quality-analysis/work/jsoup/src/main/java/org/jsoup/parser/Tokeniser.java,org.jsoup.parser.Tokeniser,characterReferenceError/1[java.lang.String],false,250,3,4,1,3,2,3,3,0,0,1,3,0,0,0,0,0,0,1,0,0,0,1,0,0,0,5,2,0,false
/home/alison/jsoup-quality-analysis/work/jsoup/src/main/java/org/jsoup/parser/Tokeniser.java,org.jsoup.parser.Tokeniser,(initializer 1),false,15,0,4,0,4,1,1,3,0,0,0,1,0,0,0,0,0,0,0,0,0,0,0,0,0,0,5,8,0,false
/home/alison/jsoup-quality-analysis/work/jsoup/src/main/java/org/jsoup/parser/Tokeniser.java,org.jsoup.parser.Tokeniser,emit/1[char[]],false,100,2,1,0,1,1,2,3,0,0,1,2,1,1,0,0,0,0,0,0,0,0,0,0,0,0,2,0,0,false
/home/alison/jsoup-quality-analysis/work/jsoup/src/main/java/org/jsoup/parser/Tokeniser.java,org.jsoup.parser.Tokeniser,emitCommentPending/0,false,214,1,2,1,1,1,1,3,0,0,0,1,1,2,0,0,0,0,0,0,0,0,0,0,0,0,4,0,0,false
/home/alison/jsoup-quality-analysis/work/jsoup/src/main/java/org/jsoup/parser/Tokeniser.java,org.jsoup.parser.Tokeniser,emit/1[char],false,108,1,5,4,1,1,2,3,0,0,1,2,1,1,0,0,0,0,0,0,0,0,0,0,0,0,2,0,0,false
/home/alison/jsoup-quality-analysis/work/jsoup/src/main/java/org/jsoup/parser/Tokeniser.java,org.jsoup.parser.Tokeniser,"consumeCharacterReference/2[java.lang.Character,boolean]",false,131,5,22,3,19,24,22,60,11,9,2,22,1,1,0,6,1,4,10,14,13,1,3,0,0,0,49,0,0,false
/home/alison/jsoup-quality-analysis/work/jsoup/src/main/java/org/jsoup/parser/Tokeniser.java,org.jsoup.parser.Tokeniser,createCommentPending/0,false,210,1,2,1,1,1,1,3,0,0,0,1,0,0,0,0,0,0,0,0,0,0,0,0,0,0,3,0,0,false
/home/alison/jsoup-quality-analysis/work/jsoup/src/main/java/org/jsoup/parser/Tokeniser.java,org.jsoup.parser.Tokeniser,createTempBuffer/0,false,226,1,2,1,1,1,1,3,0,0,0,1,0,0,0,0,0,0,0,0,0,0,0,0,0,0,4,0,0,false
/home/alison/jsoup-quality-analysis/work/jsoup/src/main/java/org/jsoup/parser/Tokeniser.java,org.jsoup.parser.Tokeniser,unescapeEntities/1[boolean],false,272,3,6,1,5,7,9,16,1,2,1,9,1,2,1,3,0,0,0,4,2,0,5,0,0,0,22,0,0,true
/home/alison/jsoup-quality-analysis/work/jsoup/src/main/java/org/jsoup/parser/Tokeniser.java,org.jsoup.parser.Tokeniser,acknowledgeSelfClosingFlag/0,false,125,0,3,3,0,1,0,3,0,0,0,0,0,0,0,0,0,0,0,0,1,0,0,0,0,0,7,0,0,false
/home/alison/jsoup-quality-analysis/work/jsoup/src/main/java/org/jsoup/parser/Tokeniser.java,org.jsoup.parser.Tokeniser,"Tokeniser/2[org.jsoup.parser.CharacterReader,org.jsoup.parser.ParseErrorList]",true,38,2,2,2,0,1,0,4,0,0,2,0,0,0,0,0,0,0,0,0,2,0,0,0,0,0,5,0,0,false
/home/alison/jsoup-quality-analysis/work/jsoup/src/main/java/org/jsoup/parser/Tokeniser.java,org.jsoup.parser.Tokeniser,createDoctypePending/0,false,218,1,2,1,1,1,1,3,0,0,0,1,0,0,0,0,0,0,0,0,0,0,0,0,0,0,3,0,0,false
/home/alison/jsoup-quality-analysis/work/jsoup/src/main/java/org/jsoup/parser/Tokeniser.java,org.jsoup.parser.Tokeniser,emit/1[java.lang.String],false,86,0,9,9,0,3,2,11,0,0,1,2,0,0,0,2,0,0,0,1,1,0,2,0,0,0,5,0,0,false
/home/alison/jsoup-quality-analysis/work/jsoup/src/main/java/org/jsoup/parser/Tokeniser.java,org.jsoup.parser.Tokeniser,eofError/1[org.jsoup.parser.TokeniserState],false,245,4,4,1,3,2,3,3,0,0,1,3,0,0,0,0,0,0,1,0,0,0,1,0,0,0,15,0,0,false
/home/alison/jsoup-quality-analysis/work/jsoup/src/main/java/org/jsoup/parser/Tokeniser.java,org.jsoup.parser.Tokeniser,currentNodeInHtmlNS/0,false,260,0,0,0,0,1,0,3,1,0,0,0,0,0,0,0,0,0,0,0,0,0,0,0,0,0,7,0,0,false
/home/alison/jsoup-quality-analysis/work/jsoup/src/main/java/org/jsoup/parser/Tokeniser.java,org.jsoup.parser.Tokeniser,getState/0,false,112,1,0,0,0,1,0,3,1,0,0,0,0,0,0,0,0,0,0,0,0,0,0,0,0,0,4,0,0,false
/home/alison/jsoup-quality-analysis/work/jsoup/src/main/java/org/jsoup/parser/Tokeniser.java,org.jsoup.parser.Tokeniser,emit/1[int[]],false,104,2,2,1,1,1,1,3,0,0,1,1,1,1,0,0,0,0,0,1,0,0,0,0,0,0,2,0,0,false
/home/alison/jsoup-quality-analysis/work/jsoup/src/main/java/org/jsoup/parser/Tokeniser.java,org.jsoup.parser.Tokeniser,error/1[org.jsoup.parser.TokeniserState],false,240,4,6,2,4,2,4,3,0,0,1,4,0,0,0,0,0,0,1,0,0,0,1,0,0,0,9,0,0,false
/home/alison/jsoup-quality-analysis/work/jsoup/src/main/java/org/jsoup/parser/Tokeniser.java,org.jsoup.parser.Tokeniser,read/0,false,43,4,4,1,3,5,6,22,3,2,0,6,1,1,1,1,0,0,1,2,6,0,1,0,0,0,21,0,0,false
/home/alison/jsoup-quality-analysis/work/jsoup/src/main/java/org/jsoup/parser/Tokeniser.java,org.jsoup.parser.Tokeniser,error/1[java.lang.String],false,255,3,5,2,3,2,3,3,0,0,1,3,0,0,0,0,0,0,0,0,0,0,1,0,0,0,4,2,0,false
/home/alison/jsoup-quality-analysis/work/jsoup/src/main/java/org/jsoup/parser/Tokeniser.java,org.jsoup.parser.Tokeniser,isAppropriateEndTagToken/0,false,230,1,3,2,1,2,2,3,1,0,0,2,0,0,0,1,0,0,0,0,0,0,0,0,0,0,8,0,0,false
/home/alison/jsoup-quality-analysis/work/jsoup/src/main/java/org/jsoup/parser/Tokeniser.java,org.jsoup.parser.Tokeniser,advanceTransition/1[org.jsoup.parser.TokeniserState],false,120,2,3,2,1,1,1,4,0,0,1,1,0,0,0,0,0,0,0,0,1,0,0,0,0,0,5,0,0,false
/home/alison/jsoup-quality-analysis/work/jsoup/src/main/java/org/jsoup/parser/Tokeniser.java,org.jsoup.parser.Tokeniser,appropriateEndTagName/0,false,234,0,1,1,0,2,0,4,2,0,0,0,0,0,0,1,0,0,0,0,0,0,1,0,0,0,7,0,0,false
/home/alison/jsoup-quality-analysis/work/jsoup/src/main/java/org/jsoup/parser/Tokeniser.java,org.jsoup.parser.Tokeniser,emit/1[org.jsoup.parser.Token],false,68,5,8,6,2,5,2,14,0,2,1,2,1,1,0,3,0,0,2,0,6,0,2,0,0,0,25,0,0,false
/home/alison/jsoup-quality-analysis/work/jsoup/src/main/java/org/jsoup/parser/Tokeniser.java,org.jsoup.parser.Tokeniser,createTagPending/1[boolean],false,200,2,4,2,2,2,2,4,1,0,1,2,0,0,0,0,0,0,0,0,1,0,0,0,0,0,5,0,0,false
/home/alison/jsoup-quality-analysis/work/jsoup/src/main/java/org/jsoup/nodes/Comment.java,org.jsoup.nodes.Comment,"Comment/2[java.lang.String,java.lang.String]",true,17,1,3,2,1,1,1,4,0,0,2,1,0,0,0,0,0,0,0,0,0,0,0,0,0,0,14,1,0,true
/home/alison/jsoup-quality-analysis/work/jsoup/src/main/java/org/jsoup/nodes/Comment.java,org.jsoup.nodes.Comment,nodeName/0,false,22,0,0,0,0,1,0,3,1,0,0,0,0,0,0,0,0,0,1,0,0,0,0,0,0,0,2,1,0,false
/home/alison/jsoup-quality-analysis/work/jsoup/src/main/java/org/jsoup/nodes/Comment.java,org.jsoup.nodes.Comment,toString/0,false,46,1,1,0,1,1,1,3,1,0,0,1,0,0,0,0,0,0,0,0,0,0,0,0,0,0,4,1,0,false
/home/alison/jsoup-quality-analysis/work/jsoup/src/main/java/org/jsoup/nodes/Comment.java,org.jsoup.nodes.Comment,"outerHtmlHead/3[java.lang.Appendable,int,org.jsoup.nodes.Document.OutputSettings]",false,34,3,3,0,3,2,4,4,0,0,3,4,1,1,0,0,0,0,2,0,0,0,1,0,0,0,11,0,0,false
/home/alison/jsoup-quality-analysis/work/jsoup/src/main/java/org/jsoup/nodes/Comment.java,org.jsoup.nodes.Comment,"outerHtmlTail/3[java.lang.Appendable,int,org.jsoup.nodes.Document.OutputSettings]",false,43,1,0,0,0,1,0,2,0,0,3,0,0,0,0,0,0,0,0,0,0,0,0,0,0,0,5,0,0,false
/home/alison/jsoup-quality-analysis/work/jsoup/src/main/java/org/jsoup/nodes/Comment.java,org.jsoup.nodes.Comment,getData/0,false,30,1,5,4,1,1,1,3,1,0,0,1,0,0,0,0,0,0,0,0,0,0,0,0,0,0,17,1,0,true
/home/alison/jsoup-quality-analysis/work/jsoup/src/main/java/org/jsoup/select/Evaluator.java,org.jsoup.select.Evaluator$IndexGreaterThan,"matches/2[org.jsoup.nodes.Element,org.jsoup.nodes.Element]",false,362,1,1,0,1,2,1,3,1,0,2,1,0,0,0,0,0,0,0,0,0,0,0,0,0,0,4,1,0,false
/home/alison/jsoup-quality-analysis/work/jsoup/src/main/java/org/jsoup/select/Evaluator.java,org.jsoup.select.Evaluator$IndexGreaterThan,toString/0,false,367,0,0,0,0,1,1,3,1,0,0,1,0,0,0,0,0,0,1,0,0,0,0,0,0,0,2,1,0,false
/home/alison/jsoup-quality-analysis/work/jsoup/src/main/java/org/jsoup/select/Evaluator.java,org.jsoup.select.Evaluator$IndexGreaterThan,IndexGreaterThan/1[int],true,357,0,2,2,0,1,0,3,0,0,1,0,0,0,0,0,0,0,0,0,0,0,0,0,0,0,4,1,0,false
/home/alison/jsoup-quality-analysis/work/jsoup/src/main/java/org/jsoup/parser/TokeniserState.java,org.jsoup.parser.TokeniserState$Anonymous28,"read/2[org.jsoup.parser.Tokeniser,org.jsoup.parser.CharacterReader]",false,444,3,53,0,53,1,1,3,0,0,2,1,0,0,0,0,0,0,0,0,0,0,0,0,0,0,8,0,0,false
/home/alison/jsoup-quality-analysis/work/jsoup/src/main/java/org/jsoup/parser/TokeniserState.java,org.jsoup.parser.TokeniserState$Anonymous29,"read/2[org.jsoup.parser.Tokeniser,org.jsoup.parser.CharacterReader]",false,449,2,53,0,53,5,9,20,0,2,2,9,0,0,0,0,0,0,0,0,2,0,1,0,0,0,14,0,1,false
/home/alison/jsoup-quality-analysis/work/jsoup/src/main/java/org/jsoup/select/Selector.java,org.jsoup.select.Selector,"filterOut/2[java.util.Collection<org.jsoup.nodes.Element>,java.util.Collection<org.jsoup.nodes.Element>]",false,154,3,3,1,2,5,2,14,1,2,2,2,0,0,2,0,0,0,0,0,3,0,3,0,0,0,12,8,0,false
/home/alison/jsoup-quality-analysis/work/jsoup/src/main/java/org/jsoup/select/Selector.java,org.jsoup.select.Selector,"select/2[java.lang.String,org.jsoup.nodes.Element]",false,107,3,3,1,2,1,1,3,1,0,2,1,1,1,0,0,0,0,0,0,0,0,0,0,0,0,21,9,0,true
/home/alison/jsoup-quality-analysis/work/jsoup/src/main/java/org/jsoup/select/Selector.java,org.jsoup.select.Selector,"select/2[java.lang.String,java.lang.Iterable<org.jsoup.nodes.Element>]",false,129,6,7,2,5,4,7,17,1,4,2,7,1,2,2,0,0,0,0,0,4,0,3,0,0,0,22,9,0,true
/home/alison/jsoup-quality-analysis/work/jsoup/src/main/java/org/jsoup/select/Selector.java,org.jsoup.select.Selector,"Selector/2[org.jsoup.select.Evaluator,org.jsoup.nodes.Element]",true,91,3,2,1,1,1,1,6,0,0,2,1,0,0,0,0,0,0,0,0,2,0,0,0,0,0,4,2,0,false
/home/alison/jsoup-quality-analysis/work/jsoup/src/main/java/org/jsoup/select/Selector.java,org.jsoup.select.Selector,"select/2[org.jsoup.select.Evaluator,org.jsoup.nodes.Element]",false,118,4,3,1,2,1,1,3,1,0,2,1,1,1,0,0,0,0,0,0,0,0,0,0,0,0,18,9,0,true
/home/alison/jsoup-quality-analysis/work/jsoup/src/main/java/org/jsoup/select/Selector.java,org.jsoup.select.Selector,select/0,false,149,2,3,2,1,1,1,3,1,0,0,1,0,0,0,0,0,0,0,0,0,0,0,0,0,0,2,2,0,false
/home/alison/jsoup-quality-analysis/work/jsoup/src/main/java/org/jsoup/select/Selector.java,org.jsoup.select.Selector,"Selector/2[java.lang.String,org.jsoup.nodes.Element]",true,80,3,4,1,3,1,4,8,0,0,2,4,0,0,0,0,0,0,0,0,3,0,0,0,0,0,3,2,0,false
/home/alison/jsoup-quality-analysis/work/jsoup/src/main/java/org/jsoup/select/Evaluator.java,org.jsoup.select.Evaluator$AttributeWithValueEnding,"AttributeWithValueEnding/2[java.lang.String,java.lang.String]",true,237,0,2,2,0,1,0,3,0,0,2,0,0,0,0,0,0,0,0,0,0,0,0,0,0,0,5,1,0,false
/home/alison/jsoup-quality-analysis/work/jsoup/src/main/java/org/jsoup/select/Evaluator.java,org.jsoup.select.Evaluator$AttributeWithValueEnding,"matches/2[org.jsoup.nodes.Element,org.jsoup.nodes.Element]",false,242,3,3,0,3,1,4,3,1,0,2,4,0,0,0,0,0,0,0,0,0,0,0,0,0,0,7,1,0,false
/home/alison/jsoup-quality-analysis/work/jsoup/src/main/java/org/jsoup/select/Evaluator.java,org.jsoup.select.Evaluator$AttributeWithValueEnding,toString/0,false,247,0,0,0,0,1,1,3,1,0,0,1,0,0,0,0,0,0,1,0,0,0,0,0,0,0,2,1,0,false
/home/alison/jsoup-quality-analysis/work/jsoup/src/main/java/org/jsoup/select/StructuralEvaluator.java,org.jsoup.select.StructuralEvaluator$ImmediatePreviousSibling,ImmediatePreviousSibling/1[org.jsoup.select.Evaluator],true,123,1,1,1,0,1,0,3,0,0,1,0,0,0,0,0,0,0,0,0,1,0,0,0,0,0,5,1,0,false
/home/alison/jsoup-quality-analysis/work/jsoup/src/main/java/org/jsoup/select/StructuralEvaluator.java,org.jsoup.select.StructuralEvaluator$ImmediatePreviousSibling,toString/0,false,136,0,0,0,0,1,1,3,1,0,0,1,0,0,0,0,0,0,1,0,0,0,0,0,0,0,2,1,0,false
/home/alison/jsoup-quality-analysis/work/jsoup/src/main/java/org/jsoup/select/StructuralEvaluator.java,org.jsoup.select.StructuralEvaluator$ImmediatePreviousSibling,"matches/2[org.jsoup.nodes.Element,org.jsoup.nodes.Element]",false,127,2,2,0,2,3,2,5,2,1,2,2,0,0,0,2,0,0,0,0,1,0,1,0,0,0,7,1,0,false
/home/alison/jsoup-quality-analysis/work/jsoup/src/main/java/org/jsoup/parser/TokeniserState.java,org.jsoup.parser.TokeniserState$Anonymous30,"read/2[org.jsoup.parser.Tokeniser,org.jsoup.parser.CharacterReader]",false,476,2,53,0,53,5,5,20,0,1,2,5,0,0,0,0,0,0,0,0,1,0,1,0,0,0,13,0,1,false
/home/alison/jsoup-quality-analysis/work/jsoup/src/main/java/org/jsoup/helper/HttpConnection.java,org.jsoup.helper.HttpConnection$KeyVal,key/0,false,1084,0,0,0,0,1,0,3,1,0,0,0,0,0,0,0,0,0,0,0,0,0,0,0,0,0,1,1,0,false
/home/alison/jsoup-quality-analysis/work/jsoup/src/main/java/org/jsoup/helper/HttpConnection.java,org.jsoup.helper.HttpConnection$KeyVal,inputStream/1[java.io.InputStream],false,1098,2,2,1,1,1,1,5,1,0,1,1,0,0,0,0,0,0,1,0,1,0,0,0,0,0,9,1,0,false
/home/alison/jsoup-quality-analysis/work/jsoup/src/main/java/org/jsoup/helper/HttpConnection.java,org.jsoup.helper.HttpConnection$KeyVal,"create/2[java.lang.String,java.lang.String]",false,1068,1,7,4,3,1,2,3,1,0,2,2,2,1,0,0,0,0,0,0,0,0,0,0,0,0,5,9,0,false
/home/alison/jsoup-quality-analysis/work/jsoup/src/main/java/org/jsoup/helper/HttpConnection.java,org.jsoup.helper.HttpConnection$KeyVal,value/0,false,1094,0,0,0,0,1,0,3,1,0,0,0,0,0,0,0,0,0,0,0,0,0,0,0,0,0,1,1,0,false
/home/alison/jsoup-quality-analysis/work/jsoup/src/main/java/org/jsoup/helper/HttpConnection.java,org.jsoup.helper.HttpConnection$KeyVal,value/1[java.lang.String],false,1088,2,3,2,1,1,1,5,1,0,1,1,0,0,0,0,0,0,1,0,1,0,0,0,0,0,6,1,0,false
/home/alison/jsoup-quality-analysis/work/jsoup/src/main/java/org/jsoup/helper/HttpConnection.java,org.jsoup.helper.HttpConnection$KeyVal,"create/3[java.lang.String,java.lang.String,java.io.InputStream]",false,1072,1,5,1,4,1,3,3,1,0,3,3,3,1,0,0,0,0,0,0,0,0,0,0,0,0,6,9,0,false
/home/alison/jsoup-quality-analysis/work/jsoup/src/main/java/org/jsoup/helper/HttpConnection.java,org.jsoup.helper.HttpConnection$KeyVal,KeyVal/0,true,1076,0,2,2,0,1,0,2,0,0,0,0,0,0,0,0,0,0,0,0,0,0,0,0,0,0,2,2,0,false
/home/alison/jsoup-quality-analysis/work/jsoup/src/main/java/org/jsoup/helper/HttpConnection.java,org.jsoup.helper.HttpConnection$KeyVal,inputStream/0,false,1104,0,0,0,0,1,0,3,1,0,0,0,0,0,0,0,0,0,0,0,0,0,0,0,0,0,4,1,0,false
/home/alison/jsoup-quality-analysis/work/jsoup/src/main/java/org/jsoup/helper/HttpConnection.java,org.jsoup.helper.HttpConnection$KeyVal,hasInputStream/0,false,1108,0,0,0,0,2,0,3,1,0,0,0,0,0,0,1,0,0,0,0,0,0,0,0,0,0,5,1,0,false
/home/alison/jsoup-quality-analysis/work/jsoup/src/main/java/org/jsoup/helper/HttpConnection.java,org.jsoup.helper.HttpConnection$KeyVal,key/1[java.lang.String],false,1078,2,3,2,1,1,1,5,1,0,1,1,0,0,0,0,0,0,1,0,1,0,0,0,0,0,6,1,0,false
/home/alison/jsoup-quality-analysis/work/jsoup/src/main/java/org/jsoup/helper/HttpConnection.java,org.jsoup.helper.HttpConnection$KeyVal,toString/0,false,1113,0,0,0,0,1,0,3,1,0,0,0,0,0,0,0,0,0,1,0,0,1,0,0,0,0,4,1,0,false
/home/alison/jsoup-quality-analysis/work/jsoup/src/main/java/org/jsoup/parser/HtmlTreeBuilderState.java,org.jsoup.parser.HtmlTreeBuilderState$Anonymous5,"anythingElse/2[org.jsoup.parser.Token,org.jsoup.parser.HtmlTreeBuilder]",false,188,3,15,1,14,1,4,5,1,0,2,4,0,0,0,0,0,0,0,0,0,0,0,0,0,0,5,2,1,false
/home/alison/jsoup-quality-analysis/work/jsoup/src/main/java/org/jsoup/parser/HtmlTreeBuilderState.java,org.jsoup.parser.HtmlTreeBuilderState$Anonymous5,"process/2[org.jsoup.parser.Token,org.jsoup.parser.HtmlTreeBuilder]",false,166,6,124,0,124,15,15,26,6,0,2,15,1,1,0,0,0,2,11,0,0,0,1,0,0,0,12,0,2,false
/home/alison/jsoup-quality-analysis/work/jsoup/src/main/java/org/jsoup/parser/TokeniserState.java,org.jsoup.parser.TokeniserState$Anonymous35,"read/2[org.jsoup.parser.Tokeniser,org.jsoup.parser.CharacterReader]",false,594,3,53,0,53,14,8,24,0,2,2,8,0,0,0,0,0,0,0,0,2,0,1,0,0,0,20,0,2,false
/home/alison/jsoup-quality-analysis/work/jsoup/src/main/java/org/jsoup/safety/Whitelist.java,org.jsoup.safety.Whitelist$Protocol,valueOf/1[java.lang.String],false,607,1,3,2,1,1,0,3,1,0,1,0,0,0,0,0,0,0,0,0,0,0,0,0,0,0,3,8,0,false
/home/alison/jsoup-quality-analysis/work/jsoup/src/main/java/org/jsoup/safety/Whitelist.java,org.jsoup.safety.Whitelist$Protocol,Protocol/1[java.lang.String],true,603,0,1,1,0,1,0,3,0,0,1,0,0,0,0,0,0,0,0,0,0,0,0,0,0,0,2,0,0,false
/home/alison/jsoup-quality-analysis/work/jsoup/src/main/java/org/jsoup/parser/HtmlTreeBuilderState.java,org.jsoup.parser.HtmlTreeBuilderState$Anonymous4,"process/2[org.jsoup.parser.Token,org.jsoup.parser.HtmlTreeBuilder]",false,94,11,124,0,124,18,23,64,9,5,2,23,1,1,0,0,0,0,19,0,6,0,3,0,0,0,25,0,3,false
/home/alison/jsoup-quality-analysis/work/jsoup/src/main/java/org/jsoup/parser/HtmlTreeBuilderState.java,org.jsoup.parser.HtmlTreeBuilderState$Anonymous4,"anythingElse/2[org.jsoup.parser.Token,org.jsoup.parser.TreeBuilder]",false,160,2,3,1,2,1,2,4,1,0,2,2,0,0,0,0,0,0,1,0,0,0,0,0,0,0,5,2,0,false
/home/alison/jsoup-quality-analysis/work/jsoup/src/main/java/org/jsoup/parser/TokeniserState.java,org.jsoup.parser.TokeniserState$Anonymous36,"read/2[org.jsoup.parser.Tokeniser,org.jsoup.parser.CharacterReader]",false,635,3,53,0,53,14,8,28,0,1,2,8,0,0,0,0,0,0,0,0,1,0,1,0,0,0,15,0,2,false
/home/alison/jsoup-quality-analysis/work/jsoup/src/main/java/org/jsoup/parser/HtmlTreeBuilderState.java,org.jsoup.parser.HtmlTreeBuilderState$Anonymous7,"process/2[org.jsoup.parser.Token,org.jsoup.parser.HtmlTreeBuilder]",false,246,17,124,0,124,149,89,501,28,41,2,89,1,1,10,19,0,2,89,22,48,4,5,0,0,0,77,0,32,false
/home/alison/jsoup-quality-analysis/work/jsoup/src/main/java/org/jsoup/parser/HtmlTreeBuilderState.java,org.jsoup.parser.HtmlTreeBuilderState$Anonymous7,"anyOtherEndTag/2[org.jsoup.parser.Token,org.jsoup.parser.HtmlTreeBuilder]",false,763,5,10,1,9,5,12,20,2,4,2,12,0,0,1,0,0,0,0,2,4,1,3,0,0,0,13,0,2,false
/home/alison/jsoup-quality-analysis/work/jsoup/src/main/java/org/jsoup/parser/TokeniserState.java,org.jsoup.parser.TokeniserState$Anonymous37,"read/2[org.jsoup.parser.Tokeniser,org.jsoup.parser.CharacterReader]",false,680,3,53,0,53,15,7,31,0,1,2,7,0,0,0,0,0,0,0,0,1,0,1,0,0,0,13,0,3,false
/home/alison/jsoup-quality-analysis/work/jsoup/src/main/java/org/jsoup/parser/HtmlTreeBuilderState.java,org.jsoup.parser.HtmlTreeBuilderState$Anonymous6,"anythingElse/2[org.jsoup.parser.Token,org.jsoup.parser.HtmlTreeBuilder]",false,239,3,15,1,14,1,3,5,1,0,2,3,0,0,0,0,0,0,1,0,0,0,0,0,0,0,6,2,0,false
/home/alison/jsoup-quality-analysis/work/jsoup/src/main/java/org/jsoup/parser/HtmlTreeBuilderState.java,org.jsoup.parser.HtmlTreeBuilderState$Anonymous6,"process/2[org.jsoup.parser.Token,org.jsoup.parser.HtmlTreeBuilder]",false,195,8,124,0,124,12,23,54,4,3,2,23,1,1,0,0,0,0,15,0,3,0,2,0,0,0,18,0,4,false
/home/alison/jsoup-quality-analysis/work/jsoup/src/main/java/org/jsoup/parser/TokeniserState.java,org.jsoup.parser.TokeniserState$Anonymous38,"read/2[org.jsoup.parser.Tokeniser,org.jsoup.parser.CharacterReader]",false,729,4,53,0,53,7,11,20,0,3,2,11,0,0,0,1,0,0,0,1,3,0,2,0,0,0,18,0,1,false
/home/alison/jsoup-quality-analysis/work/jsoup/src/main/java/org/jsoup/parser/HtmlTreeBuilderState.java,org.jsoup.parser.HtmlTreeBuilderState$Anonymous1,"process/2[org.jsoup.parser.Token,org.jsoup.parser.HtmlTreeBuilder]",false,13,8,124,0,124,5,18,20,3,2,2,18,0,0,0,0,0,0,0,0,2,0,2,0,0,0,13,0,0,false
/home/alison/jsoup-quality-analysis/work/jsoup/src/main/java/org/jsoup/parser/TokeniserState.java,org.jsoup.parser.TokeniserState$Anonymous31,"read/2[org.jsoup.parser.Tokeniser,org.jsoup.parser.CharacterReader]",false,503,2,53,0,53,6,5,22,0,1,2,5,0,0,0,0,0,0,0,0,1,0,1,0,0,0,12,0,1,false
/home/alison/jsoup-quality-analysis/work/jsoup/src/main/java/org/jsoup/parser/TokeniserState.java,org.jsoup.parser.TokeniserState$Anonymous32,"read/2[org.jsoup.parser.Tokeniser,org.jsoup.parser.CharacterReader]",false,533,2,53,0,53,2,5,10,0,0,2,5,0,0,0,0,0,0,0,0,0,0,1,0,0,0,9,0,0,false
/home/alison/jsoup-quality-analysis/work/jsoup/src/main/java/org/jsoup/parser/HtmlTreeBuilderState.java,org.jsoup.parser.HtmlTreeBuilderState$Anonymous3,"process/2[org.jsoup.parser.Token,org.jsoup.parser.HtmlTreeBuilder]",false,66,7,124,0,124,11,19,33,7,1,2,19,0,0,0,0,0,1,8,0,1,0,1,0,0,0,12,0,2,false
/home/alison/jsoup-quality-analysis/work/jsoup/src/main/java/org/jsoup/parser/TokeniserState.java,org.jsoup.parser.TokeniserState$Anonymous33,"read/2[org.jsoup.parser.Tokeniser,org.jsoup.parser.CharacterReader]",false,544,3,53,0,53,1,1,3,0,0,2,1,0,0,0,0,0,0,0,0,0,0,0,0,0,0,8,0,0,false
/home/alison/jsoup-quality-analysis/work/jsoup/src/main/java/org/jsoup/parser/HtmlTreeBuilderState.java,org.jsoup.parser.HtmlTreeBuilderState$Anonymous2,"anythingElse/2[org.jsoup.parser.Token,org.jsoup.parser.HtmlTreeBuilder]",false,59,2,15,1,14,1,3,5,1,0,2,3,0,0,0,0,0,0,1,0,0,0,0,0,0,0,7,2,0,false
/home/alison/jsoup-quality-analysis/work/jsoup/src/main/java/org/jsoup/parser/HtmlTreeBuilderState.java,org.jsoup.parser.HtmlTreeBuilderState$Anonymous2,"process/2[org.jsoup.parser.Token,org.jsoup.parser.HtmlTreeBuilder]",false,37,6,124,0,124,9,16,27,6,0,2,16,1,1,0,0,0,1,5,0,0,0,1,0,0,0,12,0,2,false
/home/alison/jsoup-quality-analysis/work/jsoup/src/main/java/org/jsoup/parser/TokeniserState.java,org.jsoup.parser.TokeniserState$Anonymous34,"read/2[org.jsoup.parser.Tokeniser,org.jsoup.parser.CharacterReader]",false,550,3,53,0,53,14,8,27,0,1,2,8,0,0,0,0,0,0,0,0,1,0,1,0,0,0,11,0,2,false
/home/alison/jsoup-quality-analysis/work/jsoup/src/main/java/org/jsoup/parser/HtmlTreeBuilderState.java,org.jsoup.parser.HtmlTreeBuilderState$Anonymous9,"anythingElse/2[org.jsoup.parser.Token,org.jsoup.parser.HtmlTreeBuilder]",false,890,5,15,1,14,2,6,13,1,1,2,6,0,0,0,0,0,0,5,0,2,0,1,0,0,0,7,0,1,false
/home/alison/jsoup-quality-analysis/work/jsoup/src/main/java/org/jsoup/parser/HtmlTreeBuilderState.java,org.jsoup.parser.HtmlTreeBuilderState$Anonymous9,"process/2[org.jsoup.parser.Token,org.jsoup.parser.HtmlTreeBuilder]",false,804,10,124,0,124,23,35,98,17,5,2,35,1,1,0,1,0,0,33,0,5,0,4,0,0,0,21,0,6,false
/home/alison/jsoup-quality-analysis/work/jsoup/src/main/java/org/jsoup/parser/TokeniserState.java,org.jsoup.parser.TokeniserState$Anonymous39,"read/2[org.jsoup.parser.Tokeniser,org.jsoup.parser.CharacterReader]",false,761,4,53,0,53,7,11,20,0,3,2,11,0,0,0,1,0,0,0,1,3,0,2,0,0,0,18,0,1,false
/home/alison/jsoup-quality-analysis/work/jsoup/src/main/java/org/jsoup/parser/HtmlTreeBuilderState.java,org.jsoup.parser.HtmlTreeBuilderState$Anonymous8,"process/2[org.jsoup.parser.Token,org.jsoup.parser.HtmlTreeBuilder]",false,786,2,124,0,124,4,10,16,2,0,2,10,0,0,0,0,0,0,0,0,0,0,1,0,0,0,5,0,1,false
/home/alison/jsoup-quality-analysis/work/jsoup/src/main/java/org/jsoup/nodes/Node.java,org.jsoup.nodes.Node,setBaseUri/1[java.lang.String],false,161,3,4,1,3,1,2,11,0,0,1,2,1,1,0,0,0,0,0,0,0,0,0,1,0,0,21,1,0,true
/home/alison/jsoup-quality-analysis/work/jsoup/src/main/java/org/jsoup/nodes/Node.java,org.jsoup.nodes.Node,attributes/0,false,94,1,8,8,0,1,0,3,1,0,0,0,0,0,0,0,0,0,0,0,0,0,0,0,0,0,17,1,0,true
/home/alison/jsoup-quality-analysis/work/jsoup/src/main/java/org/jsoup/nodes/Node.java,org.jsoup.nodes.Node,hasSameValue/1[java.lang.Object],false,637,1,1,0,1,4,3,5,3,0,1,3,1,5,0,3,0,1,0,0,0,0,1,0,0,0,37,1,0,true
/home/alison/jsoup-quality-analysis/work/jsoup/src/main/java/org/jsoup/nodes/Node.java,org.jsoup.nodes.Node,previousSibling/0,false,534,1,0,0,0,3,1,5,3,0,0,1,0,0,0,1,0,0,0,2,0,1,1,0,0,0,12,1,0,true
/home/alison/jsoup-quality-analysis/work/jsoup/src/main/java/org/jsoup/nodes/Node.java,org.jsoup.nodes.Node,attr/1[java.lang.String],false,79,4,23,19,4,3,7,7,3,1,1,7,1,2,0,0,0,0,3,1,1,0,2,0,0,0,46,1,0,true
/home/alison/jsoup-quality-analysis/work/jsoup/src/main/java/org/jsoup/nodes/Node.java,org.jsoup.nodes.Node,"replaceChild/2[org.jsoup.nodes.Node,org.jsoup.nodes.Node]",false,437,2,6,2,4,3,5,10,0,1,2,5,2,3,0,2,0,0,0,0,3,0,1,0,0,0,6,4,0,false
/home/alison/jsoup-quality-analysis/work/jsoup/src/main/java/org/jsoup/nodes/Node.java,org.jsoup.nodes.Node,reindexChildren/1[int],false,491,1,3,2,1,2,3,5,0,1,1,3,1,1,1,0,0,0,0,0,1,0,1,0,0,0,4,2,0,false
/home/alison/jsoup-quality-analysis/work/jsoup/src/main/java/org/jsoup/nodes/Node.java,org.jsoup.nodes.Node,ownerDocument/0,false,281,2,3,2,1,2,1,4,1,1,0,1,1,1,0,0,0,1,0,0,1,0,0,0,0,0,14,1,0,true
/home/alison/jsoup-quality-analysis/work/jsoup/src/main/java/org/jsoup/nodes/Node.java,org.jsoup.nodes.Node,parentNode/0,false,262,1,1,1,0,1,0,3,1,0,0,0,0,0,0,0,0,0,0,0,0,0,0,0,0,0,18,17,0,true
/home/alison/jsoup-quality-analysis/work/jsoup/src/main/java/org/jsoup/nodes/Node.java,org.jsoup.nodes.Node,before/1[java.lang.String],false,300,1,1,0,1,1,1,4,1,0,1,1,1,6,0,0,0,0,0,0,0,0,0,0,0,0,23,1,0,true
/home/alison/jsoup-quality-analysis/work/jsoup/src/main/java/org/jsoup/nodes/Node.java,org.jsoup.nodes.Node,removeAttr/1[java.lang.String],false,130,3,3,1,2,1,2,5,1,0,1,2,0,0,0,0,0,0,0,0,0,0,0,0,0,0,11,1,0,true
/home/alison/jsoup-quality-analysis/work/jsoup/src/main/java/org/jsoup/nodes/Node.java,org.jsoup.nodes.Node,after/1[java.lang.String],false,325,1,1,0,1,1,1,4,1,0,1,1,1,6,0,0,0,0,0,1,0,1,0,0,0,0,24,1,0,true
/home/alison/jsoup-quality-analysis/work/jsoup/src/main/java/org/jsoup/nodes/Node.java,org.jsoup.nodes.Node,"outerHtmlHead/3[java.lang.Appendable,int,org.jsoup.nodes.Document.OutputSettings]",false,590,1,1,1,0,1,0,1,0,0,3,0,0,0,0,0,0,0,0,0,0,0,0,0,0,0,22,1024,0,true
/home/alison/jsoup-quality-analysis/work/jsoup/src/main/java/org/jsoup/nodes/Node.java,org.jsoup.nodes.Node,absUrl/1[java.lang.String],false,197,3,10,6,4,2,4,9,2,0,1,4,2,1,0,0,0,0,1,0,0,0,1,0,0,0,63,1,0,true
/home/alison/jsoup-quality-analysis/work/jsoup/src/main/java/org/jsoup/nodes/Node.java,org.jsoup.nodes.Node,hasAttr/1[java.lang.String],false,114,3,17,14,3,4,7,8,2,1,1,7,1,2,0,0,0,0,3,0,1,0,2,0,0,0,17,1,0,true
/home/alison/jsoup-quality-analysis/work/jsoup/src/main/java/org/jsoup/nodes/Node.java,org.jsoup.nodes.Node,setSiblingIndex/1[int],false,554,0,4,4,0,1,0,3,0,0,1,0,0,0,0,0,0,0,0,0,1,0,0,0,0,0,4,4,0,false
/home/alison/jsoup-quality-analysis/work/jsoup/src/main/java/org/jsoup/nodes/Node.java,org.jsoup.nodes.Node,"attr/2[java.lang.String,java.lang.String]",false,104,2,4,3,1,1,1,4,1,0,2,1,0,0,0,0,0,0,0,0,0,0,0,0,0,0,16,1,0,true
/home/alison/jsoup-quality-analysis/work/jsoup/src/main/java/org/jsoup/nodes/Node.java,org.jsoup.nodes.Node,root/0,false,270,1,2,2,0,2,0,5,1,1,0,0,0,0,1,1,0,0,0,0,2,0,1,0,0,0,13,1,0,true
/home/alison/jsoup-quality-analysis/work/jsoup/src/main/java/org/jsoup/nodes/Node.java,org.jsoup.nodes.Node,html/1[T],false,605,2,1,0,1,1,1,4,1,0,1,1,1,4,0,0,0,0,0,0,0,0,0,0,0,0,16,1,0,true
/home/alison/jsoup-quality-analysis/work/jsoup/src/main/java/org/jsoup/nodes/Node.java,org.jsoup.nodes.Node,removeChild/1[org.jsoup.nodes.Node],false,450,2,8,6,2,2,3,7,0,1,1,3,1,2,0,1,0,0,0,0,2,0,0,0,0,0,8,4,0,false
/home/alison/jsoup-quality-analysis/work/jsoup/src/main/java/org/jsoup/nodes/Node.java,org.jsoup.nodes.Node,"indent/3[java.lang.Appendable,int,org.jsoup.nodes.Document.OutputSettings]",false,614,2,6,4,2,1,3,3,0,0,3,3,0,0,0,0,0,0,1,0,0,1,0,0,0,0,7,4,0,false
/home/alison/jsoup-quality-analysis/work/jsoup/src/main/java/org/jsoup/nodes/Node.java,org.jsoup.nodes.Node,addChildren/1[org.jsoup.nodes.Node[]],false,458,1,5,2,3,2,5,8,0,0,1,5,3,4,1,0,0,0,0,1,0,1,1,0,0,0,9,4,0,false
/home/alison/jsoup-quality-analysis/work/jsoup/src/main/java/org/jsoup/nodes/Node.java,org.jsoup.nodes.Node,reparentChild/1[org.jsoup.nodes.Node],false,485,1,5,3,2,2,2,4,0,0,1,2,2,3,0,1,0,0,0,0,0,0,1,0,0,0,5,4,0,false
/home/alison/jsoup-quality-analysis/work/jsoup/src/main/java/org/jsoup/nodes/Node.java,org.jsoup.nodes.Node,childNodesCopy/0,false,230,1,1,0,1,2,3,7,1,1,0,3,1,2,1,0,0,0,0,0,1,0,1,0,0,0,23,1,0,true
/home/alison/jsoup-quality-analysis/work/jsoup/src/main/java/org/jsoup/nodes/Node.java,org.jsoup.nodes.Node,"outerHtmlTail/3[java.lang.Appendable,int,org.jsoup.nodes.Document.OutputSettings]",false,597,1,1,1,0,1,0,1,0,0,3,0,0,0,0,0,0,0,0,0,0,0,0,0,0,0,8,1024,0,false
/home/alison/jsoup-quality-analysis/work/jsoup/src/main/java/org/jsoup/nodes/Node.java,org.jsoup.nodes.Node,ensureChildNodes/0,false,479,1,4,3,1,2,0,5,0,0,0,0,0,0,0,1,0,0,0,1,1,0,1,0,0,0,16,4,0,false
/home/alison/jsoup-quality-analysis/work/jsoup/src/main/java/org/jsoup/nodes/Node.java,org.jsoup.nodes.Node,outerHtml/0,false,574,1,9,8,1,1,2,5,1,1,0,2,1,4,0,0,0,0,0,1,1,0,0,0,0,0,12,1,0,true
/home/alison/jsoup-quality-analysis/work/jsoup/src/main/java/org/jsoup/nodes/Node.java,org.jsoup.nodes.Node,getOutputSettings/0,false,585,3,5,2,3,2,2,4,1,1,0,2,1,2,0,1,0,1,1,0,1,0,0,0,0,0,6,0,0,false
/home/alison/jsoup-quality-analysis/work/jsoup/src/main/java/org/jsoup/nodes/Node.java,org.jsoup.nodes.Node,equals/1[java.lang.Object],false,625,0,2,2,0,2,0,3,1,0,1,0,0,0,0,1,0,0,0,0,0,0,0,0,0,0,24,1,0,true
/home/alison/jsoup-quality-analysis/work/jsoup/src/main/java/org/jsoup/nodes/Node.java,org.jsoup.nodes.Node,nodelistChanged/0,false,416,0,1,1,0,1,0,2,0,0,0,0,0,0,0,0,0,0,0,0,0,0,0,0,0,0,2,0,0,false
/home/alison/jsoup-quality-analysis/work/jsoup/src/main/java/org/jsoup/nodes/Node.java,org.jsoup.nodes.Node,childNodeSize/0,false,242,0,6,6,0,1,1,3,1,0,0,1,0,0,0,0,0,0,0,0,0,0,0,0,0,0,10,17,0,true
/home/alison/jsoup-quality-analysis/work/jsoup/src/main/java/org/jsoup/nodes/Node.java,org.jsoup.nodes.Node,clone/0,false,653,1,2,1,1,3,7,14,1,5,0,7,1,1,2,0,0,0,0,1,5,0,2,0,0,0,50,1,0,true
/home/alison/jsoup-quality-analysis/work/jsoup/src/main/java/org/jsoup/nodes/Node.java,org.jsoup.nodes.Node,nextSibling/0,false,518,1,1,1,0,3,2,7,3,2,0,2,0,0,0,1,0,0,0,1,2,1,1,0,0,0,14,1,0,true
/home/alison/jsoup-quality-analysis/work/jsoup/src/main/java/org/jsoup/nodes/Node.java,org.jsoup.nodes.Node,baseUri/0,false,153,0,16,16,0,1,0,3,1,0,0,0,0,0,0,0,0,0,0,0,0,0,0,0,0,0,8,1,0,true
/home/alison/jsoup-quality-analysis/work/jsoup/src/main/java/org/jsoup/nodes/Node.java,org.jsoup.nodes.Node,toString/0,false,610,1,1,0,1,1,1,3,1,0,0,1,1,5,0,0,0,0,0,0,0,0,0,0,0,0,4,1,0,false
/home/alison/jsoup-quality-analysis/work/jsoup/src/main/java/org/jsoup/nodes/Node.java,org.jsoup.nodes.Node,getDeepChild/1[org.jsoup.nodes.Element],false,408,2,4,2,2,2,4,5,2,1,1,4,1,0,0,0,0,0,0,2,1,0,1,0,0,0,6,2,0,false
/home/alison/jsoup-quality-analysis/work/jsoup/src/main/java/org/jsoup/nodes/Node.java,org.jsoup.nodes.Node,siblingNodes/0,false,502,1,1,1,0,4,3,7,2,2,0,3,0,0,1,2,0,0,0,1,2,1,2,0,0,0,26,1,0,true
/home/alison/jsoup-quality-analysis/work/jsoup/src/main/java/org/jsoup/nodes/Node.java,org.jsoup.nodes.Node,setParentNode/1[org.jsoup.nodes.Node],false,430,2,3,1,2,2,2,5,0,0,1,2,1,3,0,1,0,0,0,0,1,0,1,0,0,0,5,4,0,false
/home/alison/jsoup-quality-analysis/work/jsoup/src/main/java/org/jsoup/nodes/Node.java,org.jsoup.nodes.Node,clearAttributes/0,false,140,3,1,0,1,2,4,8,1,1,0,4,0,0,1,0,0,0,0,0,1,0,1,0,0,0,12,1,0,true
/home/alison/jsoup-quality-analysis/work/jsoup/src/main/java/org/jsoup/nodes/Node.java,org.jsoup.nodes.Node,Node/1[java.lang.String],true,46,1,1,0,1,1,0,3,0,0,1,0,0,0,0,0,0,0,0,0,0,0,0,0,0,0,4,4,0,false
/home/alison/jsoup-quality-analysis/work/jsoup/src/main/java/org/jsoup/nodes/Node.java,org.jsoup.nodes.Node,childNodesAsArray/0,false,246,1,2,1,1,1,2,3,1,0,0,2,1,1,0,0,0,0,0,0,0,0,0,0,0,0,4,4,0,false
/home/alison/jsoup-quality-analysis/work/jsoup/src/main/java/org/jsoup/nodes/Node.java,org.jsoup.nodes.Node,before/1[org.jsoup.nodes.Node],false,311,2,2,0,2,1,2,6,1,0,1,2,1,5,0,0,0,0,0,0,0,0,0,0,0,0,18,1,0,true
/home/alison/jsoup-quality-analysis/work/jsoup/src/main/java/org/jsoup/nodes/Node.java,org.jsoup.nodes.Node,after/1[org.jsoup.nodes.Node],false,336,2,2,0,2,1,2,6,1,0,1,2,1,5,0,0,0,0,0,1,0,1,0,0,0,0,19,1,0,true
/home/alison/jsoup-quality-analysis/work/jsoup/src/main/java/org/jsoup/nodes/Node.java,org.jsoup.nodes.Node,wrap/1[java.lang.String],false,358,4,9,0,9,6,11,19,2,7,1,11,6,6,1,1,0,1,0,3,7,0,2,0,0,0,27,1,0,true
/home/alison/jsoup-quality-analysis/work/jsoup/src/main/java/org/jsoup/nodes/Node.java,org.jsoup.nodes.Node,traverse/1[org.jsoup.select.NodeVisitor],false,563,4,4,1,3,1,2,6,1,1,1,2,0,0,0,0,0,0,0,0,1,0,0,0,0,0,22,1,0,true
/home/alison/jsoup-quality-analysis/work/jsoup/src/main/java/org/jsoup/nodes/Node.java,org.jsoup.nodes.Node,siblingIndex/0,false,550,0,2,2,0,1,0,3,1,0,0,0,0,0,0,0,0,0,0,0,0,0,0,0,0,0,14,1,0,true
/home/alison/jsoup-quality-analysis/work/jsoup/src/main/java/org/jsoup/nodes/Node.java,org.jsoup.nodes.Node,nodeName/0,false,58,0,6,6,0,1,0,1,0,0,0,0,0,0,0,0,0,0,0,0,0,0,0,0,0,0,14,1025,0,true
/home/alison/jsoup-quality-analysis/work/jsoup/src/main/java/org/jsoup/nodes/Node.java,org.jsoup.nodes.Node,doClone/1[org.jsoup.nodes.Node],false,677,3,3,1,2,5,4,16,1,1,1,4,0,0,1,2,1,0,0,1,6,0,1,0,0,0,19,4,0,false
/home/alison/jsoup-quality-analysis/work/jsoup/src/main/java/org/jsoup/nodes/Node.java,org.jsoup.nodes.Node,unwrap/0,false,398,2,5,1,4,2,6,7,1,1,0,6,3,7,0,0,0,0,0,2,1,0,0,0,0,0,46,1,0,true
/home/alison/jsoup-quality-analysis/work/jsoup/src/main/java/org/jsoup/nodes/Node.java,org.jsoup.nodes.Node,Node/0,true,53,0,0,0,0,1,0,4,0,0,0,0,0,0,0,0,0,0,0,0,2,0,0,0,0,0,21,4,0,true
/home/alison/jsoup-quality-analysis/work/jsoup/src/main/java/org/jsoup/nodes/Node.java,org.jsoup.nodes.Node,outerHtml/1[java.lang.Appendable],false,580,3,8,4,4,1,2,3,0,0,1,2,1,3,0,0,0,0,0,0,0,0,0,0,0,0,8,4,0,false
/home/alison/jsoup-quality-analysis/work/jsoup/src/main/java/org/jsoup/nodes/Node.java,org.jsoup.nodes.Node,parent/0,false,254,1,5,5,0,1,0,3,1,0,0,0,0,0,0,0,0,0,0,0,0,0,0,0,0,0,7,1,0,true
/home/alison/jsoup-quality-analysis/work/jsoup/src/main/java/org/jsoup/nodes/Node.java,org.jsoup.nodes.Node,"Node/2[java.lang.String,org.jsoup.nodes.Attributes]",true,37,2,1,0,1,1,2,7,0,0,2,2,0,0,0,0,0,0,0,0,3,0,0,0,0,0,26,4,0,true
/home/alison/jsoup-quality-analysis/work/jsoup/src/main/java/org/jsoup/nodes/Node.java,org.jsoup.nodes.Node,"addSiblingHtml/2[int,java.lang.String]",false,344,4,7,2,5,2,7,7,0,2,2,7,3,5,0,0,0,0,0,0,2,0,0,0,0,0,10,2,0,false
/home/alison/jsoup-quality-analysis/work/jsoup/src/main/java/org/jsoup/nodes/Node.java,org.jsoup.nodes.Node,replaceWith/1[org.jsoup.nodes.Node],false,424,2,2,0,2,1,2,5,0,0,1,2,1,4,0,0,0,0,0,0,0,0,0,0,0,0,16,1,0,true
/home/alison/jsoup-quality-analysis/work/jsoup/src/main/java/org/jsoup/nodes/Node.java,org.jsoup.nodes.Node,remove/0,false,289,2,7,5,2,1,2,4,0,0,0,2,1,3,0,0,0,0,0,0,0,0,0,0,0,0,16,1,0,true
/home/alison/jsoup-quality-analysis/work/jsoup/src/main/java/org/jsoup/nodes/Node.java,org.jsoup.nodes.Node,childNode/1[int],false,212,1,2,2,0,1,1,3,1,0,1,1,0,0,0,0,0,0,0,0,0,0,0,0,0,0,20,1,0,true
/home/alison/jsoup-quality-analysis/work/jsoup/src/main/java/org/jsoup/nodes/Node.java,org.jsoup.nodes.Node,childNodes/0,false,221,1,6,6,0,1,1,3,1,0,0,1,0,0,0,0,0,0,0,0,0,0,0,0,0,0,21,1,0,true
/home/alison/jsoup-quality-analysis/work/jsoup/src/main/java/org/jsoup/nodes/Node.java,org.jsoup.nodes.Node,"addChildren/2[int,org.jsoup.nodes.Node[]]",false,468,2,13,9,4,2,5,10,0,2,2,5,3,4,1,0,0,0,0,2,2,1,1,0,0,0,12,4,0,false
/home/alison/jsoup-quality-analysis/work/jsoup/src/main/java/org/jsoup/parser/HtmlTreeBuilderState.java,org.jsoup.parser.HtmlTreeBuilderState,"handleRawtext/2[org.jsoup.parser.Token.StartTag,org.jsoup.parser.HtmlTreeBuilder]",false,1482,3,5,1,4,1,4,6,0,0,2,4,0,0,0,0,0,0,0,0,0,0,0,0,0,0,6,10,0,false
/home/alison/jsoup-quality-analysis/work/jsoup/src/main/java/org/jsoup/parser/HtmlTreeBuilderState.java,org.jsoup.parser.HtmlTreeBuilderState,isWhitespace/1[org.jsoup.parser.Token],false,1457,3,5,1,4,2,4,7,2,1,1,4,1,1,0,0,0,0,0,0,1,0,1,0,0,0,6,10,0,false
/home/alison/jsoup-quality-analysis/work/jsoup/src/main/java/org/jsoup/parser/HtmlTreeBuilderState.java,org.jsoup.parser.HtmlTreeBuilderState,isWhitespace/1[java.lang.String],false,1465,1,3,2,1,3,3,7,2,2,1,3,0,0,1,0,0,0,0,1,2,0,2,0,0,0,7,10,0,false
/home/alison/jsoup-quality-analysis/work/jsoup/src/main/java/org/jsoup/parser/HtmlTreeBuilderState.java,org.jsoup.parser.HtmlTreeBuilderState,"process/2[org.jsoup.parser.Token,org.jsoup.parser.HtmlTreeBuilder]",false,1455,2,3,3,0,1,0,1,0,0,2,0,0,0,0,0,0,0,0,0,0,0,0,0,0,0,3,1024,0,false
/home/alison/jsoup-quality-analysis/work/jsoup/src/main/java/org/jsoup/parser/HtmlTreeBuilderState.java,org.jsoup.parser.HtmlTreeBuilderState,"handleRcData/2[org.jsoup.parser.Token.StartTag,org.jsoup.parser.HtmlTreeBuilder]",false,1475,3,5,1,4,1,4,6,0,0,2,4,0,0,0,0,0,0,0,0,0,0,0,0,0,0,7,10,0,false
/home/alison/jsoup-quality-analysis/work/jsoup/src/main/java/org/jsoup/select/Evaluator.java,org.jsoup.select.Evaluator$AttributeStarting,toString/0,false,167,0,0,0,0,1,1,3,1,0,0,1,0,0,0,0,0,0,1,0,0,0,0,0,0,0,2,1,0,false
/home/alison/jsoup-quality-analysis/work/jsoup/src/main/java/org/jsoup/select/Evaluator.java,org.jsoup.select.Evaluator$AttributeStarting,AttributeStarting/1[java.lang.String],true,151,2,4,2,2,1,2,4,0,0,1,2,0,0,0,0,0,0,0,0,1,0,0,0,0,0,6,1,0,false
/home/alison/jsoup-quality-analysis/work/jsoup/src/main/java/org/jsoup/select/Evaluator.java,org.jsoup.select.Evaluator$AttributeStarting,"matches/2[org.jsoup.nodes.Element,org.jsoup.nodes.Element]",false,157,5,4,0,4,3,5,7,2,1,2,5,0,0,1,0,0,0,0,0,1,0,2,0,0,0,11,1,0,false
/home/alison/jsoup-quality-analysis/work/jsoup/src/main/java/org/jsoup/parser/TokeniserState.java,org.jsoup.parser.TokeniserState$Anonymous40,"read/2[org.jsoup.parser.Tokeniser,org.jsoup.parser.CharacterReader]",false,793,4,53,0,53,17,11,25,0,3,2,11,0,0,0,1,0,0,0,1,3,0,2,0,0,0,16,0,2,false
/home/alison/jsoup-quality-analysis/work/jsoup/src/main/java/org/jsoup/nodes/DataNode.java,org.jsoup.nodes.DataNode,nodeName/0,false,22,0,0,0,0,1,0,3,1,0,0,0,0,0,0,0,0,0,1,0,0,0,0,0,0,0,2,1,0,false
/home/alison/jsoup-quality-analysis/work/jsoup/src/main/java/org/jsoup/nodes/DataNode.java,org.jsoup.nodes.DataNode,"DataNode/2[java.lang.String,java.lang.String]",true,17,1,4,3,1,1,1,4,0,0,2,1,0,0,0,0,0,0,0,0,0,0,0,0,0,0,11,1,0,true
/home/alison/jsoup-quality-analysis/work/jsoup/src/main/java/org/jsoup/nodes/DataNode.java,org.jsoup.nodes.DataNode,setWholeData/1[java.lang.String],false,39,2,1,0,1,1,1,4,1,0,1,1,0,0,0,0,0,0,0,0,0,0,0,0,0,0,11,1,0,true
/home/alison/jsoup-quality-analysis/work/jsoup/src/main/java/org/jsoup/nodes/DataNode.java,org.jsoup.nodes.DataNode,toString/0,false,51,1,1,0,1,1,1,3,1,0,0,1,0,0,0,0,0,0,0,0,0,0,0,0,0,0,4,1,0,false
/home/alison/jsoup-quality-analysis/work/jsoup/src/main/java/org/jsoup/nodes/DataNode.java,org.jsoup.nodes.DataNode,"outerHtmlTail/3[java.lang.Appendable,int,org.jsoup.nodes.Document.OutputSettings]",false,48,1,0,0,0,1,0,2,0,0,3,0,0,0,0,0,0,0,0,0,0,0,0,0,0,0,5,0,0,false
/home/alison/jsoup-quality-analysis/work/jsoup/src/main/java/org/jsoup/nodes/DataNode.java,org.jsoup.nodes.DataNode,"outerHtmlHead/3[java.lang.Appendable,int,org.jsoup.nodes.Document.OutputSettings]",false,44,2,1,0,1,1,2,3,0,0,3,2,1,1,0,0,0,0,0,0,0,0,0,0,0,0,11,0,0,false
/home/alison/jsoup-quality-analysis/work/jsoup/src/main/java/org/jsoup/nodes/DataNode.java,org.jsoup.nodes.DataNode,"createFromEncoded/2[java.lang.String,java.lang.String]",false,61,2,2,0,2,1,1,4,1,1,2,1,0,0,0,0,0,0,0,0,1,0,0,0,0,0,20,9,0,true
/home/alison/jsoup-quality-analysis/work/jsoup/src/main/java/org/jsoup/nodes/DataNode.java,org.jsoup.nodes.DataNode,getWholeData/0,false,30,1,5,4,1,1,1,3,1,0,0,1,0,0,0,0,0,0,0,0,0,0,0,0,0,0,22,1,0,true
/home/alison/jsoup-quality-analysis/work/jsoup/src/main/java/org/jsoup/parser/TokeniserState.java,org.jsoup.parser.TokeniserState$Anonymous41,"read/2[org.jsoup.parser.Tokeniser,org.jsoup.parser.CharacterReader]",false,841,2,53,0,53,9,6,18,0,1,2,6,0,0,0,0,0,0,0,0,1,0,1,0,0,0,12,0,1,false
/home/alison/jsoup-quality-analysis/work/jsoup/src/main/java/org/jsoup/nodes/Attributes.java,org.jsoup.nodes.Attributes,toString/0,false,239,1,2,1,1,1,1,3,1,0,0,1,1,2,0,0,0,0,0,0,0,0,0,0,0,0,3,1,0,false
/home/alison/jsoup-quality-analysis/work/jsoup/src/main/java/org/jsoup/nodes/Attributes.java,org.jsoup.nodes.Attributes,html/0,false,217,3,6,2,4,2,3,10,1,1,0,3,1,1,0,0,1,1,1,0,1,0,1,0,0,0,22,1,0,true
/home/alison/jsoup-quality-analysis/work/jsoup/src/main/java/org/jsoup/nodes/Attributes.java,org.jsoup.nodes.Attributes,get/1[java.lang.String],false,43,2,6,4,2,3,3,6,2,1,1,3,0,0,0,2,0,0,2,0,1,0,1,0,0,0,18,1,0,true
/home/alison/jsoup-quality-analysis/work/jsoup/src/main/java/org/jsoup/nodes/Attributes.java,org.jsoup.nodes.Attributes,hashCode/0,false,263,0,0,0,0,2,1,3,1,0,0,1,0,0,0,1,0,0,0,1,0,0,0,0,0,0,16,1,0,true
/home/alison/jsoup-quality-analysis/work/jsoup/src/main/java/org/jsoup/nodes/Attributes.java,org.jsoup.nodes.Attributes,put/1[org.jsoup.nodes.Attribute],false,100,2,7,5,2,2,3,5,0,0,1,3,0,0,0,1,0,0,0,1,1,0,1,0,0,0,13,1,0,true
/home/alison/jsoup-quality-analysis/work/jsoup/src/main/java/org/jsoup/nodes/Attributes.java,org.jsoup.nodes.Attributes,"put/2[java.lang.String,boolean]",false,89,2,4,1,3,2,2,4,0,0,2,2,2,1,0,0,0,0,0,0,0,0,1,0,0,0,10,1,0,true
/home/alison/jsoup-quality-analysis/work/jsoup/src/main/java/org/jsoup/nodes/Attributes.java,org.jsoup.nodes.Attributes,equals/1[java.lang.Object],false,249,1,1,1,0,4,1,6,3,1,1,1,0,0,0,3,0,2,0,0,1,0,1,0,0,0,28,1,0,true
/home/alison/jsoup-quality-analysis/work/jsoup/src/main/java/org/jsoup/nodes/Attributes.java,org.jsoup.nodes.Attributes,dataKey/1[java.lang.String],false,343,0,1,1,0,1,0,3,1,0,1,0,0,0,0,0,0,0,0,0,0,1,0,0,0,0,4,10,0,false
/home/alison/jsoup-quality-analysis/work/jsoup/src/main/java/org/jsoup/nodes/Attributes.java,org.jsoup.nodes.Attributes,"html/2[java.lang.Appendable,org.jsoup.nodes.Document.OutputSettings]",false,227,2,4,3,1,3,4,8,1,1,2,4,0,0,1,1,0,0,1,0,1,0,1,0,0,0,11,0,0,false
/home/alison/jsoup-quality-analysis/work/jsoup/src/main/java/org/jsoup/nodes/Attributes.java,org.jsoup.nodes.Attributes,remove/1[java.lang.String],false,111,1,2,1,1,2,2,5,1,0,1,2,0,0,0,1,0,0,0,0,0,0,1,0,0,0,11,1,0,true
/home/alison/jsoup-quality-analysis/work/jsoup/src/main/java/org/jsoup/nodes/Attributes.java,org.jsoup.nodes.Attributes,clone/0,false,268,2,4,1,3,4,5,13,2,1,0,5,0,0,1,1,1,0,0,0,2,0,1,0,0,0,12,1,0,false
/home/alison/jsoup-quality-analysis/work/jsoup/src/main/java/org/jsoup/nodes/Attributes.java,org.jsoup.nodes.Attributes,"put/2[java.lang.String,java.lang.String]",false,79,2,11,9,2,1,1,4,0,1,2,1,1,1,0,0,0,0,0,0,1,0,0,0,0,0,14,1,0,true
/home/alison/jsoup-quality-analysis/work/jsoup/src/main/java/org/jsoup/nodes/Attributes.java,org.jsoup.nodes.Attributes,asList/0,false,192,1,1,1,0,3,6,8,2,1,0,6,0,0,1,1,0,0,0,0,1,0,1,0,0,0,24,1,0,true
/home/alison/jsoup-quality-analysis/work/jsoup/src/main/java/org/jsoup/nodes/Attributes.java,org.jsoup.nodes.Attributes,removeIgnoreCase/1[java.lang.String],false,122,1,2,1,1,4,7,8,1,2,1,7,0,0,1,1,0,0,0,0,2,0,2,0,0,0,15,1,0,true
/home/alison/jsoup-quality-analysis/work/jsoup/src/main/java/org/jsoup/nodes/Attributes.java,org.jsoup.nodes.Attributes,hasKey/1[java.lang.String],false,138,0,2,2,0,2,1,3,1,0,1,1,0,0,0,1,0,0,0,0,0,0,0,0,0,0,17,1,0,true
/home/alison/jsoup-quality-analysis/work/jsoup/src/main/java/org/jsoup/nodes/Attributes.java,org.jsoup.nodes.Attributes,iterator/0,false,179,1,1,1,0,3,5,6,2,0,0,5,0,0,0,1,0,0,0,0,0,0,1,0,0,0,5,1,0,false
/home/alison/jsoup-quality-analysis/work/jsoup/src/main/java/org/jsoup/nodes/Attributes.java,org.jsoup.nodes.Attributes,getIgnoreCase/1[java.lang.String],false,58,2,6,4,2,5,5,10,4,1,1,5,0,0,1,2,0,0,2,0,1,0,2,0,0,0,24,1,0,true
/home/alison/jsoup-quality-analysis/work/jsoup/src/main/java/org/jsoup/nodes/Attributes.java,org.jsoup.nodes.Attributes,dataset/0,false,208,1,2,1,1,1,0,3,1,0,0,0,0,0,0,0,0,0,0,0,0,0,0,0,0,0,20,1,0,true
/home/alison/jsoup-quality-analysis/work/jsoup/src/main/java/org/jsoup/nodes/Attributes.java,org.jsoup.nodes.Attributes,hasKeyIgnoreCase/1[java.lang.String],false,147,0,2,2,0,4,2,7,3,0,1,2,0,0,1,1,0,0,0,0,0,0,2,0,0,0,19,1,0,true
/home/alison/jsoup-quality-analysis/work/jsoup/src/main/java/org/jsoup/nodes/Attributes.java,org.jsoup.nodes.Attributes,size/0,false,161,0,2,2,0,2,1,4,2,0,0,1,0,0,0,1,0,0,0,1,0,0,1,0,0,0,8,1,0,true
/home/alison/jsoup-quality-analysis/work/jsoup/src/main/java/org/jsoup/nodes/Attributes.java,org.jsoup.nodes.Attributes,addAll/1[org.jsoup.nodes.Attributes],false,171,2,5,4,1,3,2,5,1,0,1,2,1,1,0,2,0,0,0,1,1,0,1,0,0,0,13,1,0,true
/home/alison/jsoup-quality-analysis/work/jsoup/src/main/java/org/jsoup/helper/W3CDom.java,org.jsoup.helper.W3CDom,asString/1[org.w3c.dom.Document],false,160,1,0,0,0,2,4,14,1,5,1,4,0,0,0,0,1,0,0,0,5,0,1,0,0,0,29,1,0,true
/home/alison/jsoup-quality-analysis/work/jsoup/src/main/java/org/jsoup/helper/W3CDom.java,org.jsoup.helper.W3CDom,"convert/2[org.jsoup.nodes.Document,org.w3c.dom.Document]",false,57,6,8,1,7,2,5,6,0,2,2,5,0,0,0,0,0,0,0,1,2,0,1,0,0,0,28,1,0,true
/home/alison/jsoup-quality-analysis/work/jsoup/src/main/java/org/jsoup/helper/W3CDom.java,org.jsoup.helper.W3CDom,fromJsoup/1[org.jsoup.nodes.Document],false,35,4,2,0,2,2,5,14,1,2,1,5,1,1,0,0,1,0,0,0,2,0,1,0,0,0,23,1,0,true
/home/alison/jsoup-quality-analysis/work/jsoup/src/main/java/org/jsoup/parser/XmlTreeBuilder.java,org.jsoup.parser.XmlTreeBuilder,insert/1[org.jsoup.parser.Token.Doctype],false,99,4,8,1,7,1,6,4,0,1,1,6,1,1,0,0,0,0,0,0,1,0,0,0,0,0,6,0,0,false
/home/alison/jsoup-quality-analysis/work/jsoup/src/main/java/org/jsoup/parser/XmlTreeBuilder.java,org.jsoup.parser.XmlTreeBuilder,insertNode/1[org.jsoup.nodes.Node],false,59,3,6,4,2,1,2,3,0,0,1,2,0,0,0,0,0,0,0,0,0,0,0,0,0,0,5,2,0,false
/home/alison/jsoup-quality-analysis/work/jsoup/src/main/java/org/jsoup/parser/XmlTreeBuilder.java,org.jsoup.parser.XmlTreeBuilder,"parseFragment/4[java.lang.String,java.lang.String,org.jsoup.parser.ParseErrorList,org.jsoup.parser.ParseSettings]",false,132,5,4,1,3,1,3,5,1,0,4,3,1,1,0,0,0,0,0,0,0,0,0,0,0,0,7,0,0,false
/home/alison/jsoup-quality-analysis/work/jsoup/src/main/java/org/jsoup/parser/XmlTreeBuilder.java,org.jsoup.parser.XmlTreeBuilder,"parse/2[java.lang.String,java.lang.String]",false,21,3,2,0,2,1,2,3,1,0,2,2,0,0,0,0,0,0,0,0,0,0,0,0,0,0,4,0,0,false
/home/alison/jsoup-quality-analysis/work/jsoup/src/main/java/org/jsoup/parser/XmlTreeBuilder.java,org.jsoup.parser.XmlTreeBuilder,insert/1[org.jsoup.parser.Token.Character],false,94,4,4,1,3,1,2,4,0,1,1,2,1,1,0,0,0,0,0,0,1,0,0,0,0,0,6,0,0,false
/home/alison/jsoup-quality-analysis/work/jsoup/src/main/java/org/jsoup/parser/XmlTreeBuilder.java,org.jsoup.parser.XmlTreeBuilder,"initialiseParse/4[java.lang.String,java.lang.String,org.jsoup.parser.ParseErrorList,org.jsoup.parser.ParseSettings]",false,26,4,3,1,2,1,4,5,0,0,4,4,0,0,0,0,0,0,0,0,0,0,0,0,0,0,4,4,0,false
/home/alison/jsoup-quality-analysis/work/jsoup/src/main/java/org/jsoup/parser/XmlTreeBuilder.java,org.jsoup.parser.XmlTreeBuilder,process/1[org.jsoup.parser.Token],false,33,3,11,0,11,7,11,17,1,0,1,11,5,5,0,0,0,0,1,0,0,1,1,0,0,0,5,4,0,false
/home/alison/jsoup-quality-analysis/work/jsoup/src/main/java/org/jsoup/parser/XmlTreeBuilder.java,org.jsoup.parser.XmlTreeBuilder,popStackToClose/1[org.jsoup.parser.Token.EndTag],false,110,3,3,1,2,6,6,17,1,6,1,6,0,0,2,2,0,0,0,4,7,2,2,0,0,0,25,2,0,true
/home/alison/jsoup-quality-analysis/work/jsoup/src/main/java/org/jsoup/parser/XmlTreeBuilder.java,org.jsoup.parser.XmlTreeBuilder,insert/1[org.jsoup.parser.Token.Comment],false,78,11,14,1,13,5,14,14,0,5,1,14,1,1,0,0,0,1,5,4,6,2,2,0,0,0,12,0,0,false
/home/alison/jsoup-quality-analysis/work/jsoup/src/main/java/org/jsoup/parser/XmlTreeBuilder.java,org.jsoup.parser.XmlTreeBuilder,defaultSettings/0,false,17,1,1,1,0,1,0,3,1,0,0,0,0,0,0,0,0,0,0,0,0,0,0,0,0,0,3,0,0,false
/home/alison/jsoup-quality-analysis/work/jsoup/src/main/java/org/jsoup/parser/XmlTreeBuilder.java,org.jsoup.parser.XmlTreeBuilder,insert/1[org.jsoup.parser.Token.StartTag],false,63,7,10,1,9,3,9,13,1,2,1,9,1,1,0,0,0,0,0,0,2,0,2,0,0,0,7,0,0,false
/home/alison/jsoup-quality-analysis/work/jsoup/src/main/java/org/jsoup/nodes/Document.java,org.jsoup.nodes.Document$OutputSettings,syntax/0,false,444,1,4,4,0,1,0,3,1,0,0,0,0,0,0,0,0,0,0,0,0,0,0,0,0,0,6,1,0,true
/home/alison/jsoup-quality-analysis/work/jsoup/src/main/java/org/jsoup/nodes/Document.java,org.jsoup.nodes.Document$OutputSettings,syntax/1[org.jsoup.nodes.Document.OutputSettings.Syntax],false,454,2,1,1,0,1,0,4,1,0,1,0,0,0,0,0,0,0,0,0,1,0,0,0,0,0,21,1,0,true
/home/alison/jsoup-quality-analysis/work/jsoup/src/main/java/org/jsoup/nodes/Document.java,org.jsoup.nodes.Document$OutputSettings,charset/1[java.lang.String],false,431,1,3,2,1,1,2,4,1,0,1,2,1,1,0,0,0,0,0,0,0,0,0,0,0,0,10,1,0,true
/home/alison/jsoup-quality-analysis/work/jsoup/src/main/java/org/jsoup/nodes/Document.java,org.jsoup.nodes.Document$OutputSettings,escapeMode/0,false,389,1,1,1,0,1,0,3,1,0,0,0,0,0,0,0,0,0,0,0,0,0,0,0,0,0,32,1,0,true
/home/alison/jsoup-quality-analysis/work/jsoup/src/main/java/org/jsoup/nodes/Document.java,org.jsoup.nodes.Document$OutputSettings,encoder/0,false,436,0,1,1,0,1,1,3,1,0,0,1,0,0,0,0,0,0,0,0,0,0,0,0,0,0,3,0,0,false
/home/alison/jsoup-quality-analysis/work/jsoup/src/main/java/org/jsoup/nodes/Document.java,org.jsoup.nodes.Document$OutputSettings,indentAmount/1[int],false,510,2,1,0,1,2,1,5,1,0,1,1,0,0,0,0,0,0,0,1,1,0,0,0,0,0,19,1,0,true
/home/alison/jsoup-quality-analysis/work/jsoup/src/main/java/org/jsoup/nodes/Document.java,org.jsoup.nodes.Document$OutputSettings,indentAmount/0,false,501,0,1,1,0,1,0,3,1,0,0,0,0,0,0,0,0,0,0,0,0,0,0,0,0,0,10,1,0,true
/home/alison/jsoup-quality-analysis/work/jsoup/src/main/java/org/jsoup/nodes/Document.java,org.jsoup.nodes.Document$OutputSettings,OutputSettings/0,true,379,0,0,0,0,1,0,2,0,0,0,0,0,0,0,0,0,0,0,0,0,0,0,0,0,0,2,1,0,false
/home/alison/jsoup-quality-analysis/work/jsoup/src/main/java/org/jsoup/nodes/Document.java,org.jsoup.nodes.Document$OutputSettings,outline/0,false,483,0,3,3,0,1,0,3,1,0,0,0,0,0,0,0,0,0,0,0,0,0,0,0,0,0,18,1,0,true
/home/alison/jsoup-quality-analysis/work/jsoup/src/main/java/org/jsoup/nodes/Document.java,org.jsoup.nodes.Document$OutputSettings,clone/0,false,517,2,3,1,2,2,5,12,1,1,0,5,1,2,0,0,1,0,0,0,2,0,1,0,0,0,9,1,0,false
/home/alison/jsoup-quality-analysis/work/jsoup/src/main/java/org/jsoup/nodes/Document.java,org.jsoup.nodes.Document$OutputSettings,prettyPrint/0,false,464,0,5,5,0,1,0,3,1,0,0,0,0,0,0,0,0,0,0,0,0,0,0,0,0,0,22,1,0,true
/home/alison/jsoup-quality-analysis/work/jsoup/src/main/java/org/jsoup/nodes/Document.java,org.jsoup.nodes.Document$OutputSettings,charset/1[java.nio.charset.Charset],false,421,1,2,2,0,1,0,4,1,0,1,0,0,0,0,0,0,0,0,0,1,0,0,0,0,0,9,1,0,true
/home/alison/jsoup-quality-analysis/work/jsoup/src/main/java/org/jsoup/nodes/Document.java,org.jsoup.nodes.Document$OutputSettings,escapeMode/1[org.jsoup.nodes.Entities.EscapeMode],false,399,2,0,0,0,1,0,4,1,0,1,0,0,0,0,0,0,0,0,0,1,0,0,0,0,0,30,1,0,true
/home/alison/jsoup-quality-analysis/work/jsoup/src/main/java/org/jsoup/nodes/Document.java,org.jsoup.nodes.Document$OutputSettings,prettyPrint/1[boolean],false,473,1,0,0,0,1,0,4,1,0,1,0,0,0,0,0,0,0,0,0,1,0,0,0,0,0,10,1,0,true
/home/alison/jsoup-quality-analysis/work/jsoup/src/main/java/org/jsoup/nodes/Document.java,org.jsoup.nodes.Document$OutputSettings,outline/1[boolean],false,492,1,0,0,0,1,0,4,1,0,1,0,0,0,0,0,0,0,0,0,1,0,0,0,0,0,13,1,0,true
/home/alison/jsoup-quality-analysis/work/jsoup/src/main/java/org/jsoup/nodes/Document.java,org.jsoup.nodes.Document$OutputSettings,charset/0,false,412,0,2,2,0,1,0,3,1,0,0,0,0,0,0,0,0,0,0,0,0,0,0,0,0,0,41,1,0,true
/home/alison/jsoup-quality-analysis/work/jsoup/src/main/java/org/jsoup/select/CombiningEvaluator.java,org.jsoup.select.CombiningEvaluator,CombiningEvaluator/0,true,17,1,0,0,0,1,0,4,0,0,0,0,0,0,0,0,0,0,0,0,1,0,0,0,0,0,3,0,0,false
/home/alison/jsoup-quality-analysis/work/jsoup/src/main/java/org/jsoup/select/CombiningEvaluator.java,org.jsoup.select.CombiningEvaluator,CombiningEvaluator/1[java.util.Collection<org.jsoup.select.Evaluator>],true,22,2,1,0,1,1,2,5,0,0,1,2,1,1,0,0,0,0,0,0,0,0,0,0,0,0,6,0,0,false
/home/alison/jsoup-quality-analysis/work/jsoup/src/main/java/org/jsoup/select/CombiningEvaluator.java,org.jsoup.select.CombiningEvaluator,replaceRightMostEvaluator/1[org.jsoup.select.Evaluator],false,32,1,1,1,0,1,1,3,0,0,1,1,0,0,0,0,0,0,0,1,0,1,0,0,0,0,6,0,0,false
/home/alison/jsoup-quality-analysis/work/jsoup/src/main/java/org/jsoup/select/CombiningEvaluator.java,org.jsoup.select.CombiningEvaluator,updateNumEvaluators/0,false,36,0,3,3,0,1,1,3,0,0,0,1,0,0,0,0,0,0,0,0,1,0,0,0,0,0,4,0,0,false
/home/alison/jsoup-quality-analysis/work/jsoup/src/main/java/org/jsoup/select/CombiningEvaluator.java,org.jsoup.select.CombiningEvaluator,rightMostEvaluator/0,false,28,1,1,1,0,2,1,3,1,0,0,1,0,0,0,0,0,0,0,2,0,1,0,0,0,0,5,0,0,false
/home/alison/jsoup-quality-analysis/work/jsoup/src/main/java/org/jsoup/select/Evaluator.java,org.jsoup.select.Evaluator$ContainsData,toString/0,false,684,0,0,0,0,1,1,3,1,0,0,1,0,0,0,0,0,0,1,0,0,0,0,0,0,0,2,1,0,false
/home/alison/jsoup-quality-analysis/work/jsoup/src/main/java/org/jsoup/select/Evaluator.java,org.jsoup.select.Evaluator$ContainsData,"matches/2[org.jsoup.nodes.Element,org.jsoup.nodes.Element]",false,679,2,2,0,2,1,3,3,1,0,2,3,0,0,0,0,0,0,0,0,0,0,0,0,0,0,7,1,0,false
/home/alison/jsoup-quality-analysis/work/jsoup/src/main/java/org/jsoup/select/Evaluator.java,org.jsoup.select.Evaluator$ContainsData,ContainsData/1[java.lang.String],true,674,1,2,1,1,1,1,3,0,0,1,1,0,0,0,0,0,0,0,0,1,0,0,0,0,0,6,1,0,false
/home/alison/jsoup-quality-analysis/work/jsoup/src/main/java/org/jsoup/helper/StringUtil.java,org.jsoup.helper.StringUtil,normaliseWhitespace/1[java.lang.String],false,115,1,3,2,1,1,3,5,1,1,1,3,1,2,0,0,0,0,0,0,1,0,0,0,0,0,26,9,0,true
/home/alison/jsoup-quality-analysis/work/jsoup/src/main/java/org/jsoup/helper/StringUtil.java,org.jsoup.helper.StringUtil,isNumeric/1[java.lang.String],false,88,0,1,1,0,5,3,8,3,2,1,3,0,0,1,2,0,0,0,2,2,0,2,0,0,0,20,9,0,true
/home/alison/jsoup-quality-analysis/work/jsoup/src/main/java/org/jsoup/helper/StringUtil.java,org.jsoup.helper.StringUtil,"appendNormalisedWhitespace/3[java.lang.StringBuilder,java.lang.String,boolean]",false,127,1,3,2,1,6,6,19,0,5,3,6,1,1,1,0,0,1,0,1,9,0,3,0,0,0,37,9,0,true
/home/alison/jsoup-quality-analysis/work/jsoup/src/main/java/org/jsoup/helper/StringUtil.java,org.jsoup.helper.StringUtil,"join/2[java.util.Iterator,java.lang.String]",false,32,0,1,1,0,4,6,11,3,2,2,6,0,0,1,0,0,0,1,1,2,0,1,0,0,0,21,9,0,true
/home/alison/jsoup-quality-analysis/work/jsoup/src/main/java/org/jsoup/helper/StringUtil.java,org.jsoup.helper.StringUtil,"in/2[java.lang.String,java.lang.String[]]",false,149,0,12,12,0,3,1,6,2,0,2,1,0,0,1,0,0,0,0,0,0,0,2,0,0,0,6,9,0,false
/home/alison/jsoup-quality-analysis/work/jsoup/src/main/java/org/jsoup/helper/StringUtil.java,org.jsoup.helper.StringUtil,"resolve/2[java.lang.String,java.lang.String]",false,185,1,2,1,1,3,2,16,3,2,2,2,1,1,0,0,2,0,1,0,2,0,2,0,0,0,35,9,0,true
/home/alison/jsoup-quality-analysis/work/jsoup/src/main/java/org/jsoup/helper/StringUtil.java,org.jsoup.helper.StringUtil,"join/2[java.util.Collection,java.lang.String]",false,22,1,4,3,1,1,2,3,1,0,2,2,1,1,0,0,0,0,0,0,0,0,0,0,0,0,16,9,0,true
/home/alison/jsoup-quality-analysis/work/jsoup/src/main/java/org/jsoup/helper/StringUtil.java,org.jsoup.helper.StringUtil,isBlank/1[java.lang.String],false,71,1,4,3,1,5,3,8,3,2,1,3,1,1,1,2,0,0,0,2,2,0,2,0,0,0,17,9,0,true
/home/alison/jsoup-quality-analysis/work/jsoup/src/main/java/org/jsoup/helper/StringUtil.java,org.jsoup.helper.StringUtil,isWhitespace/1[int],false,105,0,5,5,0,6,0,3,1,0,1,0,0,0,0,5,0,0,0,0,0,0,0,0,0,0,20,9,0,true
/home/alison/jsoup-quality-analysis/work/jsoup/src/main/java/org/jsoup/helper/StringUtil.java,org.jsoup.helper.StringUtil,"inSorted/2[java.lang.String,java.lang.String[]]",false,157,0,1,1,0,2,1,3,1,0,2,1,0,0,0,0,0,0,0,1,0,0,0,0,0,0,3,9,0,false
/home/alison/jsoup-quality-analysis/work/jsoup/src/main/java/org/jsoup/helper/StringUtil.java,org.jsoup.helper.StringUtil,padding/1[int],false,53,1,1,1,0,4,1,7,2,2,1,1,0,0,1,0,0,0,1,2,3,0,1,0,0,0,16,9,0,true
/home/alison/jsoup-quality-analysis/work/jsoup/src/main/java/org/jsoup/helper/StringUtil.java,org.jsoup.helper.StringUtil,"resolve/2[java.net.URL,java.lang.String]",false,168,0,2,2,0,4,7,7,1,0,2,7,0,0,0,2,0,0,2,2,2,2,1,0,0,0,30,9,0,true
/home/alison/jsoup-quality-analysis/work/jsoup/src/main/java/org/jsoup/internal/Normalizer.java,org.jsoup.internal.Normalizer,normalize/1[java.lang.String],false,10,1,6,5,1,1,2,3,1,0,1,2,1,1,0,0,0,0,0,0,0,0,0,0,0,0,4,9,0,false
/home/alison/jsoup-quality-analysis/work/jsoup/src/main/java/org/jsoup/internal/Normalizer.java,org.jsoup.internal.Normalizer,lowerCase/1[java.lang.String],false,6,0,22,22,0,1,1,3,1,0,1,1,0,0,0,0,0,0,0,0,0,0,0,0,0,0,3,9,0,false
/home/alison/jsoup-quality-analysis/work/jsoup/src/main/java/org/jsoup/nodes/Attributes.java,org.jsoup.nodes.Attributes$Dataset$EntrySet,size/0,false,313,1,1,0,1,2,1,6,1,2,0,1,0,0,1,0,0,0,0,1,2,0,1,0,0,0,5,1,0,false
/home/alison/jsoup-quality-analysis/work/jsoup/src/main/java/org/jsoup/nodes/Attributes.java,org.jsoup.nodes.Attributes$Dataset$EntrySet,iterator/0,false,308,1,1,0,1,1,0,3,1,0,0,0,0,0,0,0,0,0,0,0,0,0,0,0,0,0,3,1,0,false
/home/alison/jsoup-quality-analysis/work/jsoup/src/main/java/org/jsoup/nodes/Attributes.java,org.jsoup.nodes.Attributes$Dataset,Dataset/0,true,286,1,1,1,0,2,0,3,0,0,0,0,0,0,0,1,0,0,0,1,1,0,1,0,0,0,3,2,0,false
/home/alison/jsoup-quality-analysis/work/jsoup/src/main/java/org/jsoup/nodes/Attributes.java,org.jsoup.nodes.Attributes$Dataset,"put/2[java.lang.String,java.lang.String]",false,297,2,4,0,4,2,5,7,1,3,2,5,0,0,0,0,0,0,0,0,3,0,0,0,0,0,11,1,0,false
/home/alison/jsoup-quality-analysis/work/jsoup/src/main/java/org/jsoup/nodes/Attributes.java,org.jsoup.nodes.Attributes$Dataset,entrySet/0,false,292,1,1,0,1,1,0,3,1,0,0,0,0,0,0,0,0,0,0,0,0,0,0,0,0,0,3,1,0,false
/home/alison/jsoup-quality-analysis/work/jsoup/src/main/java/org/jsoup/parser/TokeniserState.java,org.jsoup.parser.TokeniserState$Anonymous13,"read/2[org.jsoup.parser.Tokeniser,org.jsoup.parser.CharacterReader]",false,209,4,53,0,53,12,9,24,1,2,2,9,1,1,0,0,0,0,0,0,2,0,2,0,0,0,15,0,0,false
/home/alison/jsoup-quality-analysis/work/jsoup/src/main/java/org/jsoup/parser/TokeniserState.java,org.jsoup.parser.TokeniserState$Anonymous13,"anythingElse/2[org.jsoup.parser.Tokeniser,org.jsoup.parser.CharacterReader]",false,248,2,4,1,3,1,4,5,0,0,2,4,0,0,0,0,0,0,1,0,0,1,0,0,0,0,5,2,0,false
/home/alison/jsoup-quality-analysis/work/jsoup/src/main/java/org/jsoup/parser/TokeniserState.java,org.jsoup.parser.TokeniserState$Anonymous14,"read/2[org.jsoup.parser.Tokeniser,org.jsoup.parser.CharacterReader]",false,255,2,53,0,53,2,5,10,0,0,2,5,0,0,0,0,0,0,0,0,0,0,1,0,0,0,7,0,0,false
/home/alison/jsoup-quality-analysis/work/jsoup/src/main/java/org/jsoup/helper/Validate.java,org.jsoup.helper.Validate,notNull/1[java.lang.Object],false,14,0,56,56,0,2,0,3,0,0,1,0,0,0,0,1,0,0,1,0,0,0,1,0,0,0,17,9,0,true
/home/alison/jsoup-quality-analysis/work/jsoup/src/main/java/org/jsoup/helper/Validate.java,org.jsoup.helper.Validate,fail/1[java.lang.String],false,109,0,5,5,0,1,0,3,0,0,1,0,0,0,0,0,0,0,0,0,0,0,0,0,0,0,9,9,0,true
/home/alison/jsoup-quality-analysis/work/jsoup/src/main/java/org/jsoup/helper/Validate.java,org.jsoup.helper.Validate,isFalse/1[boolean],false,52,0,1,1,0,2,0,3,0,0,1,0,0,0,0,0,0,0,1,0,0,0,1,0,0,0,15,9,0,true
/home/alison/jsoup-quality-analysis/work/jsoup/src/main/java/org/jsoup/helper/Validate.java,org.jsoup.helper.Validate,noNullElements/1[java.lang.Object[]],false,71,1,2,1,1,1,1,3,0,0,1,1,1,1,0,0,0,0,1,0,0,0,0,0,0,0,17,9,0,true
/home/alison/jsoup-quality-analysis/work/jsoup/src/main/java/org/jsoup/helper/Validate.java,org.jsoup.helper.Validate,"notNull/2[java.lang.Object,java.lang.String]",false,24,0,21,21,0,2,0,3,0,0,2,0,0,0,0,1,0,0,0,0,0,0,1,0,0,0,20,9,0,true
/home/alison/jsoup-quality-analysis/work/jsoup/src/main/java/org/jsoup/helper/Validate.java,org.jsoup.helper.Validate,isTrue/1[boolean],false,33,0,5,5,0,2,0,3,0,0,1,0,0,0,0,0,0,0,1,0,0,0,1,0,0,0,15,9,0,true
/home/alison/jsoup-quality-analysis/work/jsoup/src/main/java/org/jsoup/helper/Validate.java,org.jsoup.helper.Validate,Validate/0,true,8,0,0,0,0,1,0,2,0,0,0,0,0,0,0,0,0,0,0,0,0,0,0,0,0,0,1,2,0,false
/home/alison/jsoup-quality-analysis/work/jsoup/src/main/java/org/jsoup/helper/Validate.java,org.jsoup.helper.Validate,"noNullElements/2[java.lang.Object[],java.lang.String]",false,80,0,1,1,0,3,0,3,0,0,2,0,0,0,1,1,0,0,0,0,0,0,2,0,0,0,23,9,0,true
/home/alison/jsoup-quality-analysis/work/jsoup/src/main/java/org/jsoup/helper/Validate.java,org.jsoup.helper.Validate,"isFalse/2[boolean,java.lang.String]",false,62,0,3,3,0,2,0,3,0,0,2,0,0,0,0,0,0,0,0,0,0,0,1,0,0,0,19,9,0,true
/home/alison/jsoup-quality-analysis/work/jsoup/src/main/java/org/jsoup/helper/Validate.java,org.jsoup.helper.Validate,"isTrue/2[boolean,java.lang.String]",false,43,0,16,16,0,2,0,3,0,0,2,0,0,0,0,0,0,0,0,0,0,0,1,0,0,0,19,9,0,true
/home/alison/jsoup-quality-analysis/work/jsoup/src/main/java/org/jsoup/helper/Validate.java,org.jsoup.helper.Validate,"notEmpty/2[java.lang.String,java.lang.String]",false,100,0,19,19,0,3,1,3,0,0,2,1,0,0,0,2,0,0,0,1,0,0,1,0,0,0,19,9,0,true
/home/alison/jsoup-quality-analysis/work/jsoup/src/main/java/org/jsoup/helper/Validate.java,org.jsoup.helper.Validate,notEmpty/1[java.lang.String],false,90,0,31,31,0,3,1,3,0,0,1,1,0,0,0,2,0,0,1,1,0,0,1,0,0,0,16,9,0,true
/home/alison/jsoup-quality-analysis/work/jsoup/src/main/java/org/jsoup/parser/TokeniserState.java,org.jsoup.parser.TokeniserState$Anonymous15,"read/2[org.jsoup.parser.Tokeniser,org.jsoup.parser.CharacterReader]",false,266,3,53,0,53,1,1,3,0,0,2,1,0,0,0,0,0,0,0,0,0,0,0,0,0,0,5,0,0,false
/home/alison/jsoup-quality-analysis/work/jsoup/src/main/java/org/jsoup/parser/TokeniserState.java,org.jsoup.parser.TokeniserState$Anonymous16,"read/2[org.jsoup.parser.Tokeniser,org.jsoup.parser.CharacterReader]",false,271,3,53,0,53,1,1,3,0,0,2,1,0,0,0,0,0,0,0,0,0,0,0,0,0,0,7,0,0,false
/home/alison/jsoup-quality-analysis/work/jsoup/src/main/java/org/jsoup/parser/TokeniserState.java,org.jsoup.parser.TokeniserState$Anonymous10,"read/2[org.jsoup.parser.Tokeniser,org.jsoup.parser.CharacterReader]",false,145,3,53,0,53,10,6,17,0,1,2,6,0,0,0,0,0,0,0,0,1,0,1,0,0,0,14,0,0,false
/home/alison/jsoup-quality-analysis/work/jsoup/src/main/java/org/jsoup/parser/TokeniserState.java,org.jsoup.parser.TokeniserState$Anonymous11,"read/2[org.jsoup.parser.Tokeniser,org.jsoup.parser.CharacterReader]",false,178,3,53,0,53,5,12,16,0,0,2,12,0,0,0,1,0,0,2,0,1,1,1,0,0,0,15,0,0,false
/home/alison/jsoup-quality-analysis/work/jsoup/src/main/java/org/jsoup/parser/TokeniserState.java,org.jsoup.parser.TokeniserState$Anonymous12,"read/2[org.jsoup.parser.Tokeniser,org.jsoup.parser.CharacterReader]",false,196,3,53,0,53,2,8,12,0,0,2,8,0,0,0,0,0,0,1,0,0,0,1,0,0,0,13,0,0,false
/home/alison/jsoup-quality-analysis/work/jsoup/src/main/java/org/jsoup/parser/TokeniserState.java,org.jsoup.parser.TokeniserState$Anonymous17,"read/2[org.jsoup.parser.Tokeniser,org.jsoup.parser.CharacterReader]",false,276,2,53,0,53,3,5,13,0,0,2,5,0,0,0,0,0,0,2,0,0,0,1,0,0,0,10,0,0,false
/home/alison/jsoup-quality-analysis/work/jsoup/src/main/java/org/jsoup/parser/TokeniserState.java,org.jsoup.parser.TokeniserState$Anonymous18,"read/2[org.jsoup.parser.Tokeniser,org.jsoup.parser.CharacterReader]",false,294,3,53,0,53,1,1,3,0,0,2,1,0,0,0,0,0,0,0,0,0,0,0,0,0,0,5,0,0,false
/home/alison/jsoup-quality-analysis/work/jsoup/src/main/java/org/jsoup/helper/DescendableLinkedList.java,org.jsoup.helper.DescendableLinkedList$DescendingIterator,next/0,false,72,1,0,0,0,1,1,3,1,0,0,1,0,0,0,0,0,0,0,0,0,0,0,0,0,0,4,1,0,true
/home/alison/jsoup-quality-analysis/work/jsoup/src/main/java/org/jsoup/helper/DescendableLinkedList.java,org.jsoup.helper.DescendableLinkedList$DescendingIterator,remove/0,false,79,0,0,0,0,1,1,3,0,0,0,1,0,0,0,0,0,0,0,0,0,0,0,0,0,0,4,1,0,true
/home/alison/jsoup-quality-analysis/work/jsoup/src/main/java/org/jsoup/helper/DescendableLinkedList.java,org.jsoup.helper.DescendableLinkedList$DescendingIterator,hasNext/0,false,64,0,0,0,0,1,1,3,1,0,0,1,0,0,0,0,0,0,0,0,0,0,0,0,0,0,9,1,0,true
/home/alison/jsoup-quality-analysis/work/jsoup/src/main/java/org/jsoup/helper/DescendableLinkedList.java,org.jsoup.helper.DescendableLinkedList$DescendingIterator,DescendingIterator/1[int],true,56,1,0,0,0,1,1,3,0,0,1,1,0,0,0,0,0,0,1,0,1,0,0,0,0,0,5,2,0,false
/home/alison/jsoup-quality-analysis/work/jsoup/src/main/java/org/jsoup/parser/TokeniserState.java,org.jsoup.parser.TokeniserState$Anonymous19,"read/2[org.jsoup.parser.Tokeniser,org.jsoup.parser.CharacterReader]",false,299,3,53,0,53,1,1,3,0,0,2,1,0,0,0,0,0,0,0,0,0,0,0,0,0,0,7,0,0,false
/home/alison/jsoup-quality-analysis/work/jsoup/src/main/java/org/jsoup/select/Evaluator.java,org.jsoup.select.Evaluator$CssNthEvaluator,"CssNthEvaluator/2[int,int]",true,433,0,0,0,0,1,0,4,0,0,2,0,0,0,0,0,0,0,0,0,2,0,0,0,0,0,5,1,0,false
/home/alison/jsoup-quality-analysis/work/jsoup/src/main/java/org/jsoup/select/Evaluator.java,org.jsoup.select.Evaluator$CssNthEvaluator,"matches/2[org.jsoup.nodes.Element,org.jsoup.nodes.Element]",false,442,3,2,0,2,6,2,7,3,2,2,2,1,1,0,4,0,3,0,3,2,4,1,0,0,0,12,1,0,false
/home/alison/jsoup-quality-analysis/work/jsoup/src/main/java/org/jsoup/select/Evaluator.java,org.jsoup.select.Evaluator$CssNthEvaluator,CssNthEvaluator/1[int],true,437,0,0,0,0,1,0,3,0,0,1,0,0,0,0,0,0,0,0,1,0,0,0,0,0,0,4,1,0,false
/home/alison/jsoup-quality-analysis/work/jsoup/src/main/java/org/jsoup/select/Evaluator.java,org.jsoup.select.Evaluator$CssNthEvaluator,getPseudoClass/0,false,461,0,1,1,0,1,0,1,0,0,0,0,0,0,0,0,0,0,0,0,0,0,0,0,0,0,3,1028,0,false
/home/alison/jsoup-quality-analysis/work/jsoup/src/main/java/org/jsoup/select/Evaluator.java,org.jsoup.select.Evaluator$CssNthEvaluator,toString/0,false,453,1,1,0,1,3,2,5,3,0,0,2,1,1,0,2,0,0,3,2,0,0,1,0,0,0,5,1,0,false
/home/alison/jsoup-quality-analysis/work/jsoup/src/main/java/org/jsoup/select/Evaluator.java,org.jsoup.select.Evaluator$CssNthEvaluator,"calculatePosition/2[org.jsoup.nodes.Element,org.jsoup.nodes.Element]",false,462,1,1,1,0,1,0,1,0,0,2,0,0,0,0,0,0,0,0,0,0,0,0,0,0,0,4,1028,0,false
/home/alison/jsoup-quality-analysis/work/jsoup/src/main/java/org/jsoup/parser/Token.java,org.jsoup.parser.Token$Comment,getData/0,false,276,0,3,3,0,1,1,3,1,0,0,1,0,0,0,0,0,0,0,0,0,0,0,0,0,0,2,0,0,false
/home/alison/jsoup-quality-analysis/work/jsoup/src/main/java/org/jsoup/parser/Token.java,org.jsoup.parser.Token$Comment,reset/0,false,266,2,2,1,1,1,1,5,1,0,0,1,0,0,0,0,0,0,0,0,1,0,0,0,0,0,5,0,0,false
/home/alison/jsoup-quality-analysis/work/jsoup/src/main/java/org/jsoup/parser/Token.java,org.jsoup.parser.Token$Comment,Comment/0,true,272,0,1,1,0,1,0,3,0,0,0,0,0,0,0,0,0,0,0,0,1,0,0,0,0,0,2,0,0,false
/home/alison/jsoup-quality-analysis/work/jsoup/src/main/java/org/jsoup/parser/Token.java,org.jsoup.parser.Token$Comment,toString/0,false,281,1,1,0,1,1,1,3,1,0,0,1,1,1,0,0,0,0,2,0,0,1,0,0,0,0,4,1,0,false
/home/alison/jsoup-quality-analysis/work/jsoup/src/main/java/org/jsoup/select/Evaluator.java,org.jsoup.select.Evaluator$IsFirstOfType,toString/0,false,414,0,0,0,0,1,0,3,1,0,0,0,0,0,0,0,0,0,1,0,0,0,0,0,0,0,3,1,0,false
/home/alison/jsoup-quality-analysis/work/jsoup/src/main/java/org/jsoup/select/Evaluator.java,org.jsoup.select.Evaluator$IsFirstOfType,IsFirstOfType/0,true,410,0,1,1,0,1,0,3,0,0,0,0,0,0,0,0,0,0,0,2,0,0,0,0,0,0,4,1,0,false
/home/alison/jsoup-quality-analysis/work/jsoup/src/main/java/org/jsoup/parser/ParseError.java,org.jsoup.parser.ParseError,"ParseError/2[int,java.lang.String]",true,10,0,1,1,0,1,0,4,0,0,2,0,0,0,0,0,0,0,0,0,2,0,0,0,0,0,5,0,0,false
/home/alison/jsoup-quality-analysis/work/jsoup/src/main/java/org/jsoup/parser/ParseError.java,org.jsoup.parser.ParseError,getPosition/0,false,32,0,0,0,0,1,0,3,1,0,0,0,0,0,0,0,0,0,0,0,0,0,0,0,0,0,10,1,0,true
/home/alison/jsoup-quality-analysis/work/jsoup/src/main/java/org/jsoup/parser/ParseError.java,org.jsoup.parser.ParseError,"ParseError/3[int,java.lang.String,java.lang.Object[]]",true,15,0,4,4,0,1,1,4,0,0,3,1,0,0,0,0,0,0,0,0,2,0,0,0,0,0,4,0,0,false
/home/alison/jsoup-quality-analysis/work/jsoup/src/main/java/org/jsoup/parser/ParseError.java,org.jsoup.parser.ParseError,getErrorMessage/0,false,24,0,0,0,0,1,0,3,1,0,0,0,0,0,0,0,0,0,0,0,0,0,0,0,0,0,7,1,0,true
/home/alison/jsoup-quality-analysis/work/jsoup/src/main/java/org/jsoup/parser/ParseError.java,org.jsoup.parser.ParseError,toString/0,false,37,0,0,0,0,1,0,3,1,0,0,0,0,0,0,0,0,0,1,0,0,1,0,0,0,0,5,1,0,false
/home/alison/jsoup-quality-analysis/work/jsoup/src/main/java/org/jsoup/parser/TokeniserState.java,org.jsoup.parser.TokeniserState$Anonymous64,"read/2[org.jsoup.parser.Tokeniser,org.jsoup.parser.CharacterReader]",false,1522,2,53,0,53,5,6,21,0,1,2,6,0,0,0,0,0,0,0,0,3,0,1,0,0,0,12,0,2,false
/home/alison/jsoup-quality-analysis/work/jsoup/src/main/java/org/jsoup/parser/TokeniserState.java,org.jsoup.parser.TokeniserState$Anonymous65,"read/2[org.jsoup.parser.Tokeniser,org.jsoup.parser.CharacterReader]",false,1550,2,53,0,53,8,5,16,0,1,2,5,0,0,0,0,0,0,0,0,2,0,1,0,0,0,8,0,1,false
/home/alison/jsoup-quality-analysis/work/jsoup/src/main/java/org/jsoup/parser/TreeBuilder.java,org.jsoup.parser.TreeBuilder,currentElement/0,false,84,1,9,9,0,2,2,4,1,1,0,2,0,0,0,0,0,0,0,2,1,1,0,0,0,0,4,4,0,false
/home/alison/jsoup-quality-analysis/work/jsoup/src/main/java/org/jsoup/parser/TreeBuilder.java,org.jsoup.parser.TreeBuilder,processEndTag/1[java.lang.String],false,76,3,9,5,4,2,3,6,2,0,1,3,1,1,0,1,0,0,0,0,0,0,1,0,0,0,7,4,0,false
/home/alison/jsoup-quality-analysis/work/jsoup/src/main/java/org/jsoup/parser/TreeBuilder.java,org.jsoup.parser.TreeBuilder,process/1[org.jsoup.parser.Token],false,58,1,6,6,0,1,0,1,0,0,1,0,0,0,0,0,0,0,0,0,0,0,0,0,0,0,3,1028,0,false
/home/alison/jsoup-quality-analysis/work/jsoup/src/main/java/org/jsoup/parser/TreeBuilder.java,org.jsoup.parser.TreeBuilder,"parse/4[java.lang.String,java.lang.String,org.jsoup.parser.ParseErrorList,org.jsoup.parser.ParseSettings]",false,41,4,5,3,2,1,2,5,1,0,4,2,2,2,0,0,0,0,0,0,0,0,0,0,0,0,8,0,0,false
/home/alison/jsoup-quality-analysis/work/jsoup/src/main/java/org/jsoup/parser/TreeBuilder.java,org.jsoup.parser.TreeBuilder,processStartTag/1[java.lang.String],false,60,3,6,2,4,2,3,6,2,0,1,3,1,1,0,1,0,0,0,0,0,0,1,0,0,0,7,4,0,false
/home/alison/jsoup-quality-analysis/work/jsoup/src/main/java/org/jsoup/parser/TreeBuilder.java,org.jsoup.parser.TreeBuilder,defaultSettings/0,false,26,1,2,2,0,1,0,1,0,0,0,0,0,0,0,0,0,0,0,0,0,0,0,0,0,0,3,1024,0,false
/home/alison/jsoup-quality-analysis/work/jsoup/src/main/java/org/jsoup/parser/TreeBuilder.java,org.jsoup.parser.TreeBuilder,"initialiseParse/4[java.lang.String,java.lang.String,org.jsoup.parser.ParseErrorList,org.jsoup.parser.ParseSettings]",false,28,7,6,2,4,1,1,11,0,0,4,1,0,0,0,0,0,0,2,1,7,0,0,0,0,0,18,4,0,false
/home/alison/jsoup-quality-analysis/work/jsoup/src/main/java/org/jsoup/parser/TreeBuilder.java,org.jsoup.parser.TreeBuilder,runParser/0,false,47,3,6,3,3,3,3,8,0,1,0,3,1,1,1,1,0,0,0,0,1,0,2,0,0,0,6,4,0,false
/home/alison/jsoup-quality-analysis/work/jsoup/src/main/java/org/jsoup/parser/TreeBuilder.java,org.jsoup.parser.TreeBuilder,"processStartTag/2[java.lang.String,org.jsoup.nodes.Attributes]",false,67,3,5,1,4,2,3,8,2,0,2,3,1,1,0,1,0,0,0,0,0,0,1,0,0,0,7,1,0,false
/home/alison/jsoup-quality-analysis/work/jsoup/src/main/java/org/jsoup/parser/TokeniserState.java,org.jsoup.parser.TokeniserState$Anonymous66,"read/2[org.jsoup.parser.Tokeniser,org.jsoup.parser.CharacterReader]",false,1577,2,53,0,53,3,3,12,0,1,2,3,0,0,0,0,0,0,0,0,1,0,1,0,0,0,5,0,0,false
/home/alison/jsoup-quality-analysis/work/jsoup/src/main/java/org/jsoup/parser/TokeniserState.java,org.jsoup.parser.TokeniserState$Anonymous67,"read/2[org.jsoup.parser.Tokeniser,org.jsoup.parser.CharacterReader]",false,1595,2,53,0,53,1,4,6,0,1,2,4,0,0,0,0,0,0,2,0,1,0,0,0,0,0,5,0,0,false
/home/alison/jsoup-quality-analysis/work/jsoup/src/main/java/org/jsoup/parser/TokeniserState.java,org.jsoup.parser.TokeniserState$Anonymous1,"read/2[org.jsoup.parser.Tokeniser,org.jsoup.parser.CharacterReader]",false,13,3,53,0,53,5,8,16,0,1,2,8,0,0,0,0,0,0,0,0,1,0,1,0,0,0,10,0,1,false
/home/alison/jsoup-quality-analysis/work/jsoup/src/main/java/org/jsoup/parser/Parser.java,org.jsoup.parser.Parser,"parseXmlFragment/2[java.lang.String,java.lang.String]",false,141,3,4,0,4,1,3,4,1,1,2,3,0,0,0,0,0,0,0,0,1,0,0,0,0,0,32,9,0,true
/home/alison/jsoup-quality-analysis/work/jsoup/src/main/java/org/jsoup/parser/Parser.java,org.jsoup.parser.Parser,settings/1[org.jsoup.parser.ParseSettings],false,80,2,0,0,0,1,0,4,1,0,1,0,0,0,0,0,0,0,0,0,1,0,0,0,0,0,4,1,0,false
/home/alison/jsoup-quality-analysis/work/jsoup/src/main/java/org/jsoup/parser/Parser.java,org.jsoup.parser.Parser,xmlParser/0,false,206,2,4,2,2,1,0,3,1,0,0,0,0,0,0,0,0,0,0,0,0,0,0,0,0,0,31,9,0,true
/home/alison/jsoup-quality-analysis/work/jsoup/src/main/java/org/jsoup/parser/Parser.java,org.jsoup.parser.Parser,htmlParser/0,false,197,2,5,3,2,1,0,3,1,0,0,0,0,0,0,0,0,0,0,0,0,0,0,0,0,0,27,9,0,true
/home/alison/jsoup-quality-analysis/work/jsoup/src/main/java/org/jsoup/parser/Parser.java,org.jsoup.parser.Parser,setTrackErrors/1[int],false,67,1,0,0,0,1,0,4,1,0,1,0,0,0,0,0,0,0,0,0,1,0,0,0,0,0,20,1,0,true
/home/alison/jsoup-quality-analysis/work/jsoup/src/main/java/org/jsoup/parser/Parser.java,org.jsoup.parser.Parser,setTreeBuilder/1[org.jsoup.parser.TreeBuilder],false,49,2,0,0,0,1,0,4,1,0,1,0,0,0,0,0,0,0,0,0,1,0,0,0,0,0,12,1,0,true
/home/alison/jsoup-quality-analysis/work/jsoup/src/main/java/org/jsoup/parser/Parser.java,org.jsoup.parser.Parser,"parseFragment/3[java.lang.String,org.jsoup.nodes.Element,java.lang.String]",false,113,4,9,5,4,1,3,4,1,1,3,3,0,0,0,0,0,0,0,0,1,0,0,0,0,0,49,9,0,true
/home/alison/jsoup-quality-analysis/work/jsoup/src/main/java/org/jsoup/parser/Parser.java,org.jsoup.parser.Parser,"parseBodyFragment/2[java.lang.String,java.lang.String]",false,154,4,7,2,5,3,7,13,1,5,2,7,1,1,2,0,0,0,0,2,5,1,1,0,0,0,38,9,0,true
/home/alison/jsoup-quality-analysis/work/jsoup/src/main/java/org/jsoup/parser/Parser.java,org.jsoup.parser.Parser,isTrackErrors/0,false,58,0,1,1,0,2,0,3,1,0,0,0,0,0,0,0,0,0,0,1,0,0,0,0,0,0,10,1,0,true
/home/alison/jsoup-quality-analysis/work/jsoup/src/main/java/org/jsoup/parser/Parser.java,org.jsoup.parser.Parser,getErrors/0,false,76,2,0,0,0,1,0,3,1,0,0,0,0,0,0,0,0,0,0,0,0,0,0,0,0,0,14,1,0,true
/home/alison/jsoup-quality-analysis/work/jsoup/src/main/java/org/jsoup/parser/Parser.java,org.jsoup.parser.Parser,"parseFragment/4[java.lang.String,org.jsoup.nodes.Element,java.lang.String,org.jsoup.parser.ParseErrorList]",false,129,4,4,1,3,1,2,4,1,1,4,2,0,0,0,0,0,0,0,0,1,0,0,0,0,0,53,9,0,true
/home/alison/jsoup-quality-analysis/work/jsoup/src/main/java/org/jsoup/parser/Parser.java,org.jsoup.parser.Parser,"parseBodyFragmentRelaxed/2[java.lang.String,java.lang.String]",false,186,2,1,0,1,1,1,3,1,0,2,1,1,1,0,0,0,0,0,0,0,0,0,0,0,0,27,9,0,true
/home/alison/jsoup-quality-analysis/work/jsoup/src/main/java/org/jsoup/parser/Parser.java,org.jsoup.parser.Parser,settings/0,false,85,1,0,0,0,1,0,3,1,0,0,0,0,0,0,0,0,0,0,0,0,0,0,0,0,0,3,1,0,false
/home/alison/jsoup-quality-analysis/work/jsoup/src/main/java/org/jsoup/parser/Parser.java,org.jsoup.parser.Parser,"unescapeEntities/2[java.lang.String,boolean]",false,174,3,5,1,4,1,2,4,1,1,2,2,0,0,0,0,0,0,0,0,1,0,0,0,0,0,30,9,0,true
/home/alison/jsoup-quality-analysis/work/jsoup/src/main/java/org/jsoup/parser/Parser.java,org.jsoup.parser.Parser,getTreeBuilder/0,false,40,1,0,0,0,1,0,3,1,0,0,0,0,0,0,0,0,0,0,0,0,0,0,0,0,0,9,1,0,true
/home/alison/jsoup-quality-analysis/work/jsoup/src/main/java/org/jsoup/parser/Parser.java,org.jsoup.parser.Parser,"parse/2[java.lang.String,java.lang.String]",false,98,4,7,3,4,1,3,4,1,1,2,3,0,0,0,0,0,0,0,0,1,0,0,0,0,0,28,9,0,true
/home/alison/jsoup-quality-analysis/work/jsoup/src/main/java/org/jsoup/parser/Parser.java,org.jsoup.parser.Parser,Parser/1[org.jsoup.parser.TreeBuilder],true,25,1,3,2,1,1,1,4,0,0,1,1,0,0,0,0,0,0,0,0,2,0,0,0,0,0,15,1,0,true
/home/alison/jsoup-quality-analysis/work/jsoup/src/main/java/org/jsoup/parser/Parser.java,org.jsoup.parser.Parser,"parseInput/2[java.lang.String,java.lang.String]",false,30,4,6,2,4,2,4,4,1,0,2,4,1,1,0,0,0,0,0,0,1,0,0,0,0,0,10,1,0,false
/home/alison/jsoup-quality-analysis/work/jsoup/src/main/java/org/jsoup/select/Evaluator.java,org.jsoup.select.Evaluator$IsEmpty,toString/0,false,629,0,0,0,0,1,0,3,1,0,0,0,0,0,0,0,0,0,1,0,0,0,0,0,0,0,2,1,0,false
/home/alison/jsoup-quality-analysis/work/jsoup/src/main/java/org/jsoup/select/Evaluator.java,org.jsoup.select.Evaluator$IsEmpty,"matches/2[org.jsoup.nodes.Element,org.jsoup.nodes.Element]",false,621,5,1,0,1,5,1,7,2,1,2,1,0,0,1,0,0,1,0,0,1,0,2,0,0,0,13,1,0,false
/home/alison/jsoup-quality-analysis/work/jsoup/src/main/java/org/jsoup/parser/TokeniserState.java,org.jsoup.parser.TokeniserState$Anonymous7,"read/2[org.jsoup.parser.Tokeniser,org.jsoup.parser.CharacterReader]",false,82,3,53,0,53,3,7,13,0,1,2,7,0,0,0,0,0,0,0,0,1,0,1,0,0,0,7,0,1,false
/home/alison/jsoup-quality-analysis/work/jsoup/src/main/java/org/jsoup/parser/TokeniserState.java,org.jsoup.parser.TokeniserState$Anonymous6,"read/2[org.jsoup.parser.Tokeniser,org.jsoup.parser.CharacterReader]",false,77,3,53,0,53,1,1,3,0,0,2,1,0,0,0,0,0,0,0,0,0,0,0,0,0,0,4,0,0,false
/home/alison/jsoup-quality-analysis/work/jsoup/src/main/java/org/jsoup/parser/TokeniserState.java,org.jsoup.parser.TokeniserState$Anonymous9,"read/2[org.jsoup.parser.Tokeniser,org.jsoup.parser.CharacterReader]",false,126,2,53,0,53,4,9,19,0,0,2,9,0,0,0,0,0,0,1,0,0,0,1,0,0,0,9,0,2,false
/home/alison/jsoup-quality-analysis/work/jsoup/src/main/java/org/jsoup/select/Evaluator.java,org.jsoup.select.Evaluator$AttributeWithValueMatching,"AttributeWithValueMatching/2[java.lang.String,java.util.regex.Pattern]",true,280,1,3,2,1,1,1,4,0,0,2,1,0,0,0,0,0,0,0,0,2,0,0,0,0,0,7,1,0,false
/home/alison/jsoup-quality-analysis/work/jsoup/src/main/java/org/jsoup/select/Evaluator.java,org.jsoup.select.Evaluator$AttributeWithValueMatching,toString/0,false,291,0,0,0,0,1,2,3,1,0,0,2,0,0,0,0,0,0,1,0,0,0,0,0,0,0,2,1,0,false
/home/alison/jsoup-quality-analysis/work/jsoup/src/main/java/org/jsoup/select/Evaluator.java,org.jsoup.select.Evaluator$AttributeWithValueMatching,"matches/2[org.jsoup.nodes.Element,org.jsoup.nodes.Element]",false,286,2,2,0,2,1,4,3,1,0,2,4,0,0,0,0,0,0,0,0,0,0,0,0,0,0,4,1,0,false
/home/alison/jsoup-quality-analysis/work/jsoup/src/main/java/org/jsoup/parser/TokeniserState.java,org.jsoup.parser.TokeniserState$Anonymous8,"read/2[org.jsoup.parser.Tokeniser,org.jsoup.parser.CharacterReader]",false,101,2,53,0,53,5,7,20,0,0,2,7,0,0,0,0,0,0,0,0,0,0,2,0,0,0,13,0,1,false
/home/alison/jsoup-quality-analysis/work/jsoup/src/main/java/org/jsoup/parser/TokeniserState.java,org.jsoup.parser.TokeniserState$Anonymous3,"read/2[org.jsoup.parser.Tokeniser,org.jsoup.parser.CharacterReader]",false,43,3,53,0,53,5,8,17,0,1,2,8,0,0,0,0,0,0,0,0,1,0,1,0,0,0,12,0,1,false
/home/alison/jsoup-quality-analysis/work/jsoup/src/main/java/org/jsoup/parser/TokeniserState.java,org.jsoup.parser.TokeniserState$Anonymous2,"read/2[org.jsoup.parser.Tokeniser,org.jsoup.parser.CharacterReader]",false,37,3,53,0,53,1,1,3,0,0,2,1,0,0,0,0,0,0,0,0,0,0,0,0,0,0,5,0,0,false
/home/alison/jsoup-quality-analysis/work/jsoup/src/main/java/org/jsoup/parser/TokeniserState.java,org.jsoup.parser.TokeniserState$Anonymous5,"read/2[org.jsoup.parser.Tokeniser,org.jsoup.parser.CharacterReader]",false,72,3,53,0,53,1,1,3,0,0,2,1,0,0,0,0,0,0,0,0,0,0,0,0,0,0,4,0,0,false
/home/alison/jsoup-quality-analysis/work/jsoup/src/main/java/org/jsoup/parser/TokeniserState.java,org.jsoup.parser.TokeniserState$Anonymous4,"read/2[org.jsoup.parser.Tokeniser,org.jsoup.parser.CharacterReader]",false,67,3,53,0,53,1,1,3,0,0,2,1,0,0,0,0,0,0,0,0,0,0,0,0,0,0,5,0,0,false
/home/alison/jsoup-quality-analysis/work/jsoup/src/main/java/org/jsoup/examples/ListLinks.java,org.jsoup.examples.ListLinks,"print/2[java.lang.String,java.lang.Object[]]",false,46,0,1,1,0,1,2,3,0,0,2,2,0,0,0,0,0,0,0,0,0,0,0,0,0,0,2,10,0,false
/home/alison/jsoup-quality-analysis/work/jsoup/src/main/java/org/jsoup/examples/ListLinks.java,org.jsoup.examples.ListLinks,main/1[java.lang.String[]],false,15,8,9,0,9,6,11,22,0,5,1,11,2,1,3,1,0,0,21,4,5,0,2,0,0,0,18,9,0,false
/home/alison/jsoup-quality-analysis/work/jsoup/src/main/java/org/jsoup/examples/ListLinks.java,org.jsoup.examples.ListLinks,"trim/2[java.lang.String,int]",false,50,0,1,1,0,2,2,4,2,0,2,2,0,0,0,0,0,0,1,2,0,2,1,0,0,0,3,10,0,false
/home/alison/jsoup-quality-analysis/work/jsoup/src/main/java/org/jsoup/select/Evaluator.java,org.jsoup.select.Evaluator$IsNthChild,"IsNthChild/2[int,int]",true,473,0,1,1,0,1,0,3,0,0,2,0,0,0,0,0,0,0,0,0,0,0,0,0,0,0,4,1,0,false
/home/alison/jsoup-quality-analysis/work/jsoup/src/main/java/org/jsoup/select/Evaluator.java,org.jsoup.select.Evaluator$IsNthChild,"calculatePosition/2[org.jsoup.nodes.Element,org.jsoup.nodes.Element]",false,477,1,1,0,1,1,1,3,1,0,2,1,0,0,0,0,0,0,0,1,0,1,0,0,0,0,4,4,0,false
/home/alison/jsoup-quality-analysis/work/jsoup/src/main/java/org/jsoup/select/Evaluator.java,org.jsoup.select.Evaluator$IsNthChild,getPseudoClass/0,false,482,0,0,0,0,1,0,3,1,0,0,0,0,0,0,0,0,0,1,0,0,0,0,0,0,0,3,4,0,false
/home/alison/jsoup-quality-analysis/work/jsoup/src/main/java/org/jsoup/select/Evaluator.java,org.jsoup.select.Evaluator$Class,Class/1[java.lang.String],true,107,0,2,2,0,1,0,3,0,0,1,0,0,0,0,0,0,0,0,0,1,0,0,0,0,0,3,1,0,false
/home/alison/jsoup-quality-analysis/work/jsoup/src/main/java/org/jsoup/select/Evaluator.java,org.jsoup.select.Evaluator$Class,toString/0,false,117,0,0,0,0,1,1,3,1,0,0,1,0,0,0,0,0,0,1,0,0,0,0,0,0,0,2,1,0,false
/home/alison/jsoup-quality-analysis/work/jsoup/src/main/java/org/jsoup/select/Evaluator.java,org.jsoup.select.Evaluator$Class,"matches/2[org.jsoup.nodes.Element,org.jsoup.nodes.Element]",false,112,1,1,0,1,1,1,3,1,0,2,1,0,0,0,0,0,1,0,0,0,0,0,0,0,0,5,1,0,false
/home/alison/jsoup-quality-analysis/work/jsoup/src/main/java/org/jsoup/select/StructuralEvaluator.java,org.jsoup.select.StructuralEvaluator$Has,Has/1[org.jsoup.select.Evaluator],true,18,1,1,1,0,1,0,3,0,0,1,0,0,0,0,0,0,0,0,0,1,0,0,0,0,0,3,1,0,false
/home/alison/jsoup-quality-analysis/work/jsoup/src/main/java/org/jsoup/select/StructuralEvaluator.java,org.jsoup.select.StructuralEvaluator$Has,toString/0,false,31,0,0,0,0,1,1,3,1,0,0,1,0,0,0,0,0,0,1,0,0,0,0,0,0,0,2,1,0,false
/home/alison/jsoup-quality-analysis/work/jsoup/src/main/java/org/jsoup/select/StructuralEvaluator.java,org.jsoup.select.StructuralEvaluator$Has,"matches/2[org.jsoup.nodes.Element,org.jsoup.nodes.Element]",false,22,2,2,0,2,4,2,6,2,0,2,2,0,0,1,1,0,0,0,0,0,0,2,0,0,0,6,1,0,false
/home/alison/jsoup-quality-analysis/work/jsoup/src/main/java/org/jsoup/nodes/Node.java,org.jsoup.nodes.Node$OuterHtmlVisitor,"OuterHtmlVisitor/2[java.lang.Appendable,org.jsoup.nodes.Document.OutputSettings]",true,702,1,1,1,0,1,0,4,0,0,2,0,0,0,0,0,0,0,0,0,2,0,0,0,0,0,6,0,0,false
/home/alison/jsoup-quality-analysis/work/jsoup/src/main/java/org/jsoup/nodes/Node.java,org.jsoup.nodes.Node$OuterHtmlVisitor,"tail/2[org.jsoup.nodes.Node,int]",false,715,2,3,0,3,3,3,10,0,0,2,3,0,0,0,0,1,0,1,0,0,0,2,0,0,0,8,1,0,false
/home/alison/jsoup-quality-analysis/work/jsoup/src/main/java/org/jsoup/nodes/Node.java,org.jsoup.nodes.Node$OuterHtmlVisitor,"head/2[org.jsoup.nodes.Node,int]",false,707,2,2,0,2,2,1,8,0,0,2,1,0,0,0,0,1,0,0,0,0,0,1,0,0,0,8,1,0,false
/home/alison/jsoup-quality-analysis/work/jsoup/src/main/java/org/jsoup/nodes/Node.java,org.jsoup.nodes.Node$NodeList,NodeList/1[int],true,727,0,2,2,0,1,0,3,0,0,1,0,0,0,0,0,0,0,0,0,0,0,0,0,0,0,4,0,0,false
/home/alison/jsoup-quality-analysis/work/jsoup/src/main/java/org/jsoup/nodes/Node.java,org.jsoup.nodes.Node$NodeList,onContentsChanged/0,false,731,1,1,0,1,1,1,3,0,0,0,1,0,0,0,0,0,0,0,0,0,0,0,0,0,0,4,1,0,false
/home/alison/jsoup-quality-analysis/work/jsoup/src/main/java/org/jsoup/parser/Token.java,org.jsoup.parser.Token,asComment/0,false,354,1,2,2,0,1,0,3,1,0,0,0,0,0,0,0,0,0,0,0,0,0,0,0,0,0,2,16,0,false
/home/alison/jsoup-quality-analysis/work/jsoup/src/main/java/org/jsoup/parser/Token.java,org.jsoup.parser.Token,isEndTag/0,false,342,0,1,1,0,2,0,3,1,0,0,0,0,0,0,1,0,0,0,0,0,0,0,0,0,0,4,16,0,false
/home/alison/jsoup-quality-analysis/work/jsoup/src/main/java/org/jsoup/parser/Token.java,org.jsoup.parser.Token,isComment/0,false,350,0,1,1,0,2,0,3,1,0,0,0,0,0,0,1,0,0,0,0,0,0,0,0,0,0,3,16,0,false
/home/alison/jsoup-quality-analysis/work/jsoup/src/main/java/org/jsoup/parser/Token.java,org.jsoup.parser.Token,asStartTag/0,false,338,1,2,2,0,1,0,3,1,0,0,0,0,0,0,0,0,0,0,0,0,0,0,0,0,0,3,16,0,false
/home/alison/jsoup-quality-analysis/work/jsoup/src/main/java/org/jsoup/parser/Token.java,org.jsoup.parser.Token,asEndTag/0,false,346,1,3,3,0,1,0,3,1,0,0,0,0,0,0,0,0,0,0,0,0,0,0,0,0,0,3,16,0,false
/home/alison/jsoup-quality-analysis/work/jsoup/src/main/java/org/jsoup/parser/Token.java,org.jsoup.parser.Token,isStartTag/0,false,334,0,1,1,0,2,0,3,1,0,0,0,0,0,0,1,0,0,0,0,0,0,0,0,0,0,4,16,0,false
/home/alison/jsoup-quality-analysis/work/jsoup/src/main/java/org/jsoup/parser/Token.java,org.jsoup.parser.Token,reset/0,false,23,1,1,1,0,1,0,1,0,0,0,0,0,0,0,0,0,0,0,0,0,0,0,0,0,0,19,1024,0,true
/home/alison/jsoup-quality-analysis/work/jsoup/src/main/java/org/jsoup/parser/Token.java,org.jsoup.parser.Token,Token/0,true,16,0,0,0,0,1,0,2,0,0,0,0,0,0,0,0,0,0,0,0,0,0,0,0,0,0,1,2,0,false
/home/alison/jsoup-quality-analysis/work/jsoup/src/main/java/org/jsoup/parser/Token.java,org.jsoup.parser.Token,asCharacter/0,false,362,1,3,3,0,1,0,3,1,0,0,0,0,0,0,0,0,0,0,0,0,0,0,0,0,0,2,16,0,false
/home/alison/jsoup-quality-analysis/work/jsoup/src/main/java/org/jsoup/parser/Token.java,org.jsoup.parser.Token,tokenType/0,false,19,0,1,1,0,1,2,3,1,0,0,2,0,0,0,0,0,0,0,0,0,0,0,0,0,0,2,0,0,false
/home/alison/jsoup-quality-analysis/work/jsoup/src/main/java/org/jsoup/parser/Token.java,org.jsoup.parser.Token,reset/1[java.lang.StringBuilder],false,29,0,5,5,0,2,2,5,0,0,1,2,0,0,0,1,0,0,0,1,0,0,1,0,0,0,5,8,0,false
/home/alison/jsoup-quality-analysis/work/jsoup/src/main/java/org/jsoup/parser/Token.java,org.jsoup.parser.Token,isEOF/0,false,366,0,1,1,0,2,0,3,1,0,0,0,0,0,0,1,0,0,0,0,0,0,0,0,0,0,5,16,0,false
/home/alison/jsoup-quality-analysis/work/jsoup/src/main/java/org/jsoup/parser/Token.java,org.jsoup.parser.Token,asDoctype/0,false,330,1,2,2,0,1,0,3,1,0,0,0,0,0,0,0,0,0,0,0,0,0,0,0,0,0,2,16,0,false
/home/alison/jsoup-quality-analysis/work/jsoup/src/main/java/org/jsoup/parser/Token.java,org.jsoup.parser.Token,isDoctype/0,false,326,0,1,1,0,2,0,3,1,0,0,0,0,0,0,1,0,0,0,0,0,0,0,0,0,0,3,16,0,false
/home/alison/jsoup-quality-analysis/work/jsoup/src/main/java/org/jsoup/parser/Token.java,org.jsoup.parser.Token,isCharacter/0,false,358,0,2,2,0,2,0,3,1,0,0,0,0,0,0,1,0,0,0,0,0,0,0,0,0,0,3,16,0,false
/home/alison/jsoup-quality-analysis/work/jsoup/src/main/java/org/jsoup/safety/Cleaner.java,org.jsoup.safety.Cleaner$CleaningVisitor,"tail/2[org.jsoup.nodes.Node,int]",false,133,3,3,0,3,3,3,5,0,0,2,3,0,0,0,0,0,0,0,0,1,0,1,0,0,0,6,1,0,false
/home/alison/jsoup-quality-analysis/work/jsoup/src/main/java/org/jsoup/safety/Cleaner.java,org.jsoup.safety.Cleaner$CleaningVisitor,"head/2[org.jsoup.nodes.Node,int]",false,106,7,11,0,11,7,9,28,0,7,2,9,0,0,0,1,0,0,0,0,9,0,2,0,0,0,18,1,0,false
/home/alison/jsoup-quality-analysis/work/jsoup/src/main/java/org/jsoup/safety/Cleaner.java,org.jsoup.safety.Cleaner$CleaningVisitor,"CleaningVisitor/2[org.jsoup.nodes.Element,org.jsoup.nodes.Element]",true,101,1,1,1,0,1,0,4,0,0,2,0,0,0,0,0,0,0,0,0,2,0,0,0,0,0,5,2,0,false
/home/alison/jsoup-quality-analysis/work/jsoup/src/main/java/org/jsoup/select/Evaluator.java,org.jsoup.select.Evaluator$AttributeKeyPair,"AttributeKeyPair/2[java.lang.String,java.lang.String]",true,304,2,2,0,2,5,6,9,0,0,2,6,0,0,0,0,0,0,4,2,3,1,1,0,0,0,6,1,0,false
/home/alison/jsoup-quality-analysis/work/jsoup/src/main/java/org/jsoup/select/Evaluator.java,org.jsoup.select.Evaluator$IsNthLastOfType,getPseudoClass/0,false,550,0,0,0,0,1,0,3,1,0,0,0,0,0,0,0,0,0,1,0,0,0,0,0,0,0,5,4,0,false
/home/alison/jsoup-quality-analysis/work/jsoup/src/main/java/org/jsoup/select/Evaluator.java,org.jsoup.select.Evaluator$IsNthLastOfType,"calculatePosition/2[org.jsoup.nodes.Element,org.jsoup.nodes.Element]",false,540,3,5,0,5,3,7,8,1,3,2,7,0,0,1,0,0,0,0,1,3,0,2,0,0,0,8,4,0,false
/home/alison/jsoup-quality-analysis/work/jsoup/src/main/java/org/jsoup/select/Evaluator.java,org.jsoup.select.Evaluator$IsNthLastOfType,"IsNthLastOfType/2[int,int]",true,535,0,1,1,0,1,0,3,0,0,2,0,0,0,0,0,0,0,0,0,0,0,0,0,0,0,6,1,0,false
/home/alison/jsoup-quality-analysis/work/jsoup/src/main/java/org/jsoup/parser/Tag.java,org.jsoup.parser.Tag,Tag/1[java.lang.String],true,26,0,2,2,0,1,0,3,0,0,1,0,0,0,0,0,0,0,0,0,1,0,0,0,0,0,3,2,0,false
/home/alison/jsoup-quality-analysis/work/jsoup/src/main/java/org/jsoup/parser/Tag.java,org.jsoup.parser.Tag,isBlock/0,false,85,0,1,1,0,1,0,3,1,0,0,0,0,0,0,0,0,0,0,0,0,0,0,0,0,0,6,1,0,true
/home/alison/jsoup-quality-analysis/work/jsoup/src/main/java/org/jsoup/parser/Tag.java,org.jsoup.parser.Tag,isKnownTag/0,false,149,0,2,2,0,1,1,3,1,0,0,1,0,0,0,0,0,0,0,0,0,0,0,0,0,0,15,1,0,true
/home/alison/jsoup-quality-analysis/work/jsoup/src/main/java/org/jsoup/parser/Tag.java,org.jsoup.parser.Tag,register/1[org.jsoup.parser.Tag],false,314,1,1,1,0,1,1,3,0,0,1,1,0,0,0,0,0,0,0,0,0,0,0,0,0,0,3,10,0,false
/home/alison/jsoup-quality-analysis/work/jsoup/src/main/java/org/jsoup/parser/Tag.java,org.jsoup.parser.Tag,getName/0,false,35,0,4,4,0,1,0,3,1,0,0,0,0,0,0,0,0,0,0,0,0,0,0,0,0,0,6,1,0,true
/home/alison/jsoup-quality-analysis/work/jsoup/src/main/java/org/jsoup/parser/Tag.java,org.jsoup.parser.Tag,isSelfClosing/0,false,140,0,3,3,0,1,0,3,1,0,0,0,0,0,0,0,0,0,0,0,0,0,0,0,0,0,11,1,0,true
/home/alison/jsoup-quality-analysis/work/jsoup/src/main/java/org/jsoup/parser/Tag.java,org.jsoup.parser.Tag,isEmpty/0,false,131,0,2,2,0,1,0,3,1,0,0,0,0,0,0,0,0,0,0,0,0,0,0,0,0,0,6,1,0,true
/home/alison/jsoup-quality-analysis/work/jsoup/src/main/java/org/jsoup/parser/Tag.java,org.jsoup.parser.Tag,isData/0,false,122,1,1,0,1,1,1,3,1,0,0,1,1,1,0,0,0,0,0,0,0,0,0,0,0,0,11,1,0,true
/home/alison/jsoup-quality-analysis/work/jsoup/src/main/java/org/jsoup/parser/Tag.java,org.jsoup.parser.Tag,isInline/0,false,113,0,0,0,0,1,0,3,1,0,0,0,0,0,0,0,0,0,0,0,0,0,0,0,0,0,7,1,0,true
/home/alison/jsoup-quality-analysis/work/jsoup/src/main/java/org/jsoup/parser/Tag.java,org.jsoup.parser.Tag,isFormSubmittable/0,false,184,0,1,1,0,1,0,3,1,0,0,0,0,0,0,0,0,0,0,0,0,0,0,0,0,0,18,1,0,true
/home/alison/jsoup-quality-analysis/work/jsoup/src/main/java/org/jsoup/parser/Tag.java,org.jsoup.parser.Tag,toString/0,false,226,0,0,0,0,1,0,3,1,0,0,0,0,0,0,0,0,0,0,0,0,0,0,0,0,0,4,1,0,false
/home/alison/jsoup-quality-analysis/work/jsoup/src/main/java/org/jsoup/parser/Tag.java,org.jsoup.parser.Tag,preserveWhitespace/0,false,168,0,1,1,0,1,0,3,1,0,0,0,0,0,0,0,0,0,0,0,0,0,0,0,0,0,9,1,0,true
/home/alison/jsoup-quality-analysis/work/jsoup/src/main/java/org/jsoup/parser/Tag.java,org.jsoup.parser.Tag,"valueOf/2[java.lang.String,org.jsoup.parser.ParseSettings]",false,49,3,15,11,4,3,4,14,1,1,2,4,0,0,0,2,0,0,0,0,5,0,2,0,0,0,44,9,0,true
/home/alison/jsoup-quality-analysis/work/jsoup/src/main/java/org/jsoup/parser/Tag.java,org.jsoup.parser.Tag,setSelfClosing/0,false,188,1,2,2,0,1,0,4,1,0,0,0,0,0,0,0,0,0,0,0,1,0,0,0,0,0,6,0,0,false
/home/alison/jsoup-quality-analysis/work/jsoup/src/main/java/org/jsoup/parser/Tag.java,org.jsoup.parser.Tag,hashCode/0,false,212,0,0,0,0,9,1,12,1,1,0,1,0,0,0,0,0,8,0,24,9,16,0,0,0,0,18,1,0,false
/home/alison/jsoup-quality-analysis/work/jsoup/src/main/java/org/jsoup/parser/Tag.java,org.jsoup.parser.Tag,valueOf/1[java.lang.String],false,76,1,5,4,1,1,1,3,1,0,1,1,1,1,0,0,0,0,0,0,0,0,0,0,0,0,37,9,0,true
/home/alison/jsoup-quality-analysis/work/jsoup/src/main/java/org/jsoup/parser/Tag.java,org.jsoup.parser.Tag,isKnownTag/1[java.lang.String],false,159,0,0,0,0,1,1,3,1,0,1,1,0,0,0,0,0,0,0,0,0,0,0,0,0,0,15,9,0,true
/home/alison/jsoup-quality-analysis/work/jsoup/src/main/java/org/jsoup/parser/Tag.java,org.jsoup.parser.Tag,equals/1[java.lang.Object],false,194,1,3,3,0,12,1,14,11,1,1,1,0,0,0,9,0,1,0,0,1,0,1,0,0,0,22,1,0,false
/home/alison/jsoup-quality-analysis/work/jsoup/src/main/java/org/jsoup/parser/Tag.java,org.jsoup.parser.Tag,formatAsBlock/0,false,94,0,3,3,0,1,0,3,1,0,0,0,0,0,0,0,0,0,0,0,0,0,0,0,0,0,13,1,0,true
/home/alison/jsoup-quality-analysis/work/jsoup/src/main/java/org/jsoup/parser/Tag.java,org.jsoup.parser.Tag,isFormListed/0,false,176,0,1,1,0,1,0,3,1,0,0,0,0,0,0,0,0,0,0,0,0,0,0,0,0,0,13,1,0,true
/home/alison/jsoup-quality-analysis/work/jsoup/src/main/java/org/jsoup/parser/Tag.java,org.jsoup.parser.Tag,(initializer 1),false,268,2,4,0,4,8,3,38,0,7,0,3,1,1,7,0,0,0,0,0,15,0,1,0,0,0,18,8,0,false
/home/alison/jsoup-quality-analysis/work/jsoup/src/main/java/org/jsoup/parser/Tag.java,org.jsoup.parser.Tag,canContainBlock/0,false,104,0,0,0,0,1,0,3,1,0,0,0,0,0,0,0,0,0,0,0,0,0,0,0,0,0,16,1,0,true
/home/alison/jsoup-quality-analysis/work/jsoup/src/main/java/org/jsoup/parser/Token.java,org.jsoup.parser.Token$Character,data/1[java.lang.String],false,300,1,3,3,0,1,0,4,1,0,1,0,0,0,0,0,0,0,0,0,1,0,0,0,0,0,2,0,0,false
/home/alison/jsoup-quality-analysis/work/jsoup/src/main/java/org/jsoup/parser/Token.java,org.jsoup.parser.Token$Character,getData/0,false,305,0,5,5,0,1,0,3,1,0,0,0,0,0,0,0,0,0,0,0,0,0,0,0,0,0,3,0,0,false
/home/alison/jsoup-quality-analysis/work/jsoup/src/main/java/org/jsoup/parser/Token.java,org.jsoup.parser.Token$Character,reset/0,false,295,2,0,0,0,1,0,4,1,0,0,0,0,0,0,0,0,0,0,0,1,0,0,0,0,0,4,0,0,false
/home/alison/jsoup-quality-analysis/work/jsoup/src/main/java/org/jsoup/parser/Token.java,org.jsoup.parser.Token$Character,toString/0,false,310,1,1,0,1,1,1,3,1,0,0,1,1,1,0,0,0,0,0,0,0,0,0,0,0,0,4,1,0,false
/home/alison/jsoup-quality-analysis/work/jsoup/src/main/java/org/jsoup/parser/Token.java,org.jsoup.parser.Token$Character,Character/0,true,289,0,2,2,0,1,0,4,0,0,0,0,0,0,0,0,0,0,0,0,1,0,0,0,0,0,2,0,0,false
/home/alison/jsoup-quality-analysis/work/jsoup/src/main/java/org/jsoup/select/Evaluator.java,org.jsoup.select.Evaluator$IsLastOfType,IsLastOfType/0,true,420,0,1,1,0,1,0,3,0,0,0,0,0,0,0,0,0,0,0,2,0,0,0,0,0,0,4,1,0,false
/home/alison/jsoup-quality-analysis/work/jsoup/src/main/java/org/jsoup/select/Evaluator.java,org.jsoup.select.Evaluator$IsLastOfType,toString/0,false,424,0,0,0,0,1,0,3,1,0,0,0,0,0,0,0,0,0,1,0,0,0,0,0,0,0,3,1,0,false
/home/alison/jsoup-quality-analysis/work/jsoup/src/main/java/org/jsoup/select/Evaluator.java,org.jsoup.select.Evaluator$Attribute,"matches/2[org.jsoup.nodes.Element,org.jsoup.nodes.Element]",false,134,2,1,0,1,1,1,3,1,0,2,1,0,0,0,0,0,0,0,0,0,0,0,0,0,0,4,1,0,false
/home/alison/jsoup-quality-analysis/work/jsoup/src/main/java/org/jsoup/select/Evaluator.java,org.jsoup.select.Evaluator$Attribute,toString/0,false,139,0,0,0,0,1,1,3,1,0,0,1,0,0,0,0,0,0,1,0,0,0,0,0,0,0,2,1,0,false
/home/alison/jsoup-quality-analysis/work/jsoup/src/main/java/org/jsoup/select/Evaluator.java,org.jsoup.select.Evaluator$Attribute,Attribute/1[java.lang.String],true,129,0,2,2,0,1,0,3,0,0,1,0,0,0,0,0,0,0,0,0,1,0,0,0,0,0,2,1,0,false
/home/alison/jsoup-quality-analysis/work/jsoup/src/main/java/org/jsoup/Connection.java,org.jsoup.Connection$KeyVal,key/0,false,685,0,3,3,0,1,0,1,0,0,0,0,0,0,0,0,0,0,0,0,0,0,0,0,0,0,6,0,0,true
/home/alison/jsoup-quality-analysis/work/jsoup/src/main/java/org/jsoup/Connection.java,org.jsoup.Connection$KeyVal,hasInputStream/0,false,717,0,3,3,0,1,0,1,0,0,0,0,0,0,0,0,0,0,0,0,0,0,0,0,0,0,12,0,0,true
/home/alison/jsoup-quality-analysis/work/jsoup/src/main/java/org/jsoup/Connection.java,org.jsoup.Connection$KeyVal,inputStream/0,false,711,0,1,1,0,1,0,1,0,0,0,0,0,0,0,0,0,0,0,0,0,0,0,0,0,0,11,0,0,true
/home/alison/jsoup-quality-analysis/work/jsoup/src/main/java/org/jsoup/Connection.java,org.jsoup.Connection$KeyVal,value/0,false,698,0,2,2,0,1,0,1,0,0,0,0,0,0,0,0,0,0,0,0,0,0,0,0,0,0,6,0,0,true
/home/alison/jsoup-quality-analysis/work/jsoup/src/main/java/org/jsoup/Connection.java,org.jsoup.Connection$KeyVal,value/1[java.lang.String],false,691,1,0,0,0,1,0,1,0,0,1,0,0,0,0,0,0,0,0,0,0,0,0,0,0,0,9,0,0,true
/home/alison/jsoup-quality-analysis/work/jsoup/src/main/java/org/jsoup/Connection.java,org.jsoup.Connection$KeyVal,key/1[java.lang.String],false,678,1,0,0,0,1,0,1,0,0,1,0,0,0,0,0,0,0,0,0,0,0,0,0,0,0,9,0,0,true
/home/alison/jsoup-quality-analysis/work/jsoup/src/main/java/org/jsoup/Connection.java,org.jsoup.Connection$KeyVal,inputStream/1[java.io.InputStream],false,704,1,0,0,0,1,0,1,0,0,1,0,0,0,0,0,0,0,0,0,0,0,0,0,0,0,13,0,0,true
/home/alison/jsoup-quality-analysis/work/jsoup/src/main/java/org/jsoup/nodes/Entities.java,org.jsoup.nodes.Entities,"codepointsForName/2[java.lang.String,int[]]",false,130,2,2,1,1,3,3,14,3,2,2,3,0,0,0,2,0,0,0,8,5,0,1,0,0,0,8,9,0,false
/home/alison/jsoup-quality-analysis/work/jsoup/src/main/java/org/jsoup/nodes/Entities.java,org.jsoup.nodes.Entities,getCharacterByName/1[java.lang.String],false,110,1,1,0,1,1,1,3,1,0,1,1,0,0,0,0,0,0,0,0,0,0,0,0,0,0,23,9,0,true
/home/alison/jsoup-quality-analysis/work/jsoup/src/main/java/org/jsoup/nodes/Entities.java,org.jsoup.nodes.Entities,unescape/1[java.lang.String],false,239,1,3,2,1,1,1,3,1,0,1,1,1,1,0,0,0,0,0,0,0,0,0,0,0,0,2,8,0,false
/home/alison/jsoup-quality-analysis/work/jsoup/src/main/java/org/jsoup/nodes/Entities.java,org.jsoup.nodes.Entities,"canEncode/3[org.jsoup.nodes.Entities.CoreCharset,char,java.nio.charset.CharsetEncoder]",false,267,1,1,1,0,4,1,7,3,0,3,1,0,0,0,0,0,0,0,1,0,0,1,0,0,0,10,10,0,false
/home/alison/jsoup-quality-analysis/work/jsoup/src/main/java/org/jsoup/nodes/Entities.java,org.jsoup.nodes.Entities,isNamedEntity/1[java.lang.String],false,88,1,2,1,1,2,1,3,1,0,1,1,0,0,0,1,0,0,0,0,0,0,0,0,0,0,15,9,0,true
/home/alison/jsoup-quality-analysis/work/jsoup/src/main/java/org/jsoup/nodes/Entities.java,org.jsoup.nodes.Entities,isBaseNamedEntity/1[java.lang.String],false,99,1,2,1,1,2,1,3,1,0,1,1,0,0,0,1,0,0,0,0,0,0,0,0,0,0,19,9,0,true
/home/alison/jsoup-quality-analysis/work/jsoup/src/main/java/org/jsoup/nodes/Entities.java,org.jsoup.nodes.Entities,getByName/1[java.lang.String],false,120,2,1,0,1,3,2,7,3,2,1,2,0,0,0,2,0,0,0,2,2,0,1,0,0,0,22,9,0,true
/home/alison/jsoup-quality-analysis/work/jsoup/src/main/java/org/jsoup/nodes/Entities.java,org.jsoup.nodes.Entities,"escape/6[java.lang.Appendable,java.lang.String,org.jsoup.nodes.Document.OutputSettings,boolean,boolean,boolean]",false,157,5,9,3,6,20,15,50,0,10,6,15,2,1,1,2,0,1,6,2,14,0,4,0,0,0,38,8,0,false
/home/alison/jsoup-quality-analysis/work/jsoup/src/main/java/org/jsoup/nodes/Entities.java,org.jsoup.nodes.Entities,"appendEncoded/3[java.lang.Appendable,org.jsoup.nodes.Entities.EscapeMode,int]",false,231,1,2,1,1,2,4,5,0,1,3,4,0,0,0,1,0,0,1,0,1,0,1,0,0,0,11,10,0,false
/home/alison/jsoup-quality-analysis/work/jsoup/src/main/java/org/jsoup/nodes/Entities.java,org.jsoup.nodes.Entities,"escape/2[java.lang.String,org.jsoup.nodes.Document.OutputSettings]",false,145,3,2,0,2,2,3,10,1,1,2,3,1,2,0,0,1,0,0,1,1,1,1,0,0,0,10,8,0,false
/home/alison/jsoup-quality-analysis/work/jsoup/src/main/java/org/jsoup/nodes/Entities.java,org.jsoup.nodes.Entities,Entities/0,true,79,0,0,0,0,1,0,2,0,0,0,0,0,0,0,0,0,0,0,0,0,0,0,0,0,0,1,2,0,false
/home/alison/jsoup-quality-analysis/work/jsoup/src/main/java/org/jsoup/nodes/Entities.java,org.jsoup.nodes.Entities,"load/3[org.jsoup.nodes.Entities.EscapeMode,java.lang.String,int]",false,293,5,8,1,7,7,16,46,0,11,3,16,0,0,1,4,1,0,4,7,21,4,3,0,0,0,41,10,0,false
/home/alison/jsoup-quality-analysis/work/jsoup/src/main/java/org/jsoup/nodes/Entities.java,org.jsoup.nodes.Entities,"unescape/2[java.lang.String,boolean]",false,250,1,3,2,1,1,1,3,1,0,2,1,0,0,0,0,0,0,0,0,0,0,0,0,0,0,19,8,0,true
/home/alison/jsoup-quality-analysis/work/jsoup/src/main/java/org/jsoup/select/Evaluator.java,org.jsoup.select.Evaluator$AttributeWithValueContaining,"AttributeWithValueContaining/2[java.lang.String,java.lang.String]",true,257,0,2,2,0,1,0,3,0,0,2,0,0,0,0,0,0,0,0,0,0,0,0,0,0,0,5,1,0,false
/home/alison/jsoup-quality-analysis/work/jsoup/src/main/java/org/jsoup/select/Evaluator.java,org.jsoup.select.Evaluator$AttributeWithValueContaining,"matches/2[org.jsoup.nodes.Element,org.jsoup.nodes.Element]",false,262,3,3,0,3,1,4,3,1,0,2,4,0,0,0,0,0,0,0,0,0,0,0,0,0,0,7,1,0,false
/home/alison/jsoup-quality-analysis/work/jsoup/src/main/java/org/jsoup/select/Evaluator.java,org.jsoup.select.Evaluator$AttributeWithValueContaining,toString/0,false,267,0,0,0,0,1,1,3,1,0,0,1,0,0,0,0,0,0,1,0,0,0,0,0,0,0,2,1,0,false
/home/alison/jsoup-quality-analysis/work/jsoup/src/main/java/org/jsoup/select/Elements.java,org.jsoup.select.Elements,text/0,false,202,1,1,0,1,3,4,8,1,1,0,4,0,0,1,1,0,0,1,1,1,0,2,0,0,0,35,1,0,true
/home/alison/jsoup-quality-analysis/work/jsoup/src/main/java/org/jsoup/select/Elements.java,org.jsoup.select.Elements,val/0,false,175,2,2,0,2,2,3,4,2,0,0,3,1,1,0,0,0,0,1,1,0,0,1,0,0,0,13,1,0,true
/home/alison/jsoup-quality-analysis/work/jsoup/src/main/java/org/jsoup/select/Elements.java,org.jsoup.select.Elements,next/0,false,494,1,1,0,1,1,1,3,1,0,0,1,1,1,0,0,0,0,0,0,0,0,0,0,0,0,11,1,0,true
/home/alison/jsoup-quality-analysis/work/jsoup/src/main/java/org/jsoup/select/Elements.java,org.jsoup.select.Elements,is/1[java.lang.String],false,481,3,2,0,2,3,2,7,2,1,1,2,0,0,1,0,0,0,0,0,1,0,2,0,0,0,25,1,0,true
/home/alison/jsoup-quality-analysis/work/jsoup/src/main/java/org/jsoup/select/Elements.java,org.jsoup.select.Elements,toString/0,false,281,1,1,0,1,1,1,3,1,0,0,1,1,1,0,0,0,0,0,0,0,0,0,0,0,0,16,1,0,true
/home/alison/jsoup-quality-analysis/work/jsoup/src/main/java/org/jsoup/select/Elements.java,org.jsoup.select.Elements,html/1[java.lang.String],false,305,2,1,0,1,2,1,6,1,0,1,1,0,0,1,0,0,0,0,0,0,0,1,0,0,0,20,1,0,true
/home/alison/jsoup-quality-analysis/work/jsoup/src/main/java/org/jsoup/select/Elements.java,org.jsoup.select.Elements,traverse/1[org.jsoup.select.NodeVisitor],false,609,4,3,0,3,2,2,8,1,1,1,2,0,0,1,0,0,0,0,0,1,0,1,0,0,0,24,1,0,true
/home/alison/jsoup-quality-analysis/work/jsoup/src/main/java/org/jsoup/select/Elements.java,org.jsoup.select.Elements,wrap/1[java.lang.String],false,373,3,2,0,2,2,2,7,1,0,1,2,0,0,1,0,0,0,0,0,0,0,1,0,0,0,31,1,0,true
/home/alison/jsoup-quality-analysis/work/jsoup/src/main/java/org/jsoup/select/Elements.java,org.jsoup.select.Elements,Elements/1[java.util.Collection<org.jsoup.nodes.Element>],true,25,1,1,1,0,1,0,3,0,0,1,0,0,0,0,0,0,0,0,0,0,0,0,0,0,0,2,1,0,false
/home/alison/jsoup-quality-analysis/work/jsoup/src/main/java/org/jsoup/select/Elements.java,org.jsoup.select.Elements,Elements/1[org.jsoup.nodes.Element[]],true,33,1,1,1,0,1,1,3,0,0,1,1,0,0,0,0,0,0,0,0,0,0,0,0,0,0,2,1,0,false
/home/alison/jsoup-quality-analysis/work/jsoup/src/main/java/org/jsoup/select/Elements.java,org.jsoup.select.Elements,not/1[java.lang.String],false,460,2,2,0,2,1,2,4,1,1,1,2,0,0,0,0,0,0,0,0,1,0,0,0,0,0,27,1,0,true
/home/alison/jsoup-quality-analysis/work/jsoup/src/main/java/org/jsoup/select/Elements.java,org.jsoup.select.Elements,first/0,false,592,1,6,6,0,2,2,3,1,0,0,2,0,0,0,0,0,0,0,1,0,0,0,0,0,0,13,1,0,true
/home/alison/jsoup-quality-analysis/work/jsoup/src/main/java/org/jsoup/select/Elements.java,org.jsoup.select.Elements,tagName/1[java.lang.String],false,292,2,1,0,1,2,1,6,1,0,1,1,0,0,1,0,0,0,0,0,0,0,1,0,0,0,16,1,0,true
/home/alison/jsoup-quality-analysis/work/jsoup/src/main/java/org/jsoup/select/Elements.java,org.jsoup.select.Elements,"siblings/3[java.lang.String,boolean,boolean]",false,558,4,13,8,5,8,5,15,1,3,3,5,0,0,2,3,0,0,0,0,4,0,4,0,0,0,12,2,0,false
/home/alison/jsoup-quality-analysis/work/jsoup/src/main/java/org/jsoup/select/Elements.java,org.jsoup.select.Elements,Elements/1[java.util.List<org.jsoup.nodes.Element>],true,29,1,2,2,0,1,0,3,0,0,1,0,0,0,0,0,0,0,0,0,0,0,0,0,0,0,2,1,0,false
/home/alison/jsoup-quality-analysis/work/jsoup/src/main/java/org/jsoup/select/Elements.java,org.jsoup.select.Elements,eachAttr/1[java.lang.String],false,87,1,2,0,2,3,4,7,1,1,1,4,0,0,1,0,0,0,0,0,1,0,2,0,0,0,42,1,0,true
/home/alison/jsoup-quality-analysis/work/jsoup/src/main/java/org/jsoup/select/Elements.java,org.jsoup.select.Elements,empty/0,false,413,2,1,0,1,2,1,6,1,0,0,1,0,0,1,0,0,0,0,0,0,0,1,0,0,0,30,1,0,true
/home/alison/jsoup-quality-analysis/work/jsoup/src/main/java/org/jsoup/select/Elements.java,org.jsoup.select.Elements,forms/0,false,623,2,0,0,0,3,1,5,1,1,0,1,0,0,1,0,0,0,0,0,1,0,2,0,0,0,21,1,0,true
/home/alison/jsoup-quality-analysis/work/jsoup/src/main/java/org/jsoup/select/Elements.java,org.jsoup.select.Elements,removeAttr/1[java.lang.String],false,114,2,1,0,1,2,1,6,1,0,1,1,0,0,1,0,0,0,0,0,0,0,1,0,0,0,15,1,0,true
/home/alison/jsoup-quality-analysis/work/jsoup/src/main/java/org/jsoup/select/Elements.java,org.jsoup.select.Elements,"attr/2[java.lang.String,java.lang.String]",false,102,2,1,0,1,2,1,6,1,0,2,1,0,0,1,0,0,0,0,0,0,0,1,0,0,0,14,1,0,true
/home/alison/jsoup-quality-analysis/work/jsoup/src/main/java/org/jsoup/select/Elements.java,org.jsoup.select.Elements,hasText/0,false,217,1,1,0,1,3,1,6,2,0,0,1,0,0,1,0,0,0,0,0,0,0,2,0,0,0,16,1,0,true
/home/alison/jsoup-quality-analysis/work/jsoup/src/main/java/org/jsoup/select/Elements.java,org.jsoup.select.Elements,last/0,false,600,1,0,0,0,2,3,3,1,0,0,3,0,0,0,0,0,0,0,1,0,1,0,0,0,0,14,1,0,true
/home/alison/jsoup-quality-analysis/work/jsoup/src/main/java/org/jsoup/select/Elements.java,org.jsoup.select.Elements,Elements/0,true,18,0,5,5,0,1,0,2,0,0,0,0,0,0,0,0,0,0,0,0,0,0,0,0,0,0,1,1,0,false
/home/alison/jsoup-quality-analysis/work/jsoup/src/main/java/org/jsoup/select/Elements.java,org.jsoup.select.Elements,attr/1[java.lang.String],false,59,1,2,0,2,3,2,6,2,0,1,2,0,0,1,0,0,0,1,0,0,0,2,0,0,0,25,1,0,true
/home/alison/jsoup-quality-analysis/work/jsoup/src/main/java/org/jsoup/select/Elements.java,org.jsoup.select.Elements,after/1[java.lang.String],false,357,2,1,0,1,2,1,6,1,0,1,1,0,0,1,0,0,0,0,0,0,0,1,0,0,0,18,1,0,true
/home/alison/jsoup-quality-analysis/work/jsoup/src/main/java/org/jsoup/select/Elements.java,org.jsoup.select.Elements,html/0,false,248,1,1,0,1,3,4,8,1,1,0,4,0,0,1,1,0,0,1,1,1,0,2,0,0,0,18,1,0,true
/home/alison/jsoup-quality-analysis/work/jsoup/src/main/java/org/jsoup/select/Elements.java,org.jsoup.select.Elements,remove/0,false,432,2,2,1,1,2,1,6,1,0,0,1,0,0,1,0,0,0,0,0,0,0,1,0,0,0,35,1,0,true
/home/alison/jsoup-quality-analysis/work/jsoup/src/main/java/org/jsoup/select/Elements.java,org.jsoup.select.Elements,toggleClass/1[java.lang.String],false,150,2,1,0,1,2,1,6,1,0,1,1,0,0,1,0,0,0,0,0,0,0,1,0,0,0,18,1,0,true
/home/alison/jsoup-quality-analysis/work/jsoup/src/main/java/org/jsoup/select/Elements.java,org.jsoup.select.Elements,eq/1[int],false,472,1,2,0,2,2,2,3,1,0,1,2,0,0,0,0,0,0,0,0,0,0,0,0,0,0,29,1,0,true
/home/alison/jsoup-quality-analysis/work/jsoup/src/main/java/org/jsoup/select/Elements.java,org.jsoup.select.Elements,nextAll/1[java.lang.String],false,520,1,1,0,1,1,1,3,1,0,1,1,1,1,0,0,0,0,0,0,0,0,0,0,0,0,20,1,0,true
/home/alison/jsoup-quality-analysis/work/jsoup/src/main/java/org/jsoup/select/Elements.java,org.jsoup.select.Elements,val/1[java.lang.String],false,187,2,1,0,1,2,1,4,1,0,1,1,0,0,1,0,0,0,0,0,0,0,1,0,0,0,17,1,0,true
/home/alison/jsoup-quality-analysis/work/jsoup/src/main/java/org/jsoup/select/Elements.java,org.jsoup.select.Elements,prepend/1[java.lang.String],false,318,2,1,0,1,2,1,6,1,0,1,1,0,0,1,0,0,0,0,0,0,0,1,0,0,0,23,1,0,true
/home/alison/jsoup-quality-analysis/work/jsoup/src/main/java/org/jsoup/select/Elements.java,org.jsoup.select.Elements,append/1[java.lang.String],false,331,2,1,0,1,2,1,6,1,0,1,1,0,0,1,0,0,0,0,0,0,0,1,0,0,0,23,1,0,true
/home/alison/jsoup-quality-analysis/work/jsoup/src/main/java/org/jsoup/select/Elements.java,org.jsoup.select.Elements,prev/1[java.lang.String],false,537,1,1,0,1,1,1,3,1,0,1,1,1,1,0,0,0,0,0,0,0,0,0,0,0,0,20,1,0,true
/home/alison/jsoup-quality-analysis/work/jsoup/src/main/java/org/jsoup/select/Elements.java,org.jsoup.select.Elements,addClass/1[java.lang.String],false,126,2,1,0,1,2,1,6,1,0,1,1,0,0,1,0,0,0,0,0,0,0,1,0,0,0,13,1,0,true
/home/alison/jsoup-quality-analysis/work/jsoup/src/main/java/org/jsoup/select/Elements.java,org.jsoup.select.Elements,next/1[java.lang.String],false,503,1,1,0,1,1,1,3,1,0,1,1,1,1,0,0,0,0,0,0,0,0,0,0,0,0,19,1,0,true
/home/alison/jsoup-quality-analysis/work/jsoup/src/main/java/org/jsoup/select/Elements.java,org.jsoup.select.Elements,unwrap/0,false,395,2,1,0,1,2,1,6,1,0,0,1,0,0,1,0,0,0,0,0,0,0,1,0,0,0,39,1,0,true
/home/alison/jsoup-quality-analysis/work/jsoup/src/main/java/org/jsoup/select/Elements.java,org.jsoup.select.Elements,prevAll/1[java.lang.String],false,554,1,1,0,1,1,1,3,1,0,1,1,1,1,0,0,0,0,0,0,0,0,0,0,0,0,20,1,0,true
/home/alison/jsoup-quality-analysis/work/jsoup/src/main/java/org/jsoup/select/Elements.java,org.jsoup.select.Elements,nextAll/0,false,511,1,1,0,1,1,1,3,1,0,0,1,1,1,0,0,0,0,0,0,0,0,0,0,0,0,12,1,0,true
/home/alison/jsoup-quality-analysis/work/jsoup/src/main/java/org/jsoup/select/Elements.java,org.jsoup.select.Elements,prevAll/0,false,545,1,1,0,1,1,1,3,1,0,0,1,1,1,0,0,0,0,0,0,0,0,0,0,0,0,12,1,0,true
/home/alison/jsoup-quality-analysis/work/jsoup/src/main/java/org/jsoup/select/Elements.java,org.jsoup.select.Elements,parents/0,false,579,2,2,0,2,2,2,7,1,1,0,2,0,0,1,0,0,0,0,0,1,0,1,0,0,0,13,1,0,true
/home/alison/jsoup-quality-analysis/work/jsoup/src/main/java/org/jsoup/select/Elements.java,org.jsoup.select.Elements,eachText/0,false,233,1,2,0,2,3,4,7,1,1,0,4,0,0,1,0,0,0,0,0,1,0,2,0,0,0,25,1,0,true
/home/alison/jsoup-quality-analysis/work/jsoup/src/main/java/org/jsoup/select/Elements.java,org.jsoup.select.Elements,before/1[java.lang.String],false,344,2,1,0,1,2,1,6,1,0,1,1,0,0,1,0,0,0,0,0,0,0,1,0,0,0,18,1,0,true
/home/alison/jsoup-quality-analysis/work/jsoup/src/main/java/org/jsoup/select/Elements.java,org.jsoup.select.Elements,clone/0,false,42,2,2,0,2,2,3,5,1,1,0,3,0,0,1,0,0,0,0,0,1,0,1,0,0,0,11,1,0,true
/home/alison/jsoup-quality-analysis/work/jsoup/src/main/java/org/jsoup/select/Elements.java,org.jsoup.select.Elements,select/1[java.lang.String],false,446,2,1,0,1,1,1,3,1,0,1,1,0,0,0,0,0,0,0,0,0,0,0,0,0,0,18,1,0,true
/home/alison/jsoup-quality-analysis/work/jsoup/src/main/java/org/jsoup/select/Elements.java,org.jsoup.select.Elements,hasAttr/1[java.lang.String],false,72,1,1,0,1,3,1,6,2,0,1,1,0,0,1,0,0,0,0,0,0,0,2,0,0,0,17,1,0,true
/home/alison/jsoup-quality-analysis/work/jsoup/src/main/java/org/jsoup/select/Elements.java,org.jsoup.select.Elements,prev/0,false,528,1,1,0,1,1,1,3,1,0,0,1,1,1,0,0,0,0,0,0,0,0,0,0,0,0,12,1,0,true
/home/alison/jsoup-quality-analysis/work/jsoup/src/main/java/org/jsoup/select/Elements.java,org.jsoup.select.Elements,removeClass/1[java.lang.String],false,138,2,1,0,1,2,1,6,1,0,1,1,0,0,1,0,0,0,0,0,0,0,1,0,0,0,14,1,0,true
/home/alison/jsoup-quality-analysis/work/jsoup/src/main/java/org/jsoup/select/Elements.java,org.jsoup.select.Elements,hasClass/1[java.lang.String],false,162,1,1,0,1,3,1,6,2,0,1,1,0,0,1,0,0,0,0,0,0,0,2,0,0,0,22,1,0,true
/home/alison/jsoup-quality-analysis/work/jsoup/src/main/java/org/jsoup/select/Elements.java,org.jsoup.select.Elements,outerHtml/0,false,264,1,2,1,1,3,4,8,1,1,0,4,0,0,1,1,0,0,1,1,1,0,2,0,0,0,18,1,0,true
/home/alison/jsoup-quality-analysis/work/jsoup/src/main/java/org/jsoup/select/Elements.java,org.jsoup.select.Elements,Elements/1[int],true,21,0,2,2,0,1,0,3,0,0,1,0,0,0,0,0,0,0,0,0,0,0,0,0,0,0,3,1,0,false
/home/alison/jsoup-quality-analysis/work/jsoup/src/main/java/org/jsoup/select/Evaluator.java,org.jsoup.select.Evaluator$AllElements,"matches/2[org.jsoup.nodes.Element,org.jsoup.nodes.Element]",false,323,1,0,0,0,1,0,3,1,0,2,0,0,0,0,0,0,0,0,0,0,0,0,0,0,0,4,1,0,false
/home/alison/jsoup-quality-analysis/work/jsoup/src/main/java/org/jsoup/select/Evaluator.java,org.jsoup.select.Evaluator$AllElements,toString/0,false,328,0,0,0,0,1,0,3,1,0,0,0,0,0,0,0,0,0,1,0,0,0,0,0,0,0,2,1,0,false
/home/alison/jsoup-quality-analysis/work/jsoup/src/main/java/org/jsoup/parser/TokeniserState.java,org.jsoup.parser.TokeniserState$Anonymous46,"read/2[org.jsoup.parser.Tokeniser,org.jsoup.parser.CharacterReader]",false,950,2,53,0,53,5,6,21,0,1,2,6,0,0,0,0,0,0,0,0,1,0,1,0,0,0,10,0,2,false
/home/alison/jsoup-quality-analysis/work/jsoup/src/main/java/org/jsoup/parser/TokeniserState.java,org.jsoup.parser.TokeniserState$Anonymous47,"read/2[org.jsoup.parser.Tokeniser,org.jsoup.parser.CharacterReader]",false,978,2,53,0,53,4,10,16,0,1,2,10,0,0,0,0,0,0,0,0,1,0,1,0,0,0,10,0,1,false
/home/alison/jsoup-quality-analysis/work/jsoup/src/main/java/org/jsoup/safety/Whitelist.java,org.jsoup.safety.Whitelist$AttributeKey,AttributeKey/1[java.lang.String],true,583,0,1,1,0,1,0,3,0,0,1,0,0,0,0,0,0,0,0,0,0,0,0,0,0,0,3,0,0,false
/home/alison/jsoup-quality-analysis/work/jsoup/src/main/java/org/jsoup/safety/Whitelist.java,org.jsoup.safety.Whitelist$AttributeKey,valueOf/1[java.lang.String],false,587,1,8,7,1,1,0,3,1,0,1,0,0,0,0,0,0,0,0,0,0,0,0,0,0,0,4,8,0,false
/home/alison/jsoup-quality-analysis/work/jsoup/src/main/java/org/jsoup/parser/TokeniserState.java,org.jsoup.parser.TokeniserState$Anonymous48,"read/2[org.jsoup.parser.Tokeniser,org.jsoup.parser.CharacterReader]",false,1000,2,53,0,53,4,6,17,0,1,2,6,0,0,0,0,0,0,0,0,1,0,1,0,0,0,9,0,1,false
/home/alison/jsoup-quality-analysis/work/jsoup/src/main/java/org/jsoup/parser/TokeniserState.java,org.jsoup.parser.TokeniserState$Anonymous49,"read/2[org.jsoup.parser.Tokeniser,org.jsoup.parser.CharacterReader]",false,1023,2,53,0,53,6,7,25,0,1,2,7,0,0,0,0,0,0,2,0,1,0,1,0,0,0,10,0,4,false
/home/alison/jsoup-quality-analysis/work/jsoup/src/main/java/org/jsoup/parser/TokeniserState.java,org.jsoup.parser.TokeniserState$Anonymous42,"read/2[org.jsoup.parser.Tokeniser,org.jsoup.parser.CharacterReader]",false,871,2,53,0,53,3,6,15,0,1,2,6,0,0,0,0,0,0,0,0,2,0,1,0,0,0,9,0,1,false
/home/alison/jsoup-quality-analysis/work/jsoup/src/main/java/org/jsoup/nodes/TextNode.java,org.jsoup.nodes.TextNode,"createFromEncoded/2[java.lang.String,java.lang.String]",false,116,2,2,0,2,1,1,4,1,1,2,1,0,0,0,0,0,0,0,0,1,0,0,0,0,0,25,9,0,true
/home/alison/jsoup-quality-analysis/work/jsoup/src/main/java/org/jsoup/nodes/TextNode.java,org.jsoup.nodes.TextNode,stripLeadingWhitespace/1[java.lang.String],false,126,0,0,0,0,1,1,3,1,0,1,1,0,0,0,0,0,0,2,0,0,0,0,0,0,0,4,8,0,false
/home/alison/jsoup-quality-analysis/work/jsoup/src/main/java/org/jsoup/nodes/TextNode.java,org.jsoup.nodes.TextNode,text/0,false,42,1,3,1,2,1,2,3,1,0,0,2,2,1,0,0,0,0,0,0,0,0,0,0,0,0,11,1,0,true
/home/alison/jsoup-quality-analysis/work/jsoup/src/main/java/org/jsoup/nodes/TextNode.java,org.jsoup.nodes.TextNode,getWholeText/0,false,62,1,8,7,1,2,1,3,1,0,0,1,0,0,0,1,0,0,0,0,0,0,0,0,0,0,23,1,0,true
/home/alison/jsoup-quality-analysis/work/jsoup/src/main/java/org/jsoup/nodes/TextNode.java,org.jsoup.nodes.TextNode,lastCharIsWhitespace/1[java.lang.StringBuilder],false,130,0,3,3,0,3,2,3,1,0,1,2,0,0,0,2,0,0,0,2,0,1,0,0,0,0,7,8,0,false
/home/alison/jsoup-quality-analysis/work/jsoup/src/main/java/org/jsoup/nodes/TextNode.java,org.jsoup.nodes.TextNode,removeAttr/1[java.lang.String],false,167,2,1,0,1,1,2,4,1,0,1,2,1,1,0,0,0,0,0,0,0,0,0,0,0,0,7,1,0,false
/home/alison/jsoup-quality-analysis/work/jsoup/src/main/java/org/jsoup/nodes/TextNode.java,org.jsoup.nodes.TextNode,text/1[java.lang.String],false,51,2,2,1,1,2,1,5,1,0,1,1,0,0,0,1,0,0,0,0,1,0,1,0,0,0,11,1,0,true
/home/alison/jsoup-quality-analysis/work/jsoup/src/main/java/org/jsoup/nodes/TextNode.java,org.jsoup.nodes.TextNode,isBlank/0,false,70,2,5,3,2,1,2,3,1,0,0,2,1,1,0,0,0,0,0,0,0,0,0,0,0,0,22,1,0,true
/home/alison/jsoup-quality-analysis/work/jsoup/src/main/java/org/jsoup/nodes/TextNode.java,org.jsoup.nodes.TextNode,"TextNode/2[java.lang.String,java.lang.String]",true,28,0,9,9,0,1,0,4,0,0,2,0,0,0,0,0,0,0,0,0,2,0,0,0,0,0,13,1,0,true
/home/alison/jsoup-quality-analysis/work/jsoup/src/main/java/org/jsoup/nodes/TextNode.java,org.jsoup.nodes.TextNode,"outerHtmlHead/3[java.lang.Appendable,int,org.jsoup.nodes.Document.OutputSettings]",false,94,6,12,0,12,9,13,5,0,1,3,13,2,2,0,1,0,4,0,2,1,0,1,0,0,0,19,0,0,false
/home/alison/jsoup-quality-analysis/work/jsoup/src/main/java/org/jsoup/nodes/TextNode.java,org.jsoup.nodes.TextNode,"outerHtmlTail/3[java.lang.Appendable,int,org.jsoup.nodes.Document.OutputSettings]",false,103,1,0,0,0,1,0,2,0,0,3,0,0,0,0,0,0,0,0,0,0,0,0,0,0,0,5,0,0,false
/home/alison/jsoup-quality-analysis/work/jsoup/src/main/java/org/jsoup/nodes/TextNode.java,org.jsoup.nodes.TextNode,ensureAttributes/0,false,135,1,8,6,2,2,1,6,0,0,0,1,0,0,0,1,0,0,0,0,1,0,1,0,0,0,4,2,0,false
/home/alison/jsoup-quality-analysis/work/jsoup/src/main/java/org/jsoup/nodes/TextNode.java,org.jsoup.nodes.TextNode,attr/1[java.lang.String],false,143,1,1,0,1,1,2,4,1,0,1,2,1,1,0,0,0,0,0,0,0,0,0,0,0,0,5,1,0,false
/home/alison/jsoup-quality-analysis/work/jsoup/src/main/java/org/jsoup/nodes/TextNode.java,org.jsoup.nodes.TextNode,attributes/0,false,149,2,1,0,1,1,2,4,1,0,0,2,1,1,0,0,0,0,0,0,0,0,0,0,0,0,3,1,0,false
/home/alison/jsoup-quality-analysis/work/jsoup/src/main/java/org/jsoup/nodes/TextNode.java,org.jsoup.nodes.TextNode,hasAttr/1[java.lang.String],false,161,1,1,0,1,1,2,4,1,0,1,2,1,1,0,0,0,0,0,0,0,0,0,0,0,0,6,1,0,false
/home/alison/jsoup-quality-analysis/work/jsoup/src/main/java/org/jsoup/nodes/TextNode.java,org.jsoup.nodes.TextNode,splitText/1[int],false,80,3,8,0,8,4,10,10,1,3,1,10,2,1,0,1,0,0,2,3,3,1,1,0,0,0,42,1,0,true
/home/alison/jsoup-quality-analysis/work/jsoup/src/main/java/org/jsoup/nodes/TextNode.java,org.jsoup.nodes.TextNode,"attr/2[java.lang.String,java.lang.String]",false,155,2,1,0,1,1,2,4,1,0,2,2,1,1,0,0,0,0,0,0,0,0,0,0,0,0,6,1,0,false
/home/alison/jsoup-quality-analysis/work/jsoup/src/main/java/org/jsoup/nodes/TextNode.java,org.jsoup.nodes.TextNode,absUrl/1[java.lang.String],false,173,1,1,0,1,1,2,4,1,0,1,2,1,1,0,0,0,0,0,0,0,0,0,0,0,0,6,1,0,false
/home/alison/jsoup-quality-analysis/work/jsoup/src/main/java/org/jsoup/nodes/TextNode.java,org.jsoup.nodes.TextNode,toString/0,false,106,1,1,0,1,1,1,3,1,0,0,1,0,0,0,0,0,0,0,0,0,0,0,0,0,0,4,1,0,false
/home/alison/jsoup-quality-analysis/work/jsoup/src/main/java/org/jsoup/nodes/TextNode.java,org.jsoup.nodes.TextNode,nodeName/0,false,33,0,0,0,0,1,0,3,1,0,0,0,0,0,0,0,0,0,1,0,0,0,0,0,0,0,2,1,0,false
/home/alison/jsoup-quality-analysis/work/jsoup/src/main/java/org/jsoup/nodes/TextNode.java,org.jsoup.nodes.TextNode,normaliseWhitespace/1[java.lang.String],false,121,1,2,1,1,1,1,4,1,0,1,1,0,0,0,0,0,0,0,0,1,0,0,0,0,0,3,8,0,false
/home/alison/jsoup-quality-analysis/work/jsoup/src/main/java/org/jsoup/parser/TokeniserState.java,org.jsoup.parser.TokeniserState$Anonymous43,"read/2[org.jsoup.parser.Tokeniser,org.jsoup.parser.CharacterReader]",false,891,3,53,0,53,1,5,8,0,1,2,5,0,0,0,0,0,0,0,0,2,0,0,0,0,0,6,0,0,false
/home/alison/jsoup-quality-analysis/work/jsoup/src/main/java/org/jsoup/parser/TokeniserState.java,org.jsoup.parser.TokeniserState$Anonymous44,"read/2[org.jsoup.parser.Tokeniser,org.jsoup.parser.CharacterReader]",false,904,2,53,0,53,4,6,16,0,0,2,6,0,0,0,0,0,0,3,0,0,0,1,0,0,0,9,0,1,false
/home/alison/jsoup-quality-analysis/work/jsoup/src/main/java/org/jsoup/select/Evaluator.java,org.jsoup.select.Evaluator$AttributeWithValue,"matches/2[org.jsoup.nodes.Element,org.jsoup.nodes.Element]",false,182,2,2,0,2,1,4,3,1,0,2,4,0,0,0,0,0,0,0,0,0,0,0,0,0,0,4,1,0,false
/home/alison/jsoup-quality-analysis/work/jsoup/src/main/java/org/jsoup/select/Evaluator.java,org.jsoup.select.Evaluator$AttributeWithValue,"AttributeWithValue/2[java.lang.String,java.lang.String]",true,177,0,2,2,0,1,0,3,0,0,2,0,0,0,0,0,0,0,0,0,0,0,0,0,0,0,4,1,0,false
/home/alison/jsoup-quality-analysis/work/jsoup/src/main/java/org/jsoup/select/Evaluator.java,org.jsoup.select.Evaluator$AttributeWithValue,toString/0,false,187,0,0,0,0,1,1,3,1,0,0,1,0,0,0,0,0,0,1,0,0,0,0,0,0,0,2,1,0,false
/home/alison/jsoup-quality-analysis/work/jsoup/src/main/java/org/jsoup/parser/TokeniserState.java,org.jsoup.parser.TokeniserState$Anonymous45,"read/2[org.jsoup.parser.Tokeniser,org.jsoup.parser.CharacterReader]",false,922,2,53,0,53,5,6,21,0,1,2,6,0,0,0,0,0,0,0,0,1,0,1,0,0,0,10,0,2,false
/home/alison/jsoup-quality-analysis/work/jsoup/src/main/java/org/jsoup/select/Evaluator.java,org.jsoup.select.Evaluator$AttributeWithValueNot,"matches/2[org.jsoup.nodes.Element,org.jsoup.nodes.Element]",false,202,2,1,0,1,1,2,3,1,0,2,2,0,0,0,0,0,0,0,0,0,0,0,0,0,0,4,1,0,false
/home/alison/jsoup-quality-analysis/work/jsoup/src/main/java/org/jsoup/select/Evaluator.java,org.jsoup.select.Evaluator$AttributeWithValueNot,toString/0,false,207,0,0,0,0,1,1,3,1,0,0,1,0,0,0,0,0,0,1,0,0,0,0,0,0,0,2,1,0,false
/home/alison/jsoup-quality-analysis/work/jsoup/src/main/java/org/jsoup/select/Evaluator.java,org.jsoup.select.Evaluator$AttributeWithValueNot,"AttributeWithValueNot/2[java.lang.String,java.lang.String]",true,197,0,2,2,0,1,0,3,0,0,2,0,0,0,0,0,0,0,0,0,0,0,0,0,0,0,5,1,0,false
/home/alison/jsoup-quality-analysis/work/jsoup/src/main/java/org/jsoup/parser/ParseErrorList.java,org.jsoup.parser.ParseErrorList,getMaxSize/0,false,23,0,0,0,0,1,0,3,1,0,0,0,0,0,0,0,0,0,0,0,0,0,0,0,0,0,4,0,0,false
/home/alison/jsoup-quality-analysis/work/jsoup/src/main/java/org/jsoup/parser/ParseErrorList.java,org.jsoup.parser.ParseErrorList,canAddError/0,false,19,0,5,5,0,2,1,3,1,0,0,1,0,0,0,0,0,0,0,0,0,0,0,0,0,0,6,0,0,false
/home/alison/jsoup-quality-analysis/work/jsoup/src/main/java/org/jsoup/parser/ParseErrorList.java,org.jsoup.parser.ParseErrorList,"ParseErrorList/2[int,int]",true,14,0,2,2,0,1,0,4,0,0,2,0,0,0,0,0,0,0,0,0,1,0,0,0,0,0,7,0,0,false
/home/alison/jsoup-quality-analysis/work/jsoup/src/main/java/org/jsoup/parser/ParseErrorList.java,org.jsoup.parser.ParseErrorList,tracking/1[int],false,31,1,3,2,1,1,0,3,1,0,1,0,0,0,0,0,0,0,0,0,0,0,0,0,0,0,6,9,0,false
/home/alison/jsoup-quality-analysis/work/jsoup/src/main/java/org/jsoup/parser/ParseErrorList.java,org.jsoup.parser.ParseErrorList,noTracking/0,false,27,1,7,6,1,1,0,3,1,0,0,0,0,0,0,0,0,0,0,2,0,0,0,0,0,0,5,9,0,false
/home/alison/jsoup-quality-analysis/work/jsoup/src/main/java/org/jsoup/nodes/BooleanAttribute.java,org.jsoup.nodes.BooleanAttribute,isBooleanAttribute/0,false,16,0,0,0,0,1,0,3,1,0,0,0,0,0,0,0,0,0,0,0,0,0,0,0,0,0,4,4,0,false
/home/alison/jsoup-quality-analysis/work/jsoup/src/main/java/org/jsoup/nodes/BooleanAttribute.java,org.jsoup.nodes.BooleanAttribute,BooleanAttribute/1[java.lang.String],true,11,0,2,2,0,1,0,3,0,0,1,0,0,0,0,0,0,0,1,0,0,0,0,0,0,0,9,1,0,true
/home/alison/jsoup-quality-analysis/work/jsoup/src/main/java/org/jsoup/nodes/Node.java,org.jsoup.nodes.Node$Anonymous1,"tail/2[org.jsoup.nodes.Node,int]",false,169,1,0,0,0,1,0,2,0,0,2,0,0,0,0,0,0,0,0,0,0,0,0,0,0,0,3,1,0,false
/home/alison/jsoup-quality-analysis/work/jsoup/src/main/java/org/jsoup/nodes/Node.java,org.jsoup.nodes.Node$Anonymous1,"head/2[org.jsoup.nodes.Node,int]",false,165,1,4,0,4,1,0,3,0,0,2,0,0,0,0,0,0,0,0,0,1,0,0,0,0,0,5,1,0,false
/home/alison/jsoup-quality-analysis/work/jsoup/src/main/java/org/jsoup/nodes/Element.java,org.jsoup.nodes.Element$Anonymous1,"head/2[org.jsoup.nodes.Node,int]",false,962,4,4,0,4,7,7,10,0,2,2,7,0,0,0,0,0,1,2,1,2,0,2,0,0,0,11,1,0,false
/home/alison/jsoup-quality-analysis/work/jsoup/src/main/java/org/jsoup/nodes/Element.java,org.jsoup.nodes.Element$Anonymous1,"tail/2[org.jsoup.nodes.Node,int]",false,975,1,0,0,0,1,0,2,0,0,2,0,0,0,0,0,0,0,0,0,0,0,0,0,0,0,3,1,0,false
/home/alison/jsoup-quality-analysis/work/jsoup/src/main/java/org/jsoup/SerializationException.java,org.jsoup.SerializationException,"SerializationException/2[java.lang.String,java.lang.Throwable]",true,45,0,0,0,0,1,0,3,0,0,2,0,0,0,0,0,0,0,0,0,0,0,0,0,0,0,15,1,0,true
/home/alison/jsoup-quality-analysis/work/jsoup/src/main/java/org/jsoup/SerializationException.java,org.jsoup.SerializationException,SerializationException/1[java.lang.String],true,21,0,0,0,0,1,0,3,0,0,1,0,0,0,0,0,0,0,0,0,0,0,0,0,0,0,18,1,0,true
/home/alison/jsoup-quality-analysis/work/jsoup/src/main/java/org/jsoup/SerializationException.java,org.jsoup.SerializationException,SerializationException/1[java.lang.Throwable],true,33,0,5,5,0,1,0,3,0,0,1,0,0,0,0,0,0,0,0,0,0,0,0,0,0,0,24,1,0,true
/home/alison/jsoup-quality-analysis/work/jsoup/src/main/java/org/jsoup/SerializationException.java,org.jsoup.SerializationException,SerializationException/0,true,11,0,0,0,0,1,0,3,0,0,0,0,0,0,0,0,0,0,0,0,0,0,0,0,0,0,12,1,0,true
/home/alison/jsoup-quality-analysis/work/jsoup/src/main/java/org/jsoup/select/CombiningEvaluator.java,org.jsoup.select.CombiningEvaluator$Or,add/1[org.jsoup.select.Evaluator],false,86,2,2,1,1,1,2,4,0,0,1,2,0,0,0,0,0,0,0,0,0,0,0,0,0,0,6,1,0,false
/home/alison/jsoup-quality-analysis/work/jsoup/src/main/java/org/jsoup/select/CombiningEvaluator.java,org.jsoup.select.CombiningEvaluator$Or,Or/0,true,82,0,1,1,0,1,0,3,0,0,0,0,0,0,0,0,0,0,0,0,0,0,0,0,0,0,1,0,0,false
/home/alison/jsoup-quality-analysis/work/jsoup/src/main/java/org/jsoup/select/CombiningEvaluator.java,org.jsoup.select.CombiningEvaluator$Or,"matches/2[org.jsoup.nodes.Element,org.jsoup.nodes.Element]",false,92,2,1,0,1,3,2,7,2,2,2,2,0,0,1,0,0,0,0,1,2,0,2,0,0,0,9,1,0,false
/home/alison/jsoup-quality-analysis/work/jsoup/src/main/java/org/jsoup/select/CombiningEvaluator.java,org.jsoup.select.CombiningEvaluator$Or,toString/0,false,102,0,0,0,0,1,1,3,1,0,0,1,0,0,0,0,0,0,1,0,0,0,0,0,0,0,2,1,0,false
/home/alison/jsoup-quality-analysis/work/jsoup/src/main/java/org/jsoup/select/CombiningEvaluator.java,org.jsoup.select.CombiningEvaluator$Or,Or/1[org.jsoup.select.Evaluator[]],true,80,1,1,1,0,1,1,3,0,0,1,1,0,0,0,0,0,0,0,0,0,0,0,0,0,0,2,0,0,false
/home/alison/jsoup-quality-analysis/work/jsoup/src/main/java/org/jsoup/select/CombiningEvaluator.java,org.jsoup.select.CombiningEvaluator$Or,Or/1[java.util.Collection<org.jsoup.select.Evaluator>],true,71,3,2,0,2,2,3,6,0,0,1,3,0,0,0,0,0,0,0,1,0,0,1,0,0,0,31,0,0,true
/home/alison/jsoup-quality-analysis/work/jsoup/src/main/java/org/jsoup/select/Evaluator.java,org.jsoup.select.Evaluator$ContainsText,ContainsText/1[java.lang.String],true,653,1,3,2,1,1,1,3,0,0,1,1,0,0,0,0,0,0,0,0,1,0,0,0,0,0,5,1,0,false
/home/alison/jsoup-quality-analysis/work/jsoup/src/main/java/org/jsoup/select/Evaluator.java,org.jsoup.select.Evaluator$ContainsText,"matches/2[org.jsoup.nodes.Element,org.jsoup.nodes.Element]",false,658,2,2,0,2,1,3,3,1,0,2,3,0,0,0,0,0,0,0,0,0,0,0,0,0,0,7,1,0,false
/home/alison/jsoup-quality-analysis/work/jsoup/src/main/java/org/jsoup/select/Evaluator.java,org.jsoup.select.Evaluator$ContainsText,toString/0,false,663,0,0,0,0,1,1,3,1,0,0,1,0,0,0,0,0,0,1,0,0,0,0,0,0,0,2,1,0,false
/home/alison/jsoup-quality-analysis/work/jsoup/src/main/java/org/jsoup/Connection.java,org.jsoup.Connection$Base,method/1[org.jsoup.Connection.Method],false,359,2,0,0,0,1,0,1,0,0,1,0,0,0,0,0,0,0,0,0,0,0,0,0,0,0,7,0,0,true
/home/alison/jsoup-quality-analysis/work/jsoup/src/main/java/org/jsoup/Connection.java,org.jsoup.Connection$Base,removeCookie/1[java.lang.String],false,440,1,0,0,0,1,0,1,0,0,1,0,0,0,0,0,0,0,0,0,0,0,0,0,0,0,11,0,0,true
/home/alison/jsoup-quality-analysis/work/jsoup/src/main/java/org/jsoup/Connection.java,org.jsoup.Connection$Base,"header/2[java.lang.String,java.lang.String]",false,378,1,0,0,0,1,0,1,0,0,2,0,0,0,0,0,0,0,0,0,0,0,0,0,0,0,20,0,0,true
/home/alison/jsoup-quality-analysis/work/jsoup/src/main/java/org/jsoup/Connection.java,org.jsoup.Connection$Base,"hasHeaderWithValue/2[java.lang.String,java.lang.String]",false,393,0,0,0,0,1,0,1,0,0,2,0,0,0,0,0,0,0,0,0,0,0,0,0,0,0,21,0,0,true
/home/alison/jsoup-quality-analysis/work/jsoup/src/main/java/org/jsoup/Connection.java,org.jsoup.Connection$Base,url/1[java.net.URL],false,346,1,0,0,0,1,0,1,0,0,1,0,0,0,0,0,0,0,0,0,0,0,0,0,0,0,8,0,0,true
/home/alison/jsoup-quality-analysis/work/jsoup/src/main/java/org/jsoup/Connection.java,org.jsoup.Connection$Base,cookie/1[java.lang.String],false,414,0,0,0,0,1,0,1,0,0,1,0,0,0,0,0,0,0,0,0,0,0,0,0,0,0,31,0,0,true
/home/alison/jsoup-quality-analysis/work/jsoup/src/main/java/org/jsoup/Connection.java,org.jsoup.Connection$Base,method/0,false,353,1,0,0,0,1,0,1,0,0,0,0,0,0,0,0,0,0,0,0,0,0,0,0,0,0,5,0,0,true
/home/alison/jsoup-quality-analysis/work/jsoup/src/main/java/org/jsoup/Connection.java,org.jsoup.Connection$Base,hasHeader/1[java.lang.String],false,386,0,0,0,0,1,0,1,0,0,1,0,0,0,0,0,0,0,0,0,0,0,0,0,0,0,14,0,0,true
/home/alison/jsoup-quality-analysis/work/jsoup/src/main/java/org/jsoup/Connection.java,org.jsoup.Connection$Base,cookies/0,false,447,0,0,0,0,1,0,1,0,0,0,0,0,0,0,0,0,0,0,0,0,0,0,0,0,0,10,0,0,true
/home/alison/jsoup-quality-analysis/work/jsoup/src/main/java/org/jsoup/Connection.java,org.jsoup.Connection$Base,hasCookie/1[java.lang.String],false,433,0,0,0,0,1,0,1,0,0,1,0,0,0,0,0,0,0,0,0,0,0,0,0,0,0,13,0,0,true
/home/alison/jsoup-quality-analysis/work/jsoup/src/main/java/org/jsoup/Connection.java,org.jsoup.Connection$Base,headers/0,false,408,0,0,0,0,1,0,1,0,0,0,0,0,0,0,0,0,0,0,0,0,0,0,0,0,0,10,0,0,true
/home/alison/jsoup-quality-analysis/work/jsoup/src/main/java/org/jsoup/Connection.java,org.jsoup.Connection$Base,url/0,false,340,0,0,0,0,1,0,1,0,0,0,0,0,0,0,0,0,0,0,0,0,0,0,0,0,0,6,0,0,true
/home/alison/jsoup-quality-analysis/work/jsoup/src/main/java/org/jsoup/Connection.java,org.jsoup.Connection$Base,removeHeader/1[java.lang.String],false,401,1,0,0,0,1,0,1,0,0,1,0,0,0,0,0,0,0,0,0,0,0,0,0,0,0,12,0,0,true
/home/alison/jsoup-quality-analysis/work/jsoup/src/main/java/org/jsoup/Connection.java,org.jsoup.Connection$Base,header/1[java.lang.String],false,366,0,0,0,0,1,0,1,0,0,1,0,0,0,0,0,0,0,0,0,0,0,0,0,0,0,23,0,0,true
/home/alison/jsoup-quality-analysis/work/jsoup/src/main/java/org/jsoup/Connection.java,org.jsoup.Connection$Base,"cookie/2[java.lang.String,java.lang.String]",false,425,1,0,0,0,1,0,1,0,0,2,0,0,0,0,0,0,0,0,0,0,0,0,0,0,0,10,0,0,true
/home/alison/jsoup-quality-analysis/work/jsoup/src/main/java/org/jsoup/safety/Whitelist.java,org.jsoup.safety.Whitelist$TagName,valueOf/1[java.lang.String],false,577,1,12,11,1,1,0,3,1,0,1,0,0,0,0,0,0,0,0,0,0,0,0,0,0,0,4,8,0,false
/home/alison/jsoup-quality-analysis/work/jsoup/src/main/java/org/jsoup/safety/Whitelist.java,org.jsoup.safety.Whitelist$TagName,TagName/1[java.lang.String],true,573,0,1,1,0,1,0,3,0,0,1,0,0,0,0,0,0,0,0,0,0,0,0,0,0,0,3,0,0,false
/home/alison/jsoup-quality-analysis/work/jsoup/src/main/java/org/jsoup/parser/TokeniserState.java,org.jsoup.parser.TokeniserState$Anonymous50,"read/2[org.jsoup.parser.Tokeniser,org.jsoup.parser.CharacterReader]",false,1056,2,53,0,53,5,7,21,0,1,2,7,0,0,0,0,0,0,3,0,1,0,1,0,0,0,10,0,1,false
/home/alison/jsoup-quality-analysis/work/jsoup/src/main/java/org/jsoup/parser/TokeniserState.java,org.jsoup.parser.TokeniserState$Anonymous51,"read/2[org.jsoup.parser.Tokeniser,org.jsoup.parser.CharacterReader]",false,1084,2,53,0,53,8,6,16,0,1,2,6,0,0,0,0,0,0,0,0,2,0,1,0,0,0,9,0,2,false
/home/alison/jsoup-quality-analysis/work/jsoup/src/main/java/org/jsoup/select/Evaluator.java,org.jsoup.select.Evaluator$IsNthOfType,"IsNthOfType/2[int,int]",true,513,0,1,1,0,1,0,3,0,0,2,0,0,0,0,0,0,0,0,0,0,0,0,0,0,0,5,1,0,false
/home/alison/jsoup-quality-analysis/work/jsoup/src/main/java/org/jsoup/select/Evaluator.java,org.jsoup.select.Evaluator$IsNthOfType,"calculatePosition/2[org.jsoup.nodes.Element,org.jsoup.nodes.Element]",false,517,3,4,0,4,4,4,9,1,2,2,4,0,0,1,1,0,0,0,1,2,0,2,0,0,0,8,4,0,false
/home/alison/jsoup-quality-analysis/work/jsoup/src/main/java/org/jsoup/select/Evaluator.java,org.jsoup.select.Evaluator$IsNthOfType,getPseudoClass/0,false,528,0,0,0,0,1,0,3,1,0,0,0,0,0,0,0,0,0,1,0,0,0,0,0,0,0,4,4,0,false
/home/alison/jsoup-quality-analysis/work/jsoup/src/main/java/org/jsoup/select/Evaluator.java,org.jsoup.select.Evaluator$Id,"matches/2[org.jsoup.nodes.Element,org.jsoup.nodes.Element]",false,90,1,1,0,1,1,2,3,1,0,2,2,0,0,0,0,0,1,0,0,0,0,0,0,0,0,3,1,0,false
/home/alison/jsoup-quality-analysis/work/jsoup/src/main/java/org/jsoup/select/Evaluator.java,org.jsoup.select.Evaluator$Id,toString/0,false,95,0,0,0,0,1,1,3,1,0,0,1,0,0,0,0,0,0,1,0,0,0,0,0,0,0,2,1,0,false
/home/alison/jsoup-quality-analysis/work/jsoup/src/main/java/org/jsoup/select/Evaluator.java,org.jsoup.select.Evaluator$Id,Id/1[java.lang.String],true,85,0,2,2,0,1,0,3,0,0,1,0,0,0,0,0,0,0,0,0,1,0,0,0,0,0,2,1,0,false
/home/alison/jsoup-quality-analysis/work/jsoup/src/main/java/org/jsoup/parser/TokeniserState.java,org.jsoup.parser.TokeniserState$Anonymous52,"read/2[org.jsoup.parser.Tokeniser,org.jsoup.parser.CharacterReader]",false,1111,2,53,0,53,9,8,25,1,1,2,8,0,0,0,0,0,0,0,0,2,0,1,0,0,0,10,0,1,false
/home/alison/jsoup-quality-analysis/work/jsoup/src/main/java/org/jsoup/select/StructuralEvaluator.java,org.jsoup.select.StructuralEvaluator$PreviousSibling,"matches/2[org.jsoup.nodes.Element,org.jsoup.nodes.Element]",false,101,2,2,0,2,4,2,9,3,1,2,2,0,0,1,2,0,0,0,0,2,0,2,0,0,0,8,1,0,false
/home/alison/jsoup-quality-analysis/work/jsoup/src/main/java/org/jsoup/select/StructuralEvaluator.java,org.jsoup.select.StructuralEvaluator$PreviousSibling,toString/0,false,117,0,0,0,0,1,1,3,1,0,0,1,0,0,0,0,0,0,1,0,0,0,0,0,0,0,2,1,0,false
/home/alison/jsoup-quality-analysis/work/jsoup/src/main/java/org/jsoup/select/StructuralEvaluator.java,org.jsoup.select.StructuralEvaluator$PreviousSibling,PreviousSibling/1[org.jsoup.select.Evaluator],true,97,1,1,1,0,1,0,3,0,0,1,0,0,0,0,0,0,0,0,0,1,0,0,0,0,0,4,1,0,false
/home/alison/jsoup-quality-analysis/work/jsoup/src/main/java/org/jsoup/parser/TokeniserState.java,org.jsoup.parser.TokeniserState$Anonymous57,"read/2[org.jsoup.parser.Tokeniser,org.jsoup.parser.CharacterReader]",false,1286,2,53,0,53,5,6,21,0,1,2,6,0,0,0,0,0,0,0,0,3,0,1,0,0,0,12,0,2,false
/home/alison/jsoup-quality-analysis/work/jsoup/src/main/java/org/jsoup/safety/Whitelist.java,org.jsoup.safety.Whitelist,preserveRelativeLinks/1[boolean],false,391,1,0,0,0,1,0,4,1,0,1,0,0,0,0,0,0,0,0,0,1,0,0,0,0,0,58,1,0,true
/home/alison/jsoup-quality-analysis/work/jsoup/src/main/java/org/jsoup/safety/Whitelist.java,org.jsoup.safety.Whitelist,Whitelist/0,true,192,4,4,4,0,1,0,7,0,0,0,0,0,0,0,0,0,0,0,0,5,0,0,0,0,0,24,1,0,true
/home/alison/jsoup-quality-analysis/work/jsoup/src/main/java/org/jsoup/safety/Whitelist.java,org.jsoup.safety.Whitelist,none/0,false,78,1,1,0,1,1,0,3,1,0,0,0,0,0,0,0,0,0,0,0,0,0,0,0,0,0,14,9,0,true
/home/alison/jsoup-quality-analysis/work/jsoup/src/main/java/org/jsoup/safety/Whitelist.java,org.jsoup.safety.Whitelist,"addEnforcedAttribute/3[java.lang.String,java.lang.String,java.lang.String]",false,332,5,5,1,4,3,10,18,1,4,3,10,0,0,0,0,0,0,0,0,4,0,1,0,0,0,49,1,0,true
/home/alison/jsoup-quality-analysis/work/jsoup/src/main/java/org/jsoup/safety/Whitelist.java,org.jsoup.safety.Whitelist,"removeEnforcedAttribute/2[java.lang.String,java.lang.String]",false,360,5,3,0,3,4,9,12,1,3,2,9,0,0,0,0,0,0,0,0,3,0,2,0,0,0,22,1,0,true
/home/alison/jsoup-quality-analysis/work/jsoup/src/main/java/org/jsoup/safety/Whitelist.java,org.jsoup.safety.Whitelist,addTags/1[java.lang.String[]],false,206,3,7,4,3,2,4,8,1,0,1,4,0,0,1,0,0,0,0,0,0,0,1,0,0,0,25,1,0,true
/home/alison/jsoup-quality-analysis/work/jsoup/src/main/java/org/jsoup/safety/Whitelist.java,org.jsoup.safety.Whitelist,"addAttributes/2[java.lang.String,java.lang.String[]]",false,253,4,8,3,5,5,12,20,1,3,2,12,0,0,1,0,0,0,1,1,3,0,1,0,0,0,43,1,0,true
/home/alison/jsoup-quality-analysis/work/jsoup/src/main/java/org/jsoup/safety/Whitelist.java,org.jsoup.safety.Whitelist,"removeProtocols/3[java.lang.String,java.lang.String,java.lang.String[]]",false,454,5,6,0,6,4,15,20,1,4,3,15,0,0,1,0,0,0,2,0,4,0,2,0,0,0,36,1,0,true
/home/alison/jsoup-quality-analysis/work/jsoup/src/main/java/org/jsoup/safety/Whitelist.java,org.jsoup.safety.Whitelist,getEnforcedAttributes/1[java.lang.String],false,558,5,6,2,4,3,8,11,1,3,1,8,0,0,1,0,0,0,0,0,3,0,2,0,0,0,10,0,0,false
/home/alison/jsoup-quality-analysis/work/jsoup/src/main/java/org/jsoup/safety/Whitelist.java,org.jsoup.safety.Whitelist,"isSafeAttribute/3[java.lang.String,org.jsoup.nodes.Element,org.jsoup.nodes.Attribute]",false,498,8,11,2,9,6,17,23,4,7,3,17,3,2,0,2,0,0,2,0,7,0,2,0,0,0,38,4,0,true
/home/alison/jsoup-quality-analysis/work/jsoup/src/main/java/org/jsoup/safety/Whitelist.java,org.jsoup.safety.Whitelist,removeTags/1[java.lang.String[]],false,222,3,3,0,3,3,7,13,1,1,1,7,0,0,1,0,0,0,0,0,1,0,2,0,0,0,26,1,0,true
/home/alison/jsoup-quality-analysis/work/jsoup/src/main/java/org/jsoup/safety/Whitelist.java,org.jsoup.safety.Whitelist,"testValidProtocol/3[org.jsoup.nodes.Element,org.jsoup.nodes.Attribute,java.util.Set<org.jsoup.safety.Whitelist.Protocol>]",false,525,7,8,1,7,7,10,21,3,2,3,10,1,1,1,1,0,0,2,1,4,0,3,0,0,0,17,2,0,false
/home/alison/jsoup-quality-analysis/work/jsoup/src/main/java/org/jsoup/safety/Whitelist.java,org.jsoup.safety.Whitelist,relaxed/0,false,153,1,4,0,4,1,3,3,1,0,0,3,3,1,0,0,0,0,105,0,0,0,0,0,0,0,26,9,0,true
/home/alison/jsoup-quality-analysis/work/jsoup/src/main/java/org/jsoup/safety/Whitelist.java,org.jsoup.safety.Whitelist,isSafeTag/1[java.lang.String],false,487,1,3,2,1,1,2,3,1,0,1,2,0,0,0,0,0,0,0,0,0,0,0,0,0,0,12,4,0,true
/home/alison/jsoup-quality-analysis/work/jsoup/src/main/java/org/jsoup/safety/Whitelist.java,org.jsoup.safety.Whitelist,isValidAnchor/1[java.lang.String],false,554,0,1,1,0,1,2,3,1,0,1,2,0,0,0,0,0,0,2,0,0,0,0,0,0,0,4,2,0,false
/home/alison/jsoup-quality-analysis/work/jsoup/src/main/java/org/jsoup/safety/Whitelist.java,org.jsoup.safety.Whitelist,basicWithImages/0,false,135,1,4,0,4,1,4,3,1,0,0,4,4,2,0,0,0,0,12,0,0,0,0,0,0,0,20,9,0,true
/home/alison/jsoup-quality-analysis/work/jsoup/src/main/java/org/jsoup/safety/Whitelist.java,org.jsoup.safety.Whitelist,"addProtocols/3[java.lang.String,java.lang.String,java.lang.String[]]",false,412,5,8,3,5,4,12,29,1,5,3,12,0,0,1,0,0,0,0,0,7,0,1,0,0,0,49,1,0,true
/home/alison/jsoup-quality-analysis/work/jsoup/src/main/java/org/jsoup/safety/Whitelist.java,org.jsoup.safety.Whitelist,simpleText/0,false,88,1,2,0,2,1,1,3,1,0,0,1,1,1,0,0,0,0,5,0,0,0,0,0,0,0,20,9,0,true
/home/alison/jsoup-quality-analysis/work/jsoup/src/main/java/org/jsoup/safety/Whitelist.java,org.jsoup.safety.Whitelist,basic/0,false,109,1,6,1,5,1,4,3,1,0,0,4,4,1,0,0,0,0,47,0,0,0,0,0,0,0,26,9,0,true
/home/alison/jsoup-quality-analysis/work/jsoup/src/main/java/org/jsoup/safety/Whitelist.java,org.jsoup.safety.Whitelist,"removeAttributes/2[java.lang.String,java.lang.String[]]",false,290,4,5,0,5,9,14,22,1,4,2,14,0,0,2,0,0,0,2,1,4,0,3,0,0,0,43,1,0,true
/home/alison/jsoup-quality-analysis/work/jsoup/src/main/java/org/jsoup/parser/TokeniserState.java,org.jsoup.parser.TokeniserState$Anonymous58,"read/2[org.jsoup.parser.Tokeniser,org.jsoup.parser.CharacterReader]",false,1314,2,53,0,53,5,6,21,0,1,2,6,0,0,0,0,0,0,0,0,3,0,1,0,0,0,12,0,2,false
/home/alison/jsoup-quality-analysis/work/jsoup/src/main/java/org/jsoup/parser/TokeniserState.java,org.jsoup.parser.TokeniserState$Anonymous59,"read/2[org.jsoup.parser.Tokeniser,org.jsoup.parser.CharacterReader]",false,1342,2,53,0,53,10,5,24,0,1,2,5,0,0,0,0,0,0,0,0,3,0,1,0,0,0,17,0,3,false
/home/alison/jsoup-quality-analysis/work/jsoup/src/main/java/org/jsoup/examples/HtmlToPlainText.java,org.jsoup.examples.HtmlToPlainText$FormattingVisitor,toString/0,false,127,0,1,1,0,1,1,3,1,0,0,1,0,0,0,0,0,0,0,0,0,0,0,0,0,0,2,1,0,false
/home/alison/jsoup-quality-analysis/work/jsoup/src/main/java/org/jsoup/examples/HtmlToPlainText.java,org.jsoup.examples.HtmlToPlainText$FormattingVisitor,"tail/2[org.jsoup.nodes.Node,int]",false,89,3,4,0,4,3,6,5,0,1,2,6,1,1,0,0,0,0,13,0,1,0,2,0,0,0,5,1,0,false
/home/alison/jsoup-quality-analysis/work/jsoup/src/main/java/org/jsoup/examples/HtmlToPlainText.java,org.jsoup.examples.HtmlToPlainText$FormattingVisitor,"head/2[org.jsoup.nodes.Node,int]",false,76,4,4,0,4,5,5,7,0,1,2,5,1,1,0,0,0,1,12,0,1,0,4,0,0,0,7,1,0,false
/home/alison/jsoup-quality-analysis/work/jsoup/src/main/java/org/jsoup/examples/HtmlToPlainText.java,org.jsoup.examples.HtmlToPlainText$FormattingVisitor,append/1[java.lang.String],false,98,1,3,2,1,9,8,24,1,4,1,8,0,0,1,2,0,1,7,5,9,5,3,0,0,0,8,2,0,false
/home/alison/jsoup-quality-analysis/work/jsoup/src/main/java/org/jsoup/parser/TokeniserState.java,org.jsoup.parser.TokeniserState$Anonymous53,"read/2[org.jsoup.parser.Tokeniser,org.jsoup.parser.CharacterReader]",false,1146,2,53,0,53,10,9,24,1,2,2,9,0,0,0,0,0,0,0,0,3,0,1,0,0,0,12,0,1,false
/home/alison/jsoup-quality-analysis/work/jsoup/src/main/java/org/jsoup/select/Collector.java,org.jsoup.select.Collector$Accumulator,"tail/2[org.jsoup.nodes.Node,int]",false,47,1,0,0,0,1,0,2,0,0,2,0,0,0,0,0,0,0,0,0,0,0,0,0,0,0,3,1,0,false
/home/alison/jsoup-quality-analysis/work/jsoup/src/main/java/org/jsoup/select/Collector.java,org.jsoup.select.Collector$Accumulator,"head/2[org.jsoup.nodes.Node,int]",false,39,3,1,0,1,3,2,6,0,1,2,2,0,0,0,0,0,0,0,0,1,0,2,0,0,0,6,1,0,false
/home/alison/jsoup-quality-analysis/work/jsoup/src/main/java/org/jsoup/select/Collector.java,org.jsoup.select.Collector$Accumulator,"Accumulator/3[org.jsoup.nodes.Element,org.jsoup.select.Elements,org.jsoup.select.Evaluator]",true,33,3,1,1,0,1,0,5,0,0,3,0,0,0,0,0,0,0,0,0,3,0,0,0,0,0,5,0,0,false
/home/alison/jsoup-quality-analysis/work/jsoup/src/main/java/org/jsoup/select/Collector.java,org.jsoup.select.Collector,Collector/0,true,13,0,0,0,0,1,0,2,0,0,0,0,0,0,0,0,0,0,0,0,0,0,0,0,0,0,1,2,0,false
/home/alison/jsoup-quality-analysis/work/jsoup/src/main/java/org/jsoup/select/Collector.java,org.jsoup.select.Collector,"collect/2[org.jsoup.select.Evaluator,org.jsoup.nodes.Element]",false,22,5,24,20,4,1,1,5,1,1,2,1,0,0,0,0,0,0,0,0,1,0,0,0,0,0,29,9,0,true
/home/alison/jsoup-quality-analysis/work/jsoup/src/main/java/org/jsoup/helper/DescendableLinkedList.java,org.jsoup.helper.DescendableLinkedList,peekLast/0,false,32,1,0,0,0,2,2,3,1,0,0,2,0,0,0,1,0,0,0,1,0,0,0,0,0,0,13,1,0,true
/home/alison/jsoup-quality-analysis/work/jsoup/src/main/java/org/jsoup/helper/DescendableLinkedList.java,org.jsoup.helper.DescendableLinkedList,DescendableLinkedList/0,true,16,0,0,0,0,1,0,3,0,0,0,0,0,0,0,0,0,0,0,0,0,0,0,0,0,0,5,1,0,true
/home/alison/jsoup-quality-analysis/work/jsoup/src/main/java/org/jsoup/helper/DescendableLinkedList.java,org.jsoup.helper.DescendableLinkedList,push/1[E],false,24,1,0,0,0,1,1,3,0,0,1,1,0,0,0,0,0,0,0,0,0,0,0,0,0,0,12,1,0,true
/home/alison/jsoup-quality-analysis/work/jsoup/src/main/java/org/jsoup/helper/DescendableLinkedList.java,org.jsoup.helper.DescendableLinkedList,descendingIterator/0,false,48,2,1,0,1,1,1,3,1,0,0,1,0,0,0,0,0,0,0,0,0,0,0,0,0,0,15,1,0,true
/home/alison/jsoup-quality-analysis/work/jsoup/src/main/java/org/jsoup/helper/DescendableLinkedList.java,org.jsoup.helper.DescendableLinkedList,pollLast/0,false,40,1,0,0,0,2,2,3,1,0,0,2,0,0,0,1,0,0,0,1,0,0,0,0,0,0,14,1,0,true
/home/alison/jsoup-quality-analysis/work/jsoup/src/main/java/org/jsoup/parser/TokeniserState.java,org.jsoup.parser.TokeniserState$Anonymous54,"read/2[org.jsoup.parser.Tokeniser,org.jsoup.parser.CharacterReader]",false,1181,2,53,0,53,6,10,27,1,0,2,10,0,0,0,0,0,0,0,0,4,0,2,0,0,0,11,0,1,false
/home/alison/jsoup-quality-analysis/work/jsoup/src/main/java/org/jsoup/parser/TokeniserState.java,org.jsoup.parser.TokeniserState$Anonymous55,"read/2[org.jsoup.parser.Tokeniser,org.jsoup.parser.CharacterReader]",false,1209,2,53,0,53,10,5,26,0,1,2,5,0,0,0,0,0,0,0,0,4,0,1,0,0,0,14,0,4,false
/home/alison/jsoup-quality-analysis/work/jsoup/src/main/java/org/jsoup/nodes/Attributes.java,org.jsoup.nodes.Attributes$Dataset$DatasetIterator,hasNext/0,false,325,1,1,0,1,3,3,7,2,0,0,3,0,0,1,0,0,0,0,0,1,0,2,0,0,0,5,1,0,false
/home/alison/jsoup-quality-analysis/work/jsoup/src/main/java/org/jsoup/nodes/Attributes.java,org.jsoup.nodes.Attributes$Dataset$DatasetIterator,remove/0,false,337,1,1,0,1,1,2,3,0,0,0,2,0,0,0,0,0,0,0,0,0,0,0,0,0,0,1,1,0,false
/home/alison/jsoup-quality-analysis/work/jsoup/src/main/java/org/jsoup/nodes/Attributes.java,org.jsoup.nodes.Attributes$Dataset$DatasetIterator,next/0,false,333,1,3,0,3,1,4,3,1,0,0,4,0,0,0,0,0,0,0,0,0,0,0,0,0,0,2,1,0,false
/home/alison/jsoup-quality-analysis/work/jsoup/src/main/java/org/jsoup/parser/TokeniserState.java,org.jsoup.parser.TokeniserState$Anonymous56,"read/2[org.jsoup.parser.Tokeniser,org.jsoup.parser.CharacterReader]",false,1249,2,53,0,53,10,5,23,0,1,2,5,0,0,0,0,0,0,0,0,4,0,1,0,0,0,13,0,2,false
/home/alison/jsoup-quality-analysis/work/jsoup/src/main/java/org/jsoup/select/StructuralEvaluator.java,org.jsoup.select.StructuralEvaluator$Not,toString/0,false,46,0,0,0,0,1,1,3,1,0,0,1,0,0,0,0,0,0,1,0,0,0,0,0,0,0,2,1,0,false
/home/alison/jsoup-quality-analysis/work/jsoup/src/main/java/org/jsoup/select/StructuralEvaluator.java,org.jsoup.select.StructuralEvaluator$Not,"matches/2[org.jsoup.nodes.Element,org.jsoup.nodes.Element]",false,41,2,1,0,1,1,1,3,1,0,2,1,0,0,0,0,0,0,0,0,0,0,0,0,0,0,3,1,0,false
/home/alison/jsoup-quality-analysis/work/jsoup/src/main/java/org/jsoup/select/StructuralEvaluator.java,org.jsoup.select.StructuralEvaluator$Not,Not/1[org.jsoup.select.Evaluator],true,37,1,1,1,0,1,0,3,0,0,1,0,0,0,0,0,0,0,0,0,1,0,0,0,0,0,3,1,0,false
/home/alison/jsoup-quality-analysis/work/jsoup/src/main/java/org/jsoup/parser/CharacterReader.java,org.jsoup.parser.CharacterReader,current/0,false,47,0,5,5,0,2,0,3,1,0,0,0,0,0,0,0,0,0,0,0,0,0,0,0,0,0,9,1,0,true
/home/alison/jsoup-quality-analysis/work/jsoup/src/main/java/org/jsoup/parser/CharacterReader.java,org.jsoup.parser.CharacterReader,consumeData/0,false,180,2,2,1,1,7,1,11,1,4,0,1,1,2,1,3,0,0,1,0,4,1,2,0,0,0,11,0,0,false
/home/alison/jsoup-quality-analysis/work/jsoup/src/main/java/org/jsoup/parser/CharacterReader.java,org.jsoup.parser.CharacterReader,consumeToAny/1[char[]],false,150,2,4,3,1,5,1,12,1,3,1,1,1,2,2,1,0,0,1,0,3,1,3,0,0,0,32,1,0,true
/home/alison/jsoup-quality-analysis/work/jsoup/src/main/java/org/jsoup/parser/CharacterReader.java,org.jsoup.parser.CharacterReader,CharacterReader/1[java.lang.String],true,21,1,4,3,1,1,2,5,0,0,1,2,0,0,0,0,0,0,0,0,2,0,0,0,0,0,3,1,0,false
/home/alison/jsoup-quality-analysis/work/jsoup/src/main/java/org/jsoup/parser/CharacterReader.java,org.jsoup.parser.CharacterReader,isEmpty/0,false,39,0,11,11,0,2,0,3,1,0,0,0,0,0,0,0,0,0,0,0,0,0,0,0,0,0,14,1,0,true
/home/alison/jsoup-quality-analysis/work/jsoup/src/main/java/org/jsoup/parser/CharacterReader.java,org.jsoup.parser.CharacterReader,consumeToEnd/0,false,212,1,3,2,1,1,1,5,1,1,0,1,1,2,0,0,0,0,0,0,2,1,0,0,0,0,8,0,0,false
/home/alison/jsoup-quality-analysis/work/jsoup/src/main/java/org/jsoup/parser/CharacterReader.java,org.jsoup.parser.CharacterReader,"cacheString/2[int,int]",false,372,2,12,11,1,5,1,26,3,7,2,1,1,1,1,1,0,0,0,4,12,3,2,0,0,0,56,2,0,true
/home/alison/jsoup-quality-analysis/work/jsoup/src/main/java/org/jsoup/parser/CharacterReader.java,org.jsoup.parser.CharacterReader,matchConsumeIgnoreCase/1[java.lang.String],false,344,1,3,2,1,2,2,9,2,0,1,2,1,1,0,0,0,0,0,0,1,0,1,0,0,0,9,0,0,false
/home/alison/jsoup-quality-analysis/work/jsoup/src/main/java/org/jsoup/parser/CharacterReader.java,org.jsoup.parser.CharacterReader,nextIndexOf/1[java.lang.CharSequence],false,100,0,2,2,0,10,2,15,2,5,1,2,0,0,3,4,0,0,0,5,5,4,3,0,0,0,28,0,0,true
/home/alison/jsoup-quality-analysis/work/jsoup/src/main/java/org/jsoup/parser/CharacterReader.java,org.jsoup.parser.CharacterReader,consumeTo/1[char],false,123,1,6,3,3,2,3,11,2,2,1,3,3,2,0,1,0,0,0,1,3,0,1,0,0,0,21,1,0,true
/home/alison/jsoup-quality-analysis/work/jsoup/src/main/java/org/jsoup/parser/CharacterReader.java,org.jsoup.parser.CharacterReader,containsIgnoreCase/1[java.lang.String],false,353,1,2,1,1,3,3,5,1,2,1,3,1,1,0,0,0,2,0,2,2,0,0,0,0,0,10,0,0,false
/home/alison/jsoup-quality-analysis/work/jsoup/src/main/java/org/jsoup/parser/CharacterReader.java,org.jsoup.parser.CharacterReader,mark/0,false,68,0,1,1,0,1,0,3,0,0,0,0,0,0,0,0,0,0,0,0,1,0,0,0,0,0,2,0,0,false
/home/alison/jsoup-quality-analysis/work/jsoup/src/main/java/org/jsoup/parser/CharacterReader.java,org.jsoup.parser.CharacterReader,advance/0,false,64,0,4,4,0,1,0,3,0,0,0,0,0,0,0,0,0,0,0,0,0,0,0,0,0,0,7,1,0,true
/home/alison/jsoup-quality-analysis/work/jsoup/src/main/java/org/jsoup/parser/CharacterReader.java,org.jsoup.parser.CharacterReader,matchConsume/1[java.lang.String],false,335,1,3,2,1,2,2,9,2,0,1,2,1,1,0,0,0,0,0,0,1,0,1,0,0,0,7,0,0,false
/home/alison/jsoup-quality-analysis/work/jsoup/src/main/java/org/jsoup/parser/CharacterReader.java,org.jsoup.parser.CharacterReader,matchesAnySorted/1[char[]],false,317,2,2,1,1,2,2,3,1,0,1,2,1,1,0,0,0,0,0,1,0,0,0,0,0,0,6,0,0,false
/home/alison/jsoup-quality-analysis/work/jsoup/src/main/java/org/jsoup/parser/CharacterReader.java,org.jsoup.parser.CharacterReader,matchesLetter/0,false,321,1,6,5,1,6,2,5,2,1,0,2,1,1,0,0,0,2,0,0,1,0,1,0,0,0,6,0,0,false
/home/alison/jsoup-quality-analysis/work/jsoup/src/main/java/org/jsoup/parser/CharacterReader.java,org.jsoup.parser.CharacterReader,nextIndexOf/1[char],false,85,0,1,1,0,3,0,6,2,1,1,0,0,0,1,1,0,0,0,1,1,1,2,0,0,0,22,0,0,true
/home/alison/jsoup-quality-analysis/work/jsoup/src/main/java/org/jsoup/parser/CharacterReader.java,org.jsoup.parser.CharacterReader,unconsume/0,false,57,0,3,3,0,1,0,3,0,0,0,0,0,0,0,0,0,0,0,0,0,0,0,0,0,0,2,0,0,false
/home/alison/jsoup-quality-analysis/work/jsoup/src/main/java/org/jsoup/parser/CharacterReader.java,org.jsoup.parser.CharacterReader,toString/0,false,361,0,0,0,0,1,0,3,1,0,0,0,0,0,0,0,0,0,0,0,0,1,0,0,0,0,3,1,0,false
/home/alison/jsoup-quality-analysis/work/jsoup/src/main/java/org/jsoup/parser/CharacterReader.java,org.jsoup.parser.CharacterReader,consume/0,false,51,0,4,4,0,2,0,5,1,1,0,0,0,0,0,0,0,0,0,0,1,0,0,0,0,0,7,0,0,false
/home/alison/jsoup-quality-analysis/work/jsoup/src/main/java/org/jsoup/parser/CharacterReader.java,org.jsoup.parser.CharacterReader,rewindToMark/0,false,72,0,1,1,0,1,0,3,0,0,0,0,0,0,0,0,0,0,0,0,1,0,0,0,0,0,5,0,0,false
/home/alison/jsoup-quality-analysis/work/jsoup/src/main/java/org/jsoup/parser/CharacterReader.java,org.jsoup.parser.CharacterReader,consumeLetterSequence/0,false,218,1,4,3,1,7,2,9,1,2,0,2,1,2,1,0,0,2,0,0,2,1,2,0,0,0,9,0,0,false
/home/alison/jsoup-quality-analysis/work/jsoup/src/main/java/org/jsoup/parser/CharacterReader.java,org.jsoup.parser.CharacterReader,consumeTo/1[java.lang.String],false,134,1,4,1,3,2,3,11,2,2,1,3,3,2,0,1,0,0,0,1,3,0,1,0,0,0,12,0,0,false
/home/alison/jsoup-quality-analysis/work/jsoup/src/main/java/org/jsoup/parser/CharacterReader.java,org.jsoup.parser.CharacterReader,pos/0,false,31,0,5,5,0,1,0,3,1,0,0,0,0,0,0,0,0,0,0,0,0,0,0,0,0,0,7,1,0,true
/home/alison/jsoup-quality-analysis/work/jsoup/src/main/java/org/jsoup/parser/CharacterReader.java,org.jsoup.parser.CharacterReader,consumeAsString/0,false,76,0,0,0,0,1,0,3,1,0,0,0,0,0,0,0,0,0,0,1,0,0,0,0,0,0,3,0,0,false
/home/alison/jsoup-quality-analysis/work/jsoup/src/main/java/org/jsoup/parser/CharacterReader.java,org.jsoup.parser.CharacterReader,matches/1[java.lang.String],false,280,0,1,1,0,4,2,6,3,2,1,2,0,0,1,1,0,0,0,1,2,2,2,0,0,0,9,0,0,false
/home/alison/jsoup-quality-analysis/work/jsoup/src/main/java/org/jsoup/parser/CharacterReader.java,org.jsoup.parser.CharacterReader,matchesDigit/0,false,328,1,2,1,1,4,1,5,2,1,0,1,1,1,0,0,0,1,0,0,1,0,1,0,0,0,6,0,0,false
/home/alison/jsoup-quality-analysis/work/jsoup/src/main/java/org/jsoup/parser/CharacterReader.java,org.jsoup.parser.CharacterReader,"rangeEquals/3[int,int,java.lang.String]",false,408,0,1,1,0,4,2,12,3,3,3,2,0,0,1,3,0,0,0,2,3,0,3,0,0,0,16,0,0,true
/home/alison/jsoup-quality-analysis/work/jsoup/src/main/java/org/jsoup/parser/CharacterReader.java,org.jsoup.parser.CharacterReader,consumeDigitSequence/0,false,263,1,2,1,1,4,1,9,1,2,0,1,1,2,1,0,0,0,0,0,2,1,2,0,0,0,9,0,0,false
/home/alison/jsoup-quality-analysis/work/jsoup/src/main/java/org/jsoup/parser/CharacterReader.java,org.jsoup.parser.CharacterReader,consumeTagName/0,false,196,2,2,1,1,11,1,11,1,4,0,1,1,2,1,8,0,0,1,0,4,1,2,0,0,0,12,0,0,false
/home/alison/jsoup-quality-analysis/work/jsoup/src/main/java/org/jsoup/parser/CharacterReader.java,org.jsoup.parser.CharacterReader,matchesIgnoreCase/1[java.lang.String],false,291,0,1,1,0,4,3,10,3,4,1,3,0,0,1,1,0,0,0,1,4,2,2,0,0,0,14,0,0,false
/home/alison/jsoup-quality-analysis/work/jsoup/src/main/java/org/jsoup/parser/CharacterReader.java,org.jsoup.parser.CharacterReader,matches/1[char],false,275,1,4,3,1,2,1,3,1,0,1,1,1,1,0,1,0,0,0,0,0,0,0,0,0,0,4,0,0,false
/home/alison/jsoup-quality-analysis/work/jsoup/src/main/java/org/jsoup/parser/CharacterReader.java,org.jsoup.parser.CharacterReader,consumeLetterThenDigitSequence/0,false,231,1,3,1,2,10,3,14,1,3,0,3,2,2,2,0,0,2,0,0,3,1,2,0,0,0,13,0,0,false
/home/alison/jsoup-quality-analysis/work/jsoup/src/main/java/org/jsoup/parser/CharacterReader.java,org.jsoup.parser.CharacterReader,consumeToAnySorted/1[char[]],false,166,2,2,1,1,4,2,10,1,3,1,2,1,2,1,0,0,0,1,1,3,1,2,0,0,0,13,0,0,false
/home/alison/jsoup-quality-analysis/work/jsoup/src/main/java/org/jsoup/parser/CharacterReader.java,org.jsoup.parser.CharacterReader,consumeHexSequence/0,false,251,1,2,1,1,8,1,9,1,2,0,1,1,2,1,0,0,3,0,0,2,1,2,0,0,0,9,0,0,false
/home/alison/jsoup-quality-analysis/work/jsoup/src/main/java/org/jsoup/parser/CharacterReader.java,org.jsoup.parser.CharacterReader,matchesAny/1[char[]],false,305,2,3,2,1,4,1,8,3,1,1,1,1,1,1,1,0,0,0,0,1,0,2,0,0,0,9,0,0,false
/home/alison/jsoup-quality-analysis/work/jsoup/src/main/java/org/jsoup/select/Evaluator.java,org.jsoup.select.Evaluator$IsFirstChild,toString/0,false,566,0,0,0,0,1,0,3,1,0,0,0,0,0,0,0,0,0,1,0,0,0,0,0,0,0,2,1,0,false
/home/alison/jsoup-quality-analysis/work/jsoup/src/main/java/org/jsoup/select/Evaluator.java,org.jsoup.select.Evaluator$IsFirstChild,"matches/2[org.jsoup.nodes.Element,org.jsoup.nodes.Element]",false,560,2,2,0,2,3,2,4,1,1,2,2,0,0,0,2,0,1,0,1,1,0,0,0,0,0,6,1,0,false
/home/alison/jsoup-quality-analysis/work/jsoup/src/main/java/org/jsoup/parser/TokeniserState.java,org.jsoup.parser.TokeniserState$Anonymous60,"read/2[org.jsoup.parser.Tokeniser,org.jsoup.parser.CharacterReader]",false,1380,2,53,0,53,10,5,23,0,1,2,5,0,0,0,0,0,0,0,0,3,0,1,0,0,0,13,0,3,false
/home/alison/jsoup-quality-analysis/work/jsoup/src/main/java/org/jsoup/parser/TokeniserState.java,org.jsoup.parser.TokeniserState$Anonymous61,"read/2[org.jsoup.parser.Tokeniser,org.jsoup.parser.CharacterReader]",false,1417,2,53,0,53,10,5,26,0,1,2,5,0,0,0,0,0,0,0,0,4,0,1,0,0,0,13,0,4,false
/home/alison/jsoup-quality-analysis/work/jsoup/src/main/java/org/jsoup/parser/TokeniserState.java,org.jsoup.parser.TokeniserState$Anonymous62,"read/2[org.jsoup.parser.Tokeniser,org.jsoup.parser.CharacterReader]",false,1457,2,53,0,53,10,5,23,0,1,2,5,0,0,0,0,0,0,0,0,4,0,1,0,0,0,13,0,2,false
/home/alison/jsoup-quality-analysis/work/jsoup/src/main/java/org/jsoup/parser/TokeniserState.java,org.jsoup.parser.TokeniserState$Anonymous63,"read/2[org.jsoup.parser.Tokeniser,org.jsoup.parser.CharacterReader]",false,1494,2,53,0,53,5,6,21,0,1,2,6,0,0,0,0,0,0,0,0,3,0,1,0,0,0,12,0,2,false
/home/alison/jsoup-quality-analysis/work/jsoup/src/main/java/org/jsoup/select/StructuralEvaluator.java,org.jsoup.select.StructuralEvaluator$Root,"matches/2[org.jsoup.nodes.Element,org.jsoup.nodes.Element]",false,12,1,0,0,0,2,0,3,1,0,2,0,0,0,0,1,0,0,0,0,0,0,0,0,0,0,4,1,0,false
/home/alison/jsoup-quality-analysis/work/jsoup/src/main/java/org/jsoup/helper/HttpConnection.java,org.jsoup.helper.HttpConnection$Response,serialiseRequestUrl/1[org.jsoup.Connection.Request],false,1020,4,8,1,7,4,16,18,0,3,1,16,0,0,1,1,0,0,3,0,5,0,2,0,0,0,24,10,0,false
/home/alison/jsoup-quality-analysis/work/jsoup/src/main/java/org/jsoup/helper/HttpConnection.java,org.jsoup.helper.HttpConnection$Response,bodyAsBytes/0,false,768,2,1,0,1,1,2,4,1,0,0,2,0,0,0,0,0,0,1,0,0,0,0,0,0,0,11,1,0,false
/home/alison/jsoup-quality-analysis/work/jsoup/src/main/java/org/jsoup/helper/HttpConnection.java,org.jsoup.helper.HttpConnection$Response,initUnSecureTSL/0,false,828,0,2,1,1,4,3,26,0,2,0,3,0,0,0,1,1,0,3,0,3,0,2,1,0,0,58,42,0,true
/home/alison/jsoup-quality-analysis/work/jsoup/src/main/java/org/jsoup/helper/HttpConnection.java,org.jsoup.helper.HttpConnection$Response,execute/1[org.jsoup.Connection.Request],false,628,2,2,1,1,1,1,3,1,0,1,1,1,4,0,0,0,0,0,0,0,0,0,0,0,0,6,8,0,false
/home/alison/jsoup-quality-analysis/work/jsoup/src/main/java/org/jsoup/helper/HttpConnection.java,org.jsoup.helper.HttpConnection$Response,contentType/0,false,744,0,1,1,0,1,0,3,1,0,0,0,0,0,0,0,0,0,0,0,0,0,0,0,0,0,2,1,0,false
/home/alison/jsoup-quality-analysis/work/jsoup/src/main/java/org/jsoup/helper/HttpConnection.java,org.jsoup.helper.HttpConnection$Response,statusCode/0,false,727,0,0,0,0,1,0,3,1,0,0,0,0,0,0,0,0,0,0,0,0,0,0,0,0,0,2,1,0,false
/home/alison/jsoup-quality-analysis/work/jsoup/src/main/java/org/jsoup/helper/HttpConnection.java,org.jsoup.helper.HttpConnection$Response,"setupFromConnection/2[java.net.HttpURLConnection,org.jsoup.Connection.Response]",false,861,5,7,1,6,4,14,14,0,1,2,14,2,1,1,1,0,0,0,0,6,0,3,0,0,0,31,2,0,false
/home/alison/jsoup-quality-analysis/work/jsoup/src/main/java/org/jsoup/helper/HttpConnection.java,org.jsoup.helper.HttpConnection$Response,createHeaderMap/1[java.net.HttpURLConnection],false,880,0,1,1,0,7,7,18,1,5,1,7,0,0,1,4,0,0,0,1,5,0,3,0,0,0,16,10,0,false
/home/alison/jsoup-quality-analysis/work/jsoup/src/main/java/org/jsoup/helper/HttpConnection.java,org.jsoup.helper.HttpConnection$Response,Response/1[org.jsoup.helper.HttpConnection.Response],true,619,2,2,1,1,3,2,7,0,0,1,2,0,0,0,1,0,0,1,1,1,1,2,0,0,0,26,2,0,false
/home/alison/jsoup-quality-analysis/work/jsoup/src/main/java/org/jsoup/helper/HttpConnection.java,org.jsoup.helper.HttpConnection$Response,Response/0,true,615,0,1,1,0,1,0,3,0,0,0,0,0,0,0,0,0,0,0,0,0,0,0,0,0,0,1,0,0,false
/home/alison/jsoup-quality-analysis/work/jsoup/src/main/java/org/jsoup/helper/HttpConnection.java,org.jsoup.helper.HttpConnection$Response,"writePost/3[org.jsoup.Connection.Request,java.io.OutputStream,java.lang.String]",false,955,4,10,1,9,7,16,44,0,3,3,16,0,0,2,2,0,0,10,0,4,0,3,0,0,0,26,10,0,false
/home/alison/jsoup-quality-analysis/work/jsoup/src/main/java/org/jsoup/helper/HttpConnection.java,org.jsoup.helper.HttpConnection$Response,"execute/2[org.jsoup.Connection.Request,org.jsoup.helper.HttpConnection.Response]",false,632,13,38,2,36,33,55,65,2,11,2,55,7,3,1,10,2,3,10,6,20,1,4,0,0,0,74,8,0,false
/home/alison/jsoup-quality-analysis/work/jsoup/src/main/java/org/jsoup/helper/HttpConnection.java,org.jsoup.helper.HttpConnection$Response,parse/0,false,748,5,5,0,5,1,8,7,1,1,0,8,0,0,0,0,0,0,1,0,2,0,0,0,0,0,14,1,0,false
/home/alison/jsoup-quality-analysis/work/jsoup/src/main/java/org/jsoup/helper/HttpConnection.java,org.jsoup.helper.HttpConnection$Response,getInsecureVerifier/0,false,811,1,2,1,1,1,0,8,1,0,0,0,0,0,0,0,0,0,0,0,0,0,0,1,0,0,25,10,0,true
/home/alison/jsoup-quality-analysis/work/jsoup/src/main/java/org/jsoup/helper/HttpConnection.java,org.jsoup.helper.HttpConnection$Response,statusMessage/0,false,731,0,0,0,0,1,0,3,1,0,0,0,0,0,0,0,0,0,0,0,0,0,0,0,0,0,2,1,0,false
/home/alison/jsoup-quality-analysis/work/jsoup/src/main/java/org/jsoup/helper/HttpConnection.java,org.jsoup.helper.HttpConnection$Response,body/0,false,756,1,1,0,1,2,5,8,1,1,0,5,0,0,0,1,0,0,1,0,2,0,1,0,0,0,13,1,0,false
/home/alison/jsoup-quality-analysis/work/jsoup/src/main/java/org/jsoup/helper/HttpConnection.java,org.jsoup.helper.HttpConnection$Response,"processResponseHeaders/1[java.util.Map<java.lang.String,java.util.List<java.lang.String>>]",false,904,2,6,1,5,11,14,28,0,8,1,14,0,0,3,4,0,0,4,6,8,0,6,0,0,0,21,0,0,false
/home/alison/jsoup-quality-analysis/work/jsoup/src/main/java/org/jsoup/helper/HttpConnection.java,org.jsoup.helper.HttpConnection$Response,getRequestCookieString/1[org.jsoup.Connection.Request],false,1005,2,2,1,1,3,7,10,1,2,1,7,0,0,1,0,0,0,1,0,3,0,2,0,0,0,11,10,0,false
/home/alison/jsoup-quality-analysis/work/jsoup/src/main/java/org/jsoup/helper/HttpConnection.java,org.jsoup.helper.HttpConnection$Response,charset/0,false,735,0,0,0,0,1,0,3,1,0,0,0,0,0,0,0,0,0,0,0,0,0,0,0,0,0,1,1,0,false
/home/alison/jsoup-quality-analysis/work/jsoup/src/main/java/org/jsoup/helper/HttpConnection.java,org.jsoup.helper.HttpConnection$Response,charset/1[java.lang.String],false,739,1,0,0,0,1,0,4,1,0,1,0,0,0,0,0,0,0,0,0,1,0,0,0,0,0,2,1,0,false
/home/alison/jsoup-quality-analysis/work/jsoup/src/main/java/org/jsoup/helper/HttpConnection.java,org.jsoup.helper.HttpConnection$Response,createConnection/1[org.jsoup.Connection.Request],false,774,4,12,1,11,7,26,20,1,1,1,26,3,1,1,1,0,3,1,1,1,0,2,0,0,0,27,10,0,false
/home/alison/jsoup-quality-analysis/work/jsoup/src/main/java/org/jsoup/helper/HttpConnection.java,org.jsoup.helper.HttpConnection$Response,setOutputContentType/1[org.jsoup.Connection.Request],false,940,4,6,1,5,3,5,13,1,1,1,5,0,0,0,0,0,0,2,0,2,2,1,0,0,0,19,10,0,false
/home/alison/jsoup-quality-analysis/work/jsoup/src/main/java/org/jsoup/select/NodeVisitor.java,org.jsoup.select.NodeVisitor,"tail/2[org.jsoup.nodes.Node,int]",false,23,1,1,1,0,1,0,1,0,0,2,0,0,0,0,0,0,0,0,0,0,0,0,0,0,0,27,0,0,true
/home/alison/jsoup-quality-analysis/work/jsoup/src/main/java/org/jsoup/select/NodeVisitor.java,org.jsoup.select.NodeVisitor,"head/2[org.jsoup.nodes.Node,int]",false,14,1,1,1,0,1,0,1,0,0,2,0,0,0,0,0,0,0,0,0,0,0,0,0,0,0,22,0,0,true
/home/alison/jsoup-quality-analysis/work/jsoup/src/main/java/org/jsoup/parser/Token.java,org.jsoup.parser.Token$EOF,EOF/0,true,316,0,2,2,0,1,0,3,0,0,0,0,0,0,0,0,0,0,0,0,1,0,0,0,0,0,4,0,0,false
/home/alison/jsoup-quality-analysis/work/jsoup/src/main/java/org/jsoup/parser/Token.java,org.jsoup.parser.Token$EOF,reset/0,false,321,2,0,0,0,1,0,3,1,0,0,0,0,0,0,0,0,0,0,0,0,0,0,0,0,0,2,0,0,false
/home/alison/jsoup-quality-analysis/work/jsoup/src/main/java/org/jsoup/parser/Token.java,org.jsoup.parser.Token$StartTag,StartTag/0,true,219,1,3,2,1,1,0,5,0,0,0,0,0,0,0,0,0,0,0,0,2,0,0,0,0,0,5,0,0,false
/home/alison/jsoup-quality-analysis/work/jsoup/src/main/java/org/jsoup/parser/Token.java,org.jsoup.parser.Token$StartTag,toString/0,false,241,2,3,0,3,3,3,4,2,0,0,3,0,0,0,1,0,0,5,1,0,2,1,0,0,0,5,1,0,false
/home/alison/jsoup-quality-analysis/work/jsoup/src/main/java/org/jsoup/parser/Token.java,org.jsoup.parser.Token$StartTag,"nameAttr/2[java.lang.String,org.jsoup.nodes.Attributes]",false,233,3,2,1,1,1,1,6,1,0,2,1,0,0,0,0,0,0,0,0,3,0,0,0,0,0,10,0,0,false
/home/alison/jsoup-quality-analysis/work/jsoup/src/main/java/org/jsoup/parser/Token.java,org.jsoup.parser.Token$StartTag,reset/0,false,226,3,4,3,1,1,1,5,1,0,0,1,0,0,0,0,0,0,0,0,1,0,0,0,0,0,4,0,0,false
/home/alison/jsoup-quality-analysis/work/jsoup/src/main/java/org/jsoup/select/Evaluator.java,org.jsoup.select.Evaluator$AttributeWithValueStarting,"AttributeWithValueStarting/2[java.lang.String,java.lang.String]",true,217,0,2,2,0,1,0,3,0,0,2,0,0,0,0,0,0,0,0,0,0,0,0,0,0,0,5,1,0,false
/home/alison/jsoup-quality-analysis/work/jsoup/src/main/java/org/jsoup/select/Evaluator.java,org.jsoup.select.Evaluator$AttributeWithValueStarting,toString/0,false,227,0,0,0,0,1,1,3,1,0,0,1,0,0,0,0,0,0,1,0,0,0,0,0,0,0,2,1,0,false
/home/alison/jsoup-quality-analysis/work/jsoup/src/main/java/org/jsoup/select/Evaluator.java,org.jsoup.select.Evaluator$AttributeWithValueStarting,"matches/2[org.jsoup.nodes.Element,org.jsoup.nodes.Element]",false,222,3,3,0,3,1,4,3,1,0,2,4,0,0,0,0,0,0,0,0,0,0,0,0,0,0,7,1,0,false
/home/alison/jsoup-quality-analysis/work/jsoup/src/main/java/org/jsoup/nodes/DocumentType.java,org.jsoup.nodes.DocumentType,nodeName/0,false,57,0,0,0,0,1,0,3,1,0,0,0,0,0,0,0,0,0,1,0,0,0,0,0,0,0,2,1,0,false
/home/alison/jsoup-quality-analysis/work/jsoup/src/main/java/org/jsoup/nodes/DocumentType.java,org.jsoup.nodes.DocumentType,"DocumentType/5[java.lang.String,java.lang.String,java.lang.String,java.lang.String,java.lang.String]",true,45,1,3,2,1,2,1,9,0,0,5,1,0,0,0,1,0,0,0,0,0,0,1,0,0,0,21,1,0,true
/home/alison/jsoup-quality-analysis/work/jsoup/src/main/java/org/jsoup/nodes/DocumentType.java,org.jsoup.nodes.DocumentType,has/1[java.lang.String],false,84,2,4,2,2,1,2,3,1,0,1,2,0,0,0,0,0,0,0,0,0,0,0,0,0,0,3,2,0,false
/home/alison/jsoup-quality-analysis/work/jsoup/src/main/java/org/jsoup/nodes/DocumentType.java,org.jsoup.nodes.DocumentType,"outerHtmlTail/3[java.lang.Appendable,int,org.jsoup.nodes.Document.OutputSettings]",false,81,1,0,0,0,1,0,2,0,0,3,0,0,0,0,0,0,0,0,0,0,0,0,0,0,0,5,0,0,false
/home/alison/jsoup-quality-analysis/work/jsoup/src/main/java/org/jsoup/nodes/DocumentType.java,org.jsoup.nodes.DocumentType,"DocumentType/4[java.lang.String,java.lang.String,java.lang.String,java.lang.String]",true,27,2,2,0,2,2,2,9,0,0,4,2,1,1,0,0,0,0,0,0,0,0,1,0,0,0,23,1,0,true
/home/alison/jsoup-quality-analysis/work/jsoup/src/main/java/org/jsoup/nodes/DocumentType.java,org.jsoup.nodes.DocumentType,"outerHtmlHead/3[java.lang.Appendable,int,org.jsoup.nodes.Document.OutputSettings]",false,62,3,3,0,3,8,5,13,0,0,3,5,1,1,0,1,0,0,6,0,0,0,1,0,0,0,25,0,0,false
/home/alison/jsoup-quality-analysis/work/jsoup/src/main/java/org/jsoup/Connection.java,org.jsoup.Connection$Request,timeout/0,false,479,0,1,1,0,1,0,1,0,0,0,0,0,0,0,0,0,0,0,0,0,0,0,0,0,0,5,0,0,true
/home/alison/jsoup-quality-analysis/work/jsoup/src/main/java/org/jsoup/Connection.java,org.jsoup.Connection$Request,postDataCharset/1[java.lang.String],false,602,1,1,1,0,1,0,1,0,0,1,0,0,0,0,0,0,0,0,0,0,0,0,0,0,0,17,0,0,true
/home/alison/jsoup-quality-analysis/work/jsoup/src/main/java/org/jsoup/Connection.java,org.jsoup.Connection$Request,ignoreHttpErrors/0,false,518,0,1,1,0,1,0,1,0,0,0,0,0,0,0,0,0,0,0,0,0,0,0,0,0,0,21,0,0,true
/home/alison/jsoup-quality-analysis/work/jsoup/src/main/java/org/jsoup/Connection.java,org.jsoup.Connection$Request,requestBody/1[java.lang.String],false,571,1,2,2,0,1,0,1,0,0,1,0,0,0,0,0,0,0,0,0,0,0,0,0,0,0,41,0,0,true
/home/alison/jsoup-quality-analysis/work/jsoup/src/main/java/org/jsoup/Connection.java,org.jsoup.Connection$Request,"proxy/2[java.lang.String,int]",false,471,1,1,1,0,1,0,1,0,0,2,0,0,0,0,0,0,0,0,0,0,0,0,0,0,0,13,0,0,true
/home/alison/jsoup-quality-analysis/work/jsoup/src/main/java/org/jsoup/Connection.java,org.jsoup.Connection$Request,maxBodySize/1[int],false,498,1,1,1,0,1,0,1,0,0,1,0,0,0,0,0,0,0,0,0,0,0,0,0,0,0,11,0,0,true
/home/alison/jsoup-quality-analysis/work/jsoup/src/main/java/org/jsoup/Connection.java,org.jsoup.Connection$Request,followRedirects/0,false,505,0,1,1,0,1,0,1,0,0,0,0,0,0,0,0,0,0,0,0,0,0,0,0,0,0,7,0,0,true
/home/alison/jsoup-quality-analysis/work/jsoup/src/main/java/org/jsoup/Connection.java,org.jsoup.Connection$Request,maxBodySize/0,false,492,0,1,1,0,1,0,1,0,0,0,0,0,0,0,0,0,0,0,0,0,0,0,0,0,0,8,0,0,true
/home/alison/jsoup-quality-analysis/work/jsoup/src/main/java/org/jsoup/Connection.java,org.jsoup.Connection$Request,timeout/1[int],false,485,1,1,1,0,1,0,1,0,0,1,0,0,0,0,0,0,0,0,0,0,0,0,0,0,0,9,0,0,true
/home/alison/jsoup-quality-analysis/work/jsoup/src/main/java/org/jsoup/Connection.java,org.jsoup.Connection$Request,data/0,false,565,1,5,5,0,1,0,1,0,0,0,0,0,0,0,0,0,0,0,0,0,0,0,0,0,0,8,0,0,true
/home/alison/jsoup-quality-analysis/work/jsoup/src/main/java/org/jsoup/Connection.java,org.jsoup.Connection$Request,proxy/1[java.net.Proxy],false,464,1,1,1,0,1,0,1,0,0,1,0,0,0,0,0,0,0,0,0,0,0,0,0,0,0,10,0,0,true
/home/alison/jsoup-quality-analysis/work/jsoup/src/main/java/org/jsoup/Connection.java,org.jsoup.Connection$Request,requestBody/0,false,583,0,2,2,0,1,0,1,0,0,0,0,0,0,0,0,0,0,0,0,0,0,0,0,0,0,7,0,0,true
/home/alison/jsoup-quality-analysis/work/jsoup/src/main/java/org/jsoup/Connection.java,org.jsoup.Connection$Request,followRedirects/1[boolean],false,511,1,1,1,0,1,0,1,0,0,1,0,0,0,0,0,0,0,0,0,0,0,0,0,0,0,17,0,0,true
/home/alison/jsoup-quality-analysis/work/jsoup/src/main/java/org/jsoup/Connection.java,org.jsoup.Connection$Request,ignoreContentType/0,false,532,0,1,1,0,1,0,1,0,0,0,0,0,0,0,0,0,0,0,0,0,0,0,0,0,0,21,0,0,true
/home/alison/jsoup-quality-analysis/work/jsoup/src/main/java/org/jsoup/Connection.java,org.jsoup.Connection$Request,validateTLSCertificates/1[boolean],false,552,0,1,1,0,1,0,1,0,0,1,0,0,0,0,0,0,0,0,0,0,0,0,0,0,0,13,0,0,true
/home/alison/jsoup-quality-analysis/work/jsoup/src/main/java/org/jsoup/Connection.java,org.jsoup.Connection$Request,parser/1[org.jsoup.parser.Parser],false,589,2,2,2,0,1,0,1,0,0,1,0,0,0,0,0,0,0,0,0,0,0,0,0,0,0,10,0,0,true
/home/alison/jsoup-quality-analysis/work/jsoup/src/main/java/org/jsoup/Connection.java,org.jsoup.Connection$Request,proxy/0,false,458,0,1,1,0,1,0,1,0,0,0,0,0,0,0,0,0,0,0,0,0,0,0,0,0,0,7,0,0,true
/home/alison/jsoup-quality-analysis/work/jsoup/src/main/java/org/jsoup/Connection.java,org.jsoup.Connection$Request,ignoreHttpErrors/1[boolean],false,525,1,1,1,0,1,0,1,0,0,1,0,0,0,0,0,0,0,0,0,0,0,0,0,0,0,16,0,0,true
/home/alison/jsoup-quality-analysis/work/jsoup/src/main/java/org/jsoup/Connection.java,org.jsoup.Connection$Request,data/1[org.jsoup.Connection.KeyVal],false,558,2,5,5,0,1,0,1,0,0,1,0,0,0,0,0,0,0,0,0,0,0,0,0,0,0,12,0,0,true
/home/alison/jsoup-quality-analysis/work/jsoup/src/main/java/org/jsoup/Connection.java,org.jsoup.Connection$Request,postDataCharset/0,false,609,0,2,2,0,1,0,1,0,0,0,0,0,0,0,0,0,0,0,0,0,0,0,0,0,0,14,0,0,true
/home/alison/jsoup-quality-analysis/work/jsoup/src/main/java/org/jsoup/Connection.java,org.jsoup.Connection$Request,ignoreContentType/1[boolean],false,539,1,1,1,0,1,0,1,0,0,1,0,0,0,0,0,0,0,0,0,0,0,0,0,0,0,13,0,0,true
/home/alison/jsoup-quality-analysis/work/jsoup/src/main/java/org/jsoup/Connection.java,org.jsoup.Connection$Request,validateTLSCertificates/0,false,546,0,1,1,0,1,0,1,0,0,0,0,0,0,0,0,0,0,0,0,0,0,0,0,0,0,15,0,0,true
/home/alison/jsoup-quality-analysis/work/jsoup/src/main/java/org/jsoup/Connection.java,org.jsoup.Connection$Request,parser/0,false,596,1,1,1,0,1,0,1,0,0,0,0,0,0,0,0,0,0,0,0,0,0,0,0,0,0,9,0,0,true
/home/alison/jsoup-quality-analysis/work/jsoup/src/main/java/org/jsoup/examples/HtmlToPlainText.java,org.jsoup.examples.HtmlToPlainText,getPlainText/1[org.jsoup.nodes.Element],false,61,3,5,1,4,1,2,6,1,2,1,2,0,0,0,0,0,0,0,0,2,0,0,0,0,0,20,1,0,true
/home/alison/jsoup-quality-analysis/work/jsoup/src/main/java/org/jsoup/examples/HtmlToPlainText.java,org.jsoup.examples.HtmlToPlainText,main/1[java.lang.String[]],false,34,7,8,0,8,6,8,18,0,7,1,8,1,1,1,4,0,0,1,5,7,0,2,0,0,0,25,9,0,false
/home/alison/jsoup-quality-analysis/work/jsoup/src/main/java/org/jsoup/HttpStatusException.java,org.jsoup.HttpStatusException,"HttpStatusException/3[java.lang.String,int,java.lang.String]",true,12,0,1,1,0,1,0,5,0,0,3,0,0,0,0,0,0,0,0,0,2,0,0,0,0,0,7,1,0,false
/home/alison/jsoup-quality-analysis/work/jsoup/src/main/java/org/jsoup/HttpStatusException.java,org.jsoup.HttpStatusException,getUrl/0,false,22,0,0,0,0,1,0,3,1,0,0,0,0,0,0,0,0,0,0,0,0,0,0,0,0,0,3,1,0,false
/home/alison/jsoup-quality-analysis/work/jsoup/src/main/java/org/jsoup/HttpStatusException.java,org.jsoup.HttpStatusException,toString/0,false,27,0,0,0,0,1,1,3,1,0,0,1,0,0,0,0,0,0,2,0,0,1,0,0,0,0,9,1,0,false
/home/alison/jsoup-quality-analysis/work/jsoup/src/main/java/org/jsoup/HttpStatusException.java,org.jsoup.HttpStatusException,getStatusCode/0,false,18,0,0,0,0,1,0,3,1,0,0,0,0,0,0,0,0,0,0,0,0,0,0,0,0,0,4,1,0,false
/home/alison/jsoup-quality-analysis/work/jsoup/src/main/java/org/jsoup/select/QueryParser.java,org.jsoup.select.QueryParser,byClass/0,false,214,3,4,1,3,1,4,5,0,1,0,4,0,0,0,0,0,0,0,0,1,0,0,0,0,0,4,2,0,false
/home/alison/jsoup-quality-analysis/work/jsoup/src/main/java/org/jsoup/select/QueryParser.java,org.jsoup.select.QueryParser,byAttribute/0,false,237,11,18,1,17,9,11,19,0,2,0,11,0,0,0,0,0,0,8,1,2,0,7,0,0,0,14,2,0,false
/home/alison/jsoup-quality-analysis/work/jsoup/src/main/java/org/jsoup/select/QueryParser.java,org.jsoup.select.QueryParser,indexEquals/0,false,284,2,3,1,2,1,2,3,0,0,0,2,1,1,0,0,0,0,0,0,0,0,0,0,0,0,4,2,0,false
/home/alison/jsoup-quality-analysis/work/jsoup/src/main/java/org/jsoup/select/QueryParser.java,org.jsoup.select.QueryParser,not/0,false,371,4,6,1,5,1,5,6,0,1,0,5,1,8,0,0,0,0,2,0,1,0,0,0,0,0,8,2,0,false
/home/alison/jsoup-quality-analysis/work/jsoup/src/main/java/org/jsoup/select/QueryParser.java,org.jsoup.select.QueryParser,consumeSubQuery/0,false,133,1,6,1,5,5,8,10,1,1,0,8,0,0,1,0,0,0,6,0,1,0,4,0,0,0,7,2,0,false
/home/alison/jsoup-quality-analysis/work/jsoup/src/main/java/org/jsoup/select/QueryParser.java,org.jsoup.select.QueryParser,indexGreaterThan/0,false,280,2,3,1,2,1,2,3,0,0,0,2,1,1,0,0,0,0,0,0,0,0,0,0,0,0,5,2,0,false
/home/alison/jsoup-quality-analysis/work/jsoup/src/main/java/org/jsoup/select/QueryParser.java,org.jsoup.select.QueryParser,parse/0,false,52,5,9,1,8,6,9,24,2,1,0,9,2,8,1,1,0,0,0,2,1,0,2,0,0,0,12,0,0,true
/home/alison/jsoup-quality-analysis/work/jsoup/src/main/java/org/jsoup/select/QueryParser.java,org.jsoup.select.QueryParser,QueryParser/1[java.lang.String],true,29,1,2,1,1,1,0,4,0,0,1,0,0,0,0,0,0,0,0,0,2,0,0,0,0,0,9,2,0,true
/home/alison/jsoup-quality-analysis/work/jsoup/src/main/java/org/jsoup/select/QueryParser.java,org.jsoup.select.QueryParser,indexLessThan/0,false,276,2,3,1,2,1,2,3,0,0,0,2,1,1,0,0,0,0,0,0,0,0,0,0,0,0,5,2,0,false
/home/alison/jsoup-quality-analysis/work/jsoup/src/main/java/org/jsoup/select/QueryParser.java,org.jsoup.select.QueryParser,matches/1[boolean],false,359,4,6,1,5,3,5,7,0,1,1,5,0,0,0,0,0,0,3,0,1,0,1,0,0,0,7,2,0,false
/home/alison/jsoup-quality-analysis/work/jsoup/src/main/java/org/jsoup/select/QueryParser.java,org.jsoup.select.QueryParser,parse/1[java.lang.String],false,39,3,11,8,3,2,2,9,1,1,1,2,1,7,0,0,1,0,0,0,1,0,1,0,0,0,16,9,0,true
/home/alison/jsoup-quality-analysis/work/jsoup/src/main/java/org/jsoup/select/QueryParser.java,org.jsoup.select.QueryParser,byId/0,false,208,3,4,1,3,1,3,5,0,1,0,3,0,0,0,0,0,0,0,0,1,0,0,0,0,0,3,2,0,false
/home/alison/jsoup-quality-analysis/work/jsoup/src/main/java/org/jsoup/select/QueryParser.java,org.jsoup.select.QueryParser,has/0,false,332,4,6,1,5,1,5,6,0,1,0,5,1,8,0,0,0,0,2,0,1,0,0,0,0,0,9,2,0,false
/home/alison/jsoup-quality-analysis/work/jsoup/src/main/java/org/jsoup/select/QueryParser.java,org.jsoup.select.QueryParser,findElements/0,false,148,11,28,1,27,30,19,30,0,0,0,19,14,8,0,0,0,0,28,0,0,0,27,0,0,0,32,2,0,false
/home/alison/jsoup-quality-analysis/work/jsoup/src/main/java/org/jsoup/select/QueryParser.java,org.jsoup.select.QueryParser,"cssNthChild/2[boolean,boolean]",false,292,7,8,1,7,10,10,31,0,5,2,10,0,0,0,2,0,0,10,11,11,0,3,0,0,0,21,2,0,false
/home/alison/jsoup-quality-analysis/work/jsoup/src/main/java/org/jsoup/select/QueryParser.java,org.jsoup.select.QueryParser,allElements/0,false,271,1,2,1,1,1,1,3,0,0,0,1,0,0,0,0,0,0,0,0,0,0,0,0,0,0,2,2,0,false
/home/alison/jsoup-quality-analysis/work/jsoup/src/main/java/org/jsoup/select/QueryParser.java,org.jsoup.select.QueryParser,containsData/0,false,351,3,6,1,5,1,5,6,0,1,0,5,0,0,0,0,0,0,2,0,1,0,0,0,0,0,9,2,0,false
/home/alison/jsoup-quality-analysis/work/jsoup/src/main/java/org/jsoup/select/QueryParser.java,org.jsoup.select.QueryParser,consumeIndex/0,false,325,3,6,3,3,1,5,5,1,1,0,5,0,0,0,0,0,0,2,0,1,0,0,0,0,0,6,2,0,false
/home/alison/jsoup-quality-analysis/work/jsoup/src/main/java/org/jsoup/select/QueryParser.java,org.jsoup.select.QueryParser,byTag/0,false,220,6,7,1,6,5,8,11,0,1,0,8,0,0,0,0,0,0,6,0,2,0,2,0,0,0,5,2,0,false
/home/alison/jsoup-quality-analysis/work/jsoup/src/main/java/org/jsoup/select/QueryParser.java,org.jsoup.select.QueryParser,combinator/1[char],false,81,11,15,1,14,11,10,40,0,6,1,10,2,7,0,7,0,2,1,2,17,1,6,0,0,0,18,2,0,false
/home/alison/jsoup-quality-analysis/work/jsoup/src/main/java/org/jsoup/select/QueryParser.java,org.jsoup.select.QueryParser,contains/1[boolean],false,340,4,7,1,6,3,5,7,0,1,1,5,0,0,0,0,0,0,3,0,1,0,1,0,0,0,9,2,0,false
/home/alison/jsoup-quality-analysis/work/jsoup/src/main/java/org/jsoup/parser/HtmlTreeBuilderState.java,org.jsoup.parser.HtmlTreeBuilderState$Anonymous23,"process/2[org.jsoup.parser.Token,org.jsoup.parser.HtmlTreeBuilder]",false,1447,2,124,0,124,1,0,3,1,0,2,0,0,0,0,0,0,0,0,0,0,0,0,0,0,0,4,0,0,false
/home/alison/jsoup-quality-analysis/work/jsoup/src/main/java/org/jsoup/parser/HtmlTreeBuilderState.java,org.jsoup.parser.HtmlTreeBuilderState$Anonymous22,"process/2[org.jsoup.parser.Token,org.jsoup.parser.HtmlTreeBuilder]",false,1430,4,124,0,124,9,12,18,4,0,2,12,0,0,0,0,0,1,2,0,0,0,1,0,0,0,8,0,1,false
/home/alison/jsoup-quality-analysis/work/jsoup/src/main/java/org/jsoup/select/Evaluator.java,org.jsoup.select.Evaluator$Matches,Matches/1[java.util.regex.Pattern],true,716,0,2,2,0,1,0,3,0,0,1,0,0,0,0,0,0,0,0,0,1,0,0,0,0,0,3,1,0,false
/home/alison/jsoup-quality-analysis/work/jsoup/src/main/java/org/jsoup/select/Evaluator.java,org.jsoup.select.Evaluator$Matches,"matches/2[org.jsoup.nodes.Element,org.jsoup.nodes.Element]",false,721,1,1,0,1,1,3,4,1,1,2,3,0,0,0,0,0,0,0,0,1,0,0,0,0,0,5,1,0,false
/home/alison/jsoup-quality-analysis/work/jsoup/src/main/java/org/jsoup/select/Evaluator.java,org.jsoup.select.Evaluator$Matches,toString/0,false,727,0,0,0,0,1,1,3,1,0,0,1,0,0,0,0,0,0,1,0,0,0,0,0,0,0,2,1,0,false
/home/alison/jsoup-quality-analysis/work/jsoup/src/main/java/org/jsoup/safety/Whitelist.java,org.jsoup.safety.Whitelist$AttributeValue,AttributeValue/1[java.lang.String],true,593,0,1,1,0,1,0,3,0,0,1,0,0,0,0,0,0,0,0,0,0,0,0,0,0,0,3,0,0,false
/home/alison/jsoup-quality-analysis/work/jsoup/src/main/java/org/jsoup/safety/Whitelist.java,org.jsoup.safety.Whitelist$AttributeValue,valueOf/1[java.lang.String],false,597,1,2,1,1,1,0,3,1,0,1,0,0,0,0,0,0,0,0,0,0,0,0,0,0,0,4,8,0,false
/home/alison/jsoup-quality-analysis/work/jsoup/src/main/java/org/jsoup/select/Evaluator.java,org.jsoup.select.Evaluator$IsOnlyChild,toString/0,false,595,0,0,0,0,1,0,3,1,0,0,0,0,0,0,0,0,0,1,0,0,0,0,0,0,0,2,1,0,false
/home/alison/jsoup-quality-analysis/work/jsoup/src/main/java/org/jsoup/select/Evaluator.java,org.jsoup.select.Evaluator$IsOnlyChild,"matches/2[org.jsoup.nodes.Element,org.jsoup.nodes.Element]",false,590,2,2,0,2,3,3,4,1,1,2,3,0,0,0,2,0,1,0,1,1,0,0,0,0,0,6,1,0,false
/home/alison/jsoup-quality-analysis/work/jsoup/src/main/java/org/jsoup/Connection.java,org.jsoup.Connection$Method,hasBody/0,false,43,0,2,2,0,1,0,3,1,0,0,0,0,0,0,0,0,0,0,0,0,0,0,0,0,0,12,17,0,true
/home/alison/jsoup-quality-analysis/work/jsoup/src/main/java/org/jsoup/Connection.java,org.jsoup.Connection$Method,Method/1[boolean],true,35,0,0,0,0,1,0,3,0,0,1,0,0,0,0,0,0,0,0,0,1,0,0,0,0,0,3,0,0,false
/home/alison/jsoup-quality-analysis/work/jsoup/src/main/java/org/jsoup/helper/HttpConnection.java,org.jsoup.helper.HttpConnection$Base,cookie/1[java.lang.String],false,434,1,1,0,1,1,2,4,1,0,1,2,0,0,0,0,0,0,1,0,0,0,0,0,0,0,5,1,0,false
/home/alison/jsoup-quality-analysis/work/jsoup/src/main/java/org/jsoup/helper/HttpConnection.java,org.jsoup.helper.HttpConnection$Base,url/0,false,300,0,0,0,0,1,0,3,1,0,0,0,0,0,0,0,0,0,0,0,0,0,0,0,0,0,4,1,0,false
/home/alison/jsoup-quality-analysis/work/jsoup/src/main/java/org/jsoup/helper/HttpConnection.java,org.jsoup.helper.HttpConnection$Base,scanHeaders/1[java.lang.String],false,425,1,1,0,1,3,4,7,2,1,1,4,0,0,1,0,0,0,0,0,1,0,2,0,0,0,8,2,0,false
/home/alison/jsoup-quality-analysis/work/jsoup/src/main/java/org/jsoup/helper/HttpConnection.java,org.jsoup.helper.HttpConnection$Base,hasCookie/1[java.lang.String],false,446,1,1,0,1,1,2,4,1,0,1,2,0,0,0,0,0,0,1,0,0,0,0,0,0,0,6,1,0,false
/home/alison/jsoup-quality-analysis/work/jsoup/src/main/java/org/jsoup/helper/HttpConnection.java,org.jsoup.helper.HttpConnection$Base,url/1[java.net.URL],false,304,2,1,0,1,1,1,5,1,0,1,1,0,0,0,0,0,0,1,0,1,0,0,0,0,0,8,1,0,false
/home/alison/jsoup-quality-analysis/work/jsoup/src/main/java/org/jsoup/helper/HttpConnection.java,org.jsoup.helper.HttpConnection$Base,"hasHeaderWithValue/2[java.lang.String,java.lang.String]",false,395,1,2,0,2,1,3,3,1,0,2,3,0,0,0,0,0,0,0,0,0,0,0,0,0,0,13,1,0,true
/home/alison/jsoup-quality-analysis/work/jsoup/src/main/java/org/jsoup/helper/HttpConnection.java,org.jsoup.helper.HttpConnection$Base,"cookie/2[java.lang.String,java.lang.String]",false,439,2,2,0,2,1,3,6,1,0,2,3,0,0,0,0,0,0,2,0,0,0,0,0,0,0,7,1,0,false
/home/alison/jsoup-quality-analysis/work/jsoup/src/main/java/org/jsoup/helper/HttpConnection.java,org.jsoup.helper.HttpConnection$Base,header/1[java.lang.String],false,320,2,3,0,3,2,3,8,1,1,1,3,0,0,0,1,0,0,1,0,2,0,1,0,0,0,13,1,0,false
/home/alison/jsoup-quality-analysis/work/jsoup/src/main/java/org/jsoup/helper/HttpConnection.java,org.jsoup.helper.HttpConnection$Base,method/1[org.jsoup.Connection.Method],false,314,3,1,0,1,1,1,5,1,0,1,1,0,0,0,0,0,0,1,0,1,0,0,0,0,0,6,1,0,false
/home/alison/jsoup-quality-analysis/work/jsoup/src/main/java/org/jsoup/helper/HttpConnection.java,org.jsoup.helper.HttpConnection$Base,removeCookie/1[java.lang.String],false,451,2,1,0,1,1,2,5,1,0,1,2,0,0,0,0,0,0,1,0,0,0,0,0,0,0,7,1,0,false
/home/alison/jsoup-quality-analysis/work/jsoup/src/main/java/org/jsoup/helper/HttpConnection.java,org.jsoup.helper.HttpConnection$Base,Base/0,true,295,0,0,0,0,1,0,4,0,0,0,0,0,0,0,0,0,0,0,0,2,0,0,0,0,0,3,2,0,false
/home/alison/jsoup-quality-analysis/work/jsoup/src/main/java/org/jsoup/helper/HttpConnection.java,org.jsoup.helper.HttpConnection$Base,hasHeader/1[java.lang.String],false,387,2,2,0,2,2,2,4,1,0,1,2,0,0,0,1,0,0,1,0,0,0,0,0,0,0,10,1,0,false
/home/alison/jsoup-quality-analysis/work/jsoup/src/main/java/org/jsoup/helper/HttpConnection.java,org.jsoup.helper.HttpConnection$Base,"header/2[java.lang.String,java.lang.String]",false,379,3,3,0,3,1,4,7,1,0,2,4,0,0,0,0,0,0,2,0,0,0,0,0,0,0,9,1,0,false
/home/alison/jsoup-quality-analysis/work/jsoup/src/main/java/org/jsoup/helper/HttpConnection.java,org.jsoup.helper.HttpConnection$Base,getHeaderCaseInsensitive/1[java.lang.String],false,411,3,3,0,3,4,5,10,1,2,1,5,0,0,0,3,0,0,1,0,4,0,2,0,0,0,14,2,0,false
/home/alison/jsoup-quality-analysis/work/jsoup/src/main/java/org/jsoup/helper/HttpConnection.java,org.jsoup.helper.HttpConnection$Base,looksLikeUtf8/1[byte[]],false,342,1,0,0,0,20,0,33,3,4,1,0,0,0,2,8,0,8,0,25,8,3,3,0,0,0,19,10,0,false
/home/alison/jsoup-quality-analysis/work/jsoup/src/main/java/org/jsoup/helper/HttpConnection.java,org.jsoup.helper.HttpConnection$Base,method/0,false,310,1,0,0,0,1,0,3,1,0,0,0,0,0,0,0,0,0,0,0,0,0,0,0,0,0,2,1,0,false
/home/alison/jsoup-quality-analysis/work/jsoup/src/main/java/org/jsoup/helper/HttpConnection.java,org.jsoup.helper.HttpConnection$Base,headers/0,false,407,0,0,0,0,1,0,3,1,0,0,0,0,0,0,0,0,0,0,0,0,0,0,0,0,0,1,1,0,false
/home/alison/jsoup-quality-analysis/work/jsoup/src/main/java/org/jsoup/helper/HttpConnection.java,org.jsoup.helper.HttpConnection$Base,cookies/0,false,457,0,0,0,0,1,0,3,1,0,0,0,0,0,0,0,0,0,0,0,0,0,0,0,0,0,1,1,0,false
/home/alison/jsoup-quality-analysis/work/jsoup/src/main/java/org/jsoup/helper/HttpConnection.java,org.jsoup.helper.HttpConnection$Base,fixHeaderEncoding/1[java.lang.String],false,330,2,1,0,1,3,2,10,3,1,1,2,0,0,0,0,1,0,2,0,1,0,2,0,0,0,11,10,0,false
/home/alison/jsoup-quality-analysis/work/jsoup/src/main/java/org/jsoup/helper/HttpConnection.java,org.jsoup.helper.HttpConnection$Base,removeHeader/1[java.lang.String],false,399,3,2,0,2,2,4,6,1,1,1,4,0,0,0,1,0,0,1,0,1,0,1,0,0,0,11,1,0,false
/home/alison/jsoup-quality-analysis/work/jsoup/src/main/java/org/jsoup/parser/TokenQueue.java,org.jsoup.parser.TokenQueue,TokenQueue/1[java.lang.String],true,21,1,4,3,1,1,1,4,0,0,1,1,0,0,0,0,0,0,0,0,1,0,0,0,0,0,10,1,0,true
/home/alison/jsoup-quality-analysis/work/jsoup/src/main/java/org/jsoup/parser/TokenQueue.java,org.jsoup.parser.TokenQueue,chompTo/1[java.lang.String],false,239,1,5,3,2,1,2,5,1,1,1,2,2,3,0,0,0,0,0,0,1,0,0,0,0,0,46,1,0,true
/home/alison/jsoup-quality-analysis/work/jsoup/src/main/java/org/jsoup/parser/TokenQueue.java,org.jsoup.parser.TokenQueue,toString/0,false,401,0,0,0,0,1,1,3,1,0,0,1,0,0,0,0,0,0,0,0,0,0,0,0,0,0,3,1,0,false
/home/alison/jsoup-quality-analysis/work/jsoup/src/main/java/org/jsoup/parser/TokenQueue.java,org.jsoup.parser.TokenQueue,consume/0,false,154,0,3,3,0,1,1,3,1,0,0,1,0,0,0,0,0,0,0,0,0,0,0,0,0,0,8,1,0,true
/home/alison/jsoup-quality-analysis/work/jsoup/src/main/java/org/jsoup/parser/TokenQueue.java,org.jsoup.parser.TokenQueue,consumeCssIdentifier/0,false,370,1,5,2,3,4,4,5,1,1,0,4,3,3,1,0,0,1,0,0,1,0,1,0,0,0,26,1,0,true
/home/alison/jsoup-quality-analysis/work/jsoup/src/main/java/org/jsoup/parser/TokenQueue.java,org.jsoup.parser.TokenQueue,matchesCS/1[java.lang.String],false,78,0,0,0,0,1,1,3,1,0,1,1,0,0,0,0,0,0,0,0,0,0,0,0,0,0,14,1,0,true
/home/alison/jsoup-quality-analysis/work/jsoup/src/main/java/org/jsoup/parser/TokenQueue.java,org.jsoup.parser.TokenQueue,matchesAny/1[char[]],false,96,2,4,3,1,4,2,7,3,0,1,2,1,2,1,1,0,0,0,0,0,0,2,0,0,0,9,1,0,false
/home/alison/jsoup-quality-analysis/work/jsoup/src/main/java/org/jsoup/parser/TokenQueue.java,org.jsoup.parser.TokenQueue,consumeTo/1[java.lang.String],false,180,1,3,2,1,2,4,11,2,2,1,4,1,1,0,1,0,0,0,1,3,0,1,0,0,0,34,1,0,true
/home/alison/jsoup-quality-analysis/work/jsoup/src/main/java/org/jsoup/parser/TokenQueue.java,org.jsoup.parser.TokenQueue,consumeToIgnoreCase/1[java.lang.String],false,191,1,3,1,2,6,8,16,1,4,1,8,2,2,1,1,0,0,0,4,6,1,4,0,0,0,14,1,0,false
/home/alison/jsoup-quality-analysis/work/jsoup/src/main/java/org/jsoup/parser/TokenQueue.java,org.jsoup.parser.TokenQueue,consumeElementSelector/0,false,357,1,4,1,3,6,4,5,1,1,0,4,3,4,1,0,0,1,4,0,1,0,1,0,0,0,30,1,0,true
/home/alison/jsoup-quality-analysis/work/jsoup/src/main/java/org/jsoup/parser/TokenQueue.java,org.jsoup.parser.TokenQueue,matchesWord/0,false,139,1,7,6,1,1,3,3,1,0,0,3,1,2,0,0,0,0,0,0,0,0,0,0,0,0,14,1,0,true
/home/alison/jsoup-quality-analysis/work/jsoup/src/main/java/org/jsoup/parser/TokenQueue.java,org.jsoup.parser.TokenQueue,consume/1[java.lang.String],false,165,1,7,5,2,3,3,6,0,1,1,3,2,1,0,0,0,0,2,0,2,0,1,0,0,0,42,1,0,true
/home/alison/jsoup-quality-analysis/work/jsoup/src/main/java/org/jsoup/parser/TokenQueue.java,org.jsoup.parser.TokenQueue,matches/1[java.lang.String],false,69,0,6,6,0,1,2,3,1,0,1,2,0,0,0,0,0,0,0,1,0,0,0,0,0,0,13,1,0,true
/home/alison/jsoup-quality-analysis/work/jsoup/src/main/java/org/jsoup/parser/TokenQueue.java,org.jsoup.parser.TokenQueue,consumeTagName/0,false,344,1,3,0,3,4,4,5,1,1,0,4,3,3,1,0,0,1,0,0,1,0,1,0,0,0,19,1,0,true
/home/alison/jsoup-quality-analysis/work/jsoup/src/main/java/org/jsoup/parser/TokenQueue.java,org.jsoup.parser.TokenQueue,consumeWhitespace/0,false,319,1,4,3,1,2,1,8,1,1,0,1,1,3,1,0,0,0,0,0,2,0,1,0,0,0,18,1,0,true
/home/alison/jsoup-quality-analysis/work/jsoup/src/main/java/org/jsoup/parser/TokenQueue.java,org.jsoup.parser.TokenQueue,"chompBalanced/2[char,char]",false,260,2,10,7,3,16,5,28,1,7,2,5,2,2,1,5,0,2,2,11,11,1,4,0,0,0,73,1,0,true
/home/alison/jsoup-quality-analysis/work/jsoup/src/main/java/org/jsoup/parser/TokenQueue.java,org.jsoup.parser.TokenQueue,unescape/1[java.lang.String],false,300,0,2,2,0,5,3,12,1,2,1,3,0,0,1,3,0,0,0,2,3,0,3,0,0,0,16,9,0,true
/home/alison/jsoup-quality-analysis/work/jsoup/src/main/java/org/jsoup/parser/TokenQueue.java,org.jsoup.parser.TokenQueue,addFirst/1[java.lang.String],false,58,0,1,1,0,1,1,4,0,0,1,1,0,0,0,0,0,0,0,1,2,1,0,0,0,0,12,1,0,true
/home/alison/jsoup-quality-analysis/work/jsoup/src/main/java/org/jsoup/parser/TokenQueue.java,org.jsoup.parser.TokenQueue,consumeToAny/1[java.lang.String[]],false,222,1,3,1,2,3,3,7,1,1,1,3,2,3,1,0,0,0,0,0,1,0,1,0,0,0,27,1,0,true
/home/alison/jsoup-quality-analysis/work/jsoup/src/main/java/org/jsoup/parser/TokenQueue.java,org.jsoup.parser.TokenQueue,matchesAny/1[java.lang.String[]],false,88,1,5,4,1,3,1,6,2,0,1,1,1,1,1,0,0,0,0,0,0,0,2,0,0,0,21,1,0,true
/home/alison/jsoup-quality-analysis/work/jsoup/src/main/java/org/jsoup/parser/TokenQueue.java,org.jsoup.parser.TokenQueue,addFirst/1[java.lang.Character],false,50,1,1,0,1,1,2,3,0,0,1,2,1,1,0,0,0,0,0,0,0,0,0,0,0,0,16,1,0,true
/home/alison/jsoup-quality-analysis/work/jsoup/src/main/java/org/jsoup/parser/TokenQueue.java,org.jsoup.parser.TokenQueue,matchChomp/1[java.lang.String],false,118,1,5,4,1,2,2,9,2,0,1,2,1,1,0,0,0,0,0,0,1,0,1,0,0,0,24,1,0,true
/home/alison/jsoup-quality-analysis/work/jsoup/src/main/java/org/jsoup/parser/TokenQueue.java,org.jsoup.parser.TokenQueue,chompToIgnoreCase/1[java.lang.String],false,245,1,2,0,2,1,2,5,1,1,1,2,2,4,0,0,0,0,0,0,1,0,0,0,0,0,9,1,0,false
/home/alison/jsoup-quality-analysis/work/jsoup/src/main/java/org/jsoup/parser/TokenQueue.java,org.jsoup.parser.TokenQueue,consumeWord/0,false,332,1,1,0,1,2,2,5,1,1,0,2,1,3,1,0,0,0,0,0,1,0,1,0,0,0,20,1,0,true
/home/alison/jsoup-quality-analysis/work/jsoup/src/main/java/org/jsoup/parser/TokenQueue.java,org.jsoup.parser.TokenQueue,remainingLength/0,false,34,0,3,3,0,1,1,3,1,0,0,1,0,0,0,0,0,0,0,0,0,1,0,0,0,0,3,2,0,false
/home/alison/jsoup-quality-analysis/work/jsoup/src/main/java/org/jsoup/parser/TokenQueue.java,org.jsoup.parser.TokenQueue,consumeAttributeKey/0,false,382,1,3,0,3,4,4,5,1,1,0,4,3,3,1,0,0,1,0,0,1,0,1,0,0,0,17,1,0,true
/home/alison/jsoup-quality-analysis/work/jsoup/src/main/java/org/jsoup/parser/TokenQueue.java,org.jsoup.parser.TokenQueue,isEmpty/0,false,30,1,16,15,1,2,1,3,1,0,0,1,1,1,0,1,0,0,0,1,0,0,0,0,0,0,12,1,0,true
/home/alison/jsoup-quality-analysis/work/jsoup/src/main/java/org/jsoup/parser/TokenQueue.java,org.jsoup.parser.TokenQueue,matchesWhitespace/0,false,131,2,3,1,2,1,3,3,1,0,0,3,1,2,0,0,0,0,0,0,0,0,0,0,0,0,11,1,0,true
/home/alison/jsoup-quality-analysis/work/jsoup/src/main/java/org/jsoup/parser/TokenQueue.java,org.jsoup.parser.TokenQueue,matchesStartTag/0,false,107,1,1,0,1,3,3,3,1,0,0,3,1,1,0,1,0,1,0,2,0,1,0,0,0,0,6,1,0,false
/home/alison/jsoup-quality-analysis/work/jsoup/src/main/java/org/jsoup/parser/TokenQueue.java,org.jsoup.parser.TokenQueue,peek/0,false,42,1,1,0,1,2,2,3,1,0,0,2,1,2,0,0,0,0,0,1,0,0,0,0,0,0,15,1,0,true
/home/alison/jsoup-quality-analysis/work/jsoup/src/main/java/org/jsoup/parser/TokenQueue.java,org.jsoup.parser.TokenQueue,advance/0,false,146,1,1,0,1,2,1,3,0,0,0,1,1,2,0,0,0,0,0,0,0,0,1,0,0,0,9,1,0,true
/home/alison/jsoup-quality-analysis/work/jsoup/src/main/java/org/jsoup/parser/TokenQueue.java,org.jsoup.parser.TokenQueue,remainder/0,false,394,0,3,3,0,1,2,5,1,1,0,2,0,0,0,0,0,0,0,0,2,0,0,0,0,0,11,1,0,true
/home/alison/jsoup-quality-analysis/work/jsoup/src/main/java/org/jsoup/parser/ParseSettings.java,org.jsoup.parser.ParseSettings,normalizeAttribute/1[java.lang.String],false,46,1,1,0,1,2,2,5,1,0,1,2,0,0,0,0,0,0,0,0,2,0,1,0,0,0,6,0,0,false
/home/alison/jsoup-quality-analysis/work/jsoup/src/main/java/org/jsoup/parser/ParseSettings.java,org.jsoup.parser.ParseSettings,"ParseSettings/2[boolean,boolean]",true,34,0,1,1,0,1,0,4,0,0,2,0,0,0,0,0,0,0,0,0,2,0,0,0,0,0,11,1,0,true
/home/alison/jsoup-quality-analysis/work/jsoup/src/main/java/org/jsoup/parser/ParseSettings.java,org.jsoup.parser.ParseSettings,normalizeTag/1[java.lang.String],false,39,1,5,4,1,2,2,5,1,0,1,2,0,0,0,0,0,0,0,0,2,0,1,0,0,0,6,0,0,false
/home/alison/jsoup-quality-analysis/work/jsoup/src/main/java/org/jsoup/parser/ParseSettings.java,org.jsoup.parser.ParseSettings,(initializer 1),false,21,1,4,0,4,1,0,4,0,0,0,0,0,0,0,0,0,0,0,0,2,0,0,0,0,0,6,8,0,false
/home/alison/jsoup-quality-analysis/work/jsoup/src/main/java/org/jsoup/parser/ParseSettings.java,org.jsoup.parser.ParseSettings,normalizeAttributes/1[org.jsoup.nodes.Attributes],false,53,3,5,2,3,3,3,8,1,0,1,3,0,0,1,0,0,0,0,0,0,0,2,0,0,0,8,0,0,false
/home/alison/jsoup-quality-analysis/work/jsoup/src/main/java/org/jsoup/parser/HtmlTreeBuilderState.java,org.jsoup.parser.HtmlTreeBuilderState$Anonymous21,"process/2[org.jsoup.parser.Token,org.jsoup.parser.HtmlTreeBuilder]",false,1414,4,124,0,124,7,14,16,3,0,2,14,0,0,0,0,0,1,1,0,0,0,1,0,0,0,9,0,1,false
/home/alison/jsoup-quality-analysis/work/jsoup/src/main/java/org/jsoup/parser/HtmlTreeBuilderState.java,org.jsoup.parser.HtmlTreeBuilderState$Anonymous20,"process/2[org.jsoup.parser.Token,org.jsoup.parser.HtmlTreeBuilder]",false,1390,4,124,0,124,11,17,28,5,0,2,17,0,0,0,0,0,0,3,0,0,0,1,0,0,0,10,0,2,false
/home/alison/jsoup-quality-analysis/work/jsoup/src/main/java/org/jsoup/helper/HttpConnection.java,org.jsoup.helper.HttpConnection$Response$Anonymous2,"checkServerTrusted/2[java.security.cert.X509Certificate[],java.lang.String]",false,836,0,0,0,0,1,0,2,0,0,2,0,0,0,0,0,0,0,0,0,0,0,0,0,0,0,5,1,0,false
/home/alison/jsoup-quality-analysis/work/jsoup/src/main/java/org/jsoup/helper/HttpConnection.java,org.jsoup.helper.HttpConnection$Response$Anonymous2,"checkClientTrusted/2[java.security.cert.X509Certificate[],java.lang.String]",false,833,0,0,0,0,1,0,2,0,0,2,0,0,0,0,0,0,0,0,0,0,0,0,0,0,0,5,1,0,false
/home/alison/jsoup-quality-analysis/work/jsoup/src/main/java/org/jsoup/helper/HttpConnection.java,org.jsoup.helper.HttpConnection$Response$Anonymous2,getAcceptedIssuers/0,false,839,0,0,0,0,1,0,3,1,0,0,0,0,0,0,0,0,0,0,0,0,0,0,0,0,0,4,1,0,false
/home/alison/jsoup-quality-analysis/work/jsoup/src/main/java/org/jsoup/parser/HtmlTreeBuilderState.java,org.jsoup.parser.HtmlTreeBuilderState$Anonymous12,"process/2[org.jsoup.parser.Token,org.jsoup.parser.HtmlTreeBuilder]",false,976,9,124,0,124,12,17,36,9,3,2,17,1,1,0,0,0,0,5,0,4,0,3,0,0,0,16,0,2,false
/home/alison/jsoup-quality-analysis/work/jsoup/src/main/java/org/jsoup/parser/HtmlTreeBuilderState.java,org.jsoup.parser.HtmlTreeBuilderState$Anonymous12,"anythingElse/2[org.jsoup.parser.Token,org.jsoup.parser.TreeBuilder]",false,1023,2,3,1,2,2,2,5,2,1,2,2,0,0,0,0,0,0,1,0,1,0,1,0,0,0,7,2,0,false
/home/alison/jsoup-quality-analysis/work/jsoup/src/main/java/org/jsoup/helper/HttpConnection.java,org.jsoup.helper.HttpConnection$Response$Anonymous1,"verify/2[java.lang.String,javax.net.ssl.SSLSession]",false,813,0,0,0,0,1,0,3,1,0,2,0,0,0,0,0,0,0,0,0,0,0,0,0,0,0,3,1,0,false
/home/alison/jsoup-quality-analysis/work/jsoup/src/main/java/org/jsoup/parser/HtmlTreeBuilderState.java,org.jsoup.parser.HtmlTreeBuilderState$Anonymous11,"process/2[org.jsoup.parser.Token,org.jsoup.parser.HtmlTreeBuilder]",false,941,7,124,0,124,12,18,30,5,3,2,18,0,0,0,0,0,1,24,0,3,0,3,0,0,0,12,0,4,false
/home/alison/jsoup-quality-analysis/work/jsoup/src/main/java/org/jsoup/parser/HtmlTreeBuilderState.java,org.jsoup.parser.HtmlTreeBuilderState$Anonymous14,"anythingElse/2[org.jsoup.parser.Token,org.jsoup.parser.HtmlTreeBuilder]",false,1139,2,15,1,14,1,1,3,1,0,2,1,0,0,0,0,0,0,0,0,0,0,0,0,0,0,4,2,0,false
/home/alison/jsoup-quality-analysis/work/jsoup/src/main/java/org/jsoup/parser/HtmlTreeBuilderState.java,org.jsoup.parser.HtmlTreeBuilderState$Anonymous14,"process/2[org.jsoup.parser.Token,org.jsoup.parser.HtmlTreeBuilder]",false,1091,8,124,0,124,11,18,53,10,4,2,18,2,1,0,0,0,0,22,0,4,0,3,0,0,0,19,0,3,false
/home/alison/jsoup-quality-analysis/work/jsoup/src/main/java/org/jsoup/parser/HtmlTreeBuilderState.java,org.jsoup.parser.HtmlTreeBuilderState$Anonymous14,"handleMissingTr/2[org.jsoup.parser.Token,org.jsoup.parser.TreeBuilder]",false,1143,2,3,1,2,2,2,5,2,1,2,2,0,0,0,0,0,0,1,0,1,0,1,0,0,0,8,2,0,false
/home/alison/jsoup-quality-analysis/work/jsoup/src/main/java/org/jsoup/parser/HtmlTreeBuilderState.java,org.jsoup.parser.HtmlTreeBuilderState$Anonymous13,"exitTableBody/2[org.jsoup.parser.Token,org.jsoup.parser.HtmlTreeBuilder]",false,1075,4,9,1,8,4,8,9,2,0,2,8,0,0,0,0,0,1,3,0,0,0,1,0,0,0,7,2,1,false
/home/alison/jsoup-quality-analysis/work/jsoup/src/main/java/org/jsoup/parser/HtmlTreeBuilderState.java,org.jsoup.parser.HtmlTreeBuilderState$Anonymous13,"anythingElse/2[org.jsoup.parser.Token,org.jsoup.parser.HtmlTreeBuilder]",false,1086,2,15,1,14,1,1,3,1,0,2,1,0,0,0,0,0,0,0,0,0,0,0,0,0,0,4,2,0,false
/home/alison/jsoup-quality-analysis/work/jsoup/src/main/java/org/jsoup/parser/HtmlTreeBuilderState.java,org.jsoup.parser.HtmlTreeBuilderState$Anonymous13,"process/2[org.jsoup.parser.Token,org.jsoup.parser.HtmlTreeBuilder]",false,1031,8,124,0,124,10,15,45,9,3,2,15,2,1,0,0,0,0,22,0,4,0,3,0,0,0,16,0,3,false
/home/alison/jsoup-quality-analysis/work/jsoup/src/main/java/org/jsoup/parser/HtmlTreeBuilderState.java,org.jsoup.parser.HtmlTreeBuilderState$Anonymous16,"process/2[org.jsoup.parser.Token,org.jsoup.parser.HtmlTreeBuilder]",false,1209,10,124,0,124,28,23,73,12,4,2,23,1,1,0,1,0,0,26,0,5,0,5,0,0,0,13,0,8,false
/home/alison/jsoup-quality-analysis/work/jsoup/src/main/java/org/jsoup/parser/HtmlTreeBuilderState.java,org.jsoup.parser.HtmlTreeBuilderState$Anonymous16,"anythingElse/2[org.jsoup.parser.Token,org.jsoup.parser.HtmlTreeBuilder]",false,1292,2,15,1,14,1,1,4,1,0,2,1,0,0,0,0,0,0,0,0,0,0,0,0,0,0,5,2,1,false
/home/alison/jsoup-quality-analysis/work/jsoup/src/main/java/org/jsoup/helper/W3CDom.java,org.jsoup.helper.W3CDom$W3CBuilder,"head/2[org.jsoup.nodes.Node,int]",false,81,11,10,0,10,6,11,33,0,10,2,11,2,1,0,1,0,0,0,0,11,0,2,0,0,0,20,1,0,false
/home/alison/jsoup-quality-analysis/work/jsoup/src/main/java/org/jsoup/helper/W3CDom.java,org.jsoup.helper.W3CDom$W3CBuilder,updateNamespaces/1[org.jsoup.nodes.Element],false,131,4,5,1,4,5,11,19,1,4,1,11,0,0,1,0,0,0,3,2,5,0,2,0,0,0,20,2,0,true
/home/alison/jsoup-quality-analysis/work/jsoup/src/main/java/org/jsoup/helper/W3CDom.java,org.jsoup.helper.W3CDom$W3CBuilder,"tail/2[org.jsoup.nodes.Node,int]",false,113,4,1,0,1,3,1,5,0,0,2,1,0,0,0,0,0,0,0,0,1,0,1,0,0,0,5,1,0,false
/home/alison/jsoup-quality-analysis/work/jsoup/src/main/java/org/jsoup/helper/W3CDom.java,org.jsoup.helper.W3CDom$W3CBuilder,"copyAttributes/2[org.jsoup.nodes.Node,org.w3c.dom.Element]",false,119,3,5,1,4,3,6,6,0,1,2,6,0,0,1,0,0,0,3,0,1,0,2,0,0,0,10,2,0,false
/home/alison/jsoup-quality-analysis/work/jsoup/src/main/java/org/jsoup/helper/W3CDom.java,org.jsoup.helper.W3CDom$W3CBuilder,W3CBuilder/1[org.w3c.dom.Document],true,77,1,1,1,0,1,0,3,0,0,1,0,0,0,0,0,0,0,0,0,1,0,0,0,0,0,5,1,0,false
/home/alison/jsoup-quality-analysis/work/jsoup/src/main/java/org/jsoup/parser/HtmlTreeBuilderState.java,org.jsoup.parser.HtmlTreeBuilderState$Anonymous15,closeCell/1[org.jsoup.parser.HtmlTreeBuilder],false,1201,2,3,1,2,2,2,4,0,0,1,2,0,0,0,0,0,0,3,0,0,0,1,0,0,0,6,2,0,false
/home/alison/jsoup-quality-analysis/work/jsoup/src/main/java/org/jsoup/parser/HtmlTreeBuilderState.java,org.jsoup.parser.HtmlTreeBuilderState$Anonymous15,"anythingElse/2[org.jsoup.parser.Token,org.jsoup.parser.HtmlTreeBuilder]",false,1197,2,15,1,14,1,1,3,1,0,2,1,0,0,0,0,0,0,0,0,0,0,0,0,0,0,4,2,0,false
/home/alison/jsoup-quality-analysis/work/jsoup/src/main/java/org/jsoup/parser/HtmlTreeBuilderState.java,org.jsoup.parser.HtmlTreeBuilderState$Anonymous15,"process/2[org.jsoup.parser.Token,org.jsoup.parser.HtmlTreeBuilder]",false,1152,8,124,0,124,12,18,45,9,2,2,18,2,1,0,0,0,1,23,0,2,0,3,0,0,0,15,0,5,false
/home/alison/jsoup-quality-analysis/work/jsoup/src/main/java/org/jsoup/parser/HtmlTreeBuilderState.java,org.jsoup.parser.HtmlTreeBuilderState$Anonymous18,"process/2[org.jsoup.parser.Token,org.jsoup.parser.HtmlTreeBuilder]",false,1316,4,124,0,124,10,17,32,6,0,2,17,0,0,0,0,0,0,2,0,0,0,2,0,0,0,11,0,3,false
/home/alison/jsoup-quality-analysis/work/jsoup/src/main/java/org/jsoup/parser/HtmlTreeBuilderState.java,org.jsoup.parser.HtmlTreeBuilderState$Anonymous17,"process/2[org.jsoup.parser.Token,org.jsoup.parser.HtmlTreeBuilder]",false,1298,5,124,0,124,6,11,18,4,0,2,11,0,0,0,0,0,1,18,0,0,0,2,0,0,0,5,0,2,false
/home/alison/jsoup-quality-analysis/work/jsoup/src/main/java/org/jsoup/parser/HtmlTreeBuilderState.java,org.jsoup.parser.HtmlTreeBuilderState$Anonymous19,"process/2[org.jsoup.parser.Token,org.jsoup.parser.HtmlTreeBuilder]",false,1344,7,124,0,124,16,23,55,8,2,2,23,0,0,0,0,0,0,8,0,2,0,3,0,0,0,12,0,5,false
/home/alison/jsoup-quality-analysis/work/jsoup/src/main/java/org/jsoup/select/Evaluator.java,org.jsoup.select.Evaluator$ContainsOwnText,"matches/2[org.jsoup.nodes.Element,org.jsoup.nodes.Element]",false,700,2,2,0,2,1,3,3,1,0,2,3,0,0,0,0,0,0,0,0,0,0,0,0,0,0,7,1,0,false
/home/alison/jsoup-quality-analysis/work/jsoup/src/main/java/org/jsoup/select/Evaluator.java,org.jsoup.select.Evaluator$ContainsOwnText,ContainsOwnText/1[java.lang.String],true,695,1,3,2,1,1,1,3,0,0,1,1,0,0,0,0,0,0,0,0,1,0,0,0,0,0,6,1,0,false
/home/alison/jsoup-quality-analysis/work/jsoup/src/main/java/org/jsoup/select/Evaluator.java,org.jsoup.select.Evaluator$ContainsOwnText,toString/0,false,705,0,0,0,0,1,1,3,1,0,0,1,0,0,0,0,0,0,1,0,0,0,0,0,0,0,2,1,0,false
/home/alison/jsoup-quality-analysis/work/jsoup/src/main/java/org/jsoup/parser/TokeniserState.java,org.jsoup.parser.TokeniserState,"handleDataEndTag/3[org.jsoup.parser.Tokeniser,org.jsoup.parser.CharacterReader,org.jsoup.parser.TokeniserState]",false,1627,4,10,1,9,12,12,30,1,3,3,12,0,0,0,0,0,0,1,0,5,1,2,0,0,0,26,10,0,true
/home/alison/jsoup-quality-analysis/work/jsoup/src/main/java/org/jsoup/parser/TokeniserState.java,org.jsoup.parser.TokeniserState,"readEndTag/4[org.jsoup.parser.Tokeniser,org.jsoup.parser.CharacterReader,org.jsoup.parser.TokeniserState,org.jsoup.parser.TokeniserState]",false,1696,3,5,1,4,2,4,10,0,0,4,4,0,0,0,0,0,0,1,0,0,0,1,0,0,0,7,10,0,false
/home/alison/jsoup-quality-analysis/work/jsoup/src/main/java/org/jsoup/parser/TokeniserState.java,org.jsoup.parser.TokeniserState,"readData/4[org.jsoup.parser.Tokeniser,org.jsoup.parser.CharacterReader,org.jsoup.parser.TokeniserState,org.jsoup.parser.TokeniserState]",false,1667,4,10,1,9,4,8,15,0,1,4,8,0,0,0,0,0,0,0,0,1,0,1,0,0,0,8,10,1,false
/home/alison/jsoup-quality-analysis/work/jsoup/src/main/java/org/jsoup/parser/TokeniserState.java,org.jsoup.parser.TokeniserState,(initializer 1),false,1616,0,4,0,4,1,1,6,0,0,0,1,0,0,0,0,0,0,0,0,0,0,0,0,0,0,8,8,0,false
/home/alison/jsoup-quality-analysis/work/jsoup/src/main/java/org/jsoup/parser/TokeniserState.java,org.jsoup.parser.TokeniserState,"readCharRef/2[org.jsoup.parser.Tokeniser,org.jsoup.parser.TokeniserState]",false,1687,3,5,1,4,2,4,6,0,1,2,4,0,0,0,1,0,0,0,0,1,0,1,0,0,0,7,10,0,false
/home/alison/jsoup-quality-analysis/work/jsoup/src/main/java/org/jsoup/parser/TokeniserState.java,org.jsoup.parser.TokeniserState,"handleDataDoubleEscapeTag/4[org.jsoup.parser.Tokeniser,org.jsoup.parser.CharacterReader,org.jsoup.parser.TokeniserState,org.jsoup.parser.TokeniserState]",false,1706,3,8,1,7,10,10,17,1,2,4,10,0,0,0,0,0,0,1,0,2,0,2,0,0,0,10,10,0,false
/home/alison/jsoup-quality-analysis/work/jsoup/src/main/java/org/jsoup/parser/TokeniserState.java,org.jsoup.parser.TokeniserState,"read/2[org.jsoup.parser.Tokeniser,org.jsoup.parser.CharacterReader]",false,1604,2,1,1,0,1,0,1,0,0,2,0,0,0,0,0,0,0,0,0,0,0,0,0,0,0,3,1024,0,false
/home/alison/jsoup-quality-analysis/work/jsoup/src/main/java/org/jsoup/select/Evaluator.java,org.jsoup.select.Evaluator$IndexLessThan,"matches/2[org.jsoup.nodes.Element,org.jsoup.nodes.Element]",false,342,1,1,0,1,2,1,3,1,0,2,1,0,0,0,0,0,0,0,0,0,0,0,0,0,0,4,1,0,false
/home/alison/jsoup-quality-analysis/work/jsoup/src/main/java/org/jsoup/select/Evaluator.java,org.jsoup.select.Evaluator$IndexLessThan,IndexLessThan/1[int],true,337,0,2,2,0,1,0,3,0,0,1,0,0,0,0,0,0,0,0,0,0,0,0,0,0,0,4,1,0,false
/home/alison/jsoup-quality-analysis/work/jsoup/src/main/java/org/jsoup/select/Evaluator.java,org.jsoup.select.Evaluator$IndexLessThan,toString/0,false,347,0,0,0,0,1,1,3,1,0,0,1,0,0,0,0,0,0,1,0,0,0,0,0,0,0,2,1,0,false
/home/alison/jsoup-quality-analysis/work/jsoup/src/main/java/org/jsoup/nodes/Entities.java,org.jsoup.nodes.Entities$EscapeMode,"EscapeMode/2[java.lang.String,int]",true,52,1,1,0,1,1,1,3,0,0,2,1,0,0,0,0,0,0,0,0,0,0,0,0,0,0,4,0,0,false
/home/alison/jsoup-quality-analysis/work/jsoup/src/main/java/org/jsoup/nodes/Entities.java,org.jsoup.nodes.Entities$EscapeMode,codepointForName/1[java.lang.String],false,56,0,5,5,0,2,1,4,1,1,1,1,0,0,0,0,0,0,0,1,1,0,0,0,0,0,6,0,0,false
/home/alison/jsoup-quality-analysis/work/jsoup/src/main/java/org/jsoup/nodes/Entities.java,org.jsoup.nodes.Entities$EscapeMode,size/0,false,72,0,0,0,0,1,0,3,1,0,0,0,0,0,0,0,0,0,0,0,0,0,0,0,0,0,1,2,0,false
/home/alison/jsoup-quality-analysis/work/jsoup/src/main/java/org/jsoup/nodes/Entities.java,org.jsoup.nodes.Entities$EscapeMode,nameForCodepoint/1[int],false,61,0,1,1,0,4,1,7,2,1,1,1,0,0,0,1,0,1,0,4,1,3,1,0,0,0,7,0,0,false
/home/alison/jsoup-quality-analysis/work/jsoup/src/main/java/org/jsoup/parser/HtmlTreeBuilderState.java,org.jsoup.parser.HtmlTreeBuilderState$Anonymous10,"process/2[org.jsoup.parser.Token,org.jsoup.parser.HtmlTreeBuilder]",false,904,7,124,0,124,7,19,33,3,1,2,19,0,0,1,0,0,0,5,1,1,0,5,0,0,0,12,0,2,false
/home/alison/jsoup-quality-analysis/work/jsoup/src/main/java/org/jsoup/safety/Cleaner.java,org.jsoup.safety.Cleaner$ElementMeta,"ElementMeta/2[org.jsoup.nodes.Element,int]",true,170,1,1,1,0,1,0,4,0,0,2,0,0,0,0,0,0,0,0,0,2,0,0,0,0,0,6,0,0,false
/home/alison/jsoup-quality-analysis/work/jsoup/src/main/java/org/jsoup/select/Evaluator.java,org.jsoup.select.Evaluator,"matches/2[org.jsoup.nodes.Element,org.jsoup.nodes.Element]",false,26,1,10,10,0,1,0,1,0,0,2,0,0,0,0,0,0,0,0,0,0,0,0,0,0,0,18,1025,0,true
/home/alison/jsoup-quality-analysis/work/jsoup/src/main/java/org/jsoup/select/Evaluator.java,org.jsoup.select.Evaluator,Evaluator/0,true,23,0,0,0,0,1,0,2,0,0,0,0,0,0,0,0,0,0,0,0,0,0,0,0,0,0,1,4,0,false
/home/alison/jsoup-quality-analysis/work/jsoup/src/main/java/org/jsoup/Connection.java,org.jsoup.Connection,requestBody/1[java.lang.String],false,216,1,0,0,0,1,0,1,0,0,1,0,0,0,0,0,0,0,0,0,0,0,0,0,0,0,41,0,0,true
/home/alison/jsoup-quality-analysis/work/jsoup/src/main/java/org/jsoup/Connection.java,org.jsoup.Connection,"headers/1[java.util.Map<java.lang.String,java.lang.String>]",false,237,1,0,0,0,1,0,1,0,0,1,0,0,0,0,0,0,0,0,0,0,0,0,0,0,0,13,0,0,true
/home/alison/jsoup-quality-analysis/work/jsoup/src/main/java/org/jsoup/Connection.java,org.jsoup.Connection,url/1[java.net.URL],false,48,1,1,1,0,1,0,1,0,0,1,0,0,0,0,0,0,0,0,0,0,0,0,0,0,0,19,0,0,true
/home/alison/jsoup-quality-analysis/work/jsoup/src/main/java/org/jsoup/Connection.java,org.jsoup.Connection,"cookie/2[java.lang.String,java.lang.String]",false,245,1,0,0,0,1,0,1,0,0,2,0,0,0,0,0,0,0,0,0,0,0,0,0,0,0,13,0,0,true
/home/alison/jsoup-quality-analysis/work/jsoup/src/main/java/org/jsoup/Connection.java,org.jsoup.Connection,ignoreContentType/1[boolean],false,136,1,0,0,0,1,0,1,0,0,1,0,0,0,0,0,0,0,0,0,0,0,0,0,0,0,50,0,0,true
/home/alison/jsoup-quality-analysis/work/jsoup/src/main/java/org/jsoup/Connection.java,org.jsoup.Connection,data/1[java.lang.String],false,209,1,0,0,0,1,0,1,0,0,1,0,0,0,0,0,0,0,0,0,0,0,0,0,0,0,10,0,0,true
/home/alison/jsoup-quality-analysis/work/jsoup/src/main/java/org/jsoup/Connection.java,org.jsoup.Connection,ignoreHttpErrors/1[boolean],false,127,1,0,0,0,1,0,1,0,0,1,0,0,0,0,0,0,0,0,0,0,0,0,0,0,0,41,0,0,true
/home/alison/jsoup-quality-analysis/work/jsoup/src/main/java/org/jsoup/Connection.java,org.jsoup.Connection,"data/1[java.util.Map<java.lang.String,java.lang.String>]",false,193,1,0,0,0,1,0,1,0,0,1,0,0,0,0,0,0,0,0,0,0,0,0,0,0,0,12,0,0,true
/home/alison/jsoup-quality-analysis/work/jsoup/src/main/java/org/jsoup/Connection.java,org.jsoup.Connection,"cookies/1[java.util.Map<java.lang.String,java.lang.String>]",false,253,1,0,0,0,1,0,1,0,0,1,0,0,0,0,0,0,0,0,0,0,0,0,0,0,0,14,0,0,true
/home/alison/jsoup-quality-analysis/work/jsoup/src/main/java/org/jsoup/Connection.java,org.jsoup.Connection,post/0,false,286,1,0,0,0,1,0,1,0,0,0,0,0,0,0,0,0,0,0,0,0,0,0,0,0,0,44,0,0,true
/home/alison/jsoup-quality-analysis/work/jsoup/src/main/java/org/jsoup/Connection.java,org.jsoup.Connection,postDataCharset/1[java.lang.String],false,268,1,0,0,0,1,0,1,0,0,1,0,0,0,0,0,0,0,0,0,0,0,0,0,0,0,17,0,0,true
/home/alison/jsoup-quality-analysis/work/jsoup/src/main/java/org/jsoup/Connection.java,org.jsoup.Connection,maxBodySize/1[int],false,97,1,0,0,0,1,0,1,0,0,1,0,0,0,0,0,0,0,0,0,0,0,0,0,0,0,40,0,0,true
/home/alison/jsoup-quality-analysis/work/jsoup/src/main/java/org/jsoup/Connection.java,org.jsoup.Connection,request/1[org.jsoup.Connection.Request],false,314,2,0,0,0,1,0,1,0,0,1,0,0,0,0,0,0,0,0,0,0,0,0,0,0,0,7,0,0,true
/home/alison/jsoup-quality-analysis/work/jsoup/src/main/java/org/jsoup/Connection.java,org.jsoup.Connection,userAgent/1[java.lang.String],false,77,1,1,1,0,1,0,1,0,0,1,0,0,0,0,0,0,0,0,0,0,0,0,0,0,0,10,0,0,true
/home/alison/jsoup-quality-analysis/work/jsoup/src/main/java/org/jsoup/Connection.java,org.jsoup.Connection,proxy/1[java.net.Proxy],false,62,1,0,0,0,1,0,1,0,0,1,0,0,0,0,0,0,0,0,0,0,0,0,0,0,0,9,0,0,true
/home/alison/jsoup-quality-analysis/work/jsoup/src/main/java/org/jsoup/Connection.java,org.jsoup.Connection,referrer/1[java.lang.String],false,106,1,0,0,0,1,0,1,0,0,1,0,0,0,0,0,0,0,0,0,0,0,0,0,0,0,9,0,0,true
/home/alison/jsoup-quality-analysis/work/jsoup/src/main/java/org/jsoup/Connection.java,org.jsoup.Connection,data/1[java.lang.String[]],false,200,1,0,0,0,1,0,1,0,0,1,0,0,0,0,0,0,0,0,0,0,0,0,0,0,0,25,0,0,true
/home/alison/jsoup-quality-analysis/work/jsoup/src/main/java/org/jsoup/Connection.java,org.jsoup.Connection,followRedirects/1[boolean],false,113,1,0,0,0,1,0,1,0,0,1,0,0,0,0,0,0,0,0,0,0,0,0,0,0,0,17,0,0,true
/home/alison/jsoup-quality-analysis/work/jsoup/src/main/java/org/jsoup/Connection.java,org.jsoup.Connection,url/1[java.lang.String],false,55,1,1,1,0,1,0,1,0,0,1,0,0,0,0,0,0,0,0,0,0,0,0,0,0,0,19,0,0,true
/home/alison/jsoup-quality-analysis/work/jsoup/src/main/java/org/jsoup/Connection.java,org.jsoup.Connection,validateTLSCertificates/1[boolean],false,146,1,0,0,0,1,0,1,0,0,1,0,0,0,0,0,0,0,0,0,0,0,0,0,0,0,60,0,0,true
/home/alison/jsoup-quality-analysis/work/jsoup/src/main/java/org/jsoup/Connection.java,org.jsoup.Connection,request/0,false,308,1,0,0,0,1,0,1,0,0,0,0,0,0,0,0,0,0,0,0,0,0,0,0,0,0,8,0,0,true
/home/alison/jsoup-quality-analysis/work/jsoup/src/main/java/org/jsoup/Connection.java,org.jsoup.Connection,"proxy/2[java.lang.String,int]",false,69,1,0,0,0,1,0,1,0,0,2,0,0,0,0,0,0,0,0,0,0,0,0,0,0,0,13,0,0,true
/home/alison/jsoup-quality-analysis/work/jsoup/src/main/java/org/jsoup/Connection.java,org.jsoup.Connection,execute/0,false,297,1,0,0,0,1,0,1,0,0,0,0,0,0,0,0,0,0,0,0,0,0,0,0,0,0,42,0,0,true
/home/alison/jsoup-quality-analysis/work/jsoup/src/main/java/org/jsoup/Connection.java,org.jsoup.Connection,method/1[org.jsoup.Connection.Method],false,120,2,1,1,0,1,0,1,0,0,1,0,0,0,0,0,0,0,0,0,0,0,0,0,0,0,16,0,0,true
/home/alison/jsoup-quality-analysis/work/jsoup/src/main/java/org/jsoup/Connection.java,org.jsoup.Connection,parser/1[org.jsoup.parser.Parser],false,260,2,0,0,0,1,0,1,0,0,1,0,0,0,0,0,0,0,0,0,0,0,0,0,0,0,28,0,0,true
/home/alison/jsoup-quality-analysis/work/jsoup/src/main/java/org/jsoup/Connection.java,org.jsoup.Connection,data/1[java.util.Collection<org.jsoup.Connection.KeyVal>],false,186,2,1,1,0,1,0,1,0,0,1,0,0,0,0,0,0,0,0,0,0,0,0,0,0,0,12,0,0,true
/home/alison/jsoup-quality-analysis/work/jsoup/src/main/java/org/jsoup/Connection.java,org.jsoup.Connection,response/1[org.jsoup.Connection.Response],false,327,2,0,0,0,1,0,1,0,0,1,0,0,0,0,0,0,0,0,0,0,0,0,0,0,0,6,0,0,true
/home/alison/jsoup-quality-analysis/work/jsoup/src/main/java/org/jsoup/Connection.java,org.jsoup.Connection,"data/3[java.lang.String,java.lang.String,java.io.InputStream]",false,174,1,0,0,0,1,0,1,0,0,3,0,0,0,0,0,0,0,0,0,0,0,0,0,0,0,45,0,0,true
/home/alison/jsoup-quality-analysis/work/jsoup/src/main/java/org/jsoup/Connection.java,org.jsoup.Connection,get/0,false,275,1,3,3,0,1,0,1,0,0,0,0,0,0,0,0,0,0,0,0,0,0,0,0,0,0,44,0,0,true
/home/alison/jsoup-quality-analysis/work/jsoup/src/main/java/org/jsoup/Connection.java,org.jsoup.Connection,"header/2[java.lang.String,java.lang.String]",false,228,1,0,0,0,1,0,1,0,0,2,0,0,0,0,0,0,0,0,0,0,0,0,0,0,0,8,0,0,true
/home/alison/jsoup-quality-analysis/work/jsoup/src/main/java/org/jsoup/Connection.java,org.jsoup.Connection,timeout/1[int],false,85,1,2,2,0,1,0,1,0,0,1,0,0,0,0,0,0,0,0,0,0,0,0,0,0,0,69,0,0,true
/home/alison/jsoup-quality-analysis/work/jsoup/src/main/java/org/jsoup/Connection.java,org.jsoup.Connection,"data/2[java.lang.String,java.lang.String]",false,165,1,0,0,0,1,0,1,0,0,2,0,0,0,0,0,0,0,0,0,0,0,0,0,0,0,25,0,0,true
/home/alison/jsoup-quality-analysis/work/jsoup/src/main/java/org/jsoup/Connection.java,org.jsoup.Connection,response/0,false,321,1,0,0,0,1,0,1,0,0,0,0,0,0,0,0,0,0,0,0,0,0,0,0,0,0,9,0,0,true
/home/alison/jsoup-quality-analysis/work/jsoup/src/main/java/org/jsoup/select/Evaluator.java,org.jsoup.select.Evaluator$IsRoot,"matches/2[org.jsoup.nodes.Element,org.jsoup.nodes.Element]",false,578,2,1,0,1,3,1,4,1,1,2,1,0,0,0,1,0,0,0,1,1,0,0,0,0,0,6,1,0,false
/home/alison/jsoup-quality-analysis/work/jsoup/src/main/java/org/jsoup/select/Evaluator.java,org.jsoup.select.Evaluator$IsRoot,toString/0,false,583,0,0,0,0,1,0,3,1,0,0,0,0,0,0,0,0,0,1,0,0,0,0,0,0,0,2,1,0,false
/home/alison/jsoup-quality-analysis/work/jsoup/src/main/java/org/jsoup/select/StructuralEvaluator.java,org.jsoup.select.StructuralEvaluator$Parent,"matches/2[org.jsoup.nodes.Element,org.jsoup.nodes.Element]",false,56,2,2,0,2,5,2,10,3,1,2,2,0,0,1,2,0,0,0,0,2,0,2,0,0,0,7,1,0,false
/home/alison/jsoup-quality-analysis/work/jsoup/src/main/java/org/jsoup/select/StructuralEvaluator.java,org.jsoup.select.StructuralEvaluator$Parent,Parent/1[org.jsoup.select.Evaluator],true,52,1,1,1,0,1,0,3,0,0,1,0,0,0,0,0,0,0,0,0,1,0,0,0,0,0,3,1,0,false
/home/alison/jsoup-quality-analysis/work/jsoup/src/main/java/org/jsoup/select/StructuralEvaluator.java,org.jsoup.select.StructuralEvaluator$Parent,toString/0,false,72,0,0,0,0,1,1,3,1,0,0,1,0,0,0,0,0,0,1,0,0,0,0,0,0,0,2,1,0,false
/home/alison/jsoup-quality-analysis/work/jsoup/src/main/java/org/jsoup/select/Evaluator.java,org.jsoup.select.Evaluator$IsLastChild,toString/0,false,404,0,0,0,0,1,0,3,1,0,0,0,0,0,0,0,0,0,1,0,0,0,0,0,0,0,2,1,0,false
/home/alison/jsoup-quality-analysis/work/jsoup/src/main/java/org/jsoup/select/Evaluator.java,org.jsoup.select.Evaluator$IsLastChild,"matches/2[org.jsoup.nodes.Element,org.jsoup.nodes.Element]",false,398,2,3,0,3,3,4,4,1,1,2,4,0,0,0,2,0,1,0,1,1,1,0,0,0,0,6,1,0,false
/home/alison/jsoup-quality-analysis/work/jsoup/src/main/java/org/jsoup/select/Evaluator.java,org.jsoup.select.Evaluator$IsNthLastChild,"calculatePosition/2[org.jsoup.nodes.Element,org.jsoup.nodes.Element]",false,498,1,3,0,3,1,4,3,1,0,2,4,0,0,0,0,0,0,0,0,0,1,0,0,0,0,4,4,0,false
/home/alison/jsoup-quality-analysis/work/jsoup/src/main/java/org/jsoup/select/Evaluator.java,org.jsoup.select.Evaluator$IsNthLastChild,getPseudoClass/0,false,503,0,0,0,0,1,0,3,1,0,0,0,0,0,0,0,0,0,1,0,0,0,0,0,0,0,4,4,0,false
/home/alison/jsoup-quality-analysis/work/jsoup/src/main/java/org/jsoup/select/Evaluator.java,org.jsoup.select.Evaluator$IsNthLastChild,"IsNthLastChild/2[int,int]",true,493,0,1,1,0,1,0,3,0,0,2,0,0,0,0,0,0,0,0,0,0,0,0,0,0,0,5,1,0,false
/home/alison/jsoup-quality-analysis/work/jsoup/src/main/java/org/jsoup/nodes/Attribute.java,org.jsoup.nodes.Attribute,isBooleanAttribute/0,false,135,0,1,1,0,2,1,3,1,0,0,1,0,0,0,0,0,0,0,1,0,0,0,0,0,0,3,4,0,false
/home/alison/jsoup-quality-analysis/work/jsoup/src/main/java/org/jsoup/nodes/Attribute.java,org.jsoup.nodes.Attribute,"createFromEncoded/2[java.lang.String,java.lang.String]",false,114,2,2,0,2,1,1,4,1,1,2,1,0,0,0,0,0,0,0,0,1,0,0,0,0,0,31,9,0,true
/home/alison/jsoup-quality-analysis/work/jsoup/src/main/java/org/jsoup/nodes/Attribute.java,org.jsoup.nodes.Attribute,"Attribute/2[java.lang.String,java.lang.String]",true,31,1,7,5,2,1,3,7,0,0,2,3,0,0,0,0,0,0,0,0,2,0,0,0,0,0,11,1,0,true
/home/alison/jsoup-quality-analysis/work/jsoup/src/main/java/org/jsoup/nodes/Attribute.java,org.jsoup.nodes.Attribute,setKey/1[java.lang.String],false,51,1,2,1,1,1,2,4,0,0,1,2,0,0,0,0,0,0,0,0,1,0,0,0,0,0,11,1,0,true
/home/alison/jsoup-quality-analysis/work/jsoup/src/main/java/org/jsoup/nodes/Attribute.java,org.jsoup.nodes.Attribute,html/0,false,79,3,5,1,4,2,3,10,1,1,0,3,1,3,0,0,1,1,1,0,1,0,1,0,0,0,20,1,0,true
/home/alison/jsoup-quality-analysis/work/jsoup/src/main/java/org/jsoup/nodes/Attribute.java,org.jsoup.nodes.Attribute,"html/2[java.lang.Appendable,org.jsoup.nodes.Document.OutputSettings]",false,90,3,4,2,2,2,4,8,0,0,2,4,1,2,0,0,0,0,1,0,0,0,1,0,0,0,10,4,0,false
/home/alison/jsoup-quality-analysis/work/jsoup/src/main/java/org/jsoup/nodes/Attribute.java,org.jsoup.nodes.Attribute,getValue/0,false,60,0,8,8,0,1,0,3,1,0,0,0,0,0,0,0,0,0,0,0,0,0,0,0,0,0,6,1,0,true
/home/alison/jsoup-quality-analysis/work/jsoup/src/main/java/org/jsoup/nodes/Attribute.java,org.jsoup.nodes.Attribute,setValue/1[java.lang.String],false,68,1,2,1,1,1,1,6,1,1,1,1,0,0,0,0,0,0,0,0,2,0,0,0,0,0,11,1,0,true
/home/alison/jsoup-quality-analysis/work/jsoup/src/main/java/org/jsoup/nodes/Attribute.java,org.jsoup.nodes.Attribute,isDataAttribute/0,false,119,0,1,1,0,2,2,3,1,0,0,2,0,0,0,0,0,0,0,0,0,0,0,0,0,0,3,4,0,false
/home/alison/jsoup-quality-analysis/work/jsoup/src/main/java/org/jsoup/nodes/Attribute.java,org.jsoup.nodes.Attribute,hashCode/0,false,151,0,0,0,0,3,1,5,1,1,0,1,0,0,0,2,0,1,0,3,2,2,0,0,0,0,6,1,0,false
/home/alison/jsoup-quality-analysis/work/jsoup/src/main/java/org/jsoup/nodes/Attribute.java,org.jsoup.nodes.Attribute,getKey/0,false,43,0,11,11,0,1,0,3,1,0,0,0,0,0,0,0,0,0,0,0,0,0,0,0,0,0,6,1,0,true
/home/alison/jsoup-quality-analysis/work/jsoup/src/main/java/org/jsoup/nodes/Attribute.java,org.jsoup.nodes.Attribute,shouldCollapseAttribute/1[org.jsoup.nodes.Document.OutputSettings],false,129,2,3,1,2,2,4,3,1,0,1,4,1,1,0,1,0,1,1,0,0,0,0,0,0,0,23,20,0,true
/home/alison/jsoup-quality-analysis/work/jsoup/src/main/java/org/jsoup/nodes/Attribute.java,org.jsoup.nodes.Attribute,equals/1[java.lang.Object],false,140,1,0,0,0,5,1,7,4,1,1,1,0,0,0,5,0,2,0,0,1,0,1,0,0,0,10,1,0,false
/home/alison/jsoup-quality-analysis/work/jsoup/src/main/java/org/jsoup/nodes/Attribute.java,org.jsoup.nodes.Attribute,clone/0,false,158,1,1,1,0,2,1,8,1,0,0,1,0,0,0,0,1,0,0,0,0,0,1,0,0,0,8,1,0,false
/home/alison/jsoup-quality-analysis/work/jsoup/src/main/java/org/jsoup/nodes/Attribute.java,org.jsoup.nodes.Attribute,toString/0,false,104,1,1,0,1,1,1,3,1,0,0,1,1,4,0,0,0,0,0,0,0,0,0,0,0,0,10,1,0,true
