file,class,method,constructor,line,cbo,cboModified,fanin,fanout,wmc,rfc,loc,returnsQty,variablesQty,parametersQty,methodsInvokedQty,methodsInvokedLocalQty,methodsInvokedIndirectLocalQty,loopQty,comparisonsQty,tryCatchQty,parenthesizedExpsQty,stringLiteralsQty,numbersQty,assignmentsQty,mathOperationsQty,maxNestedBlocksQty,anonymousClassesQty,innerClassesQty,lambdasQty,uniqueWordsQty,modifiers,logStatementsQty,hasJavaDoc
/home/alison/jsoup-quality-analysis/work/jsoup/src/main/java/org/jsoup/helper/DataUtil.java,org.jsoup.helper.DataUtil,"readToByteBuffer/2[java.io.InputStream,int]",false,193,2,5,2,3,2,3,5,1,1,2,3,0,0,0,0,0,0,1,1,1,0,0,0,0,0,52,9,0,true
/home/alison/jsoup-quality-analysis/work/jsoup/src/main/java/org/jsoup/helper/DataUtil.java,org.jsoup.helper.DataUtil,"load/3[java.io.File,java.lang.String,java.lang.String]",false,53,3,4,2,2,1,2,3,1,0,3,2,1,3,0,0,0,0,0,0,0,0,0,0,0,0,30,9,0,true
/home/alison/jsoup-quality-analysis/work/jsoup/src/main/java/org/jsoup/helper/DataUtil.java,org.jsoup.helper.DataUtil,mimeBoundary/0,false,236,1,3,1,2,2,4,8,1,3,0,4,0,0,1,0,0,0,0,1,3,0,1,0,0,0,15,8,0,true
/home/alison/jsoup-quality-analysis/work/jsoup/src/main/java/org/jsoup/helper/DataUtil.java,org.jsoup.helper.DataUtil,validateCharset/1[java.lang.String],false,220,0,2,2,0,6,5,12,4,0,1,5,0,0,0,2,1,0,2,1,2,0,2,0,0,0,8,10,0,false
/home/alison/jsoup-quality-analysis/work/jsoup/src/main/java/org/jsoup/helper/DataUtil.java,org.jsoup.helper.DataUtil,"crossStreams/2[java.io.InputStream,java.io.OutputStream]",false,88,1,1,1,0,2,2,7,0,2,2,2,0,0,1,1,0,1,0,2,2,0,1,0,0,0,24,8,0,true
/home/alison/jsoup-quality-analysis/work/jsoup/src/main/java/org/jsoup/helper/DataUtil.java,org.jsoup.helper.DataUtil,"load/3[java.io.InputStream,java.lang.String,java.lang.String]",false,65,3,3,1,2,1,2,3,1,0,3,2,1,3,0,0,0,0,0,0,0,0,0,0,0,0,35,9,0,true
/home/alison/jsoup-quality-analysis/work/jsoup/src/main/java/org/jsoup/helper/DataUtil.java,org.jsoup.helper.DataUtil,"load/4[java.io.InputStream,java.lang.String,java.lang.String,org.jsoup.parser.Parser]",false,78,3,2,1,1,1,1,3,1,0,4,1,1,3,0,0,0,0,0,0,0,0,0,0,0,0,40,9,0,true
/home/alison/jsoup-quality-analysis/work/jsoup/src/main/java/org/jsoup/helper/DataUtil.java,org.jsoup.helper.DataUtil,emptyByteBuffer/0,false,199,0,1,1,0,1,1,3,1,0,0,1,0,0,0,0,0,0,0,1,0,0,0,0,0,0,3,8,0,false
/home/alison/jsoup-quality-analysis/work/jsoup/src/main/java/org/jsoup/helper/DataUtil.java,org.jsoup.helper.DataUtil,DataUtil/0,true,43,0,0,0,0,1,0,2,0,0,0,0,0,0,0,0,0,0,0,0,0,0,0,0,0,0,2,2,0,false
/home/alison/jsoup-quality-analysis/work/jsoup/src/main/java/org/jsoup/helper/DataUtil.java,org.jsoup.helper.DataUtil,detectCharsetFromBom/1[java.nio.ByteBuffer],false,245,2,2,1,1,17,4,19,4,2,1,4,0,0,0,15,0,0,3,31,2,0,1,0,0,0,16,10,0,false
/home/alison/jsoup-quality-analysis/work/jsoup/src/main/java/org/jsoup/helper/DataUtil.java,org.jsoup.helper.DataUtil,"parseInputStream/4[java.io.InputStream,java.lang.String,java.lang.String,org.jsoup.parser.Parser]",false,96,14,26,4,22,27,33,70,2,12,4,33,4,2,1,12,2,0,10,6,28,1,5,0,0,0,63,8,0,false
/home/alison/jsoup-quality-analysis/work/jsoup/src/main/java/org/jsoup/helper/DataUtil.java,org.jsoup.helper.DataUtil,getCharsetFromContentType/1[java.lang.String],false,209,1,3,2,1,3,6,10,3,2,1,6,1,1,0,1,0,0,2,1,3,0,1,0,0,0,31,8,0,true
/home/alison/jsoup-quality-analysis/work/jsoup/src/main/java/org/jsoup/select/StructuralEvaluator.java,org.jsoup.select.StructuralEvaluator$ImmediateParent,ImmediateParent/1[org.jsoup.select.Evaluator],true,78,1,1,1,0,1,0,3,0,0,1,0,0,0,0,0,0,0,0,0,1,0,0,0,0,0,4,1,0,false
/home/alison/jsoup-quality-analysis/work/jsoup/src/main/java/org/jsoup/select/StructuralEvaluator.java,org.jsoup.select.StructuralEvaluator$ImmediateParent,"matches/2[org.jsoup.nodes.Element,org.jsoup.nodes.Element]",false,82,2,2,0,2,3,2,5,2,1,2,2,0,0,0,2,0,0,0,0,1,0,1,0,0,0,7,1,0,false
/home/alison/jsoup-quality-analysis/work/jsoup/src/main/java/org/jsoup/select/StructuralEvaluator.java,org.jsoup.select.StructuralEvaluator$ImmediateParent,toString/0,false,91,0,0,0,0,1,1,3,1,0,0,1,0,0,0,0,0,0,1,0,0,0,0,0,0,0,2,1,0,false
/home/alison/jsoup-quality-analysis/work/jsoup/src/main/java/org/jsoup/helper/ChangeNotifyingArrayList.java,org.jsoup.helper.ChangeNotifyingArrayList,"removeRange/2[int,int]",false,65,1,1,0,1,1,2,4,0,0,2,2,0,0,0,0,0,0,0,0,0,0,0,0,0,0,7,4,0,false
/home/alison/jsoup-quality-analysis/work/jsoup/src/main/java/org/jsoup/helper/ChangeNotifyingArrayList.java,org.jsoup.helper.ChangeNotifyingArrayList,retainAll/1[java.util.Collection<?>],false,77,1,1,0,1,1,2,4,1,0,1,2,0,0,0,0,0,0,0,0,0,0,0,0,0,0,6,1,0,false
/home/alison/jsoup-quality-analysis/work/jsoup/src/main/java/org/jsoup/helper/ChangeNotifyingArrayList.java,org.jsoup.helper.ChangeNotifyingArrayList,ChangeNotifyingArrayList/1[int],true,10,0,0,0,0,1,0,3,0,0,1,0,0,0,0,0,0,0,0,0,0,0,0,0,0,0,6,1,0,false
/home/alison/jsoup-quality-analysis/work/jsoup/src/main/java/org/jsoup/helper/ChangeNotifyingArrayList.java,org.jsoup.helper.ChangeNotifyingArrayList,remove/1[int],false,35,2,1,0,1,1,2,4,1,0,1,2,0,0,0,0,0,0,0,0,0,0,0,0,0,0,6,1,0,false
/home/alison/jsoup-quality-analysis/work/jsoup/src/main/java/org/jsoup/helper/ChangeNotifyingArrayList.java,org.jsoup.helper.ChangeNotifyingArrayList,add/1[E],false,23,2,1,0,1,1,2,4,1,0,1,2,0,0,0,0,0,0,0,0,0,0,0,0,0,0,6,1,0,false
/home/alison/jsoup-quality-analysis/work/jsoup/src/main/java/org/jsoup/helper/ChangeNotifyingArrayList.java,org.jsoup.helper.ChangeNotifyingArrayList,onContentsChanged/0,false,14,0,0,0,0,1,0,1,0,0,0,0,0,0,0,0,0,0,0,0,0,0,0,0,0,0,3,1025,0,false
/home/alison/jsoup-quality-analysis/work/jsoup/src/main/java/org/jsoup/helper/ChangeNotifyingArrayList.java,org.jsoup.helper.ChangeNotifyingArrayList,"add/2[int,E]",false,29,2,1,0,1,1,2,4,0,0,2,2,0,0,0,0,0,0,0,0,0,0,0,0,0,0,5,1,0,false
/home/alison/jsoup-quality-analysis/work/jsoup/src/main/java/org/jsoup/helper/ChangeNotifyingArrayList.java,org.jsoup.helper.ChangeNotifyingArrayList,removeAll/1[java.util.Collection<?>],false,71,1,1,0,1,1,2,4,1,0,1,2,0,0,0,0,0,0,0,0,0,0,0,0,0,0,6,1,0,false
/home/alison/jsoup-quality-analysis/work/jsoup/src/main/java/org/jsoup/helper/ChangeNotifyingArrayList.java,org.jsoup.helper.ChangeNotifyingArrayList,remove/1[java.lang.Object],false,41,1,1,0,1,1,2,4,1,0,1,2,0,0,0,0,0,0,0,0,0,0,0,0,0,0,6,1,0,false
/home/alison/jsoup-quality-analysis/work/jsoup/src/main/java/org/jsoup/helper/ChangeNotifyingArrayList.java,org.jsoup.helper.ChangeNotifyingArrayList,addAll/1[java.util.Collection<? extends E>],false,53,1,1,0,1,1,2,4,1,0,1,2,0,0,0,0,0,0,0,0,0,0,0,0,0,0,7,1,0,false
/home/alison/jsoup-quality-analysis/work/jsoup/src/main/java/org/jsoup/helper/ChangeNotifyingArrayList.java,org.jsoup.helper.ChangeNotifyingArrayList,"set/2[int,E]",false,17,2,1,0,1,1,2,4,1,0,2,2,0,0,0,0,0,0,0,0,0,0,0,0,0,0,6,1,0,false
/home/alison/jsoup-quality-analysis/work/jsoup/src/main/java/org/jsoup/helper/ChangeNotifyingArrayList.java,org.jsoup.helper.ChangeNotifyingArrayList,clear/0,false,47,1,1,0,1,1,2,4,0,0,0,2,0,0,0,0,0,0,0,0,0,0,0,0,0,0,4,1,0,false
/home/alison/jsoup-quality-analysis/work/jsoup/src/main/java/org/jsoup/helper/ChangeNotifyingArrayList.java,org.jsoup.helper.ChangeNotifyingArrayList,"addAll/2[int,java.util.Collection<? extends E>]",false,59,1,1,0,1,1,2,4,1,0,2,2,0,0,0,0,0,0,0,0,0,0,0,0,0,0,7,1,0,false
/home/alison/jsoup-quality-analysis/work/jsoup/src/main/java/org/jsoup/Connection.java,org.jsoup.Connection$Response,parse/0,false,686,1,2,2,0,1,0,1,0,0,0,0,0,0,0,0,0,0,0,0,0,0,0,0,0,0,23,0,0,true
/home/alison/jsoup-quality-analysis/work/jsoup/src/main/java/org/jsoup/Connection.java,org.jsoup.Connection$Response,charset/0,false,667,0,0,0,0,1,0,1,0,0,0,0,0,0,0,0,0,0,0,0,0,0,0,0,0,0,11,0,0,true
/home/alison/jsoup-quality-analysis/work/jsoup/src/main/java/org/jsoup/Connection.java,org.jsoup.Connection$Response,charset/1[java.lang.String],false,673,1,0,0,0,1,0,1,0,0,1,0,0,0,0,0,0,0,0,0,0,0,0,0,0,0,20,0,0,true
/home/alison/jsoup-quality-analysis/work/jsoup/src/main/java/org/jsoup/Connection.java,org.jsoup.Connection$Response,body/0,false,694,0,0,0,0,1,0,1,0,0,0,0,0,0,0,0,0,0,0,0,0,0,0,0,0,0,8,0,0,true
/home/alison/jsoup-quality-analysis/work/jsoup/src/main/java/org/jsoup/Connection.java,org.jsoup.Connection$Response,statusCode/0,false,655,0,0,0,0,1,0,1,0,0,0,0,0,0,0,0,0,0,0,0,0,0,0,0,0,0,6,0,0,true
/home/alison/jsoup-quality-analysis/work/jsoup/src/main/java/org/jsoup/Connection.java,org.jsoup.Connection$Response,statusMessage/0,false,661,0,0,0,0,1,0,1,0,0,0,0,0,0,0,0,0,0,0,0,0,0,0,0,0,0,6,0,0,true
/home/alison/jsoup-quality-analysis/work/jsoup/src/main/java/org/jsoup/Connection.java,org.jsoup.Connection$Response,bodyStream/0,false,715,0,0,0,0,1,0,1,0,0,0,0,0,0,0,0,0,0,0,0,0,0,0,0,0,0,43,0,0,true
/home/alison/jsoup-quality-analysis/work/jsoup/src/main/java/org/jsoup/Connection.java,org.jsoup.Connection$Response,contentType/0,false,680,0,0,0,0,1,0,1,0,0,0,0,0,0,0,0,0,0,0,0,0,0,0,0,0,0,6,0,0,true
/home/alison/jsoup-quality-analysis/work/jsoup/src/main/java/org/jsoup/Connection.java,org.jsoup.Connection$Response,bodyAsBytes/0,false,700,1,0,0,0,1,0,1,0,0,0,0,0,0,0,0,0,0,0,0,0,0,0,0,0,0,11,0,0,true
/home/alison/jsoup-quality-analysis/work/jsoup/src/main/java/org/jsoup/Connection.java,org.jsoup.Connection$Response,bufferUp/0,false,706,1,0,0,0,1,0,1,0,0,0,0,0,0,0,0,0,0,0,0,0,0,0,0,0,0,46,0,0,true
/home/alison/jsoup-quality-analysis/work/jsoup/src/main/java/org/jsoup/select/Evaluator.java,org.jsoup.select.Evaluator$IndexEvaluator,IndexEvaluator/1[int],true,644,0,0,0,0,1,0,3,0,0,1,0,0,0,0,0,0,0,0,0,1,0,0,0,0,0,3,1,0,false
/home/alison/jsoup-quality-analysis/work/jsoup/src/main/java/org/jsoup/select/Evaluator.java,org.jsoup.select.Evaluator$IsOnlyOfType,"matches/2[org.jsoup.nodes.Element,org.jsoup.nodes.Element]",false,604,4,4,0,4,6,4,10,2,3,2,4,0,0,1,2,0,0,0,2,3,0,2,0,0,0,11,1,0,false
/home/alison/jsoup-quality-analysis/work/jsoup/src/main/java/org/jsoup/select/Evaluator.java,org.jsoup.select.Evaluator$IsOnlyOfType,toString/0,false,616,0,0,0,0,1,0,3,1,0,0,0,0,0,0,0,0,0,1,0,0,0,0,0,0,0,3,1,0,false
/home/alison/jsoup-quality-analysis/work/jsoup/src/main/java/org/jsoup/nodes/Entities.java,org.jsoup.nodes.Entities$CoreCharset,byName/1[java.lang.String],false,305,1,1,1,0,3,2,5,3,0,1,2,0,0,0,0,0,0,2,0,0,0,1,0,0,0,8,8,0,false
/home/alison/jsoup-quality-analysis/work/jsoup/src/main/java/org/jsoup/safety/Cleaner.java,org.jsoup.safety.Cleaner,isValid/1[org.jsoup.nodes.Document],false,74,5,7,0,7,3,8,6,1,2,1,8,1,1,0,2,0,0,0,2,2,0,0,0,0,0,69,1,0,true
/home/alison/jsoup-quality-analysis/work/jsoup/src/main/java/org/jsoup/safety/Cleaner.java,org.jsoup.safety.Cleaner,Cleaner/1[org.jsoup.safety.Whitelist],true,42,2,4,3,1,1,1,4,0,0,1,1,0,0,0,0,0,0,0,0,1,0,0,0,0,0,16,1,0,true
/home/alison/jsoup-quality-analysis/work/jsoup/src/main/java/org/jsoup/safety/Cleaner.java,org.jsoup.safety.Cleaner,clean/1[org.jsoup.nodes.Document],false,53,4,7,2,5,2,5,6,1,1,1,5,1,1,0,1,0,0,0,0,1,0,1,0,0,0,29,1,0,true
/home/alison/jsoup-quality-analysis/work/jsoup/src/main/java/org/jsoup/safety/Cleaner.java,org.jsoup.safety.Cleaner,createSafeElement/1[org.jsoup.nodes.Element],false,146,5,12,1,11,3,8,14,1,6,1,8,0,0,1,0,0,0,0,1,6,0,2,0,0,0,15,2,0,false
/home/alison/jsoup-quality-analysis/work/jsoup/src/main/java/org/jsoup/safety/Cleaner.java,org.jsoup.safety.Cleaner,"copySafeNodes/2[org.jsoup.nodes.Element,org.jsoup.nodes.Element]",false,140,3,5,3,2,1,1,5,1,1,2,1,0,0,0,0,0,0,0,0,1,0,0,0,0,0,8,2,0,false
/home/alison/jsoup-quality-analysis/work/jsoup/src/main/java/org/jsoup/safety/Cleaner.java,org.jsoup.safety.Cleaner,isValidBodyHtml/1[java.lang.String],false,83,6,7,1,6,3,7,9,1,5,1,7,1,1,0,2,0,0,3,4,5,0,0,0,0,0,18,1,0,false
/home/alison/jsoup-quality-analysis/work/jsoup/src/main/java/org/jsoup/nodes/Element.java,org.jsoup.nodes.Element,appendElement/1[java.lang.String],false,494,4,10,4,6,1,5,5,1,1,1,5,2,2,0,0,0,0,0,0,1,0,0,0,0,0,23,1,0,true
/home/alison/jsoup-quality-analysis/work/jsoup/src/main/java/org/jsoup/nodes/Element.java,org.jsoup.nodes.Element,getElementsByTag/1[java.lang.String],false,787,5,7,3,4,1,3,5,1,0,1,3,0,0,0,0,0,0,0,0,1,0,0,0,0,0,32,1,0,true
/home/alison/jsoup-quality-analysis/work/jsoup/src/main/java/org/jsoup/nodes/Element.java,org.jsoup.nodes.Element,attributes/0,false,99,2,15,13,2,2,1,4,1,0,0,1,1,1,0,0,0,0,0,0,1,0,1,0,0,0,3,1,0,false
/home/alison/jsoup-quality-analysis/work/jsoup/src/main/java/org/jsoup/nodes/Element.java,org.jsoup.nodes.Element,normalName/0,false,140,1,18,17,1,1,1,3,1,0,0,1,0,0,0,0,0,0,0,0,0,0,0,0,0,0,17,1,0,true
/home/alison/jsoup-quality-analysis/work/jsoup/src/main/java/org/jsoup/nodes/Element.java,org.jsoup.nodes.Element,getElementsMatchingText/1[java.util.regex.Pattern],false,993,3,3,1,2,1,1,3,1,0,1,1,0,0,0,0,0,0,0,0,0,0,0,0,0,0,19,1,0,true
/home/alison/jsoup-quality-analysis/work/jsoup/src/main/java/org/jsoup/nodes/Element.java,org.jsoup.nodes.Element,"getElementsByAttributeValueEnding/2[java.lang.String,java.lang.String]",false,896,3,2,0,2,1,1,3,1,0,2,1,0,0,0,0,0,0,0,0,0,0,0,0,0,0,22,1,0,true
/home/alison/jsoup-quality-analysis/work/jsoup/src/main/java/org/jsoup/nodes/Element.java,org.jsoup.nodes.Element,preserveWhitespace/1[org.jsoup.nodes.Node],false,1154,3,4,2,2,5,2,13,2,2,1,2,1,1,1,1,0,0,0,2,3,0,3,0,0,0,10,8,0,false
/home/alison/jsoup-quality-analysis/work/jsoup/src/main/java/org/jsoup/nodes/Element.java,org.jsoup.nodes.Element,after/1[java.lang.String],false,596,1,1,1,0,1,1,3,1,0,1,1,0,0,0,0,0,0,0,0,0,0,0,0,0,0,21,1,0,true
/home/alison/jsoup-quality-analysis/work/jsoup/src/main/java/org/jsoup/nodes/Element.java,org.jsoup.nodes.Element,"appendWhitespaceIfBr/2[org.jsoup.nodes.Element,java.lang.StringBuilder]",false,1149,3,3,1,2,3,4,3,0,0,2,4,0,0,0,0,0,0,2,0,0,0,1,0,0,0,6,10,0,false
/home/alison/jsoup-quality-analysis/work/jsoup/src/main/java/org/jsoup/nodes/Element.java,org.jsoup.nodes.Element,"outerHtmlTail/3[java.lang.Appendable,int,org.jsoup.nodes.Document.OutputSettings]",false,1418,5,6,0,6,10,11,6,0,0,3,11,1,1,0,1,0,7,1,3,0,0,2,0,0,0,13,0,0,false
/home/alison/jsoup-quality-analysis/work/jsoup/src/main/java/org/jsoup/nodes/Element.java,org.jsoup.nodes.Element,className/0,false,1241,1,2,1,1,1,2,3,1,0,0,2,0,0,0,0,0,0,1,0,0,0,0,0,0,0,25,1,0,true
/home/alison/jsoup-quality-analysis/work/jsoup/src/main/java/org/jsoup/nodes/Element.java,org.jsoup.nodes.Element,hasClass/1[java.lang.String],false,1280,2,4,2,2,12,7,33,5,6,1,7,1,2,1,4,0,0,1,5,9,2,4,0,0,0,24,1,0,true
/home/alison/jsoup-quality-analysis/work/jsoup/src/main/java/org/jsoup/nodes/Element.java,org.jsoup.nodes.Element,"getElementsByAttributeValueStarting/2[java.lang.String,java.lang.String]",false,885,3,2,0,2,1,1,3,1,0,2,1,0,0,0,0,0,0,0,0,0,0,0,0,0,0,22,1,0,true
/home/alison/jsoup-quality-analysis/work/jsoup/src/main/java/org/jsoup/nodes/Element.java,org.jsoup.nodes.Element,getElementsByIndexEquals/1[int],false,961,3,2,0,2,1,1,3,1,0,1,1,0,0,0,0,0,0,0,0,0,0,0,0,0,0,16,1,0,true
/home/alison/jsoup-quality-analysis/work/jsoup/src/main/java/org/jsoup/nodes/Element.java,org.jsoup.nodes.Element,toggleClass/1[java.lang.String],false,1358,2,4,1,3,2,6,8,1,1,1,6,2,4,0,0,0,0,0,0,1,0,1,0,0,0,17,1,0,true
/home/alison/jsoup-quality-analysis/work/jsoup/src/main/java/org/jsoup/nodes/Element.java,org.jsoup.nodes.Element,children/0,false,274,2,9,7,2,1,1,3,1,0,0,1,1,1,0,0,0,0,0,0,0,0,0,0,0,0,22,1,0,true
/home/alison/jsoup-quality-analysis/work/jsoup/src/main/java/org/jsoup/nodes/Element.java,org.jsoup.nodes.Element,nextElementSiblings/1[boolean],false,734,1,5,2,3,3,3,6,2,1,1,3,0,0,0,1,0,0,0,0,1,0,1,0,0,0,8,2,0,false
/home/alison/jsoup-quality-analysis/work/jsoup/src/main/java/org/jsoup/nodes/Element.java,org.jsoup.nodes.Element,removeClass/1[java.lang.String],false,1343,2,4,1,3,1,4,7,1,1,1,4,2,4,0,0,0,0,0,0,1,0,0,0,0,0,13,1,0,true
/home/alison/jsoup-quality-analysis/work/jsoup/src/main/java/org/jsoup/nodes/Element.java,org.jsoup.nodes.Element,baseUri/0,false,106,0,10,10,0,1,0,3,1,0,0,0,0,0,0,0,0,0,0,0,0,0,0,0,0,0,2,1,0,false
/home/alison/jsoup-quality-analysis/work/jsoup/src/main/java/org/jsoup/nodes/Element.java,org.jsoup.nodes.Element,nodeName/0,false,121,1,3,2,1,1,1,3,1,0,0,1,0,0,0,0,0,0,0,0,0,0,0,0,0,0,2,1,0,false
/home/alison/jsoup-quality-analysis/work/jsoup/src/main/java/org/jsoup/nodes/Element.java,org.jsoup.nodes.Element,getElementsMatchingOwnText/1[java.util.regex.Pattern],false,1019,3,3,1,2,1,1,3,1,0,1,1,0,0,0,0,0,0,0,0,0,0,0,0,0,0,21,1,0,true
/home/alison/jsoup-quality-analysis/work/jsoup/src/main/java/org/jsoup/nodes/Element.java,org.jsoup.nodes.Element,getAllElements/0,false,1044,3,3,1,2,1,1,3,1,0,0,1,0,0,0,0,0,0,0,0,0,0,0,0,0,0,12,1,0,true
/home/alison/jsoup-quality-analysis/work/jsoup/src/main/java/org/jsoup/nodes/Element.java,org.jsoup.nodes.Element,tagName/1[java.lang.String],false,151,5,5,1,4,1,4,5,1,0,1,4,0,0,0,0,0,0,1,0,1,0,0,0,0,0,17,1,0,true
/home/alison/jsoup-quality-analysis/work/jsoup/src/main/java/org/jsoup/nodes/Element.java,org.jsoup.nodes.Element,addClass/1[java.lang.String],false,1328,2,4,1,3,1,4,7,1,1,1,4,2,4,0,0,0,0,0,0,1,0,0,0,0,0,12,1,0,true
/home/alison/jsoup-quality-analysis/work/jsoup/src/main/java/org/jsoup/nodes/Element.java,org.jsoup.nodes.Element,"outerHtmlHead/3[java.lang.Appendable,int,org.jsoup.nodes.Document.OutputSettings]",false,1395,5,11,0,11,13,15,17,0,0,3,15,3,1,0,3,0,3,1,1,0,0,3,0,0,0,17,0,0,false
/home/alison/jsoup-quality-analysis/work/jsoup/src/main/java/org/jsoup/nodes/Element.java,org.jsoup.nodes.Element,parents/0,false,237,2,4,2,2,1,1,5,1,1,0,1,1,2,0,0,0,0,0,0,1,0,0,0,0,0,14,1,0,true
/home/alison/jsoup-quality-analysis/work/jsoup/src/main/java/org/jsoup/nodes/Element.java,org.jsoup.nodes.Element,child/1[int],false,262,1,4,3,1,1,2,3,1,0,1,2,1,1,0,0,0,0,0,0,0,0,0,0,0,0,43,1,0,true
/home/alison/jsoup-quality-analysis/work/jsoup/src/main/java/org/jsoup/nodes/Element.java,org.jsoup.nodes.Element,lastElementSibling/0,false,766,1,2,0,2,2,4,4,1,1,0,4,2,1,0,0,0,0,0,2,1,1,0,0,0,0,16,1,0,true
/home/alison/jsoup-quality-analysis/work/jsoup/src/main/java/org/jsoup/nodes/Element.java,org.jsoup.nodes.Element,prependElement/1[java.lang.String],false,507,4,7,1,6,1,5,5,1,1,1,5,2,1,0,0,0,0,0,0,1,0,0,0,0,0,23,1,0,true
/home/alison/jsoup-quality-analysis/work/jsoup/src/main/java/org/jsoup/nodes/Element.java,org.jsoup.nodes.Element,prependText/1[java.lang.String],false,532,3,3,0,3,1,2,6,1,1,1,2,1,1,0,0,0,0,0,0,1,0,0,0,0,0,15,1,0,true
/home/alison/jsoup-quality-analysis/work/jsoup/src/main/java/org/jsoup/nodes/Element.java,org.jsoup.nodes.Element,nextElementSibling/0,false,689,2,5,1,4,3,6,8,3,2,0,6,2,1,0,1,0,0,0,2,2,2,1,0,0,0,35,1,0,true
/home/alison/jsoup-quality-analysis/work/jsoup/src/main/java/org/jsoup/nodes/Element.java,org.jsoup.nodes.Element,getElementsByAttribute/1[java.lang.String],false,836,4,3,0,3,1,3,5,1,0,1,3,0,0,0,0,0,0,0,0,1,0,0,0,0,0,19,1,0,true
/home/alison/jsoup-quality-analysis/work/jsoup/src/main/java/org/jsoup/nodes/Element.java,org.jsoup.nodes.Element,textNodes/0,false,324,2,1,1,0,3,2,7,1,1,0,2,0,0,1,0,0,0,0,0,1,0,2,0,0,0,39,1,0,true
/home/alison/jsoup-quality-analysis/work/jsoup/src/main/java/org/jsoup/nodes/Element.java,org.jsoup.nodes.Element,getElementsMatchingText/1[java.lang.String],false,1003,2,1,0,1,2,2,10,1,1,1,2,1,1,0,0,1,0,1,0,1,1,1,0,0,0,39,1,0,true
/home/alison/jsoup-quality-analysis/work/jsoup/src/main/java/org/jsoup/nodes/Element.java,org.jsoup.nodes.Element,ensureChildNodes/0,false,86,2,2,1,1,2,0,6,1,0,0,0,0,0,0,1,0,0,0,1,1,0,1,0,0,0,16,4,0,false
/home/alison/jsoup-quality-analysis/work/jsoup/src/main/java/org/jsoup/nodes/Element.java,org.jsoup.nodes.Element,childNodeSize/0,false,116,0,3,3,0,1,1,3,1,0,0,1,0,0,0,0,0,0,0,0,0,0,0,0,0,0,3,1,0,false
/home/alison/jsoup-quality-analysis/work/jsoup/src/main/java/org/jsoup/nodes/Element.java,org.jsoup.nodes.Element,getElementsMatchingOwnText/1[java.lang.String],false,1029,2,1,0,1,2,2,10,1,1,1,2,1,1,0,0,1,0,1,0,1,1,1,0,0,0,40,1,0,true
/home/alison/jsoup-quality-analysis/work/jsoup/src/main/java/org/jsoup/nodes/Element.java,org.jsoup.nodes.Element,id/0,false,181,2,4,2,2,1,2,3,1,0,0,2,1,2,0,0,0,0,1,0,0,0,0,0,0,0,11,1,0,true
/home/alison/jsoup-quality-analysis/work/jsoup/src/main/java/org/jsoup/nodes/Element.java,org.jsoup.nodes.Element,isBlock/0,false,172,1,3,2,1,1,1,3,1,0,0,1,0,0,0,0,0,0,0,0,0,0,0,0,0,0,15,1,0,true
/home/alison/jsoup-quality-analysis/work/jsoup/src/main/java/org/jsoup/nodes/Element.java,org.jsoup.nodes.Element,getElementById/1[java.lang.String],false,803,5,3,0,3,2,4,6,2,1,1,4,0,0,0,0,0,0,0,2,1,0,1,0,0,0,43,1,0,true
/home/alison/jsoup-quality-analysis/work/jsoup/src/main/java/org/jsoup/nodes/Element.java,org.jsoup.nodes.Element,"getElementsByAttributeValueMatching/2[java.lang.String,java.util.regex.Pattern]",false,917,3,3,1,2,1,1,3,1,0,2,1,0,0,0,0,0,0,0,0,0,0,0,0,0,0,27,1,0,true
/home/alison/jsoup-quality-analysis/work/jsoup/src/main/java/org/jsoup/nodes/Element.java,org.jsoup.nodes.Element,childElementsList/0,false,283,2,8,8,0,5,4,13,1,4,0,4,0,0,1,2,0,1,0,1,6,0,3,0,0,0,41,2,0,true
/home/alison/jsoup-quality-analysis/work/jsoup/src/main/java/org/jsoup/nodes/Element.java,org.jsoup.nodes.Element,previousElementSibling/0,false,714,2,7,3,4,3,5,8,3,2,0,5,2,1,0,1,0,0,0,2,2,1,1,0,0,0,20,1,0,true
/home/alison/jsoup-quality-analysis/work/jsoup/src/main/java/org/jsoup/nodes/Element.java,org.jsoup.nodes.Element,"getElementsByAttributeValueNot/2[java.lang.String,java.lang.String]",false,874,3,2,0,2,1,1,3,1,0,2,1,0,0,0,0,0,0,0,0,0,0,0,0,0,0,25,1,0,true
/home/alison/jsoup-quality-analysis/work/jsoup/src/main/java/org/jsoup/nodes/Element.java,org.jsoup.nodes.Element,firstElementSibling/0,false,746,1,2,0,2,2,4,4,1,1,0,4,2,1,0,0,0,0,0,2,1,0,0,0,0,0,16,1,0,true
/home/alison/jsoup-quality-analysis/work/jsoup/src/main/java/org/jsoup/nodes/Element.java,org.jsoup.nodes.Element,"getElementsByAttributeValueMatching/2[java.lang.String,java.lang.String]",false,928,2,1,0,1,2,2,10,1,1,2,2,1,1,0,0,1,0,1,0,1,1,1,0,0,0,48,1,0,true
/home/alison/jsoup-quality-analysis/work/jsoup/src/main/java/org/jsoup/nodes/Element.java,org.jsoup.nodes.Element,doSetBaseUri/1[java.lang.String],false,111,0,0,0,0,1,0,3,0,0,1,0,0,0,0,0,0,0,0,0,1,0,0,0,0,0,5,4,0,false
/home/alison/jsoup-quality-analysis/work/jsoup/src/main/java/org/jsoup/nodes/Element.java,org.jsoup.nodes.Element,empty/0,false,615,1,3,3,0,1,1,4,1,0,0,1,0,0,0,0,0,0,0,0,0,0,0,0,0,0,13,1,0,true
/home/alison/jsoup-quality-analysis/work/jsoup/src/main/java/org/jsoup/nodes/Element.java,org.jsoup.nodes.Element,shallowClone/0,false,1469,2,2,0,2,2,1,3,1,0,0,1,0,0,0,1,0,0,0,0,0,0,0,0,0,0,4,1,0,false
/home/alison/jsoup-quality-analysis/work/jsoup/src/main/java/org/jsoup/nodes/Element.java,org.jsoup.nodes.Element,after/1[org.jsoup.nodes.Node],false,607,2,0,0,0,1,1,3,1,0,1,1,0,0,0,0,0,0,0,0,0,0,0,0,0,0,19,1,0,true
/home/alison/jsoup-quality-analysis/work/jsoup/src/main/java/org/jsoup/nodes/Element.java,org.jsoup.nodes.Element,"Element/2[org.jsoup.parser.Tag,java.lang.String]",true,82,1,6,6,0,1,0,3,0,0,2,0,0,0,0,0,0,0,0,0,0,0,0,0,0,0,23,1,0,true
/home/alison/jsoup-quality-analysis/work/jsoup/src/main/java/org/jsoup/nodes/Element.java,org.jsoup.nodes.Element,before/1[java.lang.String],false,573,1,1,1,0,1,1,3,1,0,1,1,0,0,0,0,0,0,0,0,0,0,0,0,0,0,21,1,0,true
/home/alison/jsoup-quality-analysis/work/jsoup/src/main/java/org/jsoup/nodes/Element.java,org.jsoup.nodes.Element,getElementsContainingOwnText/1[java.lang.String],false,983,3,2,0,2,1,1,3,1,0,1,1,0,0,0,0,0,0,0,0,0,0,0,0,0,0,26,1,0,true
/home/alison/jsoup-quality-analysis/work/jsoup/src/main/java/org/jsoup/nodes/Element.java,org.jsoup.nodes.Element,hasAttributes/0,false,94,0,1,1,0,2,0,3,1,0,0,0,0,0,0,1,0,0,0,0,0,0,0,0,0,0,4,4,0,false
/home/alison/jsoup-quality-analysis/work/jsoup/src/main/java/org/jsoup/nodes/Element.java,org.jsoup.nodes.Element,val/0,false,1375,2,5,2,3,2,4,4,2,0,0,4,2,1,0,0,0,0,2,0,0,0,1,0,0,0,17,1,0,true
/home/alison/jsoup-quality-analysis/work/jsoup/src/main/java/org/jsoup/nodes/Element.java,org.jsoup.nodes.Element,"accumulateParents/2[org.jsoup.nodes.Element,org.jsoup.select.Elements]",false,243,2,5,2,3,3,5,7,0,1,2,5,3,1,0,1,0,0,1,0,1,0,1,0,0,0,6,10,0,false
/home/alison/jsoup-quality-analysis/work/jsoup/src/main/java/org/jsoup/nodes/Element.java,org.jsoup.nodes.Element,nextElementSiblings/0,false,705,2,1,0,1,1,1,3,1,0,0,1,1,1,0,0,0,0,0,0,0,0,0,0,0,0,23,1,0,true
/home/alison/jsoup-quality-analysis/work/jsoup/src/main/java/org/jsoup/nodes/Element.java,org.jsoup.nodes.Element,previousElementSiblings/0,false,730,2,1,0,1,1,1,3,1,0,0,1,1,1,0,0,0,0,0,0,0,0,0,0,0,0,19,1,0,true
/home/alison/jsoup-quality-analysis/work/jsoup/src/main/java/org/jsoup/nodes/Element.java,org.jsoup.nodes.Element,getElementsByIndexLessThan/1[int],false,943,3,2,0,2,1,1,3,1,0,1,1,0,0,0,0,0,0,0,0,0,0,0,0,0,0,17,1,0,true
/home/alison/jsoup-quality-analysis/work/jsoup/src/main/java/org/jsoup/nodes/Element.java,org.jsoup.nodes.Element,dataset/0,false,224,2,2,0,2,1,2,3,1,0,0,2,1,2,0,0,0,0,0,0,0,0,0,0,0,0,44,1,0,true
/home/alison/jsoup-quality-analysis/work/jsoup/src/main/java/org/jsoup/nodes/Element.java,org.jsoup.nodes.Element,select/1[java.lang.String],false,371,2,8,7,1,1,1,3,1,0,1,1,0,0,0,0,0,0,0,0,0,0,0,0,0,0,65,1,0,true
/home/alison/jsoup-quality-analysis/work/jsoup/src/main/java/org/jsoup/nodes/Element.java,org.jsoup.nodes.Element,getElementsByClass/1[java.lang.String],false,824,4,3,0,3,1,2,4,1,0,1,2,0,0,0,0,0,0,0,0,0,0,0,0,0,0,35,1,0,true
/home/alison/jsoup-quality-analysis/work/jsoup/src/main/java/org/jsoup/nodes/Element.java,org.jsoup.nodes.Element,html/1[java.lang.String],false,1457,1,3,1,2,1,2,5,1,0,1,2,2,2,0,0,0,0,0,0,0,0,0,0,0,0,19,1,0,true
/home/alison/jsoup-quality-analysis/work/jsoup/src/main/java/org/jsoup/nodes/Element.java,org.jsoup.nodes.Element,appendChild/1[org.jsoup.nodes.Node],false,410,3,19,15,4,1,6,8,1,0,1,6,1,1,0,0,0,0,0,1,0,1,0,0,0,0,20,1,0,true
/home/alison/jsoup-quality-analysis/work/jsoup/src/main/java/org/jsoup/nodes/Element.java,org.jsoup.nodes.Element,wrap/1[java.lang.String],false,627,1,1,1,0,1,1,3,1,0,1,1,0,0,0,0,0,0,0,0,0,0,0,0,0,0,16,1,0,true
/home/alison/jsoup-quality-analysis/work/jsoup/src/main/java/org/jsoup/nodes/Element.java,org.jsoup.nodes.Element,"appendNormalisedText/2[java.lang.StringBuilder,org.jsoup.nodes.TextNode]",false,1140,4,6,2,4,3,5,5,0,1,2,5,1,2,0,0,0,0,0,0,1,0,1,0,0,0,12,10,0,false
/home/alison/jsoup-quality-analysis/work/jsoup/src/main/java/org/jsoup/nodes/Element.java,org.jsoup.nodes.Element,"insertChildren/2[int,java.util.Collection<? extends org.jsoup.nodes.Node>]",false,456,3,5,1,4,4,5,10,1,3,2,5,1,1,0,0,0,0,2,4,4,1,1,0,0,0,42,1,0,true
/home/alison/jsoup-quality-analysis/work/jsoup/src/main/java/org/jsoup/nodes/Element.java,org.jsoup.nodes.Element,val/1[java.lang.String],false,1387,1,4,1,3,2,4,5,1,0,1,4,3,3,0,0,0,0,2,0,0,0,1,0,0,0,17,1,0,true
/home/alison/jsoup-quality-analysis/work/jsoup/src/main/java/org/jsoup/nodes/Element.java,org.jsoup.nodes.Element,parent/0,false,229,1,24,24,0,1,0,3,1,0,0,0,0,0,0,0,0,0,0,0,0,0,0,0,0,0,3,17,0,false
/home/alison/jsoup-quality-analysis/work/jsoup/src/main/java/org/jsoup/nodes/Element.java,org.jsoup.nodes.Element,append/1[java.lang.String],false,545,5,7,2,5,1,6,6,1,1,1,6,1,1,0,0,0,0,0,1,1,0,0,0,0,0,28,1,0,true
/home/alison/jsoup-quality-analysis/work/jsoup/src/main/java/org/jsoup/nodes/Element.java,org.jsoup.nodes.Element,text/0,false,1058,3,11,7,4,1,4,23,1,1,0,4,0,0,0,0,0,0,0,0,1,0,0,1,0,0,44,1,0,true
/home/alison/jsoup-quality-analysis/work/jsoup/src/main/java/org/jsoup/nodes/Element.java,org.jsoup.nodes.Element,text/1[java.lang.String],false,1174,3,7,3,4,1,3,7,1,1,1,3,2,2,0,0,0,0,0,0,1,0,0,0,0,0,20,1,0,true
/home/alison/jsoup-quality-analysis/work/jsoup/src/main/java/org/jsoup/nodes/Element.java,org.jsoup.nodes.Element,ownText/1[java.lang.StringBuilder],false,1129,3,3,1,2,4,2,11,0,1,1,2,2,3,1,0,0,0,0,0,1,0,2,0,0,0,15,2,0,false
/home/alison/jsoup-quality-analysis/work/jsoup/src/main/java/org/jsoup/nodes/Element.java,org.jsoup.nodes.Element,is/1[java.lang.String],false,391,2,2,0,2,1,2,3,1,0,1,2,1,1,0,0,0,0,0,0,0,0,0,0,0,0,13,1,0,true
/home/alison/jsoup-quality-analysis/work/jsoup/src/main/java/org/jsoup/nodes/Element.java,org.jsoup.nodes.Element,ownText/0,false,1123,2,5,2,3,1,4,5,1,1,0,4,1,4,0,0,0,0,0,0,1,0,0,0,0,0,44,1,0,true
/home/alison/jsoup-quality-analysis/work/jsoup/src/main/java/org/jsoup/nodes/Element.java,org.jsoup.nodes.Element,classNames/0,false,1251,1,5,4,1,1,4,6,1,2,0,4,1,1,0,0,0,0,1,0,2,0,0,0,0,0,29,1,0,true
/home/alison/jsoup-quality-analysis/work/jsoup/src/main/java/org/jsoup/nodes/Element.java,org.jsoup.nodes.Element,tag/0,false,162,1,8,8,0,1,0,3,1,0,0,0,0,0,0,0,0,0,0,0,0,0,0,0,0,0,5,1,0,true
/home/alison/jsoup-quality-analysis/work/jsoup/src/main/java/org/jsoup/nodes/Element.java,org.jsoup.nodes.Element,cssSelector/0,false,641,3,9,1,8,6,16,11,3,3,0,16,7,5,0,1,0,0,4,5,3,3,1,0,0,0,43,1,0,true
/home/alison/jsoup-quality-analysis/work/jsoup/src/main/java/org/jsoup/nodes/Element.java,org.jsoup.nodes.Element,"getElementsByAttributeValueContaining/2[java.lang.String,java.lang.String]",false,907,3,2,0,2,1,1,3,1,0,2,1,0,0,0,0,0,0,0,0,0,0,0,0,0,0,26,1,0,true
/home/alison/jsoup-quality-analysis/work/jsoup/src/main/java/org/jsoup/nodes/Element.java,org.jsoup.nodes.Element,tagName/0,false,131,1,20,19,1,1,1,3,1,0,0,1,0,0,0,0,0,0,0,0,0,0,0,0,0,0,15,1,0,true
/home/alison/jsoup-quality-analysis/work/jsoup/src/main/java/org/jsoup/nodes/Element.java,org.jsoup.nodes.Element,prependChild/1[org.jsoup.nodes.Node],false,439,3,6,4,2,1,2,5,1,0,1,2,0,0,0,0,0,0,0,1,0,0,0,0,0,0,21,1,0,true
/home/alison/jsoup-quality-analysis/work/jsoup/src/main/java/org/jsoup/nodes/Element.java,org.jsoup.nodes.Element,html/0,false,1435,4,8,3,5,2,6,6,1,2,0,6,0,0,0,0,0,0,0,0,2,0,0,0,0,0,17,1,0,true
/home/alison/jsoup-quality-analysis/work/jsoup/src/main/java/org/jsoup/nodes/Element.java,org.jsoup.nodes.Element,"attr/2[java.lang.String,boolean]",false,206,2,2,0,2,1,2,4,1,0,2,2,1,2,0,0,0,0,0,0,0,0,0,0,0,0,28,1,0,true
/home/alison/jsoup-quality-analysis/work/jsoup/src/main/java/org/jsoup/nodes/Element.java,org.jsoup.nodes.Element,appendTo/1[org.jsoup.nodes.Element],false,427,2,2,0,2,1,2,5,1,0,1,2,1,2,0,0,0,0,0,0,0,0,0,0,0,0,21,1,0,true
/home/alison/jsoup-quality-analysis/work/jsoup/src/main/java/org/jsoup/nodes/Element.java,org.jsoup.nodes.Element,prepend/1[java.lang.String],false,558,5,6,1,5,1,6,6,1,1,1,6,1,1,0,0,0,0,0,2,1,0,0,0,0,0,29,1,0,true
/home/alison/jsoup-quality-analysis/work/jsoup/src/main/java/org/jsoup/nodes/Element.java,org.jsoup.nodes.Element,before/1[org.jsoup.nodes.Node],false,584,2,1,1,0,1,1,3,1,0,1,1,0,0,0,0,0,0,0,0,0,0,0,0,0,0,19,1,0,true
/home/alison/jsoup-quality-analysis/work/jsoup/src/main/java/org/jsoup/nodes/Element.java,org.jsoup.nodes.Element,doClone/1[org.jsoup.nodes.Node],false,1475,4,2,0,2,2,4,8,1,1,1,4,0,0,0,1,0,0,0,0,4,0,0,0,0,0,13,4,0,false
/home/alison/jsoup-quality-analysis/work/jsoup/src/main/java/org/jsoup/nodes/Element.java,org.jsoup.nodes.Element,is/1[org.jsoup.select.Evaluator],false,400,3,5,3,2,1,2,3,1,0,1,2,0,0,0,0,0,0,0,0,0,0,0,0,0,0,10,1,0,true
/home/alison/jsoup-quality-analysis/work/jsoup/src/main/java/org/jsoup/nodes/Element.java,org.jsoup.nodes.Element,classNames/1[java.util.Set<java.lang.String>],false,1264,4,8,3,5,2,6,10,1,0,1,6,1,2,0,0,0,0,3,0,0,0,1,0,0,0,13,1,0,true
/home/alison/jsoup-quality-analysis/work/jsoup/src/main/java/org/jsoup/nodes/Element.java,org.jsoup.nodes.Element,elementSiblingIndex/0,false,757,1,12,9,3,2,3,4,2,0,0,3,2,1,0,1,0,0,0,1,0,0,1,0,0,0,19,1,0,true
/home/alison/jsoup-quality-analysis/work/jsoup/src/main/java/org/jsoup/nodes/Element.java,org.jsoup.nodes.Element,"attr/2[java.lang.String,java.lang.String]",false,191,1,4,4,0,1,1,4,1,0,2,1,0,0,0,0,0,0,0,0,0,0,0,0,0,0,18,1,0,true
/home/alison/jsoup-quality-analysis/work/jsoup/src/main/java/org/jsoup/nodes/Element.java,org.jsoup.nodes.Element,"getElementsByAttributeValue/2[java.lang.String,java.lang.String]",false,863,3,2,0,2,1,1,3,1,0,2,1,0,0,0,0,0,0,0,0,0,0,0,0,0,0,21,1,0,true
/home/alison/jsoup-quality-analysis/work/jsoup/src/main/java/org/jsoup/nodes/Element.java,org.jsoup.nodes.Element,dataNodes/0,false,342,2,0,0,0,3,2,7,1,1,0,2,0,0,1,0,0,0,0,0,1,0,2,0,0,0,30,1,0,true
/home/alison/jsoup-quality-analysis/work/jsoup/src/main/java/org/jsoup/nodes/Element.java,org.jsoup.nodes.Element,data/0,false,1212,7,8,2,6,6,7,23,1,6,0,7,1,0,1,0,0,0,0,0,6,0,2,0,0,0,42,1,0,true
/home/alison/jsoup-quality-analysis/work/jsoup/src/main/java/org/jsoup/nodes/Element.java,org.jsoup.nodes.Element,"indexInList/2[org.jsoup.nodes.Element,java.util.List<E>]",false,771,2,0,0,0,3,2,7,2,2,2,2,0,0,1,1,0,0,0,2,2,0,2,0,0,0,8,10,0,false
/home/alison/jsoup-quality-analysis/work/jsoup/src/main/java/org/jsoup/nodes/Element.java,org.jsoup.nodes.Element,nodelistChanged/0,false,303,0,1,1,0,1,1,4,0,0,0,1,0,0,0,0,0,0,0,0,1,0,0,0,0,0,10,0,0,true
/home/alison/jsoup-quality-analysis/work/jsoup/src/main/java/org/jsoup/nodes/Element.java,org.jsoup.nodes.Element,siblingElements/0,false,668,2,4,1,3,4,4,7,2,2,0,4,2,1,1,2,0,0,0,2,2,1,2,0,0,0,29,1,0,true
/home/alison/jsoup-quality-analysis/work/jsoup/src/main/java/org/jsoup/nodes/Element.java,org.jsoup.nodes.Element,getElementsContainingText/1[java.lang.String],false,972,3,2,0,2,1,1,3,1,0,1,1,0,0,0,0,0,0,0,0,0,0,0,0,0,0,24,1,0,true
/home/alison/jsoup-quality-analysis/work/jsoup/src/main/java/org/jsoup/nodes/Element.java,org.jsoup.nodes.Element,selectFirst/1[java.lang.String],false,382,2,1,0,1,1,1,3,1,0,1,1,0,0,0,0,0,0,0,0,0,0,0,0,0,0,38,1,0,true
/home/alison/jsoup-quality-analysis/work/jsoup/src/main/java/org/jsoup/nodes/Element.java,org.jsoup.nodes.Element,html/1[T],false,1443,2,1,0,1,2,3,5,1,2,1,3,0,0,1,0,0,0,0,1,2,0,1,0,0,0,6,1,0,false
/home/alison/jsoup-quality-analysis/work/jsoup/src/main/java/org/jsoup/nodes/Element.java,org.jsoup.nodes.Element,clone/0,false,1464,1,1,1,0,1,1,3,1,0,0,1,0,0,0,0,0,0,0,0,0,0,0,0,0,0,2,1,0,false
/home/alison/jsoup-quality-analysis/work/jsoup/src/main/java/org/jsoup/nodes/Element.java,org.jsoup.nodes.Element,"insertChildren/2[int,org.jsoup.nodes.Node[]]",false,477,3,4,0,4,4,4,8,1,1,2,4,1,1,0,0,0,0,2,3,2,1,1,0,0,0,40,1,0,true
/home/alison/jsoup-quality-analysis/work/jsoup/src/main/java/org/jsoup/nodes/Element.java,org.jsoup.nodes.Element,"Element/3[org.jsoup.parser.Tag,java.lang.String,org.jsoup.nodes.Attributes]",true,65,3,6,5,1,1,1,8,0,0,3,1,0,0,0,0,0,0,0,0,4,0,0,0,0,0,35,1,0,true
/home/alison/jsoup-quality-analysis/work/jsoup/src/main/java/org/jsoup/nodes/Element.java,org.jsoup.nodes.Element,getElementsByIndexGreaterThan/1[int],false,952,3,2,0,2,1,1,3,1,0,1,1,0,0,0,0,0,0,0,0,0,0,0,0,0,0,17,1,0,true
/home/alison/jsoup-quality-analysis/work/jsoup/src/main/java/org/jsoup/nodes/Element.java,org.jsoup.nodes.Element,Element/1[java.lang.String],true,52,2,2,0,2,1,1,3,0,0,1,1,0,0,0,0,0,0,1,0,0,0,0,0,0,0,7,1,0,true
/home/alison/jsoup-quality-analysis/work/jsoup/src/main/java/org/jsoup/nodes/Element.java,org.jsoup.nodes.Element,wholeText/0,false,1095,3,4,0,4,1,3,15,1,1,0,3,0,0,0,0,0,0,0,0,1,0,0,1,0,0,27,1,0,true
/home/alison/jsoup-quality-analysis/work/jsoup/src/main/java/org/jsoup/nodes/Element.java,org.jsoup.nodes.Element,hasText/0,false,1188,3,5,3,2,6,2,13,3,2,0,2,1,0,1,0,0,0,0,0,2,0,3,0,0,0,21,1,0,true
/home/alison/jsoup-quality-analysis/work/jsoup/src/main/java/org/jsoup/nodes/Element.java,org.jsoup.nodes.Element,getElementsByAttributeStarting/1[java.lang.String],false,849,4,3,0,3,1,3,5,1,0,1,3,0,0,0,0,0,0,0,0,1,0,0,0,0,0,32,1,0,true
/home/alison/jsoup-quality-analysis/work/jsoup/src/main/java/org/jsoup/nodes/Element.java,org.jsoup.nodes.Element,appendText/1[java.lang.String],false,519,3,3,0,3,1,2,6,1,1,1,2,1,2,0,0,0,0,0,0,1,0,0,0,0,0,15,1,0,true
/home/alison/jsoup-quality-analysis/work/jsoup/src/main/java/org/jsoup/helper/HttpConnection.java,org.jsoup.helper.HttpConnection,url/1[java.net.URL],false,119,3,1,0,1,1,1,4,1,0,1,1,0,0,0,0,0,0,0,0,0,0,0,0,0,0,5,1,0,false
/home/alison/jsoup-quality-analysis/work/jsoup/src/main/java/org/jsoup/helper/HttpConnection.java,org.jsoup.helper.HttpConnection,"data/3[java.lang.String,java.lang.String,java.io.InputStream]",false,197,4,2,0,2,1,2,4,1,0,3,2,0,0,0,0,0,0,0,0,0,0,0,0,0,0,4,1,0,false
/home/alison/jsoup-quality-analysis/work/jsoup/src/main/java/org/jsoup/helper/HttpConnection.java,org.jsoup.helper.HttpConnection,"data/1[java.util.Map<java.lang.String,java.lang.String>]",false,208,5,3,0,3,2,6,7,1,0,1,6,0,0,1,0,0,0,1,0,0,0,1,0,0,0,7,1,0,false
/home/alison/jsoup-quality-analysis/work/jsoup/src/main/java/org/jsoup/helper/HttpConnection.java,org.jsoup.helper.HttpConnection,get/0,false,282,4,3,0,3,1,3,5,1,0,0,3,1,1,0,0,0,0,0,0,0,0,0,0,0,0,6,1,0,false
/home/alison/jsoup-quality-analysis/work/jsoup/src/main/java/org/jsoup/helper/HttpConnection.java,org.jsoup.helper.HttpConnection,"data/4[java.lang.String,java.lang.String,java.io.InputStream,java.lang.String]",false,203,4,3,0,3,1,3,4,1,0,4,3,0,0,0,0,0,0,0,0,0,0,0,0,0,0,4,1,0,false
/home/alison/jsoup-quality-analysis/work/jsoup/src/main/java/org/jsoup/helper/HttpConnection.java,org.jsoup.helper.HttpConnection,response/1[org.jsoup.Connection.Response],false,312,3,0,0,0,1,0,4,1,0,1,0,0,0,0,0,0,0,0,0,1,0,0,0,0,0,3,1,0,false
/home/alison/jsoup-quality-analysis/work/jsoup/src/main/java/org/jsoup/helper/HttpConnection.java,org.jsoup.helper.HttpConnection,request/0,false,299,1,1,1,0,1,0,3,1,0,0,0,0,0,0,0,0,0,0,0,0,0,0,0,0,0,2,1,0,false
/home/alison/jsoup-quality-analysis/work/jsoup/src/main/java/org/jsoup/helper/HttpConnection.java,org.jsoup.helper.HttpConnection,"proxy/2[java.lang.String,int]",false,139,3,1,0,1,1,1,4,1,0,2,1,0,0,0,0,0,0,0,0,0,0,0,0,0,0,3,1,0,false
/home/alison/jsoup-quality-analysis/work/jsoup/src/main/java/org/jsoup/helper/HttpConnection.java,org.jsoup.helper.HttpConnection,response/0,false,308,1,0,0,0,1,0,3,1,0,0,0,0,0,0,0,0,0,0,0,0,0,0,0,0,0,2,1,0,false
/home/alison/jsoup-quality-analysis/work/jsoup/src/main/java/org/jsoup/helper/HttpConnection.java,org.jsoup.helper.HttpConnection,data/1[java.lang.String[]],false,216,5,5,0,5,3,5,12,1,3,1,5,0,0,1,1,0,0,4,5,4,2,1,0,0,0,15,1,0,false
/home/alison/jsoup-quality-analysis/work/jsoup/src/main/java/org/jsoup/helper/HttpConnection.java,org.jsoup.helper.HttpConnection,ignoreHttpErrors/1[boolean],false,176,3,1,0,1,1,1,4,1,0,1,1,0,0,0,0,0,0,0,0,0,0,0,0,0,0,4,1,0,false
/home/alison/jsoup-quality-analysis/work/jsoup/src/main/java/org/jsoup/helper/HttpConnection.java,org.jsoup.helper.HttpConnection,userAgent/1[java.lang.String],false,144,4,2,0,2,1,2,5,1,0,1,2,0,0,0,0,0,0,1,0,0,0,0,0,0,0,7,1,0,false
/home/alison/jsoup-quality-analysis/work/jsoup/src/main/java/org/jsoup/helper/HttpConnection.java,org.jsoup.helper.HttpConnection,"header/2[java.lang.String,java.lang.String]",false,251,3,1,0,1,1,1,4,1,0,2,1,0,0,0,0,0,0,0,0,0,0,0,0,0,0,3,1,0,false
/home/alison/jsoup-quality-analysis/work/jsoup/src/main/java/org/jsoup/helper/HttpConnection.java,org.jsoup.helper.HttpConnection,request/1[org.jsoup.Connection.Request],false,303,3,0,0,0,1,0,4,1,0,1,0,0,0,0,0,0,0,0,0,1,0,0,0,0,0,3,1,0,false
/home/alison/jsoup-quality-analysis/work/jsoup/src/main/java/org/jsoup/helper/HttpConnection.java,org.jsoup.helper.HttpConnection,connect/1[java.lang.String],false,67,2,3,1,2,1,1,5,1,1,1,1,0,0,0,0,0,0,0,0,1,0,0,0,0,0,5,9,0,false
/home/alison/jsoup-quality-analysis/work/jsoup/src/main/java/org/jsoup/helper/HttpConnection.java,org.jsoup.helper.HttpConnection,connect/1[java.net.URL],false,73,2,3,1,2,1,1,5,1,1,1,1,0,0,0,0,0,0,0,0,1,0,0,0,0,0,8,9,0,false
/home/alison/jsoup-quality-analysis/work/jsoup/src/main/java/org/jsoup/helper/HttpConnection.java,org.jsoup.helper.HttpConnection,followRedirects/1[boolean],false,160,3,1,0,1,1,1,4,1,0,1,1,0,0,0,0,0,0,0,0,0,0,0,0,0,0,3,1,0,false
/home/alison/jsoup-quality-analysis/work/jsoup/src/main/java/org/jsoup/helper/HttpConnection.java,org.jsoup.helper.HttpConnection,ignoreContentType/1[boolean],false,181,3,1,0,1,1,1,4,1,0,1,1,0,0,0,0,0,0,0,0,0,0,0,0,0,0,4,1,0,false
/home/alison/jsoup-quality-analysis/work/jsoup/src/main/java/org/jsoup/helper/HttpConnection.java,org.jsoup.helper.HttpConnection,referrer/1[java.lang.String],false,165,4,2,0,2,1,2,5,1,0,1,2,0,0,0,0,0,0,2,0,0,0,0,0,0,0,5,1,0,false
/home/alison/jsoup-quality-analysis/work/jsoup/src/main/java/org/jsoup/helper/HttpConnection.java,org.jsoup.helper.HttpConnection,sslSocketFactory/1[javax.net.ssl.SSLSocketFactory],false,192,3,1,0,1,1,1,4,1,0,1,1,0,0,0,0,0,0,0,0,0,0,0,0,0,0,6,1,0,false
/home/alison/jsoup-quality-analysis/work/jsoup/src/main/java/org/jsoup/helper/HttpConnection.java,org.jsoup.helper.HttpConnection,data/1[java.util.Collection<org.jsoup.Connection.KeyVal>],false,229,5,2,0,2,2,2,7,1,0,1,2,0,0,1,0,0,0,1,0,0,0,1,0,0,0,7,1,0,false
/home/alison/jsoup-quality-analysis/work/jsoup/src/main/java/org/jsoup/helper/HttpConnection.java,org.jsoup.helper.HttpConnection,parser/1[org.jsoup.parser.Parser],false,277,4,1,0,1,1,1,4,1,0,1,1,0,0,0,0,0,0,0,0,0,0,0,0,0,0,3,1,0,false
/home/alison/jsoup-quality-analysis/work/jsoup/src/main/java/org/jsoup/helper/HttpConnection.java,org.jsoup.helper.HttpConnection,data/1[java.lang.String],false,237,4,4,0,4,3,5,7,2,0,1,5,1,1,1,0,0,0,1,0,0,0,2,0,0,0,8,1,0,false
/home/alison/jsoup-quality-analysis/work/jsoup/src/main/java/org/jsoup/helper/HttpConnection.java,org.jsoup.helper.HttpConnection,"cookies/1[java.util.Map<java.lang.String,java.lang.String>]",false,269,4,2,0,2,2,5,7,1,0,1,5,0,0,1,0,0,0,1,0,0,0,1,0,0,0,7,1,0,false
/home/alison/jsoup-quality-analysis/work/jsoup/src/main/java/org/jsoup/helper/HttpConnection.java,org.jsoup.helper.HttpConnection,"data/2[java.lang.String,java.lang.String]",false,187,4,2,0,2,1,2,4,1,0,2,2,0,0,0,0,0,0,0,0,0,0,0,0,0,0,3,1,0,false
/home/alison/jsoup-quality-analysis/work/jsoup/src/main/java/org/jsoup/helper/HttpConnection.java,org.jsoup.helper.HttpConnection,proxy/1[java.net.Proxy],false,134,3,1,0,1,1,1,4,1,0,1,1,0,0,0,0,0,0,0,0,0,0,0,0,0,0,3,1,0,false
/home/alison/jsoup-quality-analysis/work/jsoup/src/main/java/org/jsoup/helper/HttpConnection.java,org.jsoup.helper.HttpConnection,postDataCharset/1[java.lang.String],false,317,3,1,0,1,1,1,4,1,0,1,1,0,0,0,0,0,0,0,0,0,0,0,0,0,0,5,1,0,false
/home/alison/jsoup-quality-analysis/work/jsoup/src/main/java/org/jsoup/helper/HttpConnection.java,org.jsoup.helper.HttpConnection,maxBodySize/1[int],false,155,3,1,0,1,1,1,4,1,0,1,1,0,0,0,0,0,0,0,0,0,0,0,0,0,0,5,1,0,false
/home/alison/jsoup-quality-analysis/work/jsoup/src/main/java/org/jsoup/helper/HttpConnection.java,org.jsoup.helper.HttpConnection,encodeMimeName/1[java.lang.String],false,110,0,1,1,0,2,1,4,2,0,1,1,0,0,0,1,0,0,2,0,0,0,1,0,0,0,5,10,0,false
/home/alison/jsoup-quality-analysis/work/jsoup/src/main/java/org/jsoup/helper/HttpConnection.java,org.jsoup.helper.HttpConnection,requestBody/1[java.lang.String],false,246,3,1,0,1,1,1,4,1,0,1,1,0,0,0,0,0,0,0,0,0,0,0,0,0,0,4,1,0,false
/home/alison/jsoup-quality-analysis/work/jsoup/src/main/java/org/jsoup/helper/HttpConnection.java,org.jsoup.helper.HttpConnection,post/0,false,288,4,3,0,3,1,3,5,1,0,0,3,1,1,0,0,0,0,0,0,0,0,0,0,0,0,6,1,0,false
/home/alison/jsoup-quality-analysis/work/jsoup/src/main/java/org/jsoup/helper/HttpConnection.java,org.jsoup.helper.HttpConnection,needsMultipart/1[org.jsoup.Connection.Request],false,1127,2,3,1,2,3,2,6,2,0,1,2,0,0,1,0,0,0,0,0,0,0,2,0,0,0,7,10,0,false
/home/alison/jsoup-quality-analysis/work/jsoup/src/main/java/org/jsoup/helper/HttpConnection.java,org.jsoup.helper.HttpConnection,url/1[java.lang.String],false,124,4,3,0,3,2,3,10,1,0,1,3,1,2,0,0,1,0,2,0,0,1,1,0,0,0,15,1,0,false
/home/alison/jsoup-quality-analysis/work/jsoup/src/main/java/org/jsoup/helper/HttpConnection.java,org.jsoup.helper.HttpConnection,encodeUrl/1[java.lang.String],false,89,1,2,1,1,2,2,9,2,1,1,2,1,1,0,0,1,0,0,0,1,0,1,0,0,0,22,10,0,true
/home/alison/jsoup-quality-analysis/work/jsoup/src/main/java/org/jsoup/helper/HttpConnection.java,org.jsoup.helper.HttpConnection,HttpConnection/0,true,79,2,4,2,2,1,0,4,0,0,0,0,0,0,0,0,0,0,0,0,2,0,0,0,0,0,6,1,0,false
/home/alison/jsoup-quality-analysis/work/jsoup/src/main/java/org/jsoup/helper/HttpConnection.java,org.jsoup.helper.HttpConnection,execute/0,false,294,2,3,2,1,1,1,4,1,0,0,1,0,0,0,0,0,0,0,0,1,0,0,0,0,0,6,1,0,false
/home/alison/jsoup-quality-analysis/work/jsoup/src/main/java/org/jsoup/helper/HttpConnection.java,org.jsoup.helper.HttpConnection,encodeUrl/1[java.net.URL],false,98,0,2,2,0,2,3,11,2,2,1,3,0,0,0,0,1,0,2,0,3,0,1,0,0,0,12,8,0,false
/home/alison/jsoup-quality-analysis/work/jsoup/src/main/java/org/jsoup/helper/HttpConnection.java,org.jsoup.helper.HttpConnection,"headers/1[java.util.Map<java.lang.String,java.lang.String>]",false,256,4,2,0,2,2,5,7,1,0,1,5,0,0,1,0,0,0,1,0,0,0,1,0,0,0,7,1,0,false
/home/alison/jsoup-quality-analysis/work/jsoup/src/main/java/org/jsoup/helper/HttpConnection.java,org.jsoup.helper.HttpConnection,timeout/1[int],false,150,3,1,0,1,1,1,4,1,0,1,1,0,0,0,0,0,0,0,0,0,0,0,0,0,0,3,1,0,false
/home/alison/jsoup-quality-analysis/work/jsoup/src/main/java/org/jsoup/helper/HttpConnection.java,org.jsoup.helper.HttpConnection,method/1[org.jsoup.Connection.Method],false,171,4,1,0,1,1,1,4,1,0,1,1,0,0,0,0,0,0,0,0,0,0,0,0,0,0,3,1,0,false
/home/alison/jsoup-quality-analysis/work/jsoup/src/main/java/org/jsoup/helper/HttpConnection.java,org.jsoup.helper.HttpConnection,"cookie/2[java.lang.String,java.lang.String]",false,264,3,1,0,1,1,1,4,1,0,2,1,0,0,0,0,0,0,0,0,0,0,0,0,0,0,3,1,0,false
/home/alison/jsoup-quality-analysis/work/jsoup/src/main/java/org/jsoup/safety/Whitelist.java,org.jsoup.safety.Whitelist$TypedValue,equals/1[java.lang.Object],false,627,1,0,0,0,5,2,10,5,1,1,2,0,0,0,5,0,0,0,0,1,0,1,0,0,0,12,1,0,false
/home/alison/jsoup-quality-analysis/work/jsoup/src/main/java/org/jsoup/safety/Whitelist.java,org.jsoup.safety.Whitelist$TypedValue,toString/0,false,638,0,2,2,0,1,0,3,1,0,0,0,0,0,0,0,0,0,0,0,0,0,0,0,0,0,3,1,0,false
/home/alison/jsoup-quality-analysis/work/jsoup/src/main/java/org/jsoup/safety/Whitelist.java,org.jsoup.safety.Whitelist$TypedValue,TypedValue/1[java.lang.String],true,613,1,1,0,1,1,1,4,0,0,1,1,0,0,0,0,0,0,0,0,1,0,0,0,0,0,3,0,0,false
/home/alison/jsoup-quality-analysis/work/jsoup/src/main/java/org/jsoup/safety/Whitelist.java,org.jsoup.safety.Whitelist$TypedValue,hashCode/0,false,619,0,0,0,0,2,1,6,1,2,0,1,0,0,0,1,0,2,0,3,3,2,0,0,0,0,6,1,0,false
/home/alison/jsoup-quality-analysis/work/jsoup/src/main/java/org/jsoup/select/NodeTraversor.java,org.jsoup.select.NodeTraversor,traverse/1[org.jsoup.nodes.Node],false,31,2,1,0,1,1,1,3,0,0,1,1,1,1,0,0,0,0,0,0,0,0,0,0,0,0,17,1,0,true
/home/alison/jsoup-quality-analysis/work/jsoup/src/main/java/org/jsoup/select/NodeTraversor.java,org.jsoup.select.NodeTraversor,"traverse/2[org.jsoup.select.NodeVisitor,org.jsoup.nodes.Node]",false,40,2,16,10,6,6,6,21,0,2,2,6,0,0,2,3,0,0,0,4,5,0,3,0,0,0,18,9,0,true
/home/alison/jsoup-quality-analysis/work/jsoup/src/main/java/org/jsoup/select/NodeTraversor.java,org.jsoup.select.NodeTraversor,NodeTraversor/1[org.jsoup.select.NodeVisitor],true,22,1,0,0,0,1,0,3,0,0,1,0,0,0,0,0,0,0,0,0,1,0,0,0,0,0,16,1,0,true
/home/alison/jsoup-quality-analysis/work/jsoup/src/main/java/org/jsoup/select/NodeTraversor.java,org.jsoup.select.NodeTraversor,"filter/2[org.jsoup.select.NodeFilter,org.jsoup.select.Elements]",false,132,4,3,1,2,3,2,5,0,0,2,2,1,1,1,1,0,0,0,0,0,0,2,0,0,0,15,9,0,true
/home/alison/jsoup-quality-analysis/work/jsoup/src/main/java/org/jsoup/select/NodeTraversor.java,org.jsoup.select.NodeTraversor,"filter/2[org.jsoup.select.NodeFilter,org.jsoup.nodes.Node]",false,81,3,10,3,7,16,7,33,5,5,2,7,0,0,2,13,0,0,0,4,11,0,4,0,0,0,23,9,0,true
/home/alison/jsoup-quality-analysis/work/jsoup/src/main/java/org/jsoup/select/NodeTraversor.java,org.jsoup.select.NodeTraversor,"traverse/2[org.jsoup.select.NodeVisitor,org.jsoup.select.Elements]",false,68,4,3,1,2,2,2,5,0,0,2,2,1,1,1,0,0,0,0,0,0,0,1,0,0,0,15,9,0,true
/home/alison/jsoup-quality-analysis/work/jsoup/src/main/java/org/jsoup/select/Evaluator.java,org.jsoup.select.Evaluator$MatchesOwn,"matches/2[org.jsoup.nodes.Element,org.jsoup.nodes.Element]",false,745,1,1,0,1,1,3,4,1,1,2,3,0,0,0,0,0,0,0,0,1,0,0,0,0,0,5,1,0,false
/home/alison/jsoup-quality-analysis/work/jsoup/src/main/java/org/jsoup/select/Evaluator.java,org.jsoup.select.Evaluator$MatchesOwn,toString/0,false,751,0,0,0,0,1,1,3,1,0,0,1,0,0,0,0,0,0,1,0,0,0,0,0,0,0,2,1,0,false
/home/alison/jsoup-quality-analysis/work/jsoup/src/main/java/org/jsoup/select/Evaluator.java,org.jsoup.select.Evaluator$MatchesOwn,MatchesOwn/1[java.util.regex.Pattern],true,740,0,2,2,0,1,0,3,0,0,1,0,0,0,0,0,0,0,0,0,1,0,0,0,0,0,4,1,0,false
/home/alison/jsoup-quality-analysis/work/jsoup/src/main/java/org/jsoup/select/CombiningEvaluator.java,org.jsoup.select.CombiningEvaluator$And,And/1[org.jsoup.select.Evaluator[]],true,46,1,1,1,0,1,1,3,0,0,1,1,0,0,0,0,0,0,0,0,0,0,0,0,0,0,2,0,0,false
/home/alison/jsoup-quality-analysis/work/jsoup/src/main/java/org/jsoup/select/CombiningEvaluator.java,org.jsoup.select.CombiningEvaluator$And,toString/0,false,61,1,1,0,1,1,1,3,1,0,0,1,0,0,0,0,0,0,1,0,0,0,0,0,0,0,2,1,0,false
/home/alison/jsoup-quality-analysis/work/jsoup/src/main/java/org/jsoup/select/CombiningEvaluator.java,org.jsoup.select.CombiningEvaluator$And,"matches/2[org.jsoup.nodes.Element,org.jsoup.nodes.Element]",false,51,2,1,0,1,3,2,7,2,2,2,2,0,0,1,0,0,0,0,1,2,0,2,0,0,0,9,1,0,false
/home/alison/jsoup-quality-analysis/work/jsoup/src/main/java/org/jsoup/select/CombiningEvaluator.java,org.jsoup.select.CombiningEvaluator$And,And/1[java.util.Collection<org.jsoup.select.Evaluator>],true,42,1,3,3,0,1,0,3,0,0,1,0,0,0,0,0,0,0,0,0,0,0,0,0,0,0,2,0,0,false
/home/alison/jsoup-quality-analysis/work/jsoup/src/main/java/org/jsoup/parser/Token.java,org.jsoup.parser.Token$EndTag,toString/0,false,255,1,1,0,1,1,1,3,1,0,0,1,0,0,0,0,0,0,2,0,0,1,0,0,0,0,3,1,0,false
/home/alison/jsoup-quality-analysis/work/jsoup/src/main/java/org/jsoup/parser/Token.java,org.jsoup.parser.Token$EndTag,EndTag/0,true,249,0,2,2,0,1,0,4,0,0,0,0,0,0,0,0,0,0,0,0,1,0,0,0,0,0,3,0,0,false
/home/alison/jsoup-quality-analysis/work/jsoup/src/main/java/org/jsoup/helper/HttpConnection.java,org.jsoup.helper.HttpConnection$Request,timeout/0,false,575,0,0,0,0,1,0,3,1,0,0,0,0,0,0,0,0,0,0,0,0,0,0,0,0,0,2,1,0,false
/home/alison/jsoup-quality-analysis/work/jsoup/src/main/java/org/jsoup/helper/HttpConnection.java,org.jsoup.helper.HttpConnection$Request,data/1[org.jsoup.Connection.KeyVal],false,630,3,1,0,1,1,2,5,1,0,1,2,0,0,0,0,0,0,1,0,0,0,0,0,0,0,7,1,0,false
/home/alison/jsoup-quality-analysis/work/jsoup/src/main/java/org/jsoup/helper/HttpConnection.java,org.jsoup.helper.HttpConnection$Request,proxy/0,false,561,0,0,0,0,1,0,3,1,0,0,0,0,0,0,0,0,0,0,0,0,0,0,0,0,0,2,1,0,false
/home/alison/jsoup-quality-analysis/work/jsoup/src/main/java/org/jsoup/helper/HttpConnection.java,org.jsoup.helper.HttpConnection$Request,ignoreContentType/0,false,621,0,0,0,0,1,0,3,1,0,0,0,0,0,0,0,0,0,0,0,0,0,0,0,0,0,3,1,0,false
/home/alison/jsoup-quality-analysis/work/jsoup/src/main/java/org/jsoup/helper/HttpConnection.java,org.jsoup.helper.HttpConnection$Request,sslSocketFactory/0,false,608,0,0,0,0,1,0,3,1,0,0,0,0,0,0,0,0,0,0,0,0,0,0,0,0,0,5,1,0,false
/home/alison/jsoup-quality-analysis/work/jsoup/src/main/java/org/jsoup/helper/HttpConnection.java,org.jsoup.helper.HttpConnection$Request,maxBodySize/0,false,585,0,0,0,0,1,0,3,1,0,0,0,0,0,0,0,0,0,0,0,0,0,0,0,0,0,4,1,0,false
/home/alison/jsoup-quality-analysis/work/jsoup/src/main/java/org/jsoup/helper/HttpConnection.java,org.jsoup.helper.HttpConnection$Request,postDataCharset/1[java.lang.String],false,659,3,1,0,1,2,2,6,1,0,1,2,0,0,0,0,0,0,1,0,1,0,1,0,0,0,10,1,0,false
/home/alison/jsoup-quality-analysis/work/jsoup/src/main/java/org/jsoup/helper/HttpConnection.java,org.jsoup.helper.HttpConnection$Request,Request/0,true,550,3,3,1,2,1,2,10,0,0,0,2,0,0,0,0,0,0,2,3,6,1,0,0,0,0,15,0,0,false
/home/alison/jsoup-quality-analysis/work/jsoup/src/main/java/org/jsoup/helper/HttpConnection.java,org.jsoup.helper.HttpConnection$Request,ignoreHttpErrors/0,false,604,0,0,0,0,1,0,3,1,0,0,0,0,0,0,0,0,0,0,0,0,0,0,0,0,0,3,1,0,false
/home/alison/jsoup-quality-analysis/work/jsoup/src/main/java/org/jsoup/helper/HttpConnection.java,org.jsoup.helper.HttpConnection$Request,timeout/1[int],false,579,2,1,0,1,2,1,5,1,0,1,1,0,0,0,0,0,0,1,1,1,0,0,0,0,0,9,1,0,false
/home/alison/jsoup-quality-analysis/work/jsoup/src/main/java/org/jsoup/helper/HttpConnection.java,org.jsoup.helper.HttpConnection$Request,ignoreContentType/1[boolean],false,625,2,0,0,0,1,0,4,1,0,1,0,0,0,0,0,0,0,0,0,1,0,0,0,0,0,3,1,0,false
/home/alison/jsoup-quality-analysis/work/jsoup/src/main/java/org/jsoup/helper/HttpConnection.java,org.jsoup.helper.HttpConnection$Request,proxy/1[java.net.Proxy],false,565,1,0,0,0,1,0,4,1,0,1,0,0,0,0,0,0,0,0,0,1,0,0,0,0,0,3,1,0,false
/home/alison/jsoup-quality-analysis/work/jsoup/src/main/java/org/jsoup/helper/HttpConnection.java,org.jsoup.helper.HttpConnection$Request,data/0,false,636,1,0,0,0,1,0,3,1,0,0,0,0,0,0,0,0,0,0,0,0,0,0,0,0,0,1,1,0,false
/home/alison/jsoup-quality-analysis/work/jsoup/src/main/java/org/jsoup/helper/HttpConnection.java,org.jsoup.helper.HttpConnection$Request,requestBody/0,false,645,0,0,0,0,1,0,3,1,0,0,0,0,0,0,0,0,0,0,0,0,0,0,0,0,0,3,1,0,false
/home/alison/jsoup-quality-analysis/work/jsoup/src/main/java/org/jsoup/helper/HttpConnection.java,org.jsoup.helper.HttpConnection$Request,followRedirects/0,false,595,0,0,0,0,1,0,3,1,0,0,0,0,0,0,0,0,0,0,0,0,0,0,0,0,0,2,1,0,false
/home/alison/jsoup-quality-analysis/work/jsoup/src/main/java/org/jsoup/helper/HttpConnection.java,org.jsoup.helper.HttpConnection$Request,ignoreHttpErrors/1[boolean],false,616,2,0,0,0,1,0,4,1,0,1,0,0,0,0,0,0,0,0,0,1,0,0,0,0,0,3,1,0,false
/home/alison/jsoup-quality-analysis/work/jsoup/src/main/java/org/jsoup/helper/HttpConnection.java,org.jsoup.helper.HttpConnection$Request,"proxy/2[java.lang.String,int]",false,570,1,0,0,0,1,1,4,1,0,2,1,0,0,0,0,0,0,0,0,1,0,0,0,0,0,4,1,0,false
/home/alison/jsoup-quality-analysis/work/jsoup/src/main/java/org/jsoup/helper/HttpConnection.java,org.jsoup.helper.HttpConnection$Request,maxBodySize/1[int],false,589,3,1,0,1,2,1,5,1,0,1,1,0,0,0,0,0,0,1,1,1,0,0,0,0,0,9,1,0,false
/home/alison/jsoup-quality-analysis/work/jsoup/src/main/java/org/jsoup/helper/HttpConnection.java,org.jsoup.helper.HttpConnection$Request,parser/0,false,655,1,0,0,0,1,0,3,1,0,0,0,0,0,0,0,0,0,0,0,0,0,0,0,0,0,2,1,0,false
/home/alison/jsoup-quality-analysis/work/jsoup/src/main/java/org/jsoup/helper/HttpConnection.java,org.jsoup.helper.HttpConnection$Request,postDataCharset/0,false,666,0,0,0,0,1,0,3,1,0,0,0,0,0,0,0,0,0,0,0,0,0,0,0,0,0,3,1,0,false
/home/alison/jsoup-quality-analysis/work/jsoup/src/main/java/org/jsoup/helper/HttpConnection.java,org.jsoup.helper.HttpConnection$Request,requestBody/1[java.lang.String],false,640,2,0,0,0,1,0,4,1,0,1,0,0,0,0,0,0,0,0,0,1,0,0,0,0,0,3,1,0,false
/home/alison/jsoup-quality-analysis/work/jsoup/src/main/java/org/jsoup/helper/HttpConnection.java,org.jsoup.helper.HttpConnection$Request,parser/1[org.jsoup.parser.Parser],false,649,2,0,0,0,1,0,5,1,0,1,0,0,0,0,0,0,0,0,0,2,0,0,0,0,0,5,1,0,false
/home/alison/jsoup-quality-analysis/work/jsoup/src/main/java/org/jsoup/helper/HttpConnection.java,org.jsoup.helper.HttpConnection$Request,followRedirects/1[boolean],false,599,2,0,0,0,1,0,4,1,0,1,0,0,0,0,0,0,0,0,0,1,0,0,0,0,0,2,1,0,false
/home/alison/jsoup-quality-analysis/work/jsoup/src/main/java/org/jsoup/helper/HttpConnection.java,org.jsoup.helper.HttpConnection$Request,sslSocketFactory/1[javax.net.ssl.SSLSocketFactory],false,612,0,0,0,0,1,0,3,0,0,1,0,0,0,0,0,0,0,0,0,1,0,0,0,0,0,5,1,0,false
/home/alison/jsoup-quality-analysis/work/jsoup/src/main/java/org/jsoup/nodes/Document.java,org.jsoup.nodes.Document,outerHtml/0,false,197,0,0,0,0,1,1,3,1,0,0,1,0,0,0,0,0,0,0,0,0,0,0,0,0,0,2,1,0,false
/home/alison/jsoup-quality-analysis/work/jsoup/src/main/java/org/jsoup/nodes/Document.java,org.jsoup.nodes.Document,nodeName/0,false,213,0,0,0,0,1,0,3,1,0,0,0,0,0,0,0,0,0,1,0,0,0,0,0,0,0,2,1,0,false
/home/alison/jsoup-quality-analysis/work/jsoup/src/main/java/org/jsoup/nodes/Document.java,org.jsoup.nodes.Document,updateMetaCharsetElement/0,false,284,0,0,0,0,1,0,3,1,0,0,0,0,0,0,0,0,0,0,0,0,0,0,0,0,0,21,1,0,true
/home/alison/jsoup-quality-analysis/work/jsoup/src/main/java/org/jsoup/nodes/Document.java,org.jsoup.nodes.Document,parser/0,false,584,1,2,2,0,1,0,3,1,0,0,0,0,0,0,0,0,0,0,0,0,0,0,0,0,0,9,1,0,true
/home/alison/jsoup-quality-analysis/work/jsoup/src/main/java/org/jsoup/nodes/Document.java,org.jsoup.nodes.Document,head/0,false,67,2,5,4,1,1,1,3,1,0,0,1,1,1,0,0,0,0,1,0,0,0,0,0,0,0,10,1,0,true
/home/alison/jsoup-quality-analysis/work/jsoup/src/main/java/org/jsoup/nodes/Document.java,org.jsoup.nodes.Document,ensureMetaCharsetElement/0,false,314,8,17,2,15,9,17,43,0,7,0,17,3,2,0,5,0,0,18,1,8,0,5,0,0,0,63,2,0,true
/home/alison/jsoup-quality-analysis/work/jsoup/src/main/java/org/jsoup/nodes/Document.java,org.jsoup.nodes.Document,createElement/1[java.lang.String],false,109,2,3,0,3,1,2,3,1,0,1,2,0,0,0,0,0,0,0,0,0,0,0,0,0,0,16,1,0,true
/home/alison/jsoup-quality-analysis/work/jsoup/src/main/java/org/jsoup/nodes/Document.java,org.jsoup.nodes.Document,location/0,false,59,0,1,1,0,1,0,3,1,0,0,0,0,0,0,0,0,0,0,0,0,0,0,0,0,0,18,1,0,true
/home/alison/jsoup-quality-analysis/work/jsoup/src/main/java/org/jsoup/nodes/Document.java,org.jsoup.nodes.Document,"normaliseStructure/2[java.lang.String,org.jsoup.nodes.Element]",false,161,3,8,1,7,5,10,16,0,5,2,10,0,0,2,0,0,0,0,2,5,0,2,0,0,0,14,2,0,false
/home/alison/jsoup-quality-analysis/work/jsoup/src/main/java/org/jsoup/nodes/Document.java,org.jsoup.nodes.Document,quirksMode/1[org.jsoup.nodes.Document.QuirksMode],false,575,2,2,2,0,1,0,4,1,0,1,0,0,0,0,0,0,0,0,0,1,0,0,0,0,0,4,1,0,false
/home/alison/jsoup-quality-analysis/work/jsoup/src/main/java/org/jsoup/nodes/Document.java,org.jsoup.nodes.Document,"findFirstElementByTagName/2[java.lang.String,org.jsoup.nodes.Node]",false,182,3,8,4,4,4,5,11,3,3,2,5,1,0,1,1,0,0,0,1,3,0,4,0,0,0,12,2,0,false
/home/alison/jsoup-quality-analysis/work/jsoup/src/main/java/org/jsoup/nodes/Document.java,org.jsoup.nodes.Document,quirksMode/0,false,571,1,2,2,0,1,0,3,1,0,0,0,0,0,0,0,0,0,0,0,0,0,0,0,0,0,3,1,0,false
/home/alison/jsoup-quality-analysis/work/jsoup/src/main/java/org/jsoup/nodes/Document.java,org.jsoup.nodes.Document,parser/1[org.jsoup.parser.Parser],false,594,2,1,1,0,1,0,4,1,0,1,0,0,0,0,0,0,0,0,0,1,0,0,0,0,0,19,1,0,true
/home/alison/jsoup-quality-analysis/work/jsoup/src/main/java/org/jsoup/nodes/Document.java,org.jsoup.nodes.Document,createShell/1[java.lang.String],false,42,3,8,4,4,1,3,9,1,2,1,3,1,1,0,0,0,0,3,0,3,0,0,0,0,0,21,9,0,true
/home/alison/jsoup-quality-analysis/work/jsoup/src/main/java/org/jsoup/nodes/Document.java,org.jsoup.nodes.Document,text/1[java.lang.String],false,207,2,2,0,2,1,2,4,1,0,1,2,1,2,0,0,0,0,0,0,0,0,0,0,0,0,14,1,0,true
/home/alison/jsoup-quality-analysis/work/jsoup/src/main/java/org/jsoup/nodes/Document.java,org.jsoup.nodes.Document,updateMetaCharsetElement/1[boolean],false,272,0,1,1,0,1,0,3,0,0,1,0,0,0,0,0,0,0,0,0,1,0,0,0,0,0,30,1,0,true
/home/alison/jsoup-quality-analysis/work/jsoup/src/main/java/org/jsoup/nodes/Document.java,org.jsoup.nodes.Document,outputSettings/1[org.jsoup.nodes.Document.OutputSettings],false,561,3,2,1,1,1,1,5,1,0,1,1,0,0,0,0,0,0,0,0,1,0,0,0,0,0,6,1,0,true
/home/alison/jsoup-quality-analysis/work/jsoup/src/main/java/org/jsoup/nodes/Document.java,org.jsoup.nodes.Document,charset/1[java.nio.charset.Charset],false,241,2,4,1,3,1,3,5,0,0,1,3,2,3,0,0,0,0,0,0,0,0,0,0,0,0,46,1,0,true
/home/alison/jsoup-quality-analysis/work/jsoup/src/main/java/org/jsoup/nodes/Document.java,org.jsoup.nodes.Document,normaliseTextNodes/1[org.jsoup.nodes.Element],false,142,4,6,1,5,5,7,15,0,4,1,7,1,2,2,0,0,0,1,2,4,1,3,0,0,0,12,2,0,false
/home/alison/jsoup-quality-analysis/work/jsoup/src/main/java/org/jsoup/nodes/Document.java,org.jsoup.nodes.Document,body/0,false,75,2,10,9,1,1,1,3,1,0,0,1,1,1,0,0,0,0,1,0,0,0,0,0,0,0,10,1,0,true
/home/alison/jsoup-quality-analysis/work/jsoup/src/main/java/org/jsoup/nodes/Document.java,org.jsoup.nodes.Document,Document/1[java.lang.String],true,32,1,7,6,1,1,1,4,0,0,1,1,0,0,0,0,0,0,1,0,1,0,0,0,0,0,11,1,0,true
/home/alison/jsoup-quality-analysis/work/jsoup/src/main/java/org/jsoup/nodes/Document.java,org.jsoup.nodes.Document,outputSettings/0,false,552,1,7,7,0,1,0,3,1,0,0,0,0,0,0,0,0,0,0,0,0,0,0,0,0,0,6,1,0,true
/home/alison/jsoup-quality-analysis/work/jsoup/src/main/java/org/jsoup/nodes/Document.java,org.jsoup.nodes.Document,title/0,false,83,3,5,1,4,2,5,4,1,1,0,5,0,0,0,1,0,0,2,0,1,0,0,0,0,0,17,1,0,true
/home/alison/jsoup-quality-analysis/work/jsoup/src/main/java/org/jsoup/nodes/Document.java,org.jsoup.nodes.Document,clone/0,false,289,2,1,0,1,1,2,5,1,1,0,2,0,0,0,0,0,0,0,0,2,0,0,0,0,0,2,1,0,false
/home/alison/jsoup-quality-analysis/work/jsoup/src/main/java/org/jsoup/nodes/Document.java,org.jsoup.nodes.Document,normalise/0,false,118,2,8,0,8,4,8,13,1,1,0,8,6,5,0,3,0,0,6,0,2,0,1,0,0,0,45,1,0,true
/home/alison/jsoup-quality-analysis/work/jsoup/src/main/java/org/jsoup/nodes/Document.java,org.jsoup.nodes.Document,charset/0,false,255,1,2,1,1,1,1,3,1,0,0,1,0,0,0,0,0,0,0,0,0,0,0,0,0,0,12,1,0,true
/home/alison/jsoup-quality-analysis/work/jsoup/src/main/java/org/jsoup/nodes/Document.java,org.jsoup.nodes.Document,title/1[java.lang.String],false,94,4,6,0,6,2,6,10,0,1,1,6,1,2,0,1,0,0,2,0,1,0,1,0,0,0,21,1,0,true
/home/alison/jsoup-quality-analysis/work/jsoup/src/main/java/org/jsoup/Jsoup.java,org.jsoup.Jsoup,"parse/2[java.io.File,java.lang.String]",false,102,2,1,0,1,1,2,3,1,0,2,2,0,0,0,0,0,0,0,0,0,0,0,0,0,0,52,9,0,true
/home/alison/jsoup-quality-analysis/work/jsoup/src/main/java/org/jsoup/Jsoup.java,org.jsoup.Jsoup,Jsoup/0,true,20,0,0,0,0,1,0,2,0,0,0,0,0,0,0,0,0,0,0,0,0,0,0,0,0,0,1,2,0,false
/home/alison/jsoup-quality-analysis/work/jsoup/src/main/java/org/jsoup/Jsoup.java,org.jsoup.Jsoup,"parse/2[java.net.URL,int]",false,180,3,3,0,3,1,3,5,1,1,2,3,0,0,0,0,0,0,0,0,1,0,0,0,0,0,80,9,0,true
/home/alison/jsoup-quality-analysis/work/jsoup/src/main/java/org/jsoup/Jsoup.java,org.jsoup.Jsoup,parseBodyFragment/1[java.lang.String],false,159,2,1,0,1,1,1,3,1,0,1,1,0,0,0,0,0,0,1,0,0,0,0,0,0,0,22,9,0,true
/home/alison/jsoup-quality-analysis/work/jsoup/src/main/java/org/jsoup/Jsoup.java,org.jsoup.Jsoup,"parse/3[java.lang.String,java.lang.String,org.jsoup.parser.Parser]",false,44,2,2,1,1,1,1,3,1,0,3,1,0,0,0,0,0,0,0,0,0,0,0,0,0,0,43,9,0,true
/home/alison/jsoup-quality-analysis/work/jsoup/src/main/java/org/jsoup/Jsoup.java,org.jsoup.Jsoup,"isValid/2[java.lang.String,org.jsoup.safety.Whitelist]",false,249,2,2,0,2,1,1,3,1,0,2,1,0,0,0,0,0,0,0,0,0,0,0,0,0,0,52,9,0,true
/home/alison/jsoup-quality-analysis/work/jsoup/src/main/java/org/jsoup/Jsoup.java,org.jsoup.Jsoup,connect/1[java.lang.String],false,72,2,5,4,1,1,1,3,1,0,1,1,0,0,0,0,0,0,0,0,0,0,0,0,0,0,37,9,0,true
/home/alison/jsoup-quality-analysis/work/jsoup/src/main/java/org/jsoup/Jsoup.java,org.jsoup.Jsoup,parse/1[java.lang.String],false,57,2,1,0,1,1,1,3,1,0,1,1,0,0,0,0,0,0,1,0,0,0,0,0,0,0,26,9,0,true
/home/alison/jsoup-quality-analysis/work/jsoup/src/main/java/org/jsoup/Jsoup.java,org.jsoup.Jsoup,"clean/3[java.lang.String,java.lang.String,org.jsoup.safety.Whitelist]",false,197,5,6,1,5,1,4,6,1,3,3,4,1,1,0,0,0,0,0,0,3,0,0,0,0,0,43,9,0,true
/home/alison/jsoup-quality-analysis/work/jsoup/src/main/java/org/jsoup/Jsoup.java,org.jsoup.Jsoup,"parse/4[java.io.InputStream,java.lang.String,java.lang.String,org.jsoup.parser.Parser]",false,134,3,1,0,1,1,1,3,1,0,4,1,0,0,0,0,0,0,0,0,0,0,0,0,0,0,72,9,0,true
/home/alison/jsoup-quality-analysis/work/jsoup/src/main/java/org/jsoup/Jsoup.java,org.jsoup.Jsoup,"parse/3[java.io.InputStream,java.lang.String,java.lang.String]",false,117,2,1,0,1,1,1,3,1,0,3,1,0,0,0,0,0,0,0,0,0,0,0,0,0,0,62,9,0,true
/home/alison/jsoup-quality-analysis/work/jsoup/src/main/java/org/jsoup/Jsoup.java,org.jsoup.Jsoup,"parse/3[java.io.File,java.lang.String,java.lang.String]",false,87,2,1,0,1,1,1,3,1,0,3,1,0,0,0,0,0,0,0,0,0,0,0,0,0,0,55,9,0,true
/home/alison/jsoup-quality-analysis/work/jsoup/src/main/java/org/jsoup/Jsoup.java,org.jsoup.Jsoup,"parseBodyFragment/2[java.lang.String,java.lang.String]",false,147,2,3,2,1,1,1,3,1,0,2,1,0,0,0,0,0,0,0,0,0,0,0,0,0,0,30,9,0,true
/home/alison/jsoup-quality-analysis/work/jsoup/src/main/java/org/jsoup/Jsoup.java,org.jsoup.Jsoup,"clean/4[java.lang.String,java.lang.String,org.jsoup.safety.Whitelist,org.jsoup.nodes.Document.OutputSettings]",false,232,6,6,0,6,1,5,7,1,3,4,5,1,1,0,0,0,0,0,0,3,0,0,0,0,0,74,9,0,true
/home/alison/jsoup-quality-analysis/work/jsoup/src/main/java/org/jsoup/Jsoup.java,org.jsoup.Jsoup,"parse/2[java.lang.String,java.lang.String]",false,30,2,1,0,1,1,1,3,1,0,2,1,0,0,0,0,0,0,0,0,0,0,0,0,0,0,39,9,0,true
/home/alison/jsoup-quality-analysis/work/jsoup/src/main/java/org/jsoup/Jsoup.java,org.jsoup.Jsoup,"clean/2[java.lang.String,org.jsoup.safety.Whitelist]",false,214,2,1,0,1,1,1,3,1,0,2,1,1,2,0,0,0,0,1,0,0,0,0,0,0,0,28,9,0,true
/home/alison/jsoup-quality-analysis/work/jsoup/src/main/java/org/jsoup/parser/HtmlTreeBuilder.java,org.jsoup.parser.HtmlTreeBuilder,"insertForm/2[org.jsoup.parser.Token.StartTag,boolean]",false,239,5,6,1,5,2,5,8,1,2,2,5,2,5,0,0,0,0,0,0,2,0,1,0,0,0,10,0,0,false
/home/alison/jsoup-quality-analysis/work/jsoup/src/main/java/org/jsoup/parser/HtmlTreeBuilder.java,org.jsoup.parser.HtmlTreeBuilder,resetInsertionMode/0,false,412,2,4,2,2,19,5,59,0,4,0,5,1,1,1,1,0,1,14,3,6,1,2,0,0,0,12,0,0,false
/home/alison/jsoup-quality-analysis/work/jsoup/src/main/java/org/jsoup/parser/HtmlTreeBuilder.java,org.jsoup.parser.HtmlTreeBuilder,inListItemScope/1[java.lang.String],false,502,1,2,1,1,1,1,3,1,0,1,1,1,3,0,0,0,0,0,0,0,0,0,0,0,0,6,0,0,false
/home/alison/jsoup-quality-analysis/work/jsoup/src/main/java/org/jsoup/parser/HtmlTreeBuilder.java,org.jsoup.parser.HtmlTreeBuilder,"isElementInQueue/2[java.util.ArrayList<org.jsoup.nodes.Element>,org.jsoup.nodes.Element]",false,302,1,2,2,0,3,2,9,2,2,2,2,0,0,1,1,0,0,0,2,2,1,2,0,0,0,9,2,0,false
/home/alison/jsoup-quality-analysis/work/jsoup/src/main/java/org/jsoup/parser/HtmlTreeBuilder.java,org.jsoup.parser.HtmlTreeBuilder,"isSameFormattingElement/2[org.jsoup.nodes.Element,org.jsoup.nodes.Element]",false,616,2,4,1,3,1,4,3,1,0,2,4,0,0,0,0,0,0,0,0,0,0,0,0,0,0,5,2,0,false
/home/alison/jsoup-quality-analysis/work/jsoup/src/main/java/org/jsoup/parser/HtmlTreeBuilder.java,org.jsoup.parser.HtmlTreeBuilder,removeFromActiveFormattingElements/1[org.jsoup.nodes.Element],false,670,1,1,1,0,3,3,9,0,2,1,3,0,0,1,1,0,0,0,2,2,1,2,0,0,0,9,0,0,false
/home/alison/jsoup-quality-analysis/work/jsoup/src/main/java/org/jsoup/parser/HtmlTreeBuilder.java,org.jsoup.parser.HtmlTreeBuilder,newPendingTableCharacters/0,false,551,0,1,1,0,1,0,3,0,0,0,0,0,0,0,0,0,0,0,0,1,0,0,0,0,0,5,0,0,false
/home/alison/jsoup-quality-analysis/work/jsoup/src/main/java/org/jsoup/parser/HtmlTreeBuilder.java,org.jsoup.parser.HtmlTreeBuilder,markInsertionMode/0,false,152,0,3,3,0,1,0,3,0,0,0,0,0,0,0,0,0,0,0,0,1,0,0,0,0,0,6,0,0,false
/home/alison/jsoup-quality-analysis/work/jsoup/src/main/java/org/jsoup/parser/HtmlTreeBuilder.java,org.jsoup.parser.HtmlTreeBuilder,"initialiseParse/3[java.io.Reader,java.lang.String,org.jsoup.parser.Parser]",false,64,3,2,1,1,1,1,15,0,0,3,1,0,0,0,0,0,0,0,0,12,0,0,0,0,0,32,4,0,false
/home/alison/jsoup-quality-analysis/work/jsoup/src/main/java/org/jsoup/parser/HtmlTreeBuilder.java,org.jsoup.parser.HtmlTreeBuilder,insertNode/1[org.jsoup.nodes.Node],false,269,6,11,4,7,6,8,8,0,0,1,8,2,4,0,2,0,1,0,1,0,0,2,0,0,0,12,2,0,false
/home/alison/jsoup-quality-analysis/work/jsoup/src/main/java/org/jsoup/parser/HtmlTreeBuilder.java,org.jsoup.parser.HtmlTreeBuilder,onStack/1[org.jsoup.nodes.Element],false,298,2,4,3,1,1,1,3,1,0,1,1,1,1,0,0,0,0,0,0,0,0,0,0,0,0,7,0,0,false
/home/alison/jsoup-quality-analysis/work/jsoup/src/main/java/org/jsoup/parser/HtmlTreeBuilder.java,org.jsoup.parser.HtmlTreeBuilder,"replaceOnStack/2[org.jsoup.nodes.Element,org.jsoup.nodes.Element]",false,402,2,2,1,1,1,1,3,0,0,2,1,1,1,0,0,0,0,0,0,0,0,0,0,0,0,7,0,0,false
/home/alison/jsoup-quality-analysis/work/jsoup/src/main/java/org/jsoup/parser/HtmlTreeBuilder.java,org.jsoup.parser.HtmlTreeBuilder,getFormElement/0,false,543,1,1,1,0,1,0,3,1,0,0,0,0,0,0,0,0,0,0,0,0,0,0,0,0,0,4,0,0,false
/home/alison/jsoup-quality-analysis/work/jsoup/src/main/java/org/jsoup/parser/HtmlTreeBuilder.java,org.jsoup.parser.HtmlTreeBuilder,"parseFragment/4[java.lang.String,org.jsoup.nodes.Element,java.lang.String,org.jsoup.parser.Parser]",false,82,11,16,2,14,11,16,32,2,3,4,16,2,2,1,3,0,1,11,1,8,0,6,0,0,0,27,0,0,false
/home/alison/jsoup-quality-analysis/work/jsoup/src/main/java/org/jsoup/parser/HtmlTreeBuilder.java,org.jsoup.parser.HtmlTreeBuilder,process/1[org.jsoup.parser.Token],false,134,2,4,3,1,1,1,4,1,0,1,1,0,0,0,0,0,0,0,0,1,0,0,0,0,0,4,4,0,false
/home/alison/jsoup-quality-analysis/work/jsoup/src/main/java/org/jsoup/parser/HtmlTreeBuilder.java,org.jsoup.parser.HtmlTreeBuilder,"insertOnStackAfter/2[org.jsoup.nodes.Element,org.jsoup.nodes.Element]",false,396,2,2,1,1,2,3,5,0,1,2,3,0,0,0,1,0,0,0,2,1,1,0,0,0,0,8,0,0,false
/home/alison/jsoup-quality-analysis/work/jsoup/src/main/java/org/jsoup/parser/HtmlTreeBuilder.java,org.jsoup.parser.HtmlTreeBuilder,insert/1[org.jsoup.nodes.Element],false,219,2,3,2,1,1,2,4,0,0,1,2,1,5,0,0,0,0,0,0,0,0,0,0,0,0,4,0,0,false
/home/alison/jsoup-quality-analysis/work/jsoup/src/main/java/org/jsoup/parser/HtmlTreeBuilder.java,org.jsoup.parser.HtmlTreeBuilder,getHeadElement/0,false,531,1,1,1,0,1,0,3,1,0,0,0,0,0,0,0,0,0,0,0,0,0,0,0,0,0,4,0,0,false
/home/alison/jsoup-quality-analysis/work/jsoup/src/main/java/org/jsoup/parser/HtmlTreeBuilder.java,org.jsoup.parser.HtmlTreeBuilder,defaultSettings/0,false,59,1,0,0,0,1,0,3,1,0,0,0,0,0,0,0,0,0,0,0,0,0,0,0,0,0,3,0,0,false
/home/alison/jsoup-quality-analysis/work/jsoup/src/main/java/org/jsoup/parser/HtmlTreeBuilder.java,org.jsoup.parser.HtmlTreeBuilder,inSelectScope/1[java.lang.String],false,514,3,4,1,3,4,6,10,3,3,1,6,0,0,1,0,0,0,1,2,3,1,2,0,0,0,13,0,0,false
/home/alison/jsoup-quality-analysis/work/jsoup/src/main/java/org/jsoup/parser/HtmlTreeBuilder.java,org.jsoup.parser.HtmlTreeBuilder,pushActiveFormattingElements/1[org.jsoup.nodes.Element],false,598,2,2,1,1,5,5,13,0,3,1,5,1,1,1,2,0,0,0,4,3,1,2,0,0,0,13,0,0,false
/home/alison/jsoup-quality-analysis/work/jsoup/src/main/java/org/jsoup/parser/HtmlTreeBuilder.java,org.jsoup.parser.HtmlTreeBuilder,clearStackToTableRowContext/0,false,371,1,2,1,1,1,1,3,0,0,0,1,1,1,0,0,0,0,2,0,0,0,0,0,0,0,6,0,0,false
/home/alison/jsoup-quality-analysis/work/jsoup/src/main/java/org/jsoup/parser/HtmlTreeBuilder.java,org.jsoup.parser.HtmlTreeBuilder,getBaseUri/0,false,172,0,1,1,0,1,0,3,1,0,0,0,0,0,0,0,0,0,0,0,0,0,0,0,0,0,4,0,0,false
/home/alison/jsoup-quality-analysis/work/jsoup/src/main/java/org/jsoup/parser/HtmlTreeBuilder.java,org.jsoup.parser.HtmlTreeBuilder,clearStackToContext/1[java.lang.String[]],false,375,2,5,3,2,4,6,7,0,2,1,6,0,0,1,0,0,0,1,2,2,1,2,0,0,0,9,2,0,false
/home/alison/jsoup-quality-analysis/work/jsoup/src/main/java/org/jsoup/parser/HtmlTreeBuilder.java,org.jsoup.parser.HtmlTreeBuilder,isFosterInserts/0,false,535,0,1,1,0,1,0,3,1,0,0,0,0,0,0,0,0,0,0,0,0,0,0,0,0,0,4,0,0,false
/home/alison/jsoup-quality-analysis/work/jsoup/src/main/java/org/jsoup/parser/HtmlTreeBuilder.java,org.jsoup.parser.HtmlTreeBuilder,insert/1[org.jsoup.parser.Token.Character],false,254,8,10,2,8,4,6,10,0,4,1,6,0,0,0,0,0,0,2,0,6,0,2,0,0,0,14,0,0,false
/home/alison/jsoup-quality-analysis/work/jsoup/src/main/java/org/jsoup/parser/HtmlTreeBuilder.java,org.jsoup.parser.HtmlTreeBuilder,"inSpecificScope/3[java.lang.String,java.lang.String[],java.lang.String[]]",false,464,1,3,2,1,1,1,4,1,0,3,1,1,1,0,0,0,0,0,1,1,0,0,0,0,0,7,2,0,false
/home/alison/jsoup-quality-analysis/work/jsoup/src/main/java/org/jsoup/parser/HtmlTreeBuilder.java,org.jsoup.parser.HtmlTreeBuilder,removeLastFormattingElement/0,false,589,1,1,1,0,2,2,5,2,1,0,2,0,0,0,0,0,0,0,2,1,1,1,0,0,0,6,0,0,false
/home/alison/jsoup-quality-analysis/work/jsoup/src/main/java/org/jsoup/parser/HtmlTreeBuilder.java,org.jsoup.parser.HtmlTreeBuilder,insert/1[org.jsoup.parser.Token.Comment],false,249,3,4,1,3,1,2,4,0,1,1,2,1,5,0,0,0,0,0,0,1,0,0,0,0,0,5,0,0,false
/home/alison/jsoup-quality-analysis/work/jsoup/src/main/java/org/jsoup/parser/HtmlTreeBuilder.java,org.jsoup.parser.HtmlTreeBuilder,inButtonScope/1[java.lang.String],false,506,1,2,1,1,1,1,3,1,0,1,1,1,3,0,0,0,0,0,0,0,0,0,0,0,0,5,0,0,false
/home/alison/jsoup-quality-analysis/work/jsoup/src/main/java/org/jsoup/parser/HtmlTreeBuilder.java,org.jsoup.parser.HtmlTreeBuilder,framesetOk/1[boolean],false,160,0,2,2,0,1,0,3,0,0,1,0,0,0,0,0,0,0,0,0,1,0,0,0,0,0,2,0,0,false
/home/alison/jsoup-quality-analysis/work/jsoup/src/main/java/org/jsoup/parser/HtmlTreeBuilder.java,org.jsoup.parser.HtmlTreeBuilder,popStackToClose/1[java.lang.String[]],false,343,2,3,1,2,3,5,7,0,2,1,5,0,0,1,0,0,0,0,2,2,1,2,0,0,0,11,0,0,false
/home/alison/jsoup-quality-analysis/work/jsoup/src/main/java/org/jsoup/parser/HtmlTreeBuilder.java,org.jsoup.parser.HtmlTreeBuilder,"inScope/2[java.lang.String,java.lang.String[]]",false,496,1,4,3,1,1,1,3,1,0,2,1,1,2,0,0,0,0,0,0,0,0,0,0,0,0,4,0,0,false
/home/alison/jsoup-quality-analysis/work/jsoup/src/main/java/org/jsoup/parser/HtmlTreeBuilder.java,org.jsoup.parser.HtmlTreeBuilder,inScope/1[java.lang.String],false,492,1,3,2,1,1,1,3,1,0,1,1,1,3,0,0,0,0,0,0,0,0,0,0,0,0,4,0,0,false
/home/alison/jsoup-quality-analysis/work/jsoup/src/main/java/org/jsoup/parser/HtmlTreeBuilder.java,org.jsoup.parser.HtmlTreeBuilder,originalState/0,false,156,1,1,1,0,1,0,3,1,0,0,0,0,0,0,0,0,0,0,0,0,0,0,0,0,0,5,0,0,false
/home/alison/jsoup-quality-analysis/work/jsoup/src/main/java/org/jsoup/parser/HtmlTreeBuilder.java,org.jsoup.parser.HtmlTreeBuilder,popStackToClose/1[java.lang.String],false,333,1,3,2,1,3,5,7,0,2,1,5,0,0,1,0,0,0,0,2,2,1,2,0,0,0,9,0,0,false
/home/alison/jsoup-quality-analysis/work/jsoup/src/main/java/org/jsoup/parser/HtmlTreeBuilder.java,org.jsoup.parser.HtmlTreeBuilder,insertEmpty/1[org.jsoup.parser.Token.StartTag],false,224,6,11,2,9,4,8,12,1,2,1,8,1,5,0,0,0,0,1,0,2,0,3,0,0,0,14,0,1,false
/home/alison/jsoup-quality-analysis/work/jsoup/src/main/java/org/jsoup/parser/HtmlTreeBuilder.java,org.jsoup.parser.HtmlTreeBuilder,pop/0,false,285,1,2,2,0,1,2,4,1,1,0,2,0,0,0,0,0,0,0,1,1,1,0,0,0,0,3,0,0,false
/home/alison/jsoup-quality-analysis/work/jsoup/src/main/java/org/jsoup/parser/HtmlTreeBuilder.java,org.jsoup.parser.HtmlTreeBuilder,maybeSetBaseUri/1[org.jsoup.nodes.Element],false,176,2,3,1,2,3,3,9,1,1,1,3,0,0,0,1,0,0,1,1,3,0,1,0,0,0,10,0,0,false
/home/alison/jsoup-quality-analysis/work/jsoup/src/main/java/org/jsoup/parser/HtmlTreeBuilder.java,org.jsoup.parser.HtmlTreeBuilder,framesetOk/0,false,164,0,1,1,0,1,0,3,1,0,0,0,0,0,0,0,0,0,0,0,0,0,0,0,0,0,2,0,0,false
/home/alison/jsoup-quality-analysis/work/jsoup/src/main/java/org/jsoup/parser/HtmlTreeBuilder.java,org.jsoup.parser.HtmlTreeBuilder,setFosterInserts/1[boolean],false,539,0,2,2,0,1,0,3,0,0,1,0,0,0,0,0,0,0,0,0,1,0,0,0,0,0,4,0,0,false
/home/alison/jsoup-quality-analysis/work/jsoup/src/main/java/org/jsoup/parser/HtmlTreeBuilder.java,org.jsoup.parser.HtmlTreeBuilder,setFormElement/1[org.jsoup.nodes.FormElement],false,547,1,2,2,0,1,0,3,0,0,1,0,0,0,0,0,0,0,0,0,1,0,0,0,0,0,4,0,0,false
/home/alison/jsoup-quality-analysis/work/jsoup/src/main/java/org/jsoup/parser/HtmlTreeBuilder.java,org.jsoup.parser.HtmlTreeBuilder,toString/0,false,726,1,1,0,1,1,1,3,1,0,0,1,0,0,0,0,0,0,4,0,0,2,0,0,0,0,6,1,0,false
/home/alison/jsoup-quality-analysis/work/jsoup/src/main/java/org/jsoup/parser/HtmlTreeBuilder.java,org.jsoup.parser.HtmlTreeBuilder,insertStartTag/1[java.lang.String],false,213,3,5,2,3,1,2,5,1,1,1,2,1,6,0,0,0,0,0,0,1,0,0,0,0,0,7,0,0,false
/home/alison/jsoup-quality-analysis/work/jsoup/src/main/java/org/jsoup/parser/HtmlTreeBuilder.java,org.jsoup.parser.HtmlTreeBuilder,"replaceInQueue/3[java.util.ArrayList<org.jsoup.nodes.Element>,org.jsoup.nodes.Element,org.jsoup.nodes.Element]",false,406,2,3,2,1,2,3,5,0,1,3,3,0,0,0,1,0,0,0,1,1,0,0,0,0,0,6,2,0,false
/home/alison/jsoup-quality-analysis/work/jsoup/src/main/java/org/jsoup/parser/HtmlTreeBuilder.java,org.jsoup.parser.HtmlTreeBuilder,generateImpliedEndTags/0,false,574,1,2,1,1,1,1,3,0,0,0,1,1,2,0,0,0,0,0,0,0,0,0,0,0,0,5,0,0,false
/home/alison/jsoup-quality-analysis/work/jsoup/src/main/java/org/jsoup/parser/HtmlTreeBuilder.java,org.jsoup.parser.HtmlTreeBuilder,clearStackToTableContext/0,false,363,1,2,1,1,1,1,3,0,0,0,1,1,1,0,0,0,0,1,0,0,0,0,0,0,0,5,0,0,false
/home/alison/jsoup-quality-analysis/work/jsoup/src/main/java/org/jsoup/parser/HtmlTreeBuilder.java,org.jsoup.parser.HtmlTreeBuilder,getPendingTableCharacters/0,false,555,0,1,1,0,1,0,3,1,0,0,0,0,0,0,0,0,0,0,0,0,0,0,0,0,0,5,0,0,false
/home/alison/jsoup-quality-analysis/work/jsoup/src/main/java/org/jsoup/parser/HtmlTreeBuilder.java,org.jsoup.parser.HtmlTreeBuilder,isFragmentParsing/0,false,188,0,1,1,0,1,0,3,1,0,0,0,0,0,0,0,0,0,0,0,0,0,0,0,0,0,4,0,0,false
/home/alison/jsoup-quality-analysis/work/jsoup/src/main/java/org/jsoup/parser/HtmlTreeBuilder.java,org.jsoup.parser.HtmlTreeBuilder,"replaceActiveFormattingElement/2[org.jsoup.nodes.Element,org.jsoup.nodes.Element]",false,695,2,2,1,1,1,1,3,0,0,2,1,1,1,0,0,0,0,0,0,0,0,0,0,0,0,7,0,0,false
/home/alison/jsoup-quality-analysis/work/jsoup/src/main/java/org/jsoup/parser/HtmlTreeBuilder.java,org.jsoup.parser.HtmlTreeBuilder,setHeadElement/1[org.jsoup.nodes.Element],false,527,1,1,1,0,1,0,3,0,0,1,0,0,0,0,0,0,0,0,0,1,0,0,0,0,0,4,0,0,false
/home/alison/jsoup-quality-analysis/work/jsoup/src/main/java/org/jsoup/parser/HtmlTreeBuilder.java,org.jsoup.parser.HtmlTreeBuilder,removeFromStack/1[org.jsoup.nodes.Element],false,322,1,1,1,0,3,3,10,2,2,1,3,0,0,1,1,0,0,0,2,2,1,2,0,0,0,9,0,0,false
/home/alison/jsoup-quality-analysis/work/jsoup/src/main/java/org/jsoup/parser/HtmlTreeBuilder.java,org.jsoup.parser.HtmlTreeBuilder,aboveOnStack/1[org.jsoup.nodes.Element],false,385,2,3,2,1,3,3,10,2,2,1,3,1,2,1,1,0,0,0,3,2,2,2,0,0,0,10,0,0,false
/home/alison/jsoup-quality-analysis/work/jsoup/src/main/java/org/jsoup/parser/HtmlTreeBuilder.java,org.jsoup.parser.HtmlTreeBuilder,reconstructFormattingElements/0,false,624,4,8,1,7,10,10,25,1,6,0,10,3,6,2,4,0,0,0,3,10,2,2,0,0,0,19,0,0,false
/home/alison/jsoup-quality-analysis/work/jsoup/src/main/java/org/jsoup/parser/HtmlTreeBuilder.java,org.jsoup.parser.HtmlTreeBuilder,insertMarkerToFormattingElements/0,false,699,0,1,1,0,1,1,3,0,0,0,1,0,0,0,0,0,0,0,0,0,0,0,0,0,0,6,0,0,false
/home/alison/jsoup-quality-analysis/work/jsoup/src/main/java/org/jsoup/parser/HtmlTreeBuilder.java,org.jsoup.parser.HtmlTreeBuilder,inScope/1[java.lang.String[]],false,488,1,2,1,1,1,1,3,1,0,1,1,1,1,0,0,0,0,0,0,0,0,0,0,0,0,5,0,0,false
/home/alison/jsoup-quality-analysis/work/jsoup/src/main/java/org/jsoup/parser/HtmlTreeBuilder.java,org.jsoup.parser.HtmlTreeBuilder,"inSpecificScope/3[java.lang.String[],java.lang.String[],java.lang.String[]]",false,469,2,4,2,2,7,4,11,4,4,3,4,0,0,1,1,0,0,0,2,4,2,2,0,0,0,17,2,0,false
/home/alison/jsoup-quality-analysis/work/jsoup/src/main/java/org/jsoup/parser/HtmlTreeBuilder.java,org.jsoup.parser.HtmlTreeBuilder,inTableScope/1[java.lang.String],false,510,1,4,3,1,1,1,3,1,0,1,1,1,2,0,0,0,0,0,0,0,0,0,0,0,0,6,0,0,false
/home/alison/jsoup-quality-analysis/work/jsoup/src/main/java/org/jsoup/parser/HtmlTreeBuilder.java,org.jsoup.parser.HtmlTreeBuilder,lastFormattingElement/0,false,585,1,1,1,0,2,2,3,1,0,0,2,0,0,0,0,0,0,0,2,0,1,0,0,0,0,4,0,0,false
/home/alison/jsoup-quality-analysis/work/jsoup/src/main/java/org/jsoup/parser/HtmlTreeBuilder.java,org.jsoup.parser.HtmlTreeBuilder,clearFormattingElementsToLastMarker/0,false,662,2,2,1,1,3,2,6,0,1,0,2,1,1,1,1,0,0,0,0,1,0,2,0,0,0,10,0,0,false
/home/alison/jsoup-quality-analysis/work/jsoup/src/main/java/org/jsoup/parser/HtmlTreeBuilder.java,org.jsoup.parser.HtmlTreeBuilder,clearStackToTableBodyContext/0,false,367,1,3,2,1,1,1,3,0,0,0,1,1,1,0,0,0,0,4,0,0,0,0,0,0,0,6,0,0,false
/home/alison/jsoup-quality-analysis/work/jsoup/src/main/java/org/jsoup/parser/HtmlTreeBuilder.java,org.jsoup.parser.HtmlTreeBuilder,insertInFosterParent/1[org.jsoup.nodes.Node],false,703,4,8,2,6,4,7,20,0,3,1,7,2,3,0,2,0,0,1,1,6,0,2,0,0,0,20,0,0,false
/home/alison/jsoup-quality-analysis/work/jsoup/src/main/java/org/jsoup/parser/HtmlTreeBuilder.java,org.jsoup.parser.HtmlTreeBuilder,generateImpliedEndTags/1[java.lang.String],false,568,4,7,3,4,4,5,3,0,0,1,5,1,1,1,1,0,1,0,0,0,0,1,0,0,0,58,0,0,true
/home/alison/jsoup-quality-analysis/work/jsoup/src/main/java/org/jsoup/parser/HtmlTreeBuilder.java,org.jsoup.parser.HtmlTreeBuilder,error/1[org.jsoup.parser.HtmlTreeBuilderState],false,192,6,9,4,5,2,5,3,0,0,1,5,0,0,0,0,0,0,1,0,0,0,1,0,0,0,11,0,0,false
/home/alison/jsoup-quality-analysis/work/jsoup/src/main/java/org/jsoup/parser/HtmlTreeBuilder.java,org.jsoup.parser.HtmlTreeBuilder,getStack/0,false,294,1,2,2,0,1,0,3,1,0,0,0,0,0,0,0,0,0,0,0,0,0,0,0,0,0,3,0,0,false
/home/alison/jsoup-quality-analysis/work/jsoup/src/main/java/org/jsoup/parser/HtmlTreeBuilder.java,org.jsoup.parser.HtmlTreeBuilder,popStackToBefore/1[java.lang.String],false,352,1,2,1,1,3,5,11,0,2,1,5,0,0,1,0,0,0,0,2,2,1,2,0,0,0,9,0,0,false
/home/alison/jsoup-quality-analysis/work/jsoup/src/main/java/org/jsoup/parser/HtmlTreeBuilder.java,org.jsoup.parser.HtmlTreeBuilder,isInActiveFormattingElements/1[org.jsoup.nodes.Element],false,680,2,2,1,1,1,1,3,1,0,1,1,1,1,0,0,0,0,0,0,0,0,0,0,0,0,8,0,0,false
/home/alison/jsoup-quality-analysis/work/jsoup/src/main/java/org/jsoup/parser/HtmlTreeBuilder.java,org.jsoup.parser.HtmlTreeBuilder,state/0,false,148,1,1,1,0,1,0,3,1,0,0,0,0,0,0,0,0,0,0,0,0,0,0,0,0,0,5,0,0,false
/home/alison/jsoup-quality-analysis/work/jsoup/src/main/java/org/jsoup/parser/HtmlTreeBuilder.java,org.jsoup.parser.HtmlTreeBuilder,transition/1[org.jsoup.parser.HtmlTreeBuilderState],false,144,1,5,5,0,1,0,3,0,0,1,0,0,0,0,0,0,0,0,0,1,0,0,0,0,0,6,0,0,false
/home/alison/jsoup-quality-analysis/work/jsoup/src/main/java/org/jsoup/parser/HtmlTreeBuilder.java,org.jsoup.parser.HtmlTreeBuilder,getActiveFormattingElement/1[java.lang.String],false,684,1,2,1,1,4,4,8,2,2,1,4,0,0,1,1,0,0,0,2,2,1,3,0,0,0,9,0,0,false
/home/alison/jsoup-quality-analysis/work/jsoup/src/main/java/org/jsoup/parser/HtmlTreeBuilder.java,org.jsoup.parser.HtmlTreeBuilder,"process/2[org.jsoup.parser.Token,org.jsoup.parser.HtmlTreeBuilderState]",false,139,2,3,2,1,1,1,4,1,0,2,1,0,0,0,0,0,0,0,0,1,0,0,0,0,0,5,0,0,false
/home/alison/jsoup-quality-analysis/work/jsoup/src/main/java/org/jsoup/parser/HtmlTreeBuilder.java,org.jsoup.parser.HtmlTreeBuilder,insert/1[org.jsoup.parser.Token.StartTag],false,197,7,15,3,12,2,12,12,2,2,1,12,2,6,0,0,0,0,0,0,2,0,1,0,0,0,6,0,0,false
/home/alison/jsoup-quality-analysis/work/jsoup/src/main/java/org/jsoup/parser/HtmlTreeBuilder.java,org.jsoup.parser.HtmlTreeBuilder,push/1[org.jsoup.nodes.Element],false,290,1,1,1,0,1,1,3,0,0,1,1,0,0,0,0,0,0,0,0,0,0,0,0,0,0,3,0,0,false
/home/alison/jsoup-quality-analysis/work/jsoup/src/main/java/org/jsoup/parser/HtmlTreeBuilder.java,org.jsoup.parser.HtmlTreeBuilder,getFromStack/1[java.lang.String],false,312,1,3,2,1,3,4,9,2,2,1,4,0,0,1,0,0,0,0,2,2,1,2,0,0,0,9,0,0,false
/home/alison/jsoup-quality-analysis/work/jsoup/src/main/java/org/jsoup/parser/HtmlTreeBuilder.java,org.jsoup.parser.HtmlTreeBuilder,isSpecial/1[org.jsoup.nodes.Element],false,578,2,4,2,2,1,2,4,1,1,1,2,0,0,0,0,0,0,0,0,1,0,0,0,0,0,7,0,0,false
/home/alison/jsoup-quality-analysis/work/jsoup/src/main/java/org/jsoup/parser/HtmlTreeBuilder.java,org.jsoup.parser.HtmlTreeBuilder,getDocument/0,false,168,1,1,1,0,1,0,3,1,0,0,0,0,0,0,0,0,0,0,0,0,0,0,0,0,0,3,0,0,false
/home/alison/jsoup-quality-analysis/work/jsoup/src/main/java/org/jsoup/nodes/FormElement.java,org.jsoup.nodes.FormElement,submit/0,false,62,7,9,0,9,3,11,6,1,2,0,11,1,1,0,0,0,0,5,0,2,0,0,0,0,0,57,1,0,true
/home/alison/jsoup-quality-analysis/work/jsoup/src/main/java/org/jsoup/nodes/FormElement.java,org.jsoup.nodes.FormElement,elements/0,false,35,1,0,0,0,1,0,3,1,0,0,0,0,0,0,0,0,0,0,0,0,0,0,0,0,0,11,1,0,true
/home/alison/jsoup-quality-analysis/work/jsoup/src/main/java/org/jsoup/nodes/FormElement.java,org.jsoup.nodes.FormElement,"FormElement/3[org.jsoup.parser.Tag,java.lang.String,org.jsoup.nodes.Attributes]",true,27,2,1,1,0,1,0,3,0,0,3,0,0,0,0,0,0,0,0,0,0,0,0,0,0,0,18,1,0,true
/home/alison/jsoup-quality-analysis/work/jsoup/src/main/java/org/jsoup/nodes/FormElement.java,org.jsoup.nodes.FormElement,removeChild/1[org.jsoup.nodes.Node],false,50,1,0,0,0,1,2,4,0,0,1,2,0,0,0,0,0,0,0,0,0,0,0,0,0,0,4,4,0,false
/home/alison/jsoup-quality-analysis/work/jsoup/src/main/java/org/jsoup/nodes/FormElement.java,org.jsoup.nodes.FormElement,formData/0,false,78,6,10,1,9,13,13,32,1,7,0,13,0,0,2,2,0,0,10,2,8,0,4,0,0,0,37,1,0,true
/home/alison/jsoup-quality-analysis/work/jsoup/src/main/java/org/jsoup/nodes/FormElement.java,org.jsoup.nodes.FormElement,addElement/1[org.jsoup.nodes.Element],false,44,2,1,1,0,1,1,4,1,0,1,1,0,0,0,0,0,0,0,0,0,0,0,0,0,0,10,1,0,true
/home/alison/jsoup-quality-analysis/work/jsoup/src/main/java/org/jsoup/UnsupportedMimeTypeException.java,org.jsoup.UnsupportedMimeTypeException,getMimeType/0,false,18,0,0,0,0,1,0,3,1,0,0,0,0,0,0,0,0,0,0,0,0,0,0,0,0,0,4,1,0,false
/home/alison/jsoup-quality-analysis/work/jsoup/src/main/java/org/jsoup/UnsupportedMimeTypeException.java,org.jsoup.UnsupportedMimeTypeException,getUrl/0,false,22,0,0,0,0,1,0,3,1,0,0,0,0,0,0,0,0,0,0,0,0,0,0,0,0,0,3,1,0,false
/home/alison/jsoup-quality-analysis/work/jsoup/src/main/java/org/jsoup/UnsupportedMimeTypeException.java,org.jsoup.UnsupportedMimeTypeException,"UnsupportedMimeTypeException/3[java.lang.String,java.lang.String,java.lang.String]",true,12,0,1,1,0,1,0,5,0,0,3,0,0,0,0,0,0,0,0,0,2,0,0,0,0,0,7,1,0,false
/home/alison/jsoup-quality-analysis/work/jsoup/src/main/java/org/jsoup/UnsupportedMimeTypeException.java,org.jsoup.UnsupportedMimeTypeException,toString/0,false,27,0,0,0,0,1,1,3,1,0,0,1,0,0,0,0,0,0,2,0,0,1,0,0,0,0,9,1,0,false
/home/alison/jsoup-quality-analysis/work/jsoup/src/main/java/org/jsoup/select/Evaluator.java,org.jsoup.select.Evaluator$IndexEquals,IndexEquals/1[int],true,379,0,2,2,0,1,0,3,0,0,1,0,0,0,0,0,0,0,0,0,0,0,0,0,0,0,3,1,0,false
/home/alison/jsoup-quality-analysis/work/jsoup/src/main/java/org/jsoup/select/Evaluator.java,org.jsoup.select.Evaluator$IndexEquals,toString/0,false,389,0,0,0,0,1,1,3,1,0,0,1,0,0,0,0,0,0,1,0,0,0,0,0,0,0,2,1,0,false
/home/alison/jsoup-quality-analysis/work/jsoup/src/main/java/org/jsoup/select/Evaluator.java,org.jsoup.select.Evaluator$IndexEquals,"matches/2[org.jsoup.nodes.Element,org.jsoup.nodes.Element]",false,384,1,1,0,1,2,1,3,1,0,2,1,0,0,0,1,0,0,0,0,0,0,0,0,0,0,4,1,0,false
/home/alison/jsoup-quality-analysis/work/jsoup/src/main/java/org/jsoup/select/Selector.java,org.jsoup.select.Selector$SelectorParseException,"SelectorParseException/2[java.lang.String,java.lang.Object[]]",true,163,0,5,5,0,1,1,3,0,0,2,1,0,0,0,0,0,0,0,0,0,0,0,0,0,0,4,1,0,false
/home/alison/jsoup-quality-analysis/work/jsoup/src/main/java/org/jsoup/parser/Token.java,org.jsoup.parser.Token$Tag,appendAttributeName/1[char],false,173,1,2,1,1,1,2,3,0,0,1,2,1,1,0,0,0,0,0,0,0,0,0,0,0,0,3,16,0,false
/home/alison/jsoup-quality-analysis/work/jsoup/src/main/java/org/jsoup/parser/Token.java,org.jsoup.parser.Token$Tag,normalName/0,false,140,0,1,1,0,1,0,3,1,0,0,0,0,0,0,0,0,0,0,0,0,0,0,0,0,0,3,16,0,true
/home/alison/jsoup-quality-analysis/work/jsoup/src/main/java/org/jsoup/parser/Token.java,org.jsoup.parser.Token$Tag,getAttributes/0,false,155,1,1,1,0,1,0,3,1,0,0,0,0,0,0,0,0,0,1,0,0,0,0,0,0,0,3,16,0,false
/home/alison/jsoup-quality-analysis/work/jsoup/src/main/java/org/jsoup/parser/Token.java,org.jsoup.parser.Token$Tag,name/1[java.lang.String],false,144,2,6,5,1,1,1,5,1,0,1,1,0,0,0,0,0,0,0,0,2,0,0,0,0,0,7,16,0,false
/home/alison/jsoup-quality-analysis/work/jsoup/src/main/java/org/jsoup/parser/Token.java,org.jsoup.parser.Token$Tag,appendAttributeValue/1[java.lang.String],false,177,1,2,1,1,2,3,9,0,0,1,3,1,1,0,1,0,0,0,1,1,0,1,0,0,0,6,16,0,false
/home/alison/jsoup-quality-analysis/work/jsoup/src/main/java/org/jsoup/parser/Token.java,org.jsoup.parser.Token$Tag,setEmptyAttributeValue/0,false,203,0,1,1,0,1,0,3,0,0,0,0,0,0,0,0,0,0,0,0,1,0,0,0,0,0,6,16,0,false
/home/alison/jsoup-quality-analysis/work/jsoup/src/main/java/org/jsoup/parser/Token.java,org.jsoup.parser.Token$Tag,finaliseTag/0,false,125,1,2,1,1,2,1,5,0,0,0,1,1,1,0,1,0,0,0,0,0,0,1,0,0,0,7,16,0,false
/home/alison/jsoup-quality-analysis/work/jsoup/src/main/java/org/jsoup/parser/Token.java,org.jsoup.parser.Token$Tag,appendTagName/1[java.lang.String],false,160,1,4,3,1,2,2,4,0,0,1,2,0,0,0,1,0,0,0,0,2,0,0,0,0,0,8,16,0,false
/home/alison/jsoup-quality-analysis/work/jsoup/src/main/java/org/jsoup/parser/Token.java,org.jsoup.parser.Token$Tag,newAttribute/0,false,100,2,5,2,3,7,6,18,0,1,0,6,0,0,0,2,0,0,1,2,9,0,4,0,0,0,15,16,0,false
/home/alison/jsoup-quality-analysis/work/jsoup/src/main/java/org/jsoup/parser/Token.java,org.jsoup.parser.Token$Tag,appendAttributeValue/1[char],false,186,1,2,1,1,1,2,4,0,0,1,2,1,1,0,0,0,0,0,0,0,0,0,0,0,0,4,16,0,false
/home/alison/jsoup-quality-analysis/work/jsoup/src/main/java/org/jsoup/parser/Token.java,org.jsoup.parser.Token$Tag,appendAttributeName/1[java.lang.String],false,169,0,2,2,0,2,1,3,0,0,1,1,0,0,0,1,0,0,0,0,1,0,0,0,0,0,5,16,0,false
/home/alison/jsoup-quality-analysis/work/jsoup/src/main/java/org/jsoup/parser/Token.java,org.jsoup.parser.Token$Tag,appendAttributeValue/1[char[]],false,191,2,1,0,1,1,2,4,0,0,1,2,1,1,0,0,0,0,0,0,0,0,0,0,0,0,4,16,0,false
/home/alison/jsoup-quality-analysis/work/jsoup/src/main/java/org/jsoup/parser/Token.java,org.jsoup.parser.Token$Tag,reset/0,false,87,2,4,3,1,1,1,12,1,0,0,1,0,0,0,0,0,0,0,0,8,0,0,0,0,0,17,0,0,false
/home/alison/jsoup-quality-analysis/work/jsoup/src/main/java/org/jsoup/parser/Token.java,org.jsoup.parser.Token$Tag,isSelfClosing/0,false,150,0,3,3,0,1,0,3,1,0,0,0,0,0,0,0,0,0,0,0,0,0,0,0,0,0,4,16,0,false
/home/alison/jsoup-quality-analysis/work/jsoup/src/main/java/org/jsoup/parser/Token.java,org.jsoup.parser.Token$Tag,ensureAttributeValue/0,false,207,0,4,4,0,2,1,7,0,0,0,1,0,0,0,1,0,0,0,0,2,0,1,0,0,0,9,2,0,false
/home/alison/jsoup-quality-analysis/work/jsoup/src/main/java/org/jsoup/parser/Token.java,org.jsoup.parser.Token$Tag,name/0,false,134,1,8,7,1,3,2,4,1,0,0,2,0,0,0,2,0,0,0,1,0,0,0,0,0,0,5,16,0,true
/home/alison/jsoup-quality-analysis/work/jsoup/src/main/java/org/jsoup/parser/Token.java,org.jsoup.parser.Token$Tag,appendTagName/1[char],false,165,1,2,1,1,1,2,3,0,0,1,2,1,1,0,0,0,0,0,0,0,0,0,0,0,0,3,16,0,false
/home/alison/jsoup-quality-analysis/work/jsoup/src/main/java/org/jsoup/parser/Token.java,org.jsoup.parser.Token$Tag,appendAttributeValue/1[int[]],false,196,2,2,1,1,2,2,6,0,0,1,2,1,1,1,0,0,0,0,0,0,0,1,0,0,0,6,16,0,false
/home/alison/jsoup-quality-analysis/work/jsoup/src/main/java/org/jsoup/nodes/XmlDeclaration.java,org.jsoup.nodes.XmlDeclaration,"XmlDeclaration/3[java.lang.String,java.lang.String,boolean]",true,35,0,0,0,0,1,0,3,0,0,3,0,0,0,0,0,0,0,0,0,0,0,0,0,0,0,28,1,0,true
/home/alison/jsoup-quality-analysis/work/jsoup/src/main/java/org/jsoup/nodes/XmlDeclaration.java,org.jsoup.nodes.XmlDeclaration,nodeName/0,false,39,0,1,1,0,1,0,3,1,0,0,0,0,0,0,0,0,0,1,0,0,0,0,0,0,0,2,1,0,false
/home/alison/jsoup-quality-analysis/work/jsoup/src/main/java/org/jsoup/nodes/XmlDeclaration.java,org.jsoup.nodes.XmlDeclaration,"outerHtmlTail/3[java.lang.Appendable,int,org.jsoup.nodes.Document.OutputSettings]",false,85,1,0,0,0,1,0,2,0,0,3,0,0,0,0,0,0,0,0,0,0,0,0,0,0,0,5,0,0,false
/home/alison/jsoup-quality-analysis/work/jsoup/src/main/java/org/jsoup/nodes/XmlDeclaration.java,org.jsoup.nodes.XmlDeclaration,"XmlDeclaration/2[java.lang.String,boolean]",true,21,1,3,2,1,1,1,5,0,0,2,1,0,0,0,0,0,0,0,0,2,0,0,0,0,0,16,1,0,true
/home/alison/jsoup-quality-analysis/work/jsoup/src/main/java/org/jsoup/nodes/XmlDeclaration.java,org.jsoup.nodes.XmlDeclaration,name/0,false,47,1,3,2,1,1,1,3,1,0,0,1,0,0,0,0,0,0,0,0,0,0,0,0,0,0,6,1,0,true
/home/alison/jsoup-quality-analysis/work/jsoup/src/main/java/org/jsoup/nodes/XmlDeclaration.java,org.jsoup.nodes.XmlDeclaration,"getWholeDeclaration/2[java.lang.Appendable,org.jsoup.nodes.Document.OutputSettings]",false,65,4,6,2,4,3,6,8,0,0,2,6,1,1,1,0,0,0,0,0,0,0,2,0,0,0,13,2,0,false
/home/alison/jsoup-quality-analysis/work/jsoup/src/main/java/org/jsoup/nodes/XmlDeclaration.java,org.jsoup.nodes.XmlDeclaration,"outerHtmlHead/3[java.lang.Appendable,int,org.jsoup.nodes.Document.OutputSettings]",false,74,3,2,0,2,3,3,5,0,0,3,3,1,2,0,0,0,0,6,0,0,0,0,0,0,0,16,0,0,false
/home/alison/jsoup-quality-analysis/work/jsoup/src/main/java/org/jsoup/nodes/XmlDeclaration.java,org.jsoup.nodes.XmlDeclaration,getWholeDeclaration/0,false,55,4,5,0,5,2,4,10,1,1,0,4,1,2,0,0,1,0,0,0,1,0,1,0,0,0,18,1,0,true
/home/alison/jsoup-quality-analysis/work/jsoup/src/main/java/org/jsoup/nodes/XmlDeclaration.java,org.jsoup.nodes.XmlDeclaration,toString/0,false,89,1,1,0,1,1,1,3,1,0,0,1,0,0,0,0,0,0,0,0,0,0,0,0,0,0,4,1,0,false
/home/alison/jsoup-quality-analysis/work/jsoup/src/main/java/org/jsoup/parser/Token.java,org.jsoup.parser.Token$Doctype,isForceQuirks/0,false,70,0,1,1,0,1,0,3,1,0,0,0,0,0,0,0,0,0,0,0,0,0,0,0,0,0,4,1,0,false
/home/alison/jsoup-quality-analysis/work/jsoup/src/main/java/org/jsoup/parser/Token.java,org.jsoup.parser.Token$Doctype,reset/0,false,45,2,2,1,1,1,1,8,1,0,0,1,0,0,0,0,0,0,0,0,2,0,0,0,0,0,13,0,0,false
/home/alison/jsoup-quality-analysis/work/jsoup/src/main/java/org/jsoup/parser/Token.java,org.jsoup.parser.Token$Doctype,getPublicIdentifier/0,false,62,0,2,2,0,1,1,3,1,0,0,1,0,0,0,0,0,0,0,0,0,0,0,0,0,0,3,0,0,false
/home/alison/jsoup-quality-analysis/work/jsoup/src/main/java/org/jsoup/parser/Token.java,org.jsoup.parser.Token$Doctype,getName/0,false,54,0,2,2,0,1,1,3,1,0,0,1,0,0,0,0,0,0,0,0,0,0,0,0,0,0,2,0,0,false
/home/alison/jsoup-quality-analysis/work/jsoup/src/main/java/org/jsoup/parser/Token.java,org.jsoup.parser.Token$Doctype,getPubSysKey/0,false,58,0,2,2,0,1,0,3,1,0,0,0,0,0,0,0,0,0,0,0,0,0,0,0,0,0,5,0,0,false
/home/alison/jsoup-quality-analysis/work/jsoup/src/main/java/org/jsoup/parser/Token.java,org.jsoup.parser.Token$Doctype,getSystemIdentifier/0,false,66,0,2,2,0,1,1,3,1,0,0,1,0,0,0,0,0,0,0,0,0,0,0,0,0,0,3,1,0,false
/home/alison/jsoup-quality-analysis/work/jsoup/src/main/java/org/jsoup/parser/Token.java,org.jsoup.parser.Token$Doctype,Doctype/0,true,40,0,0,0,0,1,0,3,0,0,0,0,0,0,0,0,0,0,0,0,1,0,0,0,0,0,2,0,0,false
/home/alison/jsoup-quality-analysis/work/jsoup/src/main/java/org/jsoup/select/Evaluator.java,org.jsoup.select.Evaluator$TagEndsWith,toString/0,false,76,0,0,0,0,1,1,3,1,0,0,1,0,0,0,0,0,0,1,0,0,0,0,0,0,0,2,1,0,false
/home/alison/jsoup-quality-analysis/work/jsoup/src/main/java/org/jsoup/select/Evaluator.java,org.jsoup.select.Evaluator$TagEndsWith,TagEndsWith/1[java.lang.String],true,66,0,1,1,0,1,0,3,0,0,1,0,0,0,0,0,0,0,0,0,1,0,0,0,0,0,5,1,0,false
/home/alison/jsoup-quality-analysis/work/jsoup/src/main/java/org/jsoup/select/Evaluator.java,org.jsoup.select.Evaluator$TagEndsWith,"matches/2[org.jsoup.nodes.Element,org.jsoup.nodes.Element]",false,71,1,1,0,1,1,2,3,1,0,2,2,0,0,0,0,0,1,0,0,0,0,0,0,0,0,5,1,0,false
/home/alison/jsoup-quality-analysis/work/jsoup/src/main/java/org/jsoup/select/Evaluator.java,org.jsoup.select.Evaluator$Tag,Tag/1[java.lang.String],true,44,0,2,2,0,1,0,3,0,0,1,0,0,0,0,0,0,0,0,0,1,0,0,0,0,0,3,1,0,false
/home/alison/jsoup-quality-analysis/work/jsoup/src/main/java/org/jsoup/select/Evaluator.java,org.jsoup.select.Evaluator$Tag,toString/0,false,54,0,0,0,0,1,1,3,1,0,0,1,0,0,0,0,0,0,1,0,0,0,0,0,0,0,2,1,0,false
/home/alison/jsoup-quality-analysis/work/jsoup/src/main/java/org/jsoup/select/Evaluator.java,org.jsoup.select.Evaluator$Tag,"matches/2[org.jsoup.nodes.Element,org.jsoup.nodes.Element]",false,49,1,1,0,1,1,2,3,1,0,2,2,0,0,0,0,0,1,0,0,0,0,0,0,0,0,5,1,0,false
/home/alison/jsoup-quality-analysis/work/jsoup/src/main/java/org/jsoup/internal/StringUtil.java,org.jsoup.internal.StringUtil,"join/2[java.util.Collection,java.lang.String]",false,27,1,7,6,1,1,2,3,1,0,2,2,1,2,0,0,0,0,0,0,0,0,0,0,0,0,16,9,0,true
/home/alison/jsoup-quality-analysis/work/jsoup/src/main/java/org/jsoup/internal/StringUtil.java,org.jsoup.internal.StringUtil,"join/2[java.util.Iterator,java.lang.String]",false,37,1,3,1,2,4,7,11,3,2,2,7,2,1,1,0,0,0,1,0,2,0,1,0,0,0,21,9,0,true
/home/alison/jsoup-quality-analysis/work/jsoup/src/main/java/org/jsoup/internal/StringUtil.java,org.jsoup.internal.StringUtil,padding/1[int],false,68,1,1,1,0,4,1,7,2,2,1,1,0,0,1,0,0,0,1,2,3,0,1,0,0,0,16,9,0,true
/home/alison/jsoup-quality-analysis/work/jsoup/src/main/java/org/jsoup/internal/StringUtil.java,org.jsoup.internal.StringUtil,isWhitespace/1[int],false,120,0,3,3,0,6,0,3,1,0,1,0,0,0,0,5,0,0,0,0,0,0,0,0,0,0,22,9,0,true
/home/alison/jsoup-quality-analysis/work/jsoup/src/main/java/org/jsoup/internal/StringUtil.java,org.jsoup.internal.StringUtil,releaseBuilder/1[java.lang.StringBuilder],false,256,1,22,21,1,3,7,13,1,1,1,7,0,0,1,0,0,0,0,1,2,0,2,0,0,0,40,9,0,true
/home/alison/jsoup-quality-analysis/work/jsoup/src/main/java/org/jsoup/internal/StringUtil.java,org.jsoup.internal.StringUtil,isBlank/1[java.lang.String],false,85,1,5,4,1,5,3,8,3,2,1,3,1,1,1,2,0,0,0,2,2,0,2,0,0,0,17,9,0,true
/home/alison/jsoup-quality-analysis/work/jsoup/src/main/java/org/jsoup/internal/StringUtil.java,org.jsoup.internal.StringUtil,"resolve/2[java.lang.String,java.lang.String]",false,216,1,2,1,1,3,2,16,3,2,2,2,1,1,0,0,2,0,1,0,2,0,2,0,0,0,35,9,0,true
/home/alison/jsoup-quality-analysis/work/jsoup/src/main/java/org/jsoup/internal/StringUtil.java,org.jsoup.internal.StringUtil,borrowBuilder/0,false,242,0,21,21,0,2,2,5,1,0,0,2,0,0,0,0,0,0,0,0,0,0,1,0,0,0,36,9,0,true
/home/alison/jsoup-quality-analysis/work/jsoup/src/main/java/org/jsoup/internal/StringUtil.java,org.jsoup.internal.StringUtil,"resolve/2[java.net.URL,java.lang.String]",false,199,0,2,2,0,4,7,7,1,0,2,7,0,0,0,2,0,0,2,2,2,2,1,0,0,0,30,9,0,true
/home/alison/jsoup-quality-analysis/work/jsoup/src/main/java/org/jsoup/internal/StringUtil.java,org.jsoup.internal.StringUtil,"in/2[java.lang.String,java.lang.String[]]",false,179,0,7,7,0,3,1,7,2,2,2,1,0,0,1,0,0,0,0,1,2,0,2,0,0,0,7,9,0,false
/home/alison/jsoup-quality-analysis/work/jsoup/src/main/java/org/jsoup/internal/StringUtil.java,org.jsoup.internal.StringUtil,isInvisibleChar/1[int],false,134,0,1,1,0,6,1,3,1,0,1,1,0,0,0,5,0,1,0,5,0,0,0,0,0,0,4,9,0,false
/home/alison/jsoup-quality-analysis/work/jsoup/src/main/java/org/jsoup/internal/StringUtil.java,org.jsoup.internal.StringUtil,isNumeric/1[java.lang.String],false,102,0,1,1,0,5,3,8,3,2,1,3,0,0,1,2,0,0,0,2,2,0,2,0,0,0,20,9,0,true
/home/alison/jsoup-quality-analysis/work/jsoup/src/main/java/org/jsoup/internal/StringUtil.java,org.jsoup.internal.StringUtil,"appendNormalisedWhitespace/3[java.lang.StringBuilder,java.lang.String,boolean]",false,157,1,4,2,2,7,7,19,0,5,3,7,2,1,1,0,0,1,0,1,9,0,3,0,0,0,40,9,0,true
/home/alison/jsoup-quality-analysis/work/jsoup/src/main/java/org/jsoup/internal/StringUtil.java,org.jsoup.internal.StringUtil,normaliseWhitespace/1[java.lang.String],false,145,1,6,3,3,1,3,5,1,1,1,3,3,2,0,0,0,0,0,0,1,0,0,0,0,0,26,9,0,true
/home/alison/jsoup-quality-analysis/work/jsoup/src/main/java/org/jsoup/internal/StringUtil.java,org.jsoup.internal.StringUtil,isActuallyWhitespace/1[int],false,129,0,1,1,0,7,0,3,1,0,1,0,0,0,0,6,0,0,0,1,0,0,0,0,0,0,20,9,0,true
/home/alison/jsoup-quality-analysis/work/jsoup/src/main/java/org/jsoup/internal/StringUtil.java,org.jsoup.internal.StringUtil,"inSorted/2[java.lang.String,java.lang.String[]]",false,188,0,6,6,0,2,1,3,1,0,2,1,0,0,0,0,0,0,0,1,0,0,0,0,0,0,3,9,0,false
/home/alison/jsoup-quality-analysis/work/jsoup/src/main/java/org/jsoup/internal/StringUtil.java,org.jsoup.internal.StringUtil,"join/2[java.lang.String[],java.lang.String]",false,59,1,1,0,1,1,2,3,1,0,2,2,1,3,0,0,0,0,0,0,0,0,0,0,0,0,17,9,0,true
/home/alison/jsoup-quality-analysis/work/jsoup/src/main/java/org/jsoup/parser/TokeniserState.java,org.jsoup.parser.TokeniserState$Anonymous24,"read/2[org.jsoup.parser.Tokeniser,org.jsoup.parser.CharacterReader]",false,384,2,54,0,54,6,6,23,1,1,2,6,0,0,0,0,0,0,0,0,1,0,1,0,0,0,11,0,1,false
/home/alison/jsoup-quality-analysis/work/jsoup/src/main/java/org/jsoup/parser/TokeniserState.java,org.jsoup.parser.TokeniserState$Anonymous25,"read/2[org.jsoup.parser.Tokeniser,org.jsoup.parser.CharacterReader]",false,415,2,54,0,54,3,9,16,0,0,2,9,0,0,0,0,0,0,1,0,0,1,1,0,0,0,12,0,0,false
/home/alison/jsoup-quality-analysis/work/jsoup/src/main/java/org/jsoup/parser/TokeniserState.java,org.jsoup.parser.TokeniserState$Anonymous26,"read/2[org.jsoup.parser.Tokeniser,org.jsoup.parser.CharacterReader]",false,431,3,54,0,54,2,8,12,0,0,2,8,0,0,0,0,0,0,1,0,0,0,1,0,0,0,10,0,0,false
/home/alison/jsoup-quality-analysis/work/jsoup/src/main/java/org/jsoup/parser/TokeniserState.java,org.jsoup.parser.TokeniserState$Anonymous27,"read/2[org.jsoup.parser.Tokeniser,org.jsoup.parser.CharacterReader]",false,444,3,54,0,54,1,1,3,0,0,2,1,0,0,0,0,0,0,0,0,0,0,0,0,0,0,7,0,0,false
/home/alison/jsoup-quality-analysis/work/jsoup/src/main/java/org/jsoup/parser/TokeniserState.java,org.jsoup.parser.TokeniserState$Anonymous20,"read/2[org.jsoup.parser.Tokeniser,org.jsoup.parser.CharacterReader]",false,309,2,54,0,54,2,4,9,0,0,2,4,0,0,0,0,0,0,0,0,0,0,1,0,0,0,8,0,0,false
/home/alison/jsoup-quality-analysis/work/jsoup/src/main/java/org/jsoup/parser/TokeniserState.java,org.jsoup.parser.TokeniserState$Anonymous21,"read/2[org.jsoup.parser.Tokeniser,org.jsoup.parser.CharacterReader]",false,319,2,54,0,54,2,4,9,0,0,2,4,0,0,0,0,0,0,0,0,0,0,1,0,0,0,7,0,0,false
/home/alison/jsoup-quality-analysis/work/jsoup/src/main/java/org/jsoup/parser/TokeniserState.java,org.jsoup.parser.TokeniserState$Anonymous22,"read/2[org.jsoup.parser.Tokeniser,org.jsoup.parser.CharacterReader]",false,329,2,54,0,54,5,10,20,1,1,2,10,0,0,0,0,0,0,0,0,1,0,1,0,0,0,12,0,1,false
/home/alison/jsoup-quality-analysis/work/jsoup/src/main/java/org/jsoup/parser/TokeniserState.java,org.jsoup.parser.TokeniserState$Anonymous23,"read/2[org.jsoup.parser.Tokeniser,org.jsoup.parser.CharacterReader]",false,356,2,54,0,54,5,6,21,1,1,2,6,0,0,0,0,0,0,0,0,1,0,1,0,0,0,12,0,1,false
/home/alison/jsoup-quality-analysis/work/jsoup/src/main/java/org/jsoup/parser/Tokeniser.java,org.jsoup.parser.Tokeniser,"Tokeniser/2[org.jsoup.parser.CharacterReader,org.jsoup.parser.ParseErrorList]",true,50,2,2,2,0,1,0,4,0,0,2,0,0,0,0,0,0,0,0,0,2,0,0,0,0,0,5,0,0,false
/home/alison/jsoup-quality-analysis/work/jsoup/src/main/java/org/jsoup/parser/Tokeniser.java,org.jsoup.parser.Tokeniser,emit/1[char[]],false,105,2,1,0,1,1,2,3,0,0,1,2,1,1,0,0,0,0,0,0,0,0,0,0,0,0,2,0,0,false
/home/alison/jsoup-quality-analysis/work/jsoup/src/main/java/org/jsoup/parser/Tokeniser.java,org.jsoup.parser.Tokeniser,read/0,false,55,3,3,1,2,4,5,18,3,2,0,5,0,0,1,1,0,0,0,2,5,0,1,0,0,0,12,0,0,false
/home/alison/jsoup-quality-analysis/work/jsoup/src/main/java/org/jsoup/parser/Tokeniser.java,org.jsoup.parser.Tokeniser,emitDoctypePending/0,false,229,1,2,1,1,1,1,3,0,0,0,1,1,2,0,0,0,0,0,0,0,0,0,0,0,0,4,0,0,false
/home/alison/jsoup-quality-analysis/work/jsoup/src/main/java/org/jsoup/parser/Tokeniser.java,org.jsoup.parser.Tokeniser,(initializer 1),false,28,0,4,0,4,1,1,3,0,0,0,1,0,0,0,0,0,0,0,0,0,0,0,0,0,0,5,8,0,false
/home/alison/jsoup-quality-analysis/work/jsoup/src/main/java/org/jsoup/parser/Tokeniser.java,org.jsoup.parser.Tokeniser,error/1[org.jsoup.parser.TokeniserState],false,245,4,6,2,4,2,4,3,0,0,1,4,0,0,0,0,0,0,1,0,0,0,1,0,0,0,9,0,0,false
/home/alison/jsoup-quality-analysis/work/jsoup/src/main/java/org/jsoup/parser/Tokeniser.java,org.jsoup.parser.Tokeniser,"consumeCharacterReference/2[java.lang.Character,boolean]",false,132,5,22,3,19,26,22,64,11,9,2,22,1,1,0,6,1,4,11,14,14,3,3,0,0,0,53,0,0,false
/home/alison/jsoup-quality-analysis/work/jsoup/src/main/java/org/jsoup/parser/Tokeniser.java,org.jsoup.parser.Tokeniser,characterReferenceError/1[java.lang.String],false,255,3,4,1,3,2,3,3,0,0,1,3,0,0,0,0,0,0,1,0,0,0,1,0,0,0,5,2,0,false
/home/alison/jsoup-quality-analysis/work/jsoup/src/main/java/org/jsoup/parser/Tokeniser.java,org.jsoup.parser.Tokeniser,emit/1[char],false,113,1,5,4,1,1,2,3,0,0,1,2,1,1,0,0,0,0,0,0,0,0,0,0,0,0,2,0,0,false
/home/alison/jsoup-quality-analysis/work/jsoup/src/main/java/org/jsoup/parser/Tokeniser.java,org.jsoup.parser.Tokeniser,emitCommentPending/0,false,221,1,2,1,1,1,1,3,0,0,0,1,1,2,0,0,0,0,0,0,0,0,0,0,0,0,4,0,0,false
/home/alison/jsoup-quality-analysis/work/jsoup/src/main/java/org/jsoup/parser/Tokeniser.java,org.jsoup.parser.Tokeniser,getState/0,false,117,1,0,0,0,1,0,3,1,0,0,0,0,0,0,0,0,0,0,0,0,0,0,0,0,0,4,0,0,false
/home/alison/jsoup-quality-analysis/work/jsoup/src/main/java/org/jsoup/parser/Tokeniser.java,org.jsoup.parser.Tokeniser,eofError/1[org.jsoup.parser.TokeniserState],false,250,4,4,1,3,2,3,3,0,0,1,3,0,0,0,0,0,0,1,0,0,0,1,0,0,0,15,0,0,false
/home/alison/jsoup-quality-analysis/work/jsoup/src/main/java/org/jsoup/parser/Tokeniser.java,org.jsoup.parser.Tokeniser,currentNodeInHtmlNS/0,false,265,0,0,0,0,1,0,3,1,0,0,0,0,0,0,0,0,0,0,0,0,0,0,0,0,0,7,0,0,false
/home/alison/jsoup-quality-analysis/work/jsoup/src/main/java/org/jsoup/parser/Tokeniser.java,org.jsoup.parser.Tokeniser,emit/1[java.lang.String],false,91,0,9,9,0,3,2,11,0,0,1,2,0,0,0,2,0,0,0,1,1,0,2,0,0,0,5,0,0,false
/home/alison/jsoup-quality-analysis/work/jsoup/src/main/java/org/jsoup/parser/Tokeniser.java,org.jsoup.parser.Tokeniser,createTempBuffer/0,false,233,1,2,1,1,1,1,3,0,0,0,1,0,0,0,0,0,0,0,0,0,0,0,0,0,0,4,0,0,false
/home/alison/jsoup-quality-analysis/work/jsoup/src/main/java/org/jsoup/parser/Tokeniser.java,org.jsoup.parser.Tokeniser,transition/1[org.jsoup.parser.TokeniserState],false,121,1,11,11,0,1,0,3,0,0,1,0,0,0,0,0,0,0,0,0,1,0,0,0,0,0,4,0,0,false
/home/alison/jsoup-quality-analysis/work/jsoup/src/main/java/org/jsoup/parser/Tokeniser.java,org.jsoup.parser.Tokeniser,emit/1[int[]],false,109,2,2,1,1,1,1,3,0,0,1,1,1,1,0,0,0,0,0,1,0,0,0,0,0,0,2,0,0,false
/home/alison/jsoup-quality-analysis/work/jsoup/src/main/java/org/jsoup/parser/Tokeniser.java,org.jsoup.parser.Tokeniser,emit/1[org.jsoup.parser.Token],false,75,5,8,6,2,4,2,13,0,2,1,2,1,1,0,3,0,0,2,0,5,0,2,0,0,0,20,0,0,false
/home/alison/jsoup-quality-analysis/work/jsoup/src/main/java/org/jsoup/parser/Tokeniser.java,org.jsoup.parser.Tokeniser,createCommentPending/0,false,217,1,2,1,1,1,1,3,0,0,0,1,0,0,0,0,0,0,0,0,0,0,0,0,0,0,3,0,0,false
/home/alison/jsoup-quality-analysis/work/jsoup/src/main/java/org/jsoup/parser/Tokeniser.java,org.jsoup.parser.Tokeniser,createDoctypePending/0,false,225,1,2,1,1,1,1,3,0,0,0,1,0,0,0,0,0,0,0,0,0,0,0,0,0,0,3,0,0,false
/home/alison/jsoup-quality-analysis/work/jsoup/src/main/java/org/jsoup/parser/Tokeniser.java,org.jsoup.parser.Tokeniser,isAppropriateEndTagToken/0,false,237,1,3,2,1,2,2,3,1,0,0,2,0,0,0,1,0,0,0,0,0,0,0,0,0,0,8,0,0,false
/home/alison/jsoup-quality-analysis/work/jsoup/src/main/java/org/jsoup/parser/Tokeniser.java,org.jsoup.parser.Tokeniser,unescapeEntities/1[boolean],false,277,4,8,1,7,7,10,16,1,2,1,10,1,2,1,3,0,0,0,4,2,0,5,0,0,0,28,0,0,true
/home/alison/jsoup-quality-analysis/work/jsoup/src/main/java/org/jsoup/parser/Tokeniser.java,org.jsoup.parser.Tokeniser,createTagPending/1[boolean],false,207,2,4,2,2,2,2,4,1,0,1,2,0,0,0,0,0,0,0,0,1,0,0,0,0,0,5,0,0,false
/home/alison/jsoup-quality-analysis/work/jsoup/src/main/java/org/jsoup/parser/Tokeniser.java,org.jsoup.parser.Tokeniser,advanceTransition/1[org.jsoup.parser.TokeniserState],false,125,2,3,2,1,1,1,4,0,0,1,1,0,0,0,0,0,0,0,0,1,0,0,0,0,0,5,0,0,false
/home/alison/jsoup-quality-analysis/work/jsoup/src/main/java/org/jsoup/parser/Tokeniser.java,org.jsoup.parser.Tokeniser,error/1[java.lang.String],false,260,3,5,2,3,2,3,3,0,0,1,3,0,0,0,0,0,0,0,0,0,0,1,0,0,0,4,0,0,false
/home/alison/jsoup-quality-analysis/work/jsoup/src/main/java/org/jsoup/parser/Tokeniser.java,org.jsoup.parser.Tokeniser,appropriateEndTagName/0,false,241,0,1,1,0,1,0,3,1,0,0,0,0,0,0,0,0,0,0,0,0,0,0,0,0,0,6,0,0,false
/home/alison/jsoup-quality-analysis/work/jsoup/src/main/java/org/jsoup/parser/Tokeniser.java,org.jsoup.parser.Tokeniser,emitTagPending/0,false,212,2,4,2,2,1,2,4,0,0,0,2,1,2,0,0,0,0,0,0,0,0,0,0,0,0,4,0,0,false
/home/alison/jsoup-quality-analysis/work/jsoup/src/main/java/org/jsoup/nodes/Comment.java,org.jsoup.nodes.Comment,Comment/1[java.lang.String],true,19,0,2,2,0,1,0,3,0,0,1,0,0,0,0,0,0,0,0,0,1,0,0,0,0,0,10,1,0,true
/home/alison/jsoup-quality-analysis/work/jsoup/src/main/java/org/jsoup/nodes/Comment.java,org.jsoup.nodes.Comment,"outerHtmlTail/3[java.lang.Appendable,int,org.jsoup.nodes.Document.OutputSettings]",false,54,1,0,0,0,1,0,2,0,0,3,0,0,0,0,0,0,0,0,0,0,0,0,0,0,0,5,0,0,false
/home/alison/jsoup-quality-analysis/work/jsoup/src/main/java/org/jsoup/nodes/Comment.java,org.jsoup.nodes.Comment,isXmlDeclaration/0,false,65,1,3,2,1,2,3,4,1,1,0,3,1,1,0,0,0,2,2,1,1,0,0,0,0,0,16,1,0,true
/home/alison/jsoup-quality-analysis/work/jsoup/src/main/java/org/jsoup/nodes/Comment.java,org.jsoup.nodes.Comment,getData/0,false,41,1,6,5,1,1,1,3,1,0,0,1,0,0,0,0,0,0,0,0,0,0,0,0,0,0,10,1,0,true
/home/alison/jsoup-quality-analysis/work/jsoup/src/main/java/org/jsoup/nodes/Comment.java,org.jsoup.nodes.Comment,asXmlDeclaration/0,false,74,10,16,2,14,2,17,11,1,4,0,17,1,1,0,0,0,0,3,4,5,2,1,0,0,0,25,1,0,true
/home/alison/jsoup-quality-analysis/work/jsoup/src/main/java/org/jsoup/nodes/Comment.java,org.jsoup.nodes.Comment,"Comment/2[java.lang.String,java.lang.String]",true,29,0,0,0,0,1,0,3,0,0,2,0,0,0,0,0,0,0,0,0,0,0,0,0,0,0,18,1,0,true
/home/alison/jsoup-quality-analysis/work/jsoup/src/main/java/org/jsoup/nodes/Comment.java,org.jsoup.nodes.Comment,nodeName/0,false,33,0,0,0,0,1,0,3,1,0,0,0,0,0,0,0,0,0,1,0,0,0,0,0,0,0,2,1,0,false
/home/alison/jsoup-quality-analysis/work/jsoup/src/main/java/org/jsoup/nodes/Comment.java,org.jsoup.nodes.Comment,"outerHtmlHead/3[java.lang.Appendable,int,org.jsoup.nodes.Document.OutputSettings]",false,45,3,3,0,3,2,4,4,0,0,3,4,1,1,0,0,0,0,2,0,0,0,1,0,0,0,11,0,0,false
/home/alison/jsoup-quality-analysis/work/jsoup/src/main/java/org/jsoup/nodes/Comment.java,org.jsoup.nodes.Comment,toString/0,false,57,1,1,0,1,1,1,3,1,0,0,1,0,0,0,0,0,0,0,0,0,0,0,0,0,0,4,1,0,false
/home/alison/jsoup-quality-analysis/work/jsoup/src/main/java/org/jsoup/select/Evaluator.java,org.jsoup.select.Evaluator$IndexGreaterThan,"matches/2[org.jsoup.nodes.Element,org.jsoup.nodes.Element]",false,364,1,1,0,1,2,1,3,1,0,2,1,0,0,0,0,0,0,0,0,0,0,0,0,0,0,4,1,0,false
/home/alison/jsoup-quality-analysis/work/jsoup/src/main/java/org/jsoup/select/Evaluator.java,org.jsoup.select.Evaluator$IndexGreaterThan,toString/0,false,369,0,0,0,0,1,1,3,1,0,0,1,0,0,0,0,0,0,1,0,0,0,0,0,0,0,2,1,0,false
/home/alison/jsoup-quality-analysis/work/jsoup/src/main/java/org/jsoup/select/Evaluator.java,org.jsoup.select.Evaluator$IndexGreaterThan,IndexGreaterThan/1[int],true,359,0,2,2,0,1,0,3,0,0,1,0,0,0,0,0,0,0,0,0,0,0,0,0,0,0,4,1,0,false
/home/alison/jsoup-quality-analysis/work/jsoup/src/main/java/org/jsoup/nodes/LeafNode.java,org.jsoup.nodes.LeafNode,ensureAttributes/0,false,23,3,9,5,4,3,3,8,0,2,0,3,1,1,0,1,0,0,0,0,3,0,2,0,0,0,11,2,0,false
/home/alison/jsoup-quality-analysis/work/jsoup/src/main/java/org/jsoup/nodes/LeafNode.java,org.jsoup.nodes.LeafNode,"attr/2[java.lang.String,java.lang.String]",false,51,2,9,6,3,3,5,10,1,0,2,5,2,2,0,0,0,0,0,0,1,0,1,0,0,0,8,1,0,false
/home/alison/jsoup-quality-analysis/work/jsoup/src/main/java/org/jsoup/nodes/LeafNode.java,org.jsoup.nodes.LeafNode,removeAttr/1[java.lang.String],false,68,2,1,0,1,1,2,4,1,0,1,2,1,2,0,0,0,0,0,0,0,0,0,0,0,0,6,1,0,false
/home/alison/jsoup-quality-analysis/work/jsoup/src/main/java/org/jsoup/nodes/LeafNode.java,org.jsoup.nodes.LeafNode,absUrl/1[java.lang.String],false,74,1,1,0,1,1,2,4,1,0,1,2,1,2,0,0,0,0,0,0,0,0,0,0,0,0,5,1,0,false
/home/alison/jsoup-quality-analysis/work/jsoup/src/main/java/org/jsoup/nodes/LeafNode.java,org.jsoup.nodes.LeafNode,childNodeSize/0,false,90,0,0,0,0,1,0,3,1,0,0,0,0,0,0,0,0,0,0,1,0,0,0,0,0,0,3,1,0,false
/home/alison/jsoup-quality-analysis/work/jsoup/src/main/java/org/jsoup/nodes/LeafNode.java,org.jsoup.nodes.LeafNode,ensureChildNodes/0,false,95,1,0,0,0,1,0,3,1,0,0,0,0,0,0,0,0,0,0,0,0,0,0,0,0,0,4,4,0,false
/home/alison/jsoup-quality-analysis/work/jsoup/src/main/java/org/jsoup/nodes/LeafNode.java,org.jsoup.nodes.LeafNode,hasAttributes/0,false,13,1,3,3,0,1,0,3,1,0,0,0,0,0,0,0,0,0,0,0,0,0,0,0,0,0,3,20,0,false
/home/alison/jsoup-quality-analysis/work/jsoup/src/main/java/org/jsoup/nodes/LeafNode.java,org.jsoup.nodes.LeafNode,attr/1[java.lang.String],false,42,3,8,5,3,3,5,7,2,0,1,5,1,1,0,0,0,0,0,0,0,0,1,0,0,0,9,1,0,false
/home/alison/jsoup-quality-analysis/work/jsoup/src/main/java/org/jsoup/nodes/LeafNode.java,org.jsoup.nodes.LeafNode,coreValue/0,false,33,2,10,8,2,1,2,3,1,0,0,2,1,2,0,0,0,0,0,0,0,0,0,0,0,0,5,0,0,false
/home/alison/jsoup-quality-analysis/work/jsoup/src/main/java/org/jsoup/nodes/LeafNode.java,org.jsoup.nodes.LeafNode,attributes/0,false,18,2,3,2,1,1,1,4,1,0,0,1,1,2,0,0,0,0,0,0,0,0,0,0,0,0,4,17,0,false
/home/alison/jsoup-quality-analysis/work/jsoup/src/main/java/org/jsoup/nodes/LeafNode.java,org.jsoup.nodes.LeafNode,doSetBaseUri/1[java.lang.String],false,85,0,0,0,0,1,0,2,0,0,1,0,0,0,0,0,0,0,0,0,0,0,0,0,0,0,5,4,0,false
/home/alison/jsoup-quality-analysis/work/jsoup/src/main/java/org/jsoup/nodes/LeafNode.java,org.jsoup.nodes.LeafNode,hasAttr/1[java.lang.String],false,62,1,1,0,1,1,2,4,1,0,1,2,1,2,0,0,0,0,0,0,0,0,0,0,0,0,5,1,0,false
/home/alison/jsoup-quality-analysis/work/jsoup/src/main/java/org/jsoup/nodes/LeafNode.java,org.jsoup.nodes.LeafNode,coreValue/1[java.lang.String],false,37,2,4,2,2,1,2,3,0,0,1,2,1,3,0,0,0,0,0,0,0,0,0,0,0,0,6,0,0,false
/home/alison/jsoup-quality-analysis/work/jsoup/src/main/java/org/jsoup/nodes/LeafNode.java,org.jsoup.nodes.LeafNode,baseUri/0,false,80,1,4,1,3,2,3,3,1,0,0,3,0,0,0,0,0,0,1,0,0,0,0,0,0,0,5,1,0,false
/home/alison/jsoup-quality-analysis/work/jsoup/src/main/java/org/jsoup/parser/TokeniserState.java,org.jsoup.parser.TokeniserState$Anonymous28,"read/2[org.jsoup.parser.Tokeniser,org.jsoup.parser.CharacterReader]",false,449,3,54,0,54,1,1,3,0,0,2,1,0,0,0,0,0,0,0,0,0,0,0,0,0,0,8,0,0,false
/home/alison/jsoup-quality-analysis/work/jsoup/src/main/java/org/jsoup/parser/TokeniserState.java,org.jsoup.parser.TokeniserState$Anonymous29,"read/2[org.jsoup.parser.Tokeniser,org.jsoup.parser.CharacterReader]",false,454,2,54,0,54,5,9,20,0,2,2,9,0,0,0,0,0,0,0,0,2,0,1,0,0,0,14,0,1,false
/home/alison/jsoup-quality-analysis/work/jsoup/src/main/java/org/jsoup/select/Selector.java,org.jsoup.select.Selector,Selector/0,true,79,0,0,0,0,1,0,2,0,0,0,0,0,0,0,0,0,0,0,0,0,0,0,0,0,0,1,2,0,false
/home/alison/jsoup-quality-analysis/work/jsoup/src/main/java/org/jsoup/select/Selector.java,org.jsoup.select.Selector,"select/2[java.lang.String,org.jsoup.nodes.Element]",false,89,5,4,1,3,1,3,4,1,0,2,3,1,1,0,0,0,0,0,0,0,0,0,0,0,0,20,9,0,true
/home/alison/jsoup-quality-analysis/work/jsoup/src/main/java/org/jsoup/select/Selector.java,org.jsoup.select.Selector,"select/2[java.lang.String,java.lang.Iterable<org.jsoup.nodes.Element>]",false,114,6,7,2,5,4,7,17,1,4,2,7,1,1,2,0,0,0,0,0,4,0,3,0,0,0,22,9,0,true
/home/alison/jsoup-quality-analysis/work/jsoup/src/main/java/org/jsoup/select/Selector.java,org.jsoup.select.Selector,"selectFirst/2[java.lang.String,org.jsoup.nodes.Element]",false,157,4,4,1,3,1,3,4,1,0,2,3,0,0,0,0,0,0,0,0,0,0,0,0,0,0,21,9,0,true
/home/alison/jsoup-quality-analysis/work/jsoup/src/main/java/org/jsoup/select/Selector.java,org.jsoup.select.Selector,"filterOut/2[java.util.Collection<org.jsoup.nodes.Element>,java.util.Collection<org.jsoup.nodes.Element>]",false,135,3,3,1,2,5,2,14,1,2,2,2,0,0,2,0,0,0,0,0,3,0,3,0,0,0,12,8,0,false
/home/alison/jsoup-quality-analysis/work/jsoup/src/main/java/org/jsoup/select/Selector.java,org.jsoup.select.Selector,"select/2[org.jsoup.select.Evaluator,org.jsoup.nodes.Element]",false,101,5,4,2,2,1,2,5,1,0,2,2,0,0,0,0,0,0,0,0,0,0,0,0,0,0,17,9,0,true
/home/alison/jsoup-quality-analysis/work/jsoup/src/main/java/org/jsoup/select/Evaluator.java,org.jsoup.select.Evaluator$AttributeWithValueEnding,"AttributeWithValueEnding/2[java.lang.String,java.lang.String]",true,239,0,2,2,0,1,0,3,0,0,2,0,0,0,0,0,0,0,0,0,0,0,0,0,0,0,5,1,0,false
/home/alison/jsoup-quality-analysis/work/jsoup/src/main/java/org/jsoup/select/Evaluator.java,org.jsoup.select.Evaluator$AttributeWithValueEnding,"matches/2[org.jsoup.nodes.Element,org.jsoup.nodes.Element]",false,244,3,3,0,3,1,4,3,1,0,2,4,0,0,0,0,0,0,0,0,0,0,0,0,0,0,7,1,0,false
/home/alison/jsoup-quality-analysis/work/jsoup/src/main/java/org/jsoup/select/Evaluator.java,org.jsoup.select.Evaluator$AttributeWithValueEnding,toString/0,false,249,0,0,0,0,1,1,3,1,0,0,1,0,0,0,0,0,0,1,0,0,0,0,0,0,0,2,1,0,false
/home/alison/jsoup-quality-analysis/work/jsoup/src/main/java/org/jsoup/select/StructuralEvaluator.java,org.jsoup.select.StructuralEvaluator$ImmediatePreviousSibling,ImmediatePreviousSibling/1[org.jsoup.select.Evaluator],true,123,1,1,1,0,1,0,3,0,0,1,0,0,0,0,0,0,0,0,0,1,0,0,0,0,0,5,1,0,false
/home/alison/jsoup-quality-analysis/work/jsoup/src/main/java/org/jsoup/select/StructuralEvaluator.java,org.jsoup.select.StructuralEvaluator$ImmediatePreviousSibling,toString/0,false,136,0,0,0,0,1,1,3,1,0,0,1,0,0,0,0,0,0,1,0,0,0,0,0,0,0,2,1,0,false
/home/alison/jsoup-quality-analysis/work/jsoup/src/main/java/org/jsoup/select/StructuralEvaluator.java,org.jsoup.select.StructuralEvaluator$ImmediatePreviousSibling,"matches/2[org.jsoup.nodes.Element,org.jsoup.nodes.Element]",false,127,2,2,0,2,3,2,5,2,1,2,2,0,0,0,2,0,0,0,0,1,0,1,0,0,0,7,1,0,false
/home/alison/jsoup-quality-analysis/work/jsoup/src/main/java/org/jsoup/select/Collector.java,org.jsoup.select.Collector$FirstFinder,"tail/2[org.jsoup.nodes.Node,int]",false,84,2,0,0,0,1,0,3,1,0,2,0,0,0,0,0,0,0,0,0,0,0,0,0,0,0,12,1,0,false
/home/alison/jsoup-quality-analysis/work/jsoup/src/main/java/org/jsoup/select/Collector.java,org.jsoup.select.Collector$FirstFinder,"head/2[org.jsoup.nodes.Node,int]",false,72,4,1,0,1,3,1,10,2,1,2,1,0,0,0,0,0,0,0,0,2,0,2,0,0,0,18,1,0,false
/home/alison/jsoup-quality-analysis/work/jsoup/src/main/java/org/jsoup/select/Collector.java,org.jsoup.select.Collector$FirstFinder,"FirstFinder/2[org.jsoup.nodes.Element,org.jsoup.select.Evaluator]",true,66,2,1,1,0,1,0,4,0,0,2,0,0,0,0,0,0,0,0,0,2,0,0,0,0,0,5,0,0,false
/home/alison/jsoup-quality-analysis/work/jsoup/src/main/java/org/jsoup/parser/TokeniserState.java,org.jsoup.parser.TokeniserState$Anonymous30,"read/2[org.jsoup.parser.Tokeniser,org.jsoup.parser.CharacterReader]",false,481,2,54,0,54,5,5,20,0,1,2,5,0,0,0,0,0,0,0,0,1,0,1,0,0,0,13,0,1,false
/home/alison/jsoup-quality-analysis/work/jsoup/src/main/java/org/jsoup/helper/HttpConnection.java,org.jsoup.helper.HttpConnection$KeyVal,toString/0,false,1199,0,0,0,0,1,0,3,1,0,0,0,0,0,0,0,0,0,1,0,0,1,0,0,0,0,4,1,0,false
/home/alison/jsoup-quality-analysis/work/jsoup/src/main/java/org/jsoup/helper/HttpConnection.java,org.jsoup.helper.HttpConnection$KeyVal,KeyVal/0,true,1150,0,2,2,0,1,0,2,0,0,0,0,0,0,0,0,0,0,0,0,0,0,0,0,0,0,2,2,0,false
/home/alison/jsoup-quality-analysis/work/jsoup/src/main/java/org/jsoup/helper/HttpConnection.java,org.jsoup.helper.HttpConnection$KeyVal,value/1[java.lang.String],false,1162,2,3,2,1,1,1,5,1,0,1,1,0,0,0,0,0,0,1,0,1,0,0,0,0,0,6,1,0,false
/home/alison/jsoup-quality-analysis/work/jsoup/src/main/java/org/jsoup/helper/HttpConnection.java,org.jsoup.helper.HttpConnection$KeyVal,contentType/0,false,1194,0,0,0,0,1,0,3,1,0,0,0,0,0,0,0,0,0,0,0,0,0,0,0,0,0,2,1,0,false
/home/alison/jsoup-quality-analysis/work/jsoup/src/main/java/org/jsoup/helper/HttpConnection.java,org.jsoup.helper.HttpConnection$KeyVal,hasInputStream/0,false,1182,0,0,0,0,2,0,3,1,0,0,0,0,0,0,1,0,0,0,0,0,0,0,0,0,0,5,1,0,false
/home/alison/jsoup-quality-analysis/work/jsoup/src/main/java/org/jsoup/helper/HttpConnection.java,org.jsoup.helper.HttpConnection$KeyVal,contentType/1[java.lang.String],false,1187,3,2,1,1,1,1,5,1,0,1,1,0,0,0,0,0,0,0,0,1,0,0,0,0,0,2,1,0,false
/home/alison/jsoup-quality-analysis/work/jsoup/src/main/java/org/jsoup/helper/HttpConnection.java,org.jsoup.helper.HttpConnection$KeyVal,value/0,false,1168,0,0,0,0,1,0,3,1,0,0,0,0,0,0,0,0,0,0,0,0,0,0,0,0,0,1,1,0,false
/home/alison/jsoup-quality-analysis/work/jsoup/src/main/java/org/jsoup/helper/HttpConnection.java,org.jsoup.helper.HttpConnection$KeyVal,key/1[java.lang.String],false,1152,2,3,2,1,1,1,5,1,0,1,1,0,0,0,0,0,0,1,0,1,0,0,0,0,0,6,1,0,false
/home/alison/jsoup-quality-analysis/work/jsoup/src/main/java/org/jsoup/helper/HttpConnection.java,org.jsoup.helper.HttpConnection$KeyVal,"create/2[java.lang.String,java.lang.String]",false,1142,1,7,4,3,1,2,3,1,0,2,2,2,1,0,0,0,0,0,0,0,0,0,0,0,0,5,9,0,false
/home/alison/jsoup-quality-analysis/work/jsoup/src/main/java/org/jsoup/helper/HttpConnection.java,org.jsoup.helper.HttpConnection$KeyVal,key/0,false,1158,0,0,0,0,1,0,3,1,0,0,0,0,0,0,0,0,0,0,0,0,0,0,0,0,0,1,1,0,false
/home/alison/jsoup-quality-analysis/work/jsoup/src/main/java/org/jsoup/helper/HttpConnection.java,org.jsoup.helper.HttpConnection$KeyVal,inputStream/1[java.io.InputStream],false,1172,2,2,1,1,1,1,5,1,0,1,1,0,0,0,0,0,0,1,0,1,0,0,0,0,0,9,1,0,false
/home/alison/jsoup-quality-analysis/work/jsoup/src/main/java/org/jsoup/helper/HttpConnection.java,org.jsoup.helper.HttpConnection$KeyVal,inputStream/0,false,1178,0,0,0,0,1,0,3,1,0,0,0,0,0,0,0,0,0,0,0,0,0,0,0,0,0,4,1,0,false
/home/alison/jsoup-quality-analysis/work/jsoup/src/main/java/org/jsoup/helper/HttpConnection.java,org.jsoup.helper.HttpConnection$KeyVal,"create/3[java.lang.String,java.lang.String,java.io.InputStream]",false,1146,1,6,2,4,1,3,3,1,0,3,3,3,1,0,0,0,0,0,0,0,0,0,0,0,0,6,9,0,false
/home/alison/jsoup-quality-analysis/work/jsoup/src/main/java/org/jsoup/parser/HtmlTreeBuilderState.java,org.jsoup.parser.HtmlTreeBuilderState$Anonymous5,"anythingElse/2[org.jsoup.parser.Token,org.jsoup.parser.HtmlTreeBuilder]",false,194,3,15,1,14,1,4,5,1,0,2,4,0,0,0,0,0,0,0,0,0,0,0,0,0,0,5,2,1,false
/home/alison/jsoup-quality-analysis/work/jsoup/src/main/java/org/jsoup/parser/HtmlTreeBuilderState.java,org.jsoup.parser.HtmlTreeBuilderState$Anonymous5,"process/2[org.jsoup.parser.Token,org.jsoup.parser.HtmlTreeBuilder]",false,172,6,125,0,125,15,15,26,6,0,2,15,1,1,0,0,0,2,11,0,0,0,1,0,0,0,12,0,2,false
/home/alison/jsoup-quality-analysis/work/jsoup/src/main/java/org/jsoup/parser/TokeniserState.java,org.jsoup.parser.TokeniserState$Anonymous35,"read/2[org.jsoup.parser.Tokeniser,org.jsoup.parser.CharacterReader]",false,602,3,54,0,54,14,8,26,0,2,2,8,0,0,0,0,0,0,0,0,2,0,1,0,0,0,20,0,2,false
/home/alison/jsoup-quality-analysis/work/jsoup/src/main/java/org/jsoup/safety/Whitelist.java,org.jsoup.safety.Whitelist$Protocol,valueOf/1[java.lang.String],false,605,1,3,2,1,1,0,3,1,0,1,0,0,0,0,0,0,0,0,0,0,0,0,0,0,0,3,8,0,false
/home/alison/jsoup-quality-analysis/work/jsoup/src/main/java/org/jsoup/safety/Whitelist.java,org.jsoup.safety.Whitelist$Protocol,Protocol/1[java.lang.String],true,601,0,1,1,0,1,0,3,0,0,1,0,0,0,0,0,0,0,0,0,0,0,0,0,0,0,2,0,0,false
/home/alison/jsoup-quality-analysis/work/jsoup/src/main/java/org/jsoup/parser/HtmlTreeBuilderState.java,org.jsoup.parser.HtmlTreeBuilderState$Anonymous4,"anythingElse/2[org.jsoup.parser.Token,org.jsoup.parser.TreeBuilder]",false,166,2,3,1,2,1,2,4,1,0,2,2,0,0,0,0,0,0,1,0,0,0,0,0,0,0,5,2,0,false
/home/alison/jsoup-quality-analysis/work/jsoup/src/main/java/org/jsoup/parser/HtmlTreeBuilderState.java,org.jsoup.parser.HtmlTreeBuilderState$Anonymous4,"process/2[org.jsoup.parser.Token,org.jsoup.parser.HtmlTreeBuilder]",false,100,11,125,0,125,18,23,64,9,5,2,23,1,1,0,0,0,0,19,0,6,0,3,0,0,0,25,0,3,false
/home/alison/jsoup-quality-analysis/work/jsoup/src/main/java/org/jsoup/parser/TokeniserState.java,org.jsoup.parser.TokeniserState$Anonymous36,"read/2[org.jsoup.parser.Tokeniser,org.jsoup.parser.CharacterReader]",false,645,3,54,0,54,14,8,28,0,1,2,8,0,0,0,0,0,0,0,0,1,0,1,0,0,0,15,0,2,false
/home/alison/jsoup-quality-analysis/work/jsoup/src/main/java/org/jsoup/parser/HtmlTreeBuilderState.java,org.jsoup.parser.HtmlTreeBuilderState$Anonymous7,"anyOtherEndTag/2[org.jsoup.parser.Token,org.jsoup.parser.HtmlTreeBuilder]",false,767,4,9,1,8,5,11,20,2,4,2,11,0,0,1,0,0,0,0,2,4,1,3,0,0,0,13,0,2,false
/home/alison/jsoup-quality-analysis/work/jsoup/src/main/java/org/jsoup/parser/HtmlTreeBuilderState.java,org.jsoup.parser.HtmlTreeBuilderState$Anonymous7,"process/2[org.jsoup.parser.Token,org.jsoup.parser.HtmlTreeBuilder]",false,252,18,125,0,125,149,89,499,28,41,2,89,1,1,10,19,0,2,90,23,48,4,5,0,0,0,77,0,32,false
/home/alison/jsoup-quality-analysis/work/jsoup/src/main/java/org/jsoup/parser/TokeniserState.java,org.jsoup.parser.TokeniserState$Anonymous37,"read/2[org.jsoup.parser.Tokeniser,org.jsoup.parser.CharacterReader]",false,690,3,54,0,54,15,7,31,0,1,2,7,0,0,0,0,0,0,0,0,1,0,1,0,0,0,13,0,3,false
/home/alison/jsoup-quality-analysis/work/jsoup/src/main/java/org/jsoup/parser/HtmlTreeBuilderState.java,org.jsoup.parser.HtmlTreeBuilderState$Anonymous6,"process/2[org.jsoup.parser.Token,org.jsoup.parser.HtmlTreeBuilder]",false,201,8,125,0,125,12,23,54,4,3,2,23,1,1,0,0,0,0,15,0,3,0,2,0,0,0,18,0,4,false
/home/alison/jsoup-quality-analysis/work/jsoup/src/main/java/org/jsoup/parser/HtmlTreeBuilderState.java,org.jsoup.parser.HtmlTreeBuilderState$Anonymous6,"anythingElse/2[org.jsoup.parser.Token,org.jsoup.parser.HtmlTreeBuilder]",false,245,3,15,1,14,1,3,5,1,0,2,3,0,0,0,0,0,0,1,0,0,0,0,0,0,0,6,2,0,false
/home/alison/jsoup-quality-analysis/work/jsoup/src/main/java/org/jsoup/parser/TokeniserState.java,org.jsoup.parser.TokeniserState$Anonymous38,"read/2[org.jsoup.parser.Tokeniser,org.jsoup.parser.CharacterReader]",false,739,4,54,0,54,7,11,21,0,3,2,11,0,0,0,1,0,0,0,1,3,0,2,0,0,0,18,0,1,false
/home/alison/jsoup-quality-analysis/work/jsoup/src/main/java/org/jsoup/parser/HtmlTreeBuilderState.java,org.jsoup.parser.HtmlTreeBuilderState$Anonymous1,"process/2[org.jsoup.parser.Token,org.jsoup.parser.HtmlTreeBuilder]",false,18,8,125,0,125,5,18,21,3,2,2,18,0,0,0,0,0,0,0,0,2,0,2,0,0,0,13,0,0,false
/home/alison/jsoup-quality-analysis/work/jsoup/src/main/java/org/jsoup/parser/TokeniserState.java,org.jsoup.parser.TokeniserState$Anonymous31,"read/2[org.jsoup.parser.Tokeniser,org.jsoup.parser.CharacterReader]",false,508,2,54,0,54,6,5,22,0,1,2,5,0,0,0,0,0,0,0,0,1,0,1,0,0,0,12,0,1,false
/home/alison/jsoup-quality-analysis/work/jsoup/src/main/java/org/jsoup/parser/TokeniserState.java,org.jsoup.parser.TokeniserState$Anonymous32,"read/2[org.jsoup.parser.Tokeniser,org.jsoup.parser.CharacterReader]",false,538,2,54,0,54,2,5,10,0,0,2,5,0,0,0,0,0,0,0,0,0,0,1,0,0,0,9,0,0,false
/home/alison/jsoup-quality-analysis/work/jsoup/src/main/java/org/jsoup/parser/HtmlTreeBuilderState.java,org.jsoup.parser.HtmlTreeBuilderState$Anonymous3,"process/2[org.jsoup.parser.Token,org.jsoup.parser.HtmlTreeBuilder]",false,72,7,125,0,125,11,19,33,7,1,2,19,0,0,0,0,0,1,8,0,1,0,1,0,0,0,12,0,2,false
/home/alison/jsoup-quality-analysis/work/jsoup/src/main/java/org/jsoup/parser/TokeniserState.java,org.jsoup.parser.TokeniserState$Anonymous33,"read/2[org.jsoup.parser.Tokeniser,org.jsoup.parser.CharacterReader]",false,549,3,54,0,54,1,1,3,0,0,2,1,0,0,0,0,0,0,0,0,0,0,0,0,0,0,8,0,0,false
/home/alison/jsoup-quality-analysis/work/jsoup/src/main/java/org/jsoup/parser/HtmlTreeBuilderState.java,org.jsoup.parser.HtmlTreeBuilderState$Anonymous2,"process/2[org.jsoup.parser.Token,org.jsoup.parser.HtmlTreeBuilder]",false,43,6,125,0,125,9,16,27,6,0,2,16,1,1,0,0,0,1,5,0,0,0,1,0,0,0,12,0,2,false
/home/alison/jsoup-quality-analysis/work/jsoup/src/main/java/org/jsoup/parser/HtmlTreeBuilderState.java,org.jsoup.parser.HtmlTreeBuilderState$Anonymous2,"anythingElse/2[org.jsoup.parser.Token,org.jsoup.parser.HtmlTreeBuilder]",false,65,2,15,1,14,1,3,5,1,0,2,3,0,0,0,0,0,0,1,0,0,0,0,0,0,0,7,2,0,false
/home/alison/jsoup-quality-analysis/work/jsoup/src/main/java/org/jsoup/parser/TokeniserState.java,org.jsoup.parser.TokeniserState$Anonymous34,"read/2[org.jsoup.parser.Tokeniser,org.jsoup.parser.CharacterReader]",false,555,3,54,0,54,14,8,29,0,1,2,8,0,0,0,0,0,0,0,0,1,0,1,0,0,0,11,0,3,false
/home/alison/jsoup-quality-analysis/work/jsoup/src/main/java/org/jsoup/parser/HtmlTreeBuilderState.java,org.jsoup.parser.HtmlTreeBuilderState$Anonymous9,"process/2[org.jsoup.parser.Token,org.jsoup.parser.HtmlTreeBuilder]",false,808,10,125,0,125,23,35,98,17,5,2,35,1,1,0,1,0,0,33,0,5,0,4,0,0,0,21,0,6,false
/home/alison/jsoup-quality-analysis/work/jsoup/src/main/java/org/jsoup/parser/HtmlTreeBuilderState.java,org.jsoup.parser.HtmlTreeBuilderState$Anonymous9,"anythingElse/2[org.jsoup.parser.Token,org.jsoup.parser.HtmlTreeBuilder]",false,894,5,15,1,14,2,6,13,1,1,2,6,0,0,0,0,0,0,5,0,2,0,1,0,0,0,7,0,1,false
/home/alison/jsoup-quality-analysis/work/jsoup/src/main/java/org/jsoup/parser/TokeniserState.java,org.jsoup.parser.TokeniserState$Anonymous39,"read/2[org.jsoup.parser.Tokeniser,org.jsoup.parser.CharacterReader]",false,772,4,54,0,54,7,11,21,0,3,2,11,0,0,0,1,0,0,0,1,3,0,2,0,0,0,18,0,1,false
/home/alison/jsoup-quality-analysis/work/jsoup/src/main/java/org/jsoup/parser/HtmlTreeBuilderState.java,org.jsoup.parser.HtmlTreeBuilderState$Anonymous8,"process/2[org.jsoup.parser.Token,org.jsoup.parser.HtmlTreeBuilder]",false,790,2,125,0,125,4,10,16,2,0,2,10,0,0,0,0,0,0,0,0,0,0,1,0,0,0,5,0,1,false
/home/alison/jsoup-quality-analysis/work/jsoup/src/main/java/org/jsoup/nodes/Node.java,org.jsoup.nodes.Node,"addSiblingHtml/2[int,java.lang.String]",false,330,5,8,2,6,2,7,7,0,2,2,7,3,6,0,0,0,0,0,1,2,0,0,0,0,0,10,2,0,false
/home/alison/jsoup-quality-analysis/work/jsoup/src/main/java/org/jsoup/nodes/Node.java,org.jsoup.nodes.Node,hasSameValue/1[java.lang.Object],false,629,1,1,0,1,4,3,5,3,0,1,3,1,2,0,3,0,1,0,0,0,0,1,0,0,0,37,1,0,true
/home/alison/jsoup-quality-analysis/work/jsoup/src/main/java/org/jsoup/nodes/Node.java,org.jsoup.nodes.Node,replaceWith/1[org.jsoup.nodes.Node],false,411,2,3,1,2,1,2,5,0,0,1,2,1,4,0,0,0,0,0,0,0,0,0,0,0,0,16,1,0,true
/home/alison/jsoup-quality-analysis/work/jsoup/src/main/java/org/jsoup/nodes/Node.java,org.jsoup.nodes.Node,Node/0,true,25,0,0,0,0,1,0,2,0,0,0,0,0,0,0,0,0,0,0,0,0,0,0,0,0,0,8,4,0,true
/home/alison/jsoup-quality-analysis/work/jsoup/src/main/java/org/jsoup/nodes/Node.java,org.jsoup.nodes.Node,childNodes/0,false,208,1,7,6,1,1,2,3,1,0,0,2,1,1,0,0,0,0,0,0,0,0,0,0,0,0,23,1,0,true
/home/alison/jsoup-quality-analysis/work/jsoup/src/main/java/org/jsoup/nodes/Node.java,org.jsoup.nodes.Node,"replaceChild/2[org.jsoup.nodes.Node,org.jsoup.nodes.Node]",false,424,2,7,2,5,3,6,10,0,1,2,6,3,3,0,2,0,0,0,0,3,0,1,0,0,0,8,4,0,false
/home/alison/jsoup-quality-analysis/work/jsoup/src/main/java/org/jsoup/nodes/Node.java,org.jsoup.nodes.Node,parentNode/0,false,248,1,2,2,0,1,0,3,1,0,0,0,0,0,0,0,0,0,0,0,0,0,0,0,0,0,18,17,0,true
/home/alison/jsoup-quality-analysis/work/jsoup/src/main/java/org/jsoup/nodes/Node.java,org.jsoup.nodes.Node,absUrl/1[java.lang.String],false,182,3,12,7,5,2,5,9,2,0,1,5,3,3,0,0,0,0,1,0,0,0,1,0,0,0,65,1,0,true
/home/alison/jsoup-quality-analysis/work/jsoup/src/main/java/org/jsoup/nodes/Node.java,org.jsoup.nodes.Node,outerHtml/1[java.lang.Appendable],false,574,3,6,3,3,1,2,3,0,0,1,2,0,0,0,0,0,0,0,0,0,0,0,0,0,0,6,4,0,false
/home/alison/jsoup-quality-analysis/work/jsoup/src/main/java/org/jsoup/nodes/Node.java,org.jsoup.nodes.Node,before/1[java.lang.String],false,286,1,1,0,1,1,1,4,1,0,1,1,1,7,0,0,0,0,0,0,0,0,0,0,0,0,23,1,0,true
/home/alison/jsoup-quality-analysis/work/jsoup/src/main/java/org/jsoup/nodes/Node.java,org.jsoup.nodes.Node,unwrap/0,false,385,2,6,1,5,2,7,8,1,2,0,7,4,7,0,0,0,0,0,2,2,0,0,0,0,0,48,1,0,true
/home/alison/jsoup-quality-analysis/work/jsoup/src/main/java/org/jsoup/nodes/Node.java,org.jsoup.nodes.Node,root/0,false,256,1,2,2,0,2,0,5,1,1,0,0,0,0,1,1,0,0,0,0,2,0,1,0,0,0,13,1,0,true
/home/alison/jsoup-quality-analysis/work/jsoup/src/main/java/org/jsoup/nodes/Node.java,org.jsoup.nodes.Node,clearAttributes/0,false,121,3,2,0,2,2,5,8,1,1,0,5,1,1,1,0,0,0,0,0,1,0,1,0,0,0,12,1,0,true
/home/alison/jsoup-quality-analysis/work/jsoup/src/main/java/org/jsoup/nodes/Node.java,org.jsoup.nodes.Node,reparentChild/1[org.jsoup.nodes.Node],false,467,1,4,3,1,1,1,3,0,0,1,1,1,4,0,0,0,0,0,0,0,0,0,0,0,0,4,4,0,false
/home/alison/jsoup-quality-analysis/work/jsoup/src/main/java/org/jsoup/nodes/Node.java,org.jsoup.nodes.Node,previousSibling/0,false,516,1,1,0,1,3,2,5,3,0,0,2,1,1,0,1,0,0,0,2,0,1,1,0,0,0,12,1,0,true
/home/alison/jsoup-quality-analysis/work/jsoup/src/main/java/org/jsoup/nodes/Node.java,org.jsoup.nodes.Node,removeChild/1[org.jsoup.nodes.Node],false,437,2,8,5,3,2,4,7,0,1,1,4,2,2,0,1,0,0,0,0,2,0,0,0,0,0,10,4,0,false
/home/alison/jsoup-quality-analysis/work/jsoup/src/main/java/org/jsoup/nodes/Node.java,org.jsoup.nodes.Node,hasAttributes/0,false,34,0,1,1,0,1,0,1,0,0,0,0,0,0,0,0,0,0,0,0,0,0,0,0,0,0,6,1028,0,true
/home/alison/jsoup-quality-analysis/work/jsoup/src/main/java/org/jsoup/nodes/Node.java,org.jsoup.nodes.Node,"indent/3[java.lang.Appendable,int,org.jsoup.nodes.Document.OutputSettings]",false,607,2,6,4,2,1,4,3,0,0,3,4,0,0,0,0,0,0,0,0,0,1,0,0,0,0,7,4,0,false
/home/alison/jsoup-quality-analysis/work/jsoup/src/main/java/org/jsoup/nodes/Node.java,org.jsoup.nodes.Node,before/1[org.jsoup.nodes.Node],false,297,2,2,0,2,1,2,6,1,0,1,2,1,6,0,0,0,0,0,0,0,0,0,0,0,0,18,1,0,true
/home/alison/jsoup-quality-analysis/work/jsoup/src/main/java/org/jsoup/nodes/Node.java,org.jsoup.nodes.Node,siblingNodes/0,false,484,1,2,1,1,4,4,7,2,2,0,4,1,1,1,2,0,0,0,1,2,1,2,0,0,0,26,1,0,true
/home/alison/jsoup-quality-analysis/work/jsoup/src/main/java/org/jsoup/nodes/Node.java,org.jsoup.nodes.Node,filter/1[org.jsoup.select.NodeFilter],false,556,4,2,0,2,1,2,5,1,0,1,2,0,0,0,0,0,0,0,0,0,0,0,0,0,0,19,1,0,true
/home/alison/jsoup-quality-analysis/work/jsoup/src/main/java/org/jsoup/nodes/Node.java,org.jsoup.nodes.Node,ownerDocument/0,false,267,2,4,3,1,2,1,4,1,1,0,1,1,1,0,0,0,1,0,0,1,0,0,0,0,0,14,1,0,true
/home/alison/jsoup-quality-analysis/work/jsoup/src/main/java/org/jsoup/nodes/Node.java,org.jsoup.nodes.Node,removeAttr/1[java.lang.String],false,111,3,4,1,3,1,3,5,1,0,1,3,1,1,0,0,0,0,0,0,0,0,0,0,0,0,12,1,0,true
/home/alison/jsoup-quality-analysis/work/jsoup/src/main/java/org/jsoup/nodes/Node.java,org.jsoup.nodes.Node,setSiblingIndex/1[int],false,536,0,4,4,0,1,0,3,0,0,1,0,0,0,0,0,0,0,0,0,1,0,0,0,0,0,4,4,0,false
/home/alison/jsoup-quality-analysis/work/jsoup/src/main/java/org/jsoup/nodes/Node.java,org.jsoup.nodes.Node,addChildren/1[org.jsoup.nodes.Node[]],false,445,1,5,2,3,2,5,8,0,1,1,5,3,5,1,0,0,0,0,1,1,1,1,0,0,0,10,4,0,false
/home/alison/jsoup-quality-analysis/work/jsoup/src/main/java/org/jsoup/nodes/Node.java,org.jsoup.nodes.Node,attr/1[java.lang.String],false,58,3,22,17,5,4,8,8,4,1,1,8,3,3,0,0,0,0,3,1,1,0,2,0,0,0,50,1,0,true
/home/alison/jsoup-quality-analysis/work/jsoup/src/main/java/org/jsoup/nodes/Node.java,org.jsoup.nodes.Node,reindexChildren/1[int],false,471,1,4,2,2,2,4,6,0,2,1,4,2,1,1,0,0,0,0,0,2,0,1,0,0,0,8,2,0,false
/home/alison/jsoup-quality-analysis/work/jsoup/src/main/java/org/jsoup/nodes/Node.java,org.jsoup.nodes.Node,attributes/0,false,71,1,6,6,0,1,0,1,0,0,0,0,0,0,0,0,0,0,0,0,0,0,0,0,0,0,17,1025,0,true
/home/alison/jsoup-quality-analysis/work/jsoup/src/main/java/org/jsoup/nodes/Node.java,org.jsoup.nodes.Node,"attr/2[java.lang.String,java.lang.String]",false,84,5,5,0,5,1,5,5,1,0,2,5,1,1,0,0,0,0,0,0,1,0,0,0,0,0,27,1,0,true
/home/alison/jsoup-quality-analysis/work/jsoup/src/main/java/org/jsoup/nodes/Node.java,org.jsoup.nodes.Node,nextSibling/0,false,500,1,4,3,1,3,3,7,3,2,0,3,1,1,0,1,0,0,0,1,2,1,1,0,0,0,14,1,0,true
/home/alison/jsoup-quality-analysis/work/jsoup/src/main/java/org/jsoup/nodes/Node.java,org.jsoup.nodes.Node,shallowClone/0,false,674,1,1,0,1,1,1,3,1,0,0,1,1,1,0,0,0,0,0,0,0,0,0,0,0,0,26,1,0,true
/home/alison/jsoup-quality-analysis/work/jsoup/src/main/java/org/jsoup/nodes/Node.java,org.jsoup.nodes.Node,doSetBaseUri/1[java.lang.String],false,136,0,1,1,0,1,0,1,0,0,1,0,0,0,0,0,0,0,0,0,0,0,0,0,0,0,16,1028,0,true
/home/alison/jsoup-quality-analysis/work/jsoup/src/main/java/org/jsoup/nodes/Node.java,org.jsoup.nodes.Node,"addChildren/2[int,org.jsoup.nodes.Node[]]",false,456,2,13,9,4,2,6,9,0,1,2,6,3,5,1,0,0,0,0,0,1,0,1,0,0,0,12,4,0,false
/home/alison/jsoup-quality-analysis/work/jsoup/src/main/java/org/jsoup/nodes/Node.java,org.jsoup.nodes.Node,nodeName/0,false,28,0,11,11,0,1,0,1,0,0,0,0,0,0,0,0,0,0,0,0,0,0,0,0,0,0,14,1025,0,true
/home/alison/jsoup-quality-analysis/work/jsoup/src/main/java/org/jsoup/nodes/Node.java,org.jsoup.nodes.Node,childNode/1[int],false,199,1,5,4,1,1,2,3,1,0,1,2,1,1,0,0,0,0,0,0,0,0,0,0,0,0,23,1,0,true
/home/alison/jsoup-quality-analysis/work/jsoup/src/main/java/org/jsoup/nodes/Node.java,org.jsoup.nodes.Node,outerHtml/0,false,568,2,10,7,3,1,3,5,1,1,0,3,1,1,0,0,0,0,0,0,1,0,0,0,0,0,17,1,0,true
/home/alison/jsoup-quality-analysis/work/jsoup/src/main/java/org/jsoup/nodes/Node.java,org.jsoup.nodes.Node,baseUri/0,false,130,0,4,4,0,1,0,1,0,0,0,0,0,0,0,0,0,0,0,0,0,0,0,0,0,0,8,1025,0,true
/home/alison/jsoup-quality-analysis/work/jsoup/src/main/java/org/jsoup/nodes/Node.java,org.jsoup.nodes.Node,toString/0,false,603,1,1,0,1,1,1,3,1,0,0,1,1,2,0,0,0,0,0,0,0,0,0,0,0,0,5,1,0,true
/home/alison/jsoup-quality-analysis/work/jsoup/src/main/java/org/jsoup/nodes/Node.java,org.jsoup.nodes.Node,setParentNode/1[org.jsoup.nodes.Node],false,417,2,3,1,2,2,2,5,0,0,1,2,1,3,0,1,0,0,0,0,1,0,1,0,0,0,5,4,0,false
/home/alison/jsoup-quality-analysis/work/jsoup/src/main/java/org/jsoup/nodes/Node.java,org.jsoup.nodes.Node,"outerHtmlTail/3[java.lang.Appendable,int,org.jsoup.nodes.Document.OutputSettings]",false,585,1,1,1,0,1,0,1,0,0,3,0,0,0,0,0,0,0,0,0,0,0,0,0,0,0,8,1024,0,false
/home/alison/jsoup-quality-analysis/work/jsoup/src/main/java/org/jsoup/nodes/Node.java,org.jsoup.nodes.Node,childNodesCopy/0,false,217,1,2,0,2,2,4,8,1,2,0,4,2,2,1,0,0,0,0,0,2,0,1,0,0,0,25,1,0,true
/home/alison/jsoup-quality-analysis/work/jsoup/src/main/java/org/jsoup/nodes/Node.java,org.jsoup.nodes.Node,traverse/1[org.jsoup.select.NodeVisitor],false,545,4,3,1,2,1,2,5,1,0,1,2,0,0,0,0,0,0,0,0,0,0,0,0,0,0,20,1,0,true
/home/alison/jsoup-quality-analysis/work/jsoup/src/main/java/org/jsoup/nodes/Node.java,org.jsoup.nodes.Node,html/1[T],false,593,2,1,0,1,1,1,4,1,0,1,1,1,1,0,0,0,0,0,0,0,0,0,0,0,0,16,1,0,true
/home/alison/jsoup-quality-analysis/work/jsoup/src/main/java/org/jsoup/nodes/Node.java,org.jsoup.nodes.Node,clone/0,false,646,1,4,1,3,3,8,16,1,7,0,8,3,1,2,0,0,0,0,1,7,0,2,0,0,0,54,1,0,true
/home/alison/jsoup-quality-analysis/work/jsoup/src/main/java/org/jsoup/nodes/Node.java,org.jsoup.nodes.Node,childNodeSize/0,false,226,0,4,4,0,1,0,1,0,0,0,0,0,0,0,0,0,0,0,0,0,0,0,0,0,0,10,1025,0,true
/home/alison/jsoup-quality-analysis/work/jsoup/src/main/java/org/jsoup/nodes/Node.java,org.jsoup.nodes.Node,hasAttr/1[java.lang.String],false,95,3,18,14,4,4,8,8,2,1,1,8,2,3,0,0,0,0,3,0,1,0,2,0,0,0,18,1,0,true
/home/alison/jsoup-quality-analysis/work/jsoup/src/main/java/org/jsoup/nodes/Node.java,org.jsoup.nodes.Node,after/1[org.jsoup.nodes.Node],false,322,2,2,0,2,1,2,6,1,0,1,2,1,6,0,0,0,0,0,1,0,1,0,0,0,0,19,1,0,true
/home/alison/jsoup-quality-analysis/work/jsoup/src/main/java/org/jsoup/nodes/Node.java,org.jsoup.nodes.Node,remove/0,false,275,2,8,6,2,1,2,4,0,0,0,2,1,3,0,0,0,0,0,0,0,0,0,0,0,0,16,1,0,true
/home/alison/jsoup-quality-analysis/work/jsoup/src/main/java/org/jsoup/nodes/Node.java,org.jsoup.nodes.Node,parent/0,false,240,1,6,6,0,1,0,3,1,0,0,0,0,0,0,0,0,0,0,0,0,0,0,0,0,0,7,1,0,true
/home/alison/jsoup-quality-analysis/work/jsoup/src/main/java/org/jsoup/nodes/Node.java,org.jsoup.nodes.Node,"outerHtmlHead/3[java.lang.Appendable,int,org.jsoup.nodes.Document.OutputSettings]",false,578,1,1,1,0,1,0,1,0,0,3,0,0,0,0,0,0,0,0,0,0,0,0,0,0,0,22,1024,0,true
/home/alison/jsoup-quality-analysis/work/jsoup/src/main/java/org/jsoup/nodes/Node.java,org.jsoup.nodes.Node,ensureChildNodes/0,false,192,1,15,15,0,1,0,1,0,0,0,0,0,0,0,0,0,0,0,0,0,0,0,0,0,0,3,1028,0,false
/home/alison/jsoup-quality-analysis/work/jsoup/src/main/java/org/jsoup/nodes/Node.java,org.jsoup.nodes.Node,doClone/1[org.jsoup.nodes.Node],false,682,1,2,2,0,3,1,12,1,1,1,1,0,0,0,1,1,0,0,1,3,0,1,0,0,0,13,4,0,false
/home/alison/jsoup-quality-analysis/work/jsoup/src/main/java/org/jsoup/nodes/Node.java,org.jsoup.nodes.Node,after/1[java.lang.String],false,311,1,1,0,1,1,1,4,1,0,1,1,1,7,0,0,0,0,0,1,0,1,0,0,0,0,24,1,0,true
/home/alison/jsoup-quality-analysis/work/jsoup/src/main/java/org/jsoup/nodes/Node.java,org.jsoup.nodes.Node,hasParent/0,false,39,0,1,1,0,2,0,3,1,0,0,0,0,0,0,1,0,0,0,0,0,0,0,0,0,0,5,1,0,false
/home/alison/jsoup-quality-analysis/work/jsoup/src/main/java/org/jsoup/nodes/Node.java,org.jsoup.nodes.Node,getDeepChild/1[org.jsoup.nodes.Element],false,395,2,4,2,2,2,4,5,2,1,1,4,1,0,0,0,0,0,0,2,1,0,1,0,0,0,6,2,0,false
/home/alison/jsoup-quality-analysis/work/jsoup/src/main/java/org/jsoup/nodes/Node.java,org.jsoup.nodes.Node,wrap/1[java.lang.String],false,344,5,10,0,10,5,12,19,2,7,1,12,6,6,1,0,0,1,0,3,7,0,2,0,0,0,27,1,0,true
/home/alison/jsoup-quality-analysis/work/jsoup/src/main/java/org/jsoup/nodes/Node.java,org.jsoup.nodes.Node,childNodesAsArray/0,false,232,1,2,1,1,1,2,3,1,0,0,2,1,1,0,0,0,0,0,1,0,0,0,0,0,0,6,4,0,false
/home/alison/jsoup-quality-analysis/work/jsoup/src/main/java/org/jsoup/nodes/Node.java,org.jsoup.nodes.Node,siblingIndex/0,false,532,0,2,2,0,1,0,3,1,0,0,0,0,0,0,0,0,0,0,0,0,0,0,0,0,0,14,1,0,true
/home/alison/jsoup-quality-analysis/work/jsoup/src/main/java/org/jsoup/nodes/Node.java,org.jsoup.nodes.Node,setBaseUri/1[java.lang.String],false,146,3,4,1,3,1,2,11,0,0,1,2,1,1,0,0,0,0,0,0,0,0,0,1,0,0,21,1,0,true
/home/alison/jsoup-quality-analysis/work/jsoup/src/main/java/org/jsoup/nodes/Node.java,org.jsoup.nodes.Node,nodelistChanged/0,false,403,0,0,0,0,1,0,2,0,0,0,0,0,0,0,0,0,0,0,0,0,0,0,0,0,0,2,0,0,false
/home/alison/jsoup-quality-analysis/work/jsoup/src/main/java/org/jsoup/nodes/Node.java,org.jsoup.nodes.Node,equals/1[java.lang.Object],false,618,0,2,2,0,2,0,3,1,0,1,0,0,0,0,1,0,0,0,0,0,0,0,0,0,0,24,1,0,true
/home/alison/jsoup-quality-analysis/work/jsoup/src/main/java/org/jsoup/helper/DataUtil.java,org.jsoup.helper.DataUtil$BomCharset,"BomCharset/2[java.lang.String,boolean]",true,270,0,1,1,0,1,0,4,0,0,2,0,0,0,0,0,0,0,0,0,2,0,0,0,0,0,4,1,0,false
/home/alison/jsoup-quality-analysis/work/jsoup/src/main/java/org/jsoup/parser/HtmlTreeBuilderState.java,org.jsoup.parser.HtmlTreeBuilderState,"handleRcData/2[org.jsoup.parser.Token.StartTag,org.jsoup.parser.HtmlTreeBuilder]",false,1484,3,5,1,4,1,4,6,0,0,2,4,0,0,0,0,0,0,0,0,0,0,0,0,0,0,7,10,0,false
/home/alison/jsoup-quality-analysis/work/jsoup/src/main/java/org/jsoup/parser/HtmlTreeBuilderState.java,org.jsoup.parser.HtmlTreeBuilderState,"process/2[org.jsoup.parser.Token,org.jsoup.parser.HtmlTreeBuilder]",false,1470,2,3,3,0,1,0,1,0,0,2,0,0,0,0,0,0,0,0,0,0,0,0,0,0,0,3,1024,0,false
/home/alison/jsoup-quality-analysis/work/jsoup/src/main/java/org/jsoup/parser/HtmlTreeBuilderState.java,org.jsoup.parser.HtmlTreeBuilderState,isWhitespace/1[java.lang.String],false,1480,1,3,2,1,1,1,3,1,0,1,1,0,0,0,0,0,0,0,0,0,0,0,0,0,0,3,10,0,false
/home/alison/jsoup-quality-analysis/work/jsoup/src/main/java/org/jsoup/parser/HtmlTreeBuilderState.java,org.jsoup.parser.HtmlTreeBuilderState,"handleRawtext/2[org.jsoup.parser.Token.StartTag,org.jsoup.parser.HtmlTreeBuilder]",false,1491,3,5,1,4,1,4,6,0,0,2,4,0,0,0,0,0,0,0,0,0,0,0,0,0,0,6,10,0,false
/home/alison/jsoup-quality-analysis/work/jsoup/src/main/java/org/jsoup/parser/HtmlTreeBuilderState.java,org.jsoup.parser.HtmlTreeBuilderState,isWhitespace/1[org.jsoup.parser.Token],false,1472,3,5,1,4,2,4,7,2,1,1,4,1,1,0,0,0,0,0,0,1,0,1,0,0,0,6,10,0,false
/home/alison/jsoup-quality-analysis/work/jsoup/src/main/java/org/jsoup/select/Evaluator.java,org.jsoup.select.Evaluator$AttributeStarting,AttributeStarting/1[java.lang.String],true,153,2,4,2,2,1,2,4,0,0,1,2,0,0,0,0,0,0,0,0,1,0,0,0,0,0,6,1,0,false
/home/alison/jsoup-quality-analysis/work/jsoup/src/main/java/org/jsoup/select/Evaluator.java,org.jsoup.select.Evaluator$AttributeStarting,"matches/2[org.jsoup.nodes.Element,org.jsoup.nodes.Element]",false,159,4,4,0,4,3,5,7,2,1,2,5,0,0,1,0,0,0,0,0,1,0,2,0,0,0,11,1,0,false
/home/alison/jsoup-quality-analysis/work/jsoup/src/main/java/org/jsoup/select/Evaluator.java,org.jsoup.select.Evaluator$AttributeStarting,toString/0,false,169,0,0,0,0,1,1,3,1,0,0,1,0,0,0,0,0,0,1,0,0,0,0,0,0,0,2,1,0,false
/home/alison/jsoup-quality-analysis/work/jsoup/src/main/java/org/jsoup/parser/TokeniserState.java,org.jsoup.parser.TokeniserState$Anonymous40,"read/2[org.jsoup.parser.Tokeniser,org.jsoup.parser.CharacterReader]",false,805,4,54,0,54,17,11,26,0,3,2,11,0,0,0,1,0,0,0,1,3,0,2,0,0,0,16,0,2,false
/home/alison/jsoup-quality-analysis/work/jsoup/src/main/java/org/jsoup/nodes/DataNode.java,org.jsoup.nodes.DataNode,"outerHtmlHead/3[java.lang.Appendable,int,org.jsoup.nodes.Document.OutputSettings]",false,51,2,1,0,1,1,2,3,0,0,3,2,1,1,0,0,0,0,0,0,0,0,0,0,0,0,11,0,0,false
/home/alison/jsoup-quality-analysis/work/jsoup/src/main/java/org/jsoup/nodes/DataNode.java,org.jsoup.nodes.DataNode,"createFromEncoded/2[java.lang.String,java.lang.String]",false,68,2,2,0,2,1,1,4,1,1,2,1,0,0,0,0,0,0,0,0,1,0,0,0,0,0,20,9,0,true
/home/alison/jsoup-quality-analysis/work/jsoup/src/main/java/org/jsoup/nodes/DataNode.java,org.jsoup.nodes.DataNode,"outerHtmlTail/3[java.lang.Appendable,int,org.jsoup.nodes.Document.OutputSettings]",false,55,1,0,0,0,1,0,2,0,0,3,0,0,0,0,0,0,0,0,0,0,0,0,0,0,0,5,0,0,false
/home/alison/jsoup-quality-analysis/work/jsoup/src/main/java/org/jsoup/nodes/DataNode.java,org.jsoup.nodes.DataNode,getWholeData/0,false,37,1,5,4,1,1,1,3,1,0,0,1,0,0,0,0,0,0,0,0,0,0,0,0,0,0,17,1,0,true
/home/alison/jsoup-quality-analysis/work/jsoup/src/main/java/org/jsoup/nodes/DataNode.java,org.jsoup.nodes.DataNode,DataNode/1[java.lang.String],true,15,0,3,3,0,1,0,3,0,0,1,0,0,0,0,0,0,0,0,0,1,0,0,0,0,0,7,1,0,true
/home/alison/jsoup-quality-analysis/work/jsoup/src/main/java/org/jsoup/nodes/DataNode.java,org.jsoup.nodes.DataNode,"DataNode/2[java.lang.String,java.lang.String]",true,25,0,0,0,0,1,0,3,0,0,2,0,0,0,0,0,0,0,0,0,0,0,0,0,0,0,16,1,0,true
/home/alison/jsoup-quality-analysis/work/jsoup/src/main/java/org/jsoup/nodes/DataNode.java,org.jsoup.nodes.DataNode,nodeName/0,false,29,0,0,0,0,1,0,3,1,0,0,0,0,0,0,0,0,0,1,0,0,0,0,0,0,0,2,1,0,false
/home/alison/jsoup-quality-analysis/work/jsoup/src/main/java/org/jsoup/nodes/DataNode.java,org.jsoup.nodes.DataNode,toString/0,false,58,1,1,0,1,1,1,3,1,0,0,1,0,0,0,0,0,0,0,0,0,0,0,0,0,0,4,1,0,false
/home/alison/jsoup-quality-analysis/work/jsoup/src/main/java/org/jsoup/nodes/DataNode.java,org.jsoup.nodes.DataNode,setWholeData/1[java.lang.String],false,46,2,1,0,1,1,1,4,1,0,1,1,0,0,0,0,0,0,0,0,0,0,0,0,0,0,13,1,0,true
/home/alison/jsoup-quality-analysis/work/jsoup/src/main/java/org/jsoup/parser/TokeniserState.java,org.jsoup.parser.TokeniserState$Anonymous41,"read/2[org.jsoup.parser.Tokeniser,org.jsoup.parser.CharacterReader]",false,854,2,54,0,54,9,6,18,0,1,2,6,0,0,0,0,0,0,0,0,1,0,1,0,0,0,12,0,1,false
/home/alison/jsoup-quality-analysis/work/jsoup/src/main/java/org/jsoup/nodes/Attributes.java,org.jsoup.nodes.Attributes,asList/0,false,276,2,3,1,2,3,2,8,1,3,0,2,0,0,1,1,0,0,0,1,3,0,1,0,0,0,17,1,0,true
/home/alison/jsoup-quality-analysis/work/jsoup/src/main/java/org/jsoup/nodes/Attributes.java,org.jsoup.nodes.Attributes,remove/1[java.lang.String],false,191,1,5,3,2,2,2,4,0,1,1,2,2,1,0,1,0,0,0,0,1,0,1,0,0,0,15,1,0,true
/home/alison/jsoup-quality-analysis/work/jsoup/src/main/java/org/jsoup/nodes/Attributes.java,org.jsoup.nodes.Attributes,"put/2[java.lang.String,java.lang.String]",false,128,1,9,7,2,2,2,6,1,1,2,2,2,3,0,1,0,0,0,0,2,0,1,0,0,0,23,1,0,true
/home/alison/jsoup-quality-analysis/work/jsoup/src/main/java/org/jsoup/nodes/Attributes.java,org.jsoup.nodes.Attributes,remove/1[int],false,175,1,4,3,1,3,2,11,0,1,1,2,0,0,0,0,0,0,0,4,3,3,1,0,0,0,5,2,0,false
/home/alison/jsoup-quality-analysis/work/jsoup/src/main/java/org/jsoup/nodes/Attributes.java,org.jsoup.nodes.Attributes,dataset/0,false,292,1,2,1,1,1,0,3,1,0,0,0,0,0,0,0,0,0,0,0,0,0,0,0,0,0,20,1,0,true
/home/alison/jsoup-quality-analysis/work/jsoup/src/main/java/org/jsoup/nodes/Attributes.java,org.jsoup.nodes.Attributes,html/0,false,301,4,7,1,6,2,4,10,1,1,0,4,1,1,0,0,1,1,1,0,1,0,1,0,0,0,22,1,0,true
/home/alison/jsoup-quality-analysis/work/jsoup/src/main/java/org/jsoup/nodes/Attributes.java,org.jsoup.nodes.Attributes,iterator/0,false,249,2,2,1,1,1,0,17,1,0,0,0,0,0,0,0,0,0,0,0,0,0,0,1,0,0,9,1,0,false
/home/alison/jsoup-quality-analysis/work/jsoup/src/main/java/org/jsoup/nodes/Attributes.java,org.jsoup.nodes.Attributes,normalize/0,false,379,1,2,1,1,2,1,5,0,1,0,1,0,0,1,0,0,0,0,1,2,0,1,0,0,0,8,1,0,true
/home/alison/jsoup-quality-analysis/work/jsoup/src/main/java/org/jsoup/nodes/Attributes.java,org.jsoup.nodes.Attributes,"add/2[java.lang.String,java.lang.String]",false,115,1,3,2,1,1,1,6,0,0,2,1,1,2,0,0,0,0,0,1,2,1,0,0,0,0,6,2,0,false
/home/alison/jsoup-quality-analysis/work/jsoup/src/main/java/org/jsoup/nodes/Attributes.java,org.jsoup.nodes.Attributes,addAll/1[org.jsoup.nodes.Attributes],false,237,1,7,4,3,3,3,7,1,0,1,3,3,4,1,1,0,0,0,1,0,1,1,0,0,0,18,1,0,true
/home/alison/jsoup-quality-analysis/work/jsoup/src/main/java/org/jsoup/nodes/Attributes.java,org.jsoup.nodes.Attributes,get/1[java.lang.String],false,99,1,5,3,2,2,2,4,1,1,1,2,2,1,0,1,0,0,0,0,1,0,0,0,0,0,25,1,0,true
/home/alison/jsoup-quality-analysis/work/jsoup/src/main/java/org/jsoup/nodes/Attributes.java,org.jsoup.nodes.Attributes,"copyOf/2[java.lang.String[],int]",false,63,0,2,2,0,1,2,5,1,1,2,2,0,0,0,0,0,0,0,2,1,0,0,0,0,0,3,10,0,false
/home/alison/jsoup-quality-analysis/work/jsoup/src/main/java/org/jsoup/nodes/Attributes.java,org.jsoup.nodes.Attributes,indexOfKey/1[java.lang.String],false,70,1,7,6,1,3,2,7,2,1,1,2,0,0,1,0,0,0,0,1,1,0,2,0,0,0,8,0,0,false
/home/alison/jsoup-quality-analysis/work/jsoup/src/main/java/org/jsoup/nodes/Attributes.java,org.jsoup.nodes.Attributes,equals/1[java.lang.Object],false,339,1,1,1,0,6,2,8,5,1,1,2,0,0,0,4,0,0,0,0,1,0,1,0,0,0,31,1,0,true
/home/alison/jsoup-quality-analysis/work/jsoup/src/main/java/org/jsoup/nodes/Attributes.java,org.jsoup.nodes.Attributes,checkNotNull/1[java.lang.String],false,89,0,5,5,0,2,0,3,1,0,1,0,0,0,0,1,0,0,0,0,0,0,0,0,0,0,7,8,0,false
/home/alison/jsoup-quality-analysis/work/jsoup/src/main/java/org/jsoup/nodes/Attributes.java,org.jsoup.nodes.Attributes,"put/2[java.lang.String,boolean]",false,154,1,3,1,2,2,2,5,1,0,2,2,2,5,0,0,0,0,0,0,0,0,1,0,0,0,14,1,0,true
/home/alison/jsoup-quality-analysis/work/jsoup/src/main/java/org/jsoup/nodes/Attributes.java,org.jsoup.nodes.Attributes,dataKey/1[java.lang.String],false,443,0,1,1,0,1,0,3,1,0,1,0,0,0,0,0,0,0,0,0,0,1,0,0,0,0,4,10,0,false
/home/alison/jsoup-quality-analysis/work/jsoup/src/main/java/org/jsoup/nodes/Attributes.java,org.jsoup.nodes.Attributes,put/1[org.jsoup.nodes.Attribute],false,167,3,7,3,4,1,4,6,1,0,1,4,1,4,0,0,0,0,0,0,1,0,0,0,0,0,17,1,0,true
/home/alison/jsoup-quality-analysis/work/jsoup/src/main/java/org/jsoup/nodes/Attributes.java,org.jsoup.nodes.Attributes,"html/2[java.lang.Appendable,org.jsoup.nodes.Document.OutputSettings]",false,311,3,4,2,2,4,4,13,0,4,2,4,0,0,1,1,0,0,1,1,4,0,2,0,0,0,14,16,0,false
/home/alison/jsoup-quality-analysis/work/jsoup/src/main/java/org/jsoup/nodes/Attributes.java,org.jsoup.nodes.Attributes,hashCode/0,false,355,0,0,0,0,1,1,6,1,1,0,1,0,0,0,0,0,0,0,2,3,4,0,0,0,0,19,1,0,true
/home/alison/jsoup-quality-analysis/work/jsoup/src/main/java/org/jsoup/nodes/Attributes.java,org.jsoup.nodes.Attributes,hasKeyIgnoreCase/1[java.lang.String],false,221,1,3,2,1,2,1,3,1,0,1,1,1,1,0,1,0,0,0,0,0,0,0,0,0,0,21,1,0,true
/home/alison/jsoup-quality-analysis/work/jsoup/src/main/java/org/jsoup/nodes/Attributes.java,org.jsoup.nodes.Attributes,removeIgnoreCase/1[java.lang.String],false,201,1,3,1,2,2,2,4,0,1,1,2,2,1,0,1,0,0,0,0,1,0,1,0,0,0,16,1,0,true
/home/alison/jsoup-quality-analysis/work/jsoup/src/main/java/org/jsoup/nodes/Attributes.java,org.jsoup.nodes.Attributes,getIgnoreCase/1[java.lang.String],false,109,1,6,4,2,2,2,4,1,1,1,2,2,1,0,1,0,0,0,0,1,0,0,0,0,0,30,1,0,true
/home/alison/jsoup-quality-analysis/work/jsoup/src/main/java/org/jsoup/nodes/Attributes.java,org.jsoup.nodes.Attributes,hasKey/1[java.lang.String],false,212,1,3,2,1,2,1,3,1,0,1,1,1,1,0,1,0,0,0,0,0,0,0,0,0,0,20,1,0,true
/home/alison/jsoup-quality-analysis/work/jsoup/src/main/java/org/jsoup/nodes/Attributes.java,org.jsoup.nodes.Attributes,clone/0,false,363,1,3,2,1,2,2,13,1,1,0,2,1,1,0,0,1,0,0,0,4,0,1,0,0,0,13,1,0,false
/home/alison/jsoup-quality-analysis/work/jsoup/src/main/java/org/jsoup/nodes/Attributes.java,org.jsoup.nodes.Attributes,"putIgnoreCase/2[java.lang.String,java.lang.String]",false,137,1,4,2,2,3,3,8,0,1,2,3,2,3,0,1,0,0,0,0,3,0,2,0,0,0,12,0,0,false
/home/alison/jsoup-quality-analysis/work/jsoup/src/main/java/org/jsoup/nodes/Attributes.java,org.jsoup.nodes.Attributes,indexOfKeyIgnoreCase/1[java.lang.String],false,79,1,5,4,1,3,2,7,2,1,1,2,0,0,1,0,0,0,0,1,1,0,2,0,0,0,10,2,0,false
/home/alison/jsoup-quality-analysis/work/jsoup/src/main/java/org/jsoup/nodes/Attributes.java,org.jsoup.nodes.Attributes,size/0,false,229,0,2,2,0,1,0,3,1,0,0,0,0,0,0,0,0,0,0,0,0,0,0,0,0,0,7,1,0,true
/home/alison/jsoup-quality-analysis/work/jsoup/src/main/java/org/jsoup/nodes/Attributes.java,org.jsoup.nodes.Attributes,checkCapacity/1[int],false,48,2,4,2,2,5,2,9,1,2,1,2,1,1,0,0,0,0,0,0,5,1,1,0,0,0,15,2,0,false
/home/alison/jsoup-quality-analysis/work/jsoup/src/main/java/org/jsoup/nodes/Attributes.java,org.jsoup.nodes.Attributes,toString/0,false,329,1,2,1,1,1,1,3,1,0,0,1,1,2,0,0,0,0,0,0,0,0,0,0,0,0,3,1,0,false
/home/alison/jsoup-quality-analysis/work/jsoup/src/main/java/org/jsoup/helper/W3CDom.java,org.jsoup.helper.W3CDom,"convert/2[org.jsoup.nodes.Document,org.w3c.dom.Document]",false,59,6,7,1,6,2,5,5,0,1,2,5,0,0,0,0,0,0,0,1,1,0,1,0,0,0,25,1,0,true
/home/alison/jsoup-quality-analysis/work/jsoup/src/main/java/org/jsoup/helper/W3CDom.java,org.jsoup.helper.W3CDom,asString/1[org.w3c.dom.Document],false,167,1,0,0,0,2,4,14,1,5,1,4,0,0,0,0,1,0,0,0,5,0,1,0,0,0,29,1,0,true
/home/alison/jsoup-quality-analysis/work/jsoup/src/main/java/org/jsoup/helper/W3CDom.java,org.jsoup.helper.W3CDom,fromJsoup/1[org.jsoup.nodes.Document],false,37,4,2,0,2,2,5,14,1,2,1,5,1,1,0,0,1,0,0,0,2,0,1,0,0,0,23,1,0,true
/home/alison/jsoup-quality-analysis/work/jsoup/src/main/java/org/jsoup/parser/XmlTreeBuilder.java,org.jsoup.parser.XmlTreeBuilder,"parse/2[java.lang.String,java.lang.String]",false,40,3,2,0,2,1,1,3,1,0,2,1,0,0,0,0,0,0,0,0,0,0,0,0,0,0,8,0,0,false
/home/alison/jsoup-quality-analysis/work/jsoup/src/main/java/org/jsoup/parser/XmlTreeBuilder.java,org.jsoup.parser.XmlTreeBuilder,insert/1[org.jsoup.parser.Token.StartTag],false,75,6,9,1,8,3,8,12,1,2,1,8,1,1,0,0,0,0,0,0,2,0,2,0,0,0,7,0,0,false
/home/alison/jsoup-quality-analysis/work/jsoup/src/main/java/org/jsoup/parser/XmlTreeBuilder.java,org.jsoup.parser.XmlTreeBuilder,"parseFragment/4[java.lang.String,org.jsoup.nodes.Element,java.lang.String,org.jsoup.parser.Parser]",false,148,4,1,0,1,1,1,3,1,0,4,1,1,2,0,0,0,0,0,0,0,0,0,0,0,0,3,0,0,false
/home/alison/jsoup-quality-analysis/work/jsoup/src/main/java/org/jsoup/parser/XmlTreeBuilder.java,org.jsoup.parser.XmlTreeBuilder,defaultSettings/0,false,25,1,0,0,0,1,0,3,1,0,0,0,0,0,0,0,0,0,0,0,0,0,0,0,0,0,3,0,0,false
/home/alison/jsoup-quality-analysis/work/jsoup/src/main/java/org/jsoup/parser/XmlTreeBuilder.java,org.jsoup.parser.XmlTreeBuilder,"parseFragment/3[java.lang.String,java.lang.String,org.jsoup.parser.Parser]",false,142,4,5,2,3,1,3,5,1,0,3,3,1,1,0,0,0,0,0,0,0,0,0,0,0,0,10,0,0,false
/home/alison/jsoup-quality-analysis/work/jsoup/src/main/java/org/jsoup/parser/XmlTreeBuilder.java,org.jsoup.parser.XmlTreeBuilder,insert/1[org.jsoup.parser.Token.Character],false,102,5,6,1,5,2,3,4,0,1,1,3,1,1,0,0,0,0,0,0,1,0,0,0,0,0,7,0,0,false
/home/alison/jsoup-quality-analysis/work/jsoup/src/main/java/org/jsoup/parser/XmlTreeBuilder.java,org.jsoup.parser.XmlTreeBuilder,insertNode/1[org.jsoup.nodes.Node],false,71,3,6,4,2,1,2,3,0,0,1,2,0,0,0,0,0,0,0,0,0,0,0,0,0,0,5,2,0,false
/home/alison/jsoup-quality-analysis/work/jsoup/src/main/java/org/jsoup/parser/XmlTreeBuilder.java,org.jsoup.parser.XmlTreeBuilder,"initialiseParse/3[java.io.Reader,java.lang.String,org.jsoup.parser.Parser]",false,30,3,3,1,2,1,4,5,0,0,3,4,0,0,0,0,0,0,0,0,0,0,0,0,0,0,5,4,0,false
/home/alison/jsoup-quality-analysis/work/jsoup/src/main/java/org/jsoup/parser/XmlTreeBuilder.java,org.jsoup.parser.XmlTreeBuilder,popStackToClose/1[org.jsoup.parser.Token.EndTag],false,119,3,3,1,2,6,6,17,1,6,1,6,0,0,2,2,0,0,0,4,7,2,2,0,0,0,27,2,0,true
/home/alison/jsoup-quality-analysis/work/jsoup/src/main/java/org/jsoup/parser/XmlTreeBuilder.java,org.jsoup.parser.XmlTreeBuilder,insert/1[org.jsoup.parser.Token.Comment],false,89,5,6,1,5,4,4,9,0,3,1,4,1,1,0,1,0,0,0,0,4,0,2,0,0,0,9,0,0,false
/home/alison/jsoup-quality-analysis/work/jsoup/src/main/java/org/jsoup/parser/XmlTreeBuilder.java,org.jsoup.parser.XmlTreeBuilder,"parse/2[java.io.Reader,java.lang.String]",false,36,3,2,0,2,1,1,3,1,0,2,1,0,0,0,0,0,0,0,0,0,0,0,0,0,0,6,0,0,false
/home/alison/jsoup-quality-analysis/work/jsoup/src/main/java/org/jsoup/parser/XmlTreeBuilder.java,org.jsoup.parser.XmlTreeBuilder,process/1[org.jsoup.parser.Token],false,45,3,11,0,11,7,11,17,1,0,1,11,5,5,0,0,0,0,1,0,0,1,1,0,0,0,5,4,0,false
/home/alison/jsoup-quality-analysis/work/jsoup/src/main/java/org/jsoup/parser/XmlTreeBuilder.java,org.jsoup.parser.XmlTreeBuilder,insert/1[org.jsoup.parser.Token.Doctype],false,107,4,9,1,8,1,7,5,0,1,1,7,1,1,0,0,0,0,0,0,1,0,0,0,0,0,6,0,0,false
/home/alison/jsoup-quality-analysis/work/jsoup/src/main/java/org/jsoup/nodes/Document.java,org.jsoup.nodes.Document$OutputSettings,escapeMode/1[org.jsoup.nodes.Entities.EscapeMode],false,407,2,0,0,0,1,0,4,1,0,1,0,0,0,0,0,0,0,0,0,1,0,0,0,0,0,30,1,0,true
/home/alison/jsoup-quality-analysis/work/jsoup/src/main/java/org/jsoup/nodes/Document.java,org.jsoup.nodes.Document$OutputSettings,outline/0,false,500,0,3,3,0,1,0,3,1,0,0,0,0,0,0,0,0,0,0,0,0,0,0,0,0,0,18,1,0,true
/home/alison/jsoup-quality-analysis/work/jsoup/src/main/java/org/jsoup/nodes/Document.java,org.jsoup.nodes.Document$OutputSettings,OutputSettings/0,true,385,1,2,1,1,1,2,3,0,0,0,2,1,1,0,0,0,0,1,0,0,0,0,0,0,0,3,1,0,false
/home/alison/jsoup-quality-analysis/work/jsoup/src/main/java/org/jsoup/nodes/Document.java,org.jsoup.nodes.Document$OutputSettings,clone/0,false,534,2,3,1,2,2,5,12,1,1,0,5,1,2,0,0,1,0,0,0,2,0,1,0,0,0,9,1,0,false
/home/alison/jsoup-quality-analysis/work/jsoup/src/main/java/org/jsoup/nodes/Document.java,org.jsoup.nodes.Document$OutputSettings,prettyPrint/0,false,481,0,5,5,0,1,0,3,1,0,0,0,0,0,0,0,0,0,0,0,0,0,0,0,0,0,22,1,0,true
/home/alison/jsoup-quality-analysis/work/jsoup/src/main/java/org/jsoup/nodes/Document.java,org.jsoup.nodes.Document$OutputSettings,outline/1[boolean],false,509,1,0,0,0,1,0,4,1,0,1,0,0,0,0,0,0,0,0,0,1,0,0,0,0,0,13,1,0,true
/home/alison/jsoup-quality-analysis/work/jsoup/src/main/java/org/jsoup/nodes/Document.java,org.jsoup.nodes.Document$OutputSettings,charset/1[java.lang.String],false,439,1,2,1,1,1,2,4,1,0,1,2,1,1,0,0,0,0,0,0,0,0,0,0,0,0,10,1,0,true
/home/alison/jsoup-quality-analysis/work/jsoup/src/main/java/org/jsoup/nodes/Document.java,org.jsoup.nodes.Document$OutputSettings,escapeMode/0,false,397,1,1,1,0,1,0,3,1,0,0,0,0,0,0,0,0,0,0,0,0,0,0,0,0,0,32,1,0,true
/home/alison/jsoup-quality-analysis/work/jsoup/src/main/java/org/jsoup/nodes/Document.java,org.jsoup.nodes.Document$OutputSettings,charset/1[java.nio.charset.Charset],false,429,1,4,4,0,1,0,4,1,0,1,0,0,0,0,0,0,0,0,0,1,0,0,0,0,0,9,1,0,true
/home/alison/jsoup-quality-analysis/work/jsoup/src/main/java/org/jsoup/nodes/Document.java,org.jsoup.nodes.Document$OutputSettings,prettyPrint/1[boolean],false,490,1,0,0,0,1,0,4,1,0,1,0,0,0,0,0,0,0,0,0,1,0,0,0,0,0,10,1,0,true
/home/alison/jsoup-quality-analysis/work/jsoup/src/main/java/org/jsoup/nodes/Document.java,org.jsoup.nodes.Document$OutputSettings,syntax/1[org.jsoup.nodes.Document.OutputSettings.Syntax],false,471,2,1,1,0,1,0,4,1,0,1,0,0,0,0,0,0,0,0,0,1,0,0,0,0,0,21,1,0,true
/home/alison/jsoup-quality-analysis/work/jsoup/src/main/java/org/jsoup/nodes/Document.java,org.jsoup.nodes.Document$OutputSettings,syntax/0,false,461,1,4,4,0,1,0,3,1,0,0,0,0,0,0,0,0,0,0,0,0,0,0,0,0,0,6,1,0,true
/home/alison/jsoup-quality-analysis/work/jsoup/src/main/java/org/jsoup/nodes/Document.java,org.jsoup.nodes.Document$OutputSettings,charset/0,false,420,0,2,2,0,1,0,3,1,0,0,0,0,0,0,0,0,0,0,0,0,0,0,0,0,0,41,1,0,true
/home/alison/jsoup-quality-analysis/work/jsoup/src/main/java/org/jsoup/nodes/Document.java,org.jsoup.nodes.Document$OutputSettings,indentAmount/0,false,518,0,1,1,0,1,0,3,1,0,0,0,0,0,0,0,0,0,0,0,0,0,0,0,0,0,10,1,0,true
/home/alison/jsoup-quality-analysis/work/jsoup/src/main/java/org/jsoup/nodes/Document.java,org.jsoup.nodes.Document$OutputSettings,indentAmount/1[int],false,527,2,1,0,1,2,1,5,1,0,1,1,0,0,0,0,0,0,0,1,1,0,0,0,0,0,19,1,0,true
/home/alison/jsoup-quality-analysis/work/jsoup/src/main/java/org/jsoup/nodes/Document.java,org.jsoup.nodes.Document$OutputSettings,prepareEncoder/0,false,444,1,3,2,1,1,5,6,1,1,0,5,0,0,0,0,0,0,0,0,2,0,0,0,0,0,5,0,0,false
/home/alison/jsoup-quality-analysis/work/jsoup/src/main/java/org/jsoup/nodes/Document.java,org.jsoup.nodes.Document$OutputSettings,encoder/0,false,452,1,2,1,1,2,2,4,1,1,0,2,1,1,0,1,0,0,0,0,1,0,0,0,0,0,5,0,0,false
/home/alison/jsoup-quality-analysis/work/jsoup/src/main/java/org/jsoup/select/CombiningEvaluator.java,org.jsoup.select.CombiningEvaluator,CombiningEvaluator/0,true,17,1,0,0,0,1,0,4,0,0,0,0,0,0,0,0,0,0,0,0,1,0,0,0,0,0,3,0,0,false
/home/alison/jsoup-quality-analysis/work/jsoup/src/main/java/org/jsoup/select/CombiningEvaluator.java,org.jsoup.select.CombiningEvaluator,CombiningEvaluator/1[java.util.Collection<org.jsoup.select.Evaluator>],true,22,2,1,0,1,1,2,5,0,0,1,2,1,1,0,0,0,0,0,0,0,0,0,0,0,0,6,0,0,false
/home/alison/jsoup-quality-analysis/work/jsoup/src/main/java/org/jsoup/select/CombiningEvaluator.java,org.jsoup.select.CombiningEvaluator,replaceRightMostEvaluator/1[org.jsoup.select.Evaluator],false,32,1,1,1,0,1,1,3,0,0,1,1,0,0,0,0,0,0,0,1,0,1,0,0,0,0,6,0,0,false
/home/alison/jsoup-quality-analysis/work/jsoup/src/main/java/org/jsoup/select/CombiningEvaluator.java,org.jsoup.select.CombiningEvaluator,updateNumEvaluators/0,false,36,0,3,3,0,1,1,3,0,0,0,1,0,0,0,0,0,0,0,0,1,0,0,0,0,0,4,0,0,false
/home/alison/jsoup-quality-analysis/work/jsoup/src/main/java/org/jsoup/select/CombiningEvaluator.java,org.jsoup.select.CombiningEvaluator,rightMostEvaluator/0,false,28,1,1,1,0,2,1,3,1,0,0,1,0,0,0,0,0,0,0,2,0,1,0,0,0,0,5,0,0,false
/home/alison/jsoup-quality-analysis/work/jsoup/src/main/java/org/jsoup/select/Evaluator.java,org.jsoup.select.Evaluator$ContainsData,toString/0,false,686,0,0,0,0,1,1,3,1,0,0,1,0,0,0,0,0,0,1,0,0,0,0,0,0,0,2,1,0,false
/home/alison/jsoup-quality-analysis/work/jsoup/src/main/java/org/jsoup/select/Evaluator.java,org.jsoup.select.Evaluator$ContainsData,"matches/2[org.jsoup.nodes.Element,org.jsoup.nodes.Element]",false,681,2,2,0,2,1,3,3,1,0,2,3,0,0,0,0,0,0,0,0,0,0,0,0,0,0,7,1,0,false
/home/alison/jsoup-quality-analysis/work/jsoup/src/main/java/org/jsoup/select/Evaluator.java,org.jsoup.select.Evaluator$ContainsData,ContainsData/1[java.lang.String],true,676,1,2,1,1,1,1,3,0,0,1,1,0,0,0,0,0,0,0,0,1,0,0,0,0,0,6,1,0,false
/home/alison/jsoup-quality-analysis/work/jsoup/src/main/java/org/jsoup/internal/Normalizer.java,org.jsoup.internal.Normalizer,lowerCase/1[java.lang.String],false,10,0,21,21,0,2,1,3,1,0,1,1,0,0,0,1,0,0,1,0,0,0,0,0,0,0,4,9,0,false
/home/alison/jsoup-quality-analysis/work/jsoup/src/main/java/org/jsoup/internal/Normalizer.java,org.jsoup.internal.Normalizer,normalize/1[java.lang.String],false,14,1,6,5,1,1,2,3,1,0,1,2,1,1,0,0,0,0,0,0,0,0,0,0,0,0,4,9,0,false
/home/alison/jsoup-quality-analysis/work/jsoup/src/main/java/org/jsoup/nodes/Attributes.java,org.jsoup.nodes.Attributes$Dataset$EntrySet,iterator/0,false,408,1,1,0,1,1,0,3,1,0,0,0,0,0,0,0,0,0,0,0,0,0,0,0,0,0,3,1,0,false
/home/alison/jsoup-quality-analysis/work/jsoup/src/main/java/org/jsoup/nodes/Attributes.java,org.jsoup.nodes.Attributes$Dataset$EntrySet,size/0,false,413,1,1,0,1,2,1,6,1,2,0,1,0,0,1,0,0,0,0,1,2,0,1,0,0,0,5,1,0,false
/home/alison/jsoup-quality-analysis/work/jsoup/src/main/java/org/jsoup/nodes/Attributes.java,org.jsoup.nodes.Attributes$Dataset,Dataset/1[org.jsoup.nodes.Attributes],true,388,1,1,1,0,1,0,3,0,0,1,0,0,0,0,0,0,0,0,0,1,0,0,0,0,0,3,2,0,false
/home/alison/jsoup-quality-analysis/work/jsoup/src/main/java/org/jsoup/nodes/Attributes.java,org.jsoup.nodes.Attributes$Dataset,entrySet/0,false,393,1,1,0,1,1,0,3,1,0,0,0,0,0,0,0,0,0,0,0,0,0,0,0,0,0,3,1,0,false
/home/alison/jsoup-quality-analysis/work/jsoup/src/main/java/org/jsoup/nodes/Attributes.java,org.jsoup.nodes.Attributes$Dataset,"put/2[java.lang.String,java.lang.String]",false,398,1,4,0,4,2,4,6,1,2,2,4,0,0,0,0,0,0,0,0,2,0,0,0,0,0,8,1,0,false
/home/alison/jsoup-quality-analysis/work/jsoup/src/main/java/org/jsoup/parser/TokeniserState.java,org.jsoup.parser.TokeniserState$Anonymous13,"read/2[org.jsoup.parser.Tokeniser,org.jsoup.parser.CharacterReader]",false,214,4,54,0,54,12,9,24,1,2,2,9,1,1,0,0,0,0,0,0,2,0,2,0,0,0,15,0,0,false
/home/alison/jsoup-quality-analysis/work/jsoup/src/main/java/org/jsoup/parser/TokeniserState.java,org.jsoup.parser.TokeniserState$Anonymous13,"anythingElse/2[org.jsoup.parser.Tokeniser,org.jsoup.parser.CharacterReader]",false,253,2,4,1,3,1,4,5,0,0,2,4,0,0,0,0,0,0,1,0,0,1,0,0,0,0,5,2,0,false
/home/alison/jsoup-quality-analysis/work/jsoup/src/main/java/org/jsoup/parser/TokeniserState.java,org.jsoup.parser.TokeniserState$Anonymous14,"read/2[org.jsoup.parser.Tokeniser,org.jsoup.parser.CharacterReader]",false,260,2,54,0,54,2,5,10,0,0,2,5,0,0,0,0,0,0,0,0,0,0,1,0,0,0,7,0,0,false
/home/alison/jsoup-quality-analysis/work/jsoup/src/main/java/org/jsoup/helper/Validate.java,org.jsoup.helper.Validate,notNull/1[java.lang.Object],false,14,0,63,63,0,2,0,3,0,0,1,0,0,0,0,1,0,0,1,0,0,0,1,0,0,0,17,9,0,true
/home/alison/jsoup-quality-analysis/work/jsoup/src/main/java/org/jsoup/helper/Validate.java,org.jsoup.helper.Validate,fail/1[java.lang.String],false,109,0,4,4,0,1,0,3,0,0,1,0,0,0,0,0,0,0,0,0,0,0,0,0,0,0,9,9,0,true
/home/alison/jsoup-quality-analysis/work/jsoup/src/main/java/org/jsoup/helper/Validate.java,org.jsoup.helper.Validate,isFalse/1[boolean],false,52,0,2,2,0,2,0,3,0,0,1,0,0,0,0,0,0,0,1,0,0,0,1,0,0,0,15,9,0,true
/home/alison/jsoup-quality-analysis/work/jsoup/src/main/java/org/jsoup/helper/Validate.java,org.jsoup.helper.Validate,noNullElements/1[java.lang.Object[]],false,71,1,2,1,1,1,1,3,0,0,1,1,1,1,0,0,0,0,1,0,0,0,0,0,0,0,17,9,0,true
/home/alison/jsoup-quality-analysis/work/jsoup/src/main/java/org/jsoup/helper/Validate.java,org.jsoup.helper.Validate,"notNull/2[java.lang.Object,java.lang.String]",false,24,0,19,19,0,2,0,3,0,0,2,0,0,0,0,1,0,0,0,0,0,0,1,0,0,0,20,9,0,true
/home/alison/jsoup-quality-analysis/work/jsoup/src/main/java/org/jsoup/helper/Validate.java,org.jsoup.helper.Validate,isTrue/1[boolean],false,33,0,8,8,0,2,0,3,0,0,1,0,0,0,0,0,0,0,1,0,0,0,1,0,0,0,15,9,0,true
/home/alison/jsoup-quality-analysis/work/jsoup/src/main/java/org/jsoup/helper/Validate.java,org.jsoup.helper.Validate,Validate/0,true,8,0,0,0,0,1,0,2,0,0,0,0,0,0,0,0,0,0,0,0,0,0,0,0,0,0,1,2,0,false
/home/alison/jsoup-quality-analysis/work/jsoup/src/main/java/org/jsoup/helper/Validate.java,org.jsoup.helper.Validate,"noNullElements/2[java.lang.Object[],java.lang.String]",false,80,0,1,1,0,3,0,3,0,0,2,0,0,0,1,1,0,0,0,0,0,0,2,0,0,0,23,9,0,true
/home/alison/jsoup-quality-analysis/work/jsoup/src/main/java/org/jsoup/helper/Validate.java,org.jsoup.helper.Validate,"isFalse/2[boolean,java.lang.String]",false,62,0,6,6,0,2,0,3,0,0,2,0,0,0,0,0,0,0,0,0,0,0,1,0,0,0,19,9,0,true
/home/alison/jsoup-quality-analysis/work/jsoup/src/main/java/org/jsoup/helper/Validate.java,org.jsoup.helper.Validate,"isTrue/2[boolean,java.lang.String]",false,43,0,18,18,0,2,0,3,0,0,2,0,0,0,0,0,0,0,0,0,0,0,1,0,0,0,19,9,0,true
/home/alison/jsoup-quality-analysis/work/jsoup/src/main/java/org/jsoup/helper/Validate.java,org.jsoup.helper.Validate,"notEmpty/2[java.lang.String,java.lang.String]",false,100,0,19,19,0,3,1,3,0,0,2,1,0,0,0,2,0,0,0,1,0,0,1,0,0,0,19,9,0,true
/home/alison/jsoup-quality-analysis/work/jsoup/src/main/java/org/jsoup/helper/Validate.java,org.jsoup.helper.Validate,notEmpty/1[java.lang.String],false,90,0,32,32,0,3,1,3,0,0,1,1,0,0,0,2,0,0,1,1,0,0,1,0,0,0,16,9,0,true
/home/alison/jsoup-quality-analysis/work/jsoup/src/main/java/org/jsoup/parser/TokeniserState.java,org.jsoup.parser.TokeniserState$Anonymous15,"read/2[org.jsoup.parser.Tokeniser,org.jsoup.parser.CharacterReader]",false,271,3,54,0,54,1,1,3,0,0,2,1,0,0,0,0,0,0,0,0,0,0,0,0,0,0,5,0,0,false
/home/alison/jsoup-quality-analysis/work/jsoup/src/main/java/org/jsoup/parser/TokeniserState.java,org.jsoup.parser.TokeniserState$Anonymous16,"read/2[org.jsoup.parser.Tokeniser,org.jsoup.parser.CharacterReader]",false,276,3,54,0,54,1,1,3,0,0,2,1,0,0,0,0,0,0,0,0,0,0,0,0,0,0,7,0,0,false
/home/alison/jsoup-quality-analysis/work/jsoup/src/main/java/org/jsoup/parser/TokeniserState.java,org.jsoup.parser.TokeniserState$Anonymous10,"read/2[org.jsoup.parser.Tokeniser,org.jsoup.parser.CharacterReader]",false,143,3,54,0,54,11,9,22,0,2,2,9,0,0,0,0,0,0,0,0,2,0,1,0,0,0,15,0,1,false
/home/alison/jsoup-quality-analysis/work/jsoup/src/main/java/org/jsoup/parser/TokeniserState.java,org.jsoup.parser.TokeniserState$Anonymous11,"read/2[org.jsoup.parser.Tokeniser,org.jsoup.parser.CharacterReader]",false,183,3,54,0,54,5,12,16,0,0,2,12,0,0,0,1,0,0,2,0,1,1,1,0,0,0,15,0,0,false
/home/alison/jsoup-quality-analysis/work/jsoup/src/main/java/org/jsoup/parser/TokeniserState.java,org.jsoup.parser.TokeniserState$Anonymous12,"read/2[org.jsoup.parser.Tokeniser,org.jsoup.parser.CharacterReader]",false,201,3,54,0,54,2,8,12,0,0,2,8,0,0,0,0,0,0,1,0,0,0,1,0,0,0,13,0,0,false
/home/alison/jsoup-quality-analysis/work/jsoup/src/main/java/org/jsoup/parser/TokeniserState.java,org.jsoup.parser.TokeniserState$Anonymous17,"read/2[org.jsoup.parser.Tokeniser,org.jsoup.parser.CharacterReader]",false,281,2,54,0,54,3,5,13,0,0,2,5,0,0,0,0,0,0,2,0,0,0,1,0,0,0,10,0,0,false
/home/alison/jsoup-quality-analysis/work/jsoup/src/main/java/org/jsoup/parser/TokeniserState.java,org.jsoup.parser.TokeniserState$Anonymous18,"read/2[org.jsoup.parser.Tokeniser,org.jsoup.parser.CharacterReader]",false,299,3,54,0,54,1,1,3,0,0,2,1,0,0,0,0,0,0,0,0,0,0,0,0,0,0,5,0,0,false
/home/alison/jsoup-quality-analysis/work/jsoup/src/main/java/org/jsoup/parser/TokeniserState.java,org.jsoup.parser.TokeniserState$Anonymous19,"read/2[org.jsoup.parser.Tokeniser,org.jsoup.parser.CharacterReader]",false,304,3,54,0,54,1,1,3,0,0,2,1,0,0,0,0,0,0,0,0,0,0,0,0,0,0,7,0,0,false
/home/alison/jsoup-quality-analysis/work/jsoup/src/main/java/org/jsoup/select/Evaluator.java,org.jsoup.select.Evaluator$CssNthEvaluator,"matches/2[org.jsoup.nodes.Element,org.jsoup.nodes.Element]",false,444,3,2,0,2,6,2,7,3,2,2,2,1,1,0,4,0,3,0,3,2,4,1,0,0,0,12,1,0,false
/home/alison/jsoup-quality-analysis/work/jsoup/src/main/java/org/jsoup/select/Evaluator.java,org.jsoup.select.Evaluator$CssNthEvaluator,CssNthEvaluator/1[int],true,439,0,0,0,0,1,0,3,0,0,1,0,0,0,0,0,0,0,0,1,0,0,0,0,0,0,4,1,0,false
/home/alison/jsoup-quality-analysis/work/jsoup/src/main/java/org/jsoup/select/Evaluator.java,org.jsoup.select.Evaluator$CssNthEvaluator,getPseudoClass/0,false,463,0,1,1,0,1,0,1,0,0,0,0,0,0,0,0,0,0,0,0,0,0,0,0,0,0,3,1028,0,false
/home/alison/jsoup-quality-analysis/work/jsoup/src/main/java/org/jsoup/select/Evaluator.java,org.jsoup.select.Evaluator$CssNthEvaluator,toString/0,false,455,1,1,0,1,3,2,5,3,0,0,2,1,1,0,2,0,0,3,2,0,0,1,0,0,0,5,1,0,false
/home/alison/jsoup-quality-analysis/work/jsoup/src/main/java/org/jsoup/select/Evaluator.java,org.jsoup.select.Evaluator$CssNthEvaluator,"CssNthEvaluator/2[int,int]",true,435,0,0,0,0,1,0,4,0,0,2,0,0,0,0,0,0,0,0,0,2,0,0,0,0,0,5,1,0,false
/home/alison/jsoup-quality-analysis/work/jsoup/src/main/java/org/jsoup/select/Evaluator.java,org.jsoup.select.Evaluator$CssNthEvaluator,"calculatePosition/2[org.jsoup.nodes.Element,org.jsoup.nodes.Element]",false,464,1,1,1,0,1,0,1,0,0,2,0,0,0,0,0,0,0,0,0,0,0,0,0,0,0,4,1028,0,false
/home/alison/jsoup-quality-analysis/work/jsoup/src/main/java/org/jsoup/parser/Token.java,org.jsoup.parser.Token$Comment,getData/0,false,275,0,3,3,0,1,1,3,1,0,0,1,0,0,0,0,0,0,0,0,0,0,0,0,0,0,2,0,0,false
/home/alison/jsoup-quality-analysis/work/jsoup/src/main/java/org/jsoup/parser/Token.java,org.jsoup.parser.Token$Comment,reset/0,false,265,2,2,1,1,1,1,5,1,0,0,1,0,0,0,0,0,0,0,0,1,0,0,0,0,0,5,0,0,false
/home/alison/jsoup-quality-analysis/work/jsoup/src/main/java/org/jsoup/parser/Token.java,org.jsoup.parser.Token$Comment,Comment/0,true,271,0,1,1,0,1,0,3,0,0,0,0,0,0,0,0,0,0,0,0,1,0,0,0,0,0,2,0,0,false
/home/alison/jsoup-quality-analysis/work/jsoup/src/main/java/org/jsoup/parser/Token.java,org.jsoup.parser.Token$Comment,toString/0,false,280,1,1,0,1,1,1,3,1,0,0,1,1,1,0,0,0,0,2,0,0,1,0,0,0,0,4,1,0,false
/home/alison/jsoup-quality-analysis/work/jsoup/src/main/java/org/jsoup/select/Evaluator.java,org.jsoup.select.Evaluator$IsFirstOfType,toString/0,false,416,0,0,0,0,1,0,3,1,0,0,0,0,0,0,0,0,0,1,0,0,0,0,0,0,0,3,1,0,false
/home/alison/jsoup-quality-analysis/work/jsoup/src/main/java/org/jsoup/select/Evaluator.java,org.jsoup.select.Evaluator$IsFirstOfType,IsFirstOfType/0,true,412,0,1,1,0,1,0,3,0,0,0,0,0,0,0,0,0,0,0,2,0,0,0,0,0,0,4,1,0,false
/home/alison/jsoup-quality-analysis/work/jsoup/src/main/java/org/jsoup/nodes/Element.java,org.jsoup.nodes.Element$NodeList,"NodeList/2[org.jsoup.nodes.Element,int]",true,1488,1,2,2,0,1,0,4,0,0,2,0,0,0,0,0,0,0,0,0,1,0,0,0,0,0,6,0,0,false
/home/alison/jsoup-quality-analysis/work/jsoup/src/main/java/org/jsoup/nodes/Element.java,org.jsoup.nodes.Element$NodeList,onContentsChanged/0,false,1493,1,1,0,1,1,1,3,0,0,0,1,0,0,0,0,0,0,0,0,0,0,0,0,0,0,3,1,0,false
/home/alison/jsoup-quality-analysis/work/jsoup/src/main/java/org/jsoup/examples/Wikipedia.java,org.jsoup.examples.Wikipedia,main/1[java.lang.String[]],false,14,7,7,0,7,2,7,8,0,2,1,7,1,1,1,0,0,0,5,0,2,0,1,0,0,0,15,9,0,false
/home/alison/jsoup-quality-analysis/work/jsoup/src/main/java/org/jsoup/examples/Wikipedia.java,org.jsoup.examples.Wikipedia,"log/2[java.lang.String,java.lang.String[]]",false,24,0,1,1,0,1,2,3,0,0,2,2,0,0,0,0,0,0,0,0,0,0,0,0,0,0,2,10,0,false
/home/alison/jsoup-quality-analysis/work/jsoup/src/main/java/org/jsoup/parser/ParseError.java,org.jsoup.parser.ParseError,"ParseError/2[int,java.lang.String]",true,10,0,1,1,0,1,0,4,0,0,2,0,0,0,0,0,0,0,0,0,2,0,0,0,0,0,5,0,0,false
/home/alison/jsoup-quality-analysis/work/jsoup/src/main/java/org/jsoup/parser/ParseError.java,org.jsoup.parser.ParseError,getPosition/0,false,32,0,0,0,0,1,0,3,1,0,0,0,0,0,0,0,0,0,0,0,0,0,0,0,0,0,10,1,0,true
/home/alison/jsoup-quality-analysis/work/jsoup/src/main/java/org/jsoup/parser/ParseError.java,org.jsoup.parser.ParseError,"ParseError/3[int,java.lang.String,java.lang.Object[]]",true,15,0,4,4,0,1,1,4,0,0,3,1,0,0,0,0,0,0,0,0,2,0,0,0,0,0,4,0,0,false
/home/alison/jsoup-quality-analysis/work/jsoup/src/main/java/org/jsoup/parser/ParseError.java,org.jsoup.parser.ParseError,getErrorMessage/0,false,24,0,0,0,0,1,0,3,1,0,0,0,0,0,0,0,0,0,0,0,0,0,0,0,0,0,7,1,0,true
/home/alison/jsoup-quality-analysis/work/jsoup/src/main/java/org/jsoup/parser/ParseError.java,org.jsoup.parser.ParseError,toString/0,false,37,0,0,0,0,1,0,3,1,0,0,0,0,0,0,0,0,0,1,0,0,1,0,0,0,0,5,1,0,false
/home/alison/jsoup-quality-analysis/work/jsoup/src/main/java/org/jsoup/parser/TokeniserState.java,org.jsoup.parser.TokeniserState$Anonymous64,"read/2[org.jsoup.parser.Tokeniser,org.jsoup.parser.CharacterReader]",false,1536,2,54,0,54,5,6,21,0,1,2,6,0,0,0,0,0,0,0,0,3,0,1,0,0,0,12,0,2,false
/home/alison/jsoup-quality-analysis/work/jsoup/src/main/java/org/jsoup/parser/TokeniserState.java,org.jsoup.parser.TokeniserState$Anonymous65,"read/2[org.jsoup.parser.Tokeniser,org.jsoup.parser.CharacterReader]",false,1564,2,54,0,54,8,5,16,0,1,2,5,0,0,0,0,0,0,0,0,2,0,1,0,0,0,8,0,1,false
/home/alison/jsoup-quality-analysis/work/jsoup/src/main/java/org/jsoup/parser/TreeBuilder.java,org.jsoup.parser.TreeBuilder,"initialiseParse/3[java.io.Reader,java.lang.String,org.jsoup.parser.Parser]",false,30,6,8,1,7,1,4,13,0,0,3,4,0,0,0,0,0,0,2,1,8,0,0,0,0,0,21,4,0,false
/home/alison/jsoup-quality-analysis/work/jsoup/src/main/java/org/jsoup/parser/TreeBuilder.java,org.jsoup.parser.TreeBuilder,"parse/3[java.io.Reader,java.lang.String,org.jsoup.parser.Parser]",false,45,3,7,5,2,1,2,5,1,0,3,2,2,2,0,0,0,0,0,0,0,0,0,0,0,0,9,0,0,false
/home/alison/jsoup-quality-analysis/work/jsoup/src/main/java/org/jsoup/parser/TreeBuilder.java,org.jsoup.parser.TreeBuilder,process/1[org.jsoup.parser.Token],false,64,1,6,6,0,1,0,1,0,0,1,0,0,0,0,0,0,0,0,0,0,0,0,0,0,0,3,1028,0,false
/home/alison/jsoup-quality-analysis/work/jsoup/src/main/java/org/jsoup/parser/TreeBuilder.java,org.jsoup.parser.TreeBuilder,currentElement/0,false,90,1,9,9,0,2,2,4,1,1,0,2,0,0,0,0,0,0,0,2,1,1,0,0,0,0,4,4,0,false
/home/alison/jsoup-quality-analysis/work/jsoup/src/main/java/org/jsoup/parser/TreeBuilder.java,org.jsoup.parser.TreeBuilder,runParser/0,false,53,3,6,3,3,3,3,8,0,1,0,3,1,1,1,1,0,0,0,0,1,0,2,0,0,0,6,4,0,false
/home/alison/jsoup-quality-analysis/work/jsoup/src/main/java/org/jsoup/parser/TreeBuilder.java,org.jsoup.parser.TreeBuilder,processEndTag/1[java.lang.String],false,82,3,9,5,4,2,3,6,2,0,1,3,1,1,0,1,0,0,0,0,0,0,1,0,0,0,7,4,0,false
/home/alison/jsoup-quality-analysis/work/jsoup/src/main/java/org/jsoup/parser/TreeBuilder.java,org.jsoup.parser.TreeBuilder,defaultSettings/0,false,28,1,1,1,0,1,0,1,0,0,0,0,0,0,0,0,0,0,0,0,0,0,0,0,0,0,3,1024,0,false
/home/alison/jsoup-quality-analysis/work/jsoup/src/main/java/org/jsoup/parser/TreeBuilder.java,org.jsoup.parser.TreeBuilder,"processStartTag/2[java.lang.String,org.jsoup.nodes.Attributes]",false,73,3,5,1,4,2,3,8,2,0,2,3,1,1,0,1,0,0,0,0,0,0,1,0,0,0,7,1,0,false
/home/alison/jsoup-quality-analysis/work/jsoup/src/main/java/org/jsoup/parser/TreeBuilder.java,org.jsoup.parser.TreeBuilder,"parseFragment/4[java.lang.String,org.jsoup.nodes.Element,java.lang.String,org.jsoup.parser.Parser]",false,51,3,1,1,0,1,0,1,0,0,4,0,0,0,0,0,0,0,0,0,0,0,0,0,0,0,3,1024,0,false
/home/alison/jsoup-quality-analysis/work/jsoup/src/main/java/org/jsoup/parser/TreeBuilder.java,org.jsoup.parser.TreeBuilder,processStartTag/1[java.lang.String],false,66,3,6,2,4,2,3,6,2,0,1,3,1,1,0,1,0,0,0,0,0,0,1,0,0,0,7,4,0,false
/home/alison/jsoup-quality-analysis/work/jsoup/src/main/java/org/jsoup/parser/TokeniserState.java,org.jsoup.parser.TokeniserState$Anonymous66,"read/2[org.jsoup.parser.Tokeniser,org.jsoup.parser.CharacterReader]",false,1591,2,54,0,54,3,3,12,0,1,2,3,0,0,0,0,0,0,0,0,1,0,1,0,0,0,5,0,0,false
/home/alison/jsoup-quality-analysis/work/jsoup/src/main/java/org/jsoup/parser/TokeniserState.java,org.jsoup.parser.TokeniserState$Anonymous67,"read/2[org.jsoup.parser.Tokeniser,org.jsoup.parser.CharacterReader]",false,1609,3,54,0,54,3,7,8,0,1,2,7,0,0,0,0,0,0,2,0,1,0,1,0,0,0,5,0,0,false
/home/alison/jsoup-quality-analysis/work/jsoup/src/main/java/org/jsoup/nodes/PseudoTextElement.java,org.jsoup.nodes.PseudoTextElement,"outerHtmlTail/3[java.lang.Appendable,int,org.jsoup.nodes.Document.OutputSettings]",false,20,1,0,0,0,1,0,2,0,0,3,0,0,0,0,0,0,0,0,0,0,0,0,0,0,0,5,0,0,false
/home/alison/jsoup-quality-analysis/work/jsoup/src/main/java/org/jsoup/nodes/PseudoTextElement.java,org.jsoup.nodes.PseudoTextElement,"PseudoTextElement/3[org.jsoup.parser.Tag,java.lang.String,org.jsoup.nodes.Attributes]",true,11,2,1,1,0,1,0,3,0,0,3,0,0,0,0,0,0,0,0,0,0,0,0,0,0,0,5,1,0,false
/home/alison/jsoup-quality-analysis/work/jsoup/src/main/java/org/jsoup/nodes/PseudoTextElement.java,org.jsoup.nodes.PseudoTextElement,"outerHtmlHead/3[java.lang.Appendable,int,org.jsoup.nodes.Document.OutputSettings]",false,16,1,0,0,0,1,0,2,0,0,3,0,0,0,0,0,0,0,0,0,0,0,0,0,0,0,5,0,0,false
/home/alison/jsoup-quality-analysis/work/jsoup/src/main/java/org/jsoup/parser/TokeniserState.java,org.jsoup.parser.TokeniserState$Anonymous1,"read/2[org.jsoup.parser.Tokeniser,org.jsoup.parser.CharacterReader]",false,11,3,54,0,54,5,8,16,0,1,2,8,0,0,0,0,0,0,0,0,1,0,1,0,0,0,10,0,1,false
/home/alison/jsoup-quality-analysis/work/jsoup/src/main/java/org/jsoup/parser/Parser.java,org.jsoup.parser.Parser,settings/1[org.jsoup.parser.ParseSettings],false,87,2,0,0,0,1,0,4,1,0,1,0,0,0,0,0,0,0,0,0,1,0,0,0,0,0,4,1,0,false
/home/alison/jsoup-quality-analysis/work/jsoup/src/main/java/org/jsoup/parser/Parser.java,org.jsoup.parser.Parser,"parseBodyFragment/2[java.lang.String,java.lang.String]",false,163,4,7,2,5,3,6,13,1,5,2,6,1,1,2,0,0,0,0,3,5,1,1,0,0,0,38,9,0,true
/home/alison/jsoup-quality-analysis/work/jsoup/src/main/java/org/jsoup/parser/Parser.java,org.jsoup.parser.Parser,"parseFragmentInput/3[java.lang.String,org.jsoup.nodes.Element,java.lang.String]",false,38,3,5,4,1,1,1,3,1,0,3,1,0,0,0,0,0,0,0,0,0,0,0,0,0,0,5,1,0,false
/home/alison/jsoup-quality-analysis/work/jsoup/src/main/java/org/jsoup/parser/Parser.java,org.jsoup.parser.Parser,setTrackErrors/1[int],false,74,2,2,0,2,2,2,4,1,0,1,2,0,0,0,0,0,0,0,1,1,0,0,0,0,0,20,1,0,true
/home/alison/jsoup-quality-analysis/work/jsoup/src/main/java/org/jsoup/parser/Parser.java,org.jsoup.parser.Parser,"parse/2[java.lang.String,java.lang.String]",false,105,4,6,3,3,1,1,4,1,1,2,1,0,0,0,0,0,0,0,0,1,0,0,0,0,0,31,9,0,true
/home/alison/jsoup-quality-analysis/work/jsoup/src/main/java/org/jsoup/parser/Parser.java,org.jsoup.parser.Parser,"parseBodyFragmentRelaxed/2[java.lang.String,java.lang.String]",false,195,2,1,0,1,1,1,3,1,0,2,1,1,1,0,0,0,0,0,0,0,0,0,0,0,0,27,9,0,true
/home/alison/jsoup-quality-analysis/work/jsoup/src/main/java/org/jsoup/parser/Parser.java,org.jsoup.parser.Parser,getErrors/0,false,83,1,2,2,0,1,0,3,1,0,0,0,0,0,0,0,0,0,0,0,0,0,0,0,0,0,17,1,0,true
/home/alison/jsoup-quality-analysis/work/jsoup/src/main/java/org/jsoup/parser/Parser.java,org.jsoup.parser.Parser,isTrackErrors/0,false,65,1,1,0,1,2,1,3,1,0,0,1,0,0,0,0,0,0,0,1,0,0,0,0,0,0,9,1,0,true
/home/alison/jsoup-quality-analysis/work/jsoup/src/main/java/org/jsoup/parser/Parser.java,org.jsoup.parser.Parser,htmlParser/0,false,206,2,5,3,2,1,0,3,1,0,0,0,0,0,0,0,0,0,0,0,0,0,0,0,0,0,27,9,0,true
/home/alison/jsoup-quality-analysis/work/jsoup/src/main/java/org/jsoup/parser/Parser.java,org.jsoup.parser.Parser,setTreeBuilder/1[org.jsoup.parser.TreeBuilder],false,55,2,0,0,0,1,0,5,1,0,1,0,0,0,0,0,0,0,0,0,2,0,0,0,0,0,12,1,0,true
/home/alison/jsoup-quality-analysis/work/jsoup/src/main/java/org/jsoup/parser/Parser.java,org.jsoup.parser.Parser,Parser/1[org.jsoup.parser.TreeBuilder],true,24,2,11,9,2,1,2,5,0,0,1,2,0,0,0,0,0,0,0,0,3,0,0,0,0,0,16,1,0,true
/home/alison/jsoup-quality-analysis/work/jsoup/src/main/java/org/jsoup/parser/Parser.java,org.jsoup.parser.Parser,"parseFragment/3[java.lang.String,org.jsoup.nodes.Element,java.lang.String]",false,120,4,4,1,3,1,1,4,1,1,3,1,0,0,0,0,0,0,0,0,1,0,0,0,0,0,50,9,0,true
/home/alison/jsoup-quality-analysis/work/jsoup/src/main/java/org/jsoup/parser/Parser.java,org.jsoup.parser.Parser,"parseXmlFragment/2[java.lang.String,java.lang.String]",false,150,3,3,0,3,1,1,4,1,1,2,1,0,0,0,0,0,0,0,0,1,0,0,0,0,0,33,9,0,true
/home/alison/jsoup-quality-analysis/work/jsoup/src/main/java/org/jsoup/parser/Parser.java,org.jsoup.parser.Parser,"parseInput/2[java.io.Reader,java.lang.String]",false,34,2,2,1,1,1,1,3,1,0,2,1,0,0,0,0,0,0,0,0,0,0,0,0,0,0,6,1,0,false
/home/alison/jsoup-quality-analysis/work/jsoup/src/main/java/org/jsoup/parser/Parser.java,org.jsoup.parser.Parser,getTreeBuilder/0,false,46,1,0,0,0,1,0,3,1,0,0,0,0,0,0,0,0,0,0,0,0,0,0,0,0,0,9,1,0,true
/home/alison/jsoup-quality-analysis/work/jsoup/src/main/java/org/jsoup/parser/Parser.java,org.jsoup.parser.Parser,"parseFragment/4[java.lang.String,org.jsoup.nodes.Element,java.lang.String,org.jsoup.parser.ParseErrorList]",false,136,5,4,1,3,1,1,6,1,2,4,1,0,0,0,0,0,0,0,0,3,0,0,0,0,0,55,9,0,true
/home/alison/jsoup-quality-analysis/work/jsoup/src/main/java/org/jsoup/parser/Parser.java,org.jsoup.parser.Parser,xmlParser/0,false,215,2,4,2,2,1,0,3,1,0,0,0,0,0,0,0,0,0,0,0,0,0,0,0,0,0,31,9,0,true
/home/alison/jsoup-quality-analysis/work/jsoup/src/main/java/org/jsoup/parser/Parser.java,org.jsoup.parser.Parser,settings/0,false,92,1,6,6,0,1,0,3,1,0,0,0,0,0,0,0,0,0,0,0,0,0,0,0,0,0,3,1,0,false
/home/alison/jsoup-quality-analysis/work/jsoup/src/main/java/org/jsoup/parser/Parser.java,org.jsoup.parser.Parser,"unescapeEntities/2[java.lang.String,boolean]",false,183,3,5,1,4,1,2,4,1,1,2,2,0,0,0,0,0,0,0,0,1,0,0,0,0,0,30,9,0,true
/home/alison/jsoup-quality-analysis/work/jsoup/src/main/java/org/jsoup/parser/Parser.java,org.jsoup.parser.Parser,"parseInput/2[java.lang.String,java.lang.String]",false,30,2,3,2,1,1,1,3,1,0,2,1,0,0,0,0,0,0,0,0,0,0,0,0,0,0,8,1,0,false
/home/alison/jsoup-quality-analysis/work/jsoup/src/main/java/org/jsoup/select/Evaluator.java,org.jsoup.select.Evaluator$IsEmpty,toString/0,false,631,0,0,0,0,1,0,3,1,0,0,0,0,0,0,0,0,0,1,0,0,0,0,0,0,0,2,1,0,false
/home/alison/jsoup-quality-analysis/work/jsoup/src/main/java/org/jsoup/select/Evaluator.java,org.jsoup.select.Evaluator$IsEmpty,"matches/2[org.jsoup.nodes.Element,org.jsoup.nodes.Element]",false,623,5,1,0,1,5,1,7,2,1,2,1,0,0,1,0,0,1,0,0,1,0,2,0,0,0,13,1,0,false
/home/alison/jsoup-quality-analysis/work/jsoup/src/main/java/org/jsoup/parser/TokeniserState.java,org.jsoup.parser.TokeniserState$Anonymous7,"read/2[org.jsoup.parser.Tokeniser,org.jsoup.parser.CharacterReader]",false,80,3,54,0,54,3,7,13,0,1,2,7,0,0,0,0,0,0,0,0,1,0,1,0,0,0,7,0,1,false
/home/alison/jsoup-quality-analysis/work/jsoup/src/main/java/org/jsoup/parser/TokeniserState.java,org.jsoup.parser.TokeniserState$Anonymous6,"read/2[org.jsoup.parser.Tokeniser,org.jsoup.parser.CharacterReader]",false,75,3,54,0,54,1,1,3,0,0,2,1,0,0,0,0,0,0,0,0,0,0,0,0,0,0,4,0,0,false
/home/alison/jsoup-quality-analysis/work/jsoup/src/main/java/org/jsoup/parser/TokeniserState.java,org.jsoup.parser.TokeniserState$Anonymous9,"read/2[org.jsoup.parser.Tokeniser,org.jsoup.parser.CharacterReader]",false,124,2,54,0,54,4,9,19,0,0,2,9,0,0,0,0,0,0,1,0,0,0,1,0,0,0,9,0,2,false
/home/alison/jsoup-quality-analysis/work/jsoup/src/main/java/org/jsoup/select/Evaluator.java,org.jsoup.select.Evaluator$AttributeWithValueMatching,"AttributeWithValueMatching/2[java.lang.String,java.util.regex.Pattern]",true,282,1,3,2,1,1,1,4,0,0,2,1,0,0,0,0,0,0,0,0,2,0,0,0,0,0,7,1,0,false
/home/alison/jsoup-quality-analysis/work/jsoup/src/main/java/org/jsoup/select/Evaluator.java,org.jsoup.select.Evaluator$AttributeWithValueMatching,toString/0,false,293,0,0,0,0,1,2,3,1,0,0,2,0,0,0,0,0,0,1,0,0,0,0,0,0,0,2,1,0,false
/home/alison/jsoup-quality-analysis/work/jsoup/src/main/java/org/jsoup/select/Evaluator.java,org.jsoup.select.Evaluator$AttributeWithValueMatching,"matches/2[org.jsoup.nodes.Element,org.jsoup.nodes.Element]",false,288,2,2,0,2,1,4,3,1,0,2,4,0,0,0,0,0,0,0,0,0,0,0,0,0,0,4,1,0,false
/home/alison/jsoup-quality-analysis/work/jsoup/src/main/java/org/jsoup/parser/TokeniserState.java,org.jsoup.parser.TokeniserState$Anonymous8,"read/2[org.jsoup.parser.Tokeniser,org.jsoup.parser.CharacterReader]",false,99,2,54,0,54,5,7,20,0,0,2,7,0,0,0,0,0,0,0,0,0,0,2,0,0,0,13,0,1,false
/home/alison/jsoup-quality-analysis/work/jsoup/src/main/java/org/jsoup/parser/TokeniserState.java,org.jsoup.parser.TokeniserState$Anonymous3,"read/2[org.jsoup.parser.Tokeniser,org.jsoup.parser.CharacterReader]",false,41,3,54,0,54,5,8,17,0,1,2,8,0,0,0,0,0,0,0,0,1,0,1,0,0,0,12,0,1,false
/home/alison/jsoup-quality-analysis/work/jsoup/src/main/java/org/jsoup/parser/TokeniserState.java,org.jsoup.parser.TokeniserState$Anonymous2,"read/2[org.jsoup.parser.Tokeniser,org.jsoup.parser.CharacterReader]",false,35,3,54,0,54,1,1,3,0,0,2,1,0,0,0,0,0,0,0,0,0,0,0,0,0,0,5,0,0,false
/home/alison/jsoup-quality-analysis/work/jsoup/src/main/java/org/jsoup/parser/TokeniserState.java,org.jsoup.parser.TokeniserState$Anonymous5,"read/2[org.jsoup.parser.Tokeniser,org.jsoup.parser.CharacterReader]",false,70,3,54,0,54,1,1,3,0,0,2,1,0,0,0,0,0,0,0,0,0,0,0,0,0,0,4,0,0,false
/home/alison/jsoup-quality-analysis/work/jsoup/src/main/java/org/jsoup/parser/TokeniserState.java,org.jsoup.parser.TokeniserState$Anonymous4,"read/2[org.jsoup.parser.Tokeniser,org.jsoup.parser.CharacterReader]",false,65,3,54,0,54,1,1,3,0,0,2,1,0,0,0,0,0,0,0,0,0,0,0,0,0,0,5,0,0,false
/home/alison/jsoup-quality-analysis/work/jsoup/src/main/java/org/jsoup/examples/ListLinks.java,org.jsoup.examples.ListLinks,"print/2[java.lang.String,java.lang.Object[]]",false,46,0,1,1,0,1,2,3,0,0,2,2,0,0,0,0,0,0,0,0,0,0,0,0,0,0,2,10,0,false
/home/alison/jsoup-quality-analysis/work/jsoup/src/main/java/org/jsoup/examples/ListLinks.java,org.jsoup.examples.ListLinks,main/1[java.lang.String[]],false,15,8,9,0,9,6,11,22,0,5,1,11,2,1,3,1,0,0,21,4,5,0,2,0,0,0,18,9,0,false
/home/alison/jsoup-quality-analysis/work/jsoup/src/main/java/org/jsoup/examples/ListLinks.java,org.jsoup.examples.ListLinks,"trim/2[java.lang.String,int]",false,50,0,1,1,0,2,2,4,2,0,2,2,0,0,0,0,0,0,1,2,0,2,1,0,0,0,3,10,0,false
/home/alison/jsoup-quality-analysis/work/jsoup/src/main/java/org/jsoup/select/Evaluator.java,org.jsoup.select.Evaluator$IsNthChild,"IsNthChild/2[int,int]",true,475,0,1,1,0,1,0,3,0,0,2,0,0,0,0,0,0,0,0,0,0,0,0,0,0,0,4,1,0,false
/home/alison/jsoup-quality-analysis/work/jsoup/src/main/java/org/jsoup/select/Evaluator.java,org.jsoup.select.Evaluator$IsNthChild,getPseudoClass/0,false,484,0,0,0,0,1,0,3,1,0,0,0,0,0,0,0,0,0,1,0,0,0,0,0,0,0,3,4,0,false
/home/alison/jsoup-quality-analysis/work/jsoup/src/main/java/org/jsoup/select/Evaluator.java,org.jsoup.select.Evaluator$IsNthChild,"calculatePosition/2[org.jsoup.nodes.Element,org.jsoup.nodes.Element]",false,479,1,1,0,1,1,1,3,1,0,2,1,0,0,0,0,0,0,0,1,0,1,0,0,0,0,4,4,0,false
/home/alison/jsoup-quality-analysis/work/jsoup/src/main/java/org/jsoup/select/Evaluator.java,org.jsoup.select.Evaluator$Class,"matches/2[org.jsoup.nodes.Element,org.jsoup.nodes.Element]",false,114,1,1,0,1,1,1,3,1,0,2,1,0,0,0,0,0,1,0,0,0,0,0,0,0,0,5,1,0,false
/home/alison/jsoup-quality-analysis/work/jsoup/src/main/java/org/jsoup/select/Evaluator.java,org.jsoup.select.Evaluator$Class,toString/0,false,119,0,0,0,0,1,1,3,1,0,0,1,0,0,0,0,0,0,1,0,0,0,0,0,0,0,2,1,0,false
/home/alison/jsoup-quality-analysis/work/jsoup/src/main/java/org/jsoup/select/Evaluator.java,org.jsoup.select.Evaluator$Class,Class/1[java.lang.String],true,109,0,2,2,0,1,0,3,0,0,1,0,0,0,0,0,0,0,0,0,1,0,0,0,0,0,3,1,0,false
/home/alison/jsoup-quality-analysis/work/jsoup/src/main/java/org/jsoup/nodes/Attributes.java,org.jsoup.nodes.Attributes$Anonymous1,next/0,false,259,1,1,0,1,1,0,5,1,1,0,0,0,0,0,0,0,0,0,0,1,0,0,0,0,0,4,1,0,false
/home/alison/jsoup-quality-analysis/work/jsoup/src/main/java/org/jsoup/nodes/Attributes.java,org.jsoup.nodes.Attributes$Anonymous1,remove/0,false,266,1,1,0,1,1,1,3,0,0,0,1,0,0,0,0,0,0,0,0,0,0,0,0,0,0,2,1,0,false
/home/alison/jsoup-quality-analysis/work/jsoup/src/main/java/org/jsoup/nodes/Attributes.java,org.jsoup.nodes.Attributes$Anonymous1,hasNext/0,false,254,0,0,0,0,2,0,3,1,0,0,0,0,0,0,0,0,0,0,0,0,0,0,0,0,0,4,1,0,false
/home/alison/jsoup-quality-analysis/work/jsoup/src/main/java/org/jsoup/select/StructuralEvaluator.java,org.jsoup.select.StructuralEvaluator$Has,Has/1[org.jsoup.select.Evaluator],true,18,1,1,1,0,1,0,3,0,0,1,0,0,0,0,0,0,0,0,0,1,0,0,0,0,0,3,1,0,false
/home/alison/jsoup-quality-analysis/work/jsoup/src/main/java/org/jsoup/select/StructuralEvaluator.java,org.jsoup.select.StructuralEvaluator$Has,toString/0,false,31,0,0,0,0,1,1,3,1,0,0,1,0,0,0,0,0,0,1,0,0,0,0,0,0,0,2,1,0,false
/home/alison/jsoup-quality-analysis/work/jsoup/src/main/java/org/jsoup/select/StructuralEvaluator.java,org.jsoup.select.StructuralEvaluator$Has,"matches/2[org.jsoup.nodes.Element,org.jsoup.nodes.Element]",false,22,2,2,0,2,4,2,6,2,0,2,2,0,0,1,1,0,0,0,0,0,0,2,0,0,0,6,1,0,false
/home/alison/jsoup-quality-analysis/work/jsoup/src/main/java/org/jsoup/nodes/Node.java,org.jsoup.nodes.Node$OuterHtmlVisitor,"OuterHtmlVisitor/2[java.lang.Appendable,org.jsoup.nodes.Document.OutputSettings]",true,701,1,2,1,1,1,1,5,0,0,2,1,0,0,0,0,0,0,0,0,2,0,0,0,0,0,6,0,0,false
/home/alison/jsoup-quality-analysis/work/jsoup/src/main/java/org/jsoup/nodes/Node.java,org.jsoup.nodes.Node$OuterHtmlVisitor,"tail/2[org.jsoup.nodes.Node,int]",false,715,2,3,0,3,3,3,10,0,0,2,3,0,0,0,0,1,0,1,0,0,0,2,0,0,0,8,1,0,false
/home/alison/jsoup-quality-analysis/work/jsoup/src/main/java/org/jsoup/nodes/Node.java,org.jsoup.nodes.Node$OuterHtmlVisitor,"head/2[org.jsoup.nodes.Node,int]",false,707,2,2,0,2,2,1,8,0,0,2,1,0,0,0,0,1,0,0,0,0,0,1,0,0,0,8,1,0,false
/home/alison/jsoup-quality-analysis/work/jsoup/src/main/java/org/jsoup/parser/Token.java,org.jsoup.parser.Token,asDoctype/0,false,342,1,2,2,0,1,0,3,1,0,0,0,0,0,0,0,0,0,0,0,0,0,0,0,0,0,2,16,0,false
/home/alison/jsoup-quality-analysis/work/jsoup/src/main/java/org/jsoup/parser/Token.java,org.jsoup.parser.Token,tokenType/0,false,17,0,1,1,0,1,2,3,1,0,0,2,0,0,0,0,0,0,0,0,0,0,0,0,0,0,2,0,0,false
/home/alison/jsoup-quality-analysis/work/jsoup/src/main/java/org/jsoup/parser/Token.java,org.jsoup.parser.Token,isStartTag/0,false,346,0,1,1,0,2,0,3,1,0,0,0,0,0,0,1,0,0,0,0,0,0,0,0,0,0,4,16,0,false
/home/alison/jsoup-quality-analysis/work/jsoup/src/main/java/org/jsoup/parser/Token.java,org.jsoup.parser.Token,asCharacter/0,false,378,1,3,3,0,1,0,3,1,0,0,0,0,0,0,0,0,0,0,0,0,0,0,0,0,0,2,16,0,false
/home/alison/jsoup-quality-analysis/work/jsoup/src/main/java/org/jsoup/parser/Token.java,org.jsoup.parser.Token,isDoctype/0,false,338,0,1,1,0,2,0,3,1,0,0,0,0,0,0,1,0,0,0,0,0,0,0,0,0,0,3,16,0,false
/home/alison/jsoup-quality-analysis/work/jsoup/src/main/java/org/jsoup/parser/Token.java,org.jsoup.parser.Token,isCharacter/0,false,370,0,2,2,0,2,0,3,1,0,0,0,0,0,0,1,0,0,0,0,0,0,0,0,0,0,3,16,0,false
/home/alison/jsoup-quality-analysis/work/jsoup/src/main/java/org/jsoup/parser/Token.java,org.jsoup.parser.Token,isEOF/0,false,382,0,1,1,0,2,0,3,1,0,0,0,0,0,0,1,0,0,0,0,0,0,0,0,0,0,5,16,0,false
/home/alison/jsoup-quality-analysis/work/jsoup/src/main/java/org/jsoup/parser/Token.java,org.jsoup.parser.Token,asStartTag/0,false,350,1,2,2,0,1,0,3,1,0,0,0,0,0,0,0,0,0,0,0,0,0,0,0,0,0,3,16,0,false
/home/alison/jsoup-quality-analysis/work/jsoup/src/main/java/org/jsoup/parser/Token.java,org.jsoup.parser.Token,asEndTag/0,false,358,1,3,3,0,1,0,3,1,0,0,0,0,0,0,0,0,0,0,0,0,0,0,0,0,0,3,16,0,false
/home/alison/jsoup-quality-analysis/work/jsoup/src/main/java/org/jsoup/parser/Token.java,org.jsoup.parser.Token,isEndTag/0,false,354,0,1,1,0,2,0,3,1,0,0,0,0,0,0,1,0,0,0,0,0,0,0,0,0,0,4,16,0,false
/home/alison/jsoup-quality-analysis/work/jsoup/src/main/java/org/jsoup/parser/Token.java,org.jsoup.parser.Token,asComment/0,false,366,1,2,2,0,1,0,3,1,0,0,0,0,0,0,0,0,0,0,0,0,0,0,0,0,0,2,16,0,false
/home/alison/jsoup-quality-analysis/work/jsoup/src/main/java/org/jsoup/parser/Token.java,org.jsoup.parser.Token,isComment/0,false,362,0,1,1,0,2,0,3,1,0,0,0,0,0,0,1,0,0,0,0,0,0,0,0,0,0,3,16,0,false
/home/alison/jsoup-quality-analysis/work/jsoup/src/main/java/org/jsoup/parser/Token.java,org.jsoup.parser.Token,isCData/0,false,374,2,2,2,0,1,0,3,1,0,0,0,0,0,0,0,0,0,0,0,0,0,0,0,0,0,3,16,0,false
/home/alison/jsoup-quality-analysis/work/jsoup/src/main/java/org/jsoup/parser/Token.java,org.jsoup.parser.Token,Token/0,true,14,0,0,0,0,1,0,2,0,0,0,0,0,0,0,0,0,0,0,0,0,0,0,0,0,0,1,2,0,false
/home/alison/jsoup-quality-analysis/work/jsoup/src/main/java/org/jsoup/parser/Token.java,org.jsoup.parser.Token,reset/0,false,21,1,1,1,0,1,0,1,0,0,0,0,0,0,0,0,0,0,0,0,0,0,0,0,0,0,19,1024,0,true
/home/alison/jsoup-quality-analysis/work/jsoup/src/main/java/org/jsoup/parser/Token.java,org.jsoup.parser.Token,reset/1[java.lang.StringBuilder],false,27,0,5,5,0,2,2,5,0,0,1,2,0,0,0,1,0,0,0,1,0,0,1,0,0,0,5,8,0,false
/home/alison/jsoup-quality-analysis/work/jsoup/src/main/java/org/jsoup/safety/Cleaner.java,org.jsoup.safety.Cleaner$CleaningVisitor,"tail/2[org.jsoup.nodes.Node,int]",false,133,3,3,0,3,3,3,5,0,0,2,3,0,0,0,0,0,0,0,0,1,0,1,0,0,0,6,1,0,false
/home/alison/jsoup-quality-analysis/work/jsoup/src/main/java/org/jsoup/safety/Cleaner.java,org.jsoup.safety.Cleaner$CleaningVisitor,"head/2[org.jsoup.nodes.Node,int]",false,106,7,10,0,10,7,8,28,0,7,2,8,0,0,0,1,0,0,0,0,9,0,2,0,0,0,18,1,0,false
/home/alison/jsoup-quality-analysis/work/jsoup/src/main/java/org/jsoup/safety/Cleaner.java,org.jsoup.safety.Cleaner$CleaningVisitor,"CleaningVisitor/2[org.jsoup.nodes.Element,org.jsoup.nodes.Element]",true,101,1,1,1,0,1,0,4,0,0,2,0,0,0,0,0,0,0,0,0,2,0,0,0,0,0,5,2,0,false
/home/alison/jsoup-quality-analysis/work/jsoup/src/main/java/org/jsoup/select/Evaluator.java,org.jsoup.select.Evaluator$AttributeKeyPair,"AttributeKeyPair/2[java.lang.String,java.lang.String]",true,306,2,2,0,2,5,6,9,0,0,2,6,0,0,0,0,0,0,4,2,3,1,1,0,0,0,6,1,0,false
/home/alison/jsoup-quality-analysis/work/jsoup/src/main/java/org/jsoup/select/Evaluator.java,org.jsoup.select.Evaluator$IsNthLastOfType,getPseudoClass/0,false,552,0,0,0,0,1,0,3,1,0,0,0,0,0,0,0,0,0,1,0,0,0,0,0,0,0,5,4,0,false
/home/alison/jsoup-quality-analysis/work/jsoup/src/main/java/org/jsoup/select/Evaluator.java,org.jsoup.select.Evaluator$IsNthLastOfType,"calculatePosition/2[org.jsoup.nodes.Element,org.jsoup.nodes.Element]",false,542,3,5,0,5,3,7,8,1,3,2,7,0,0,1,0,0,0,0,1,3,0,2,0,0,0,8,4,0,false
/home/alison/jsoup-quality-analysis/work/jsoup/src/main/java/org/jsoup/select/Evaluator.java,org.jsoup.select.Evaluator$IsNthLastOfType,"IsNthLastOfType/2[int,int]",true,537,0,1,1,0,1,0,3,0,0,2,0,0,0,0,0,0,0,0,0,0,0,0,0,0,0,6,1,0,false
/home/alison/jsoup-quality-analysis/work/jsoup/src/main/java/org/jsoup/parser/Tag.java,org.jsoup.parser.Tag,valueOf/1[java.lang.String],false,87,1,4,3,1,1,1,3,1,0,1,1,1,1,0,0,0,0,0,0,0,0,0,0,0,0,37,9,0,true
/home/alison/jsoup-quality-analysis/work/jsoup/src/main/java/org/jsoup/parser/Tag.java,org.jsoup.parser.Tag,preserveWhitespace/0,false,179,0,1,1,0,1,0,3,1,0,0,0,0,0,0,0,0,0,0,0,0,0,0,0,0,0,9,1,0,true
/home/alison/jsoup-quality-analysis/work/jsoup/src/main/java/org/jsoup/parser/Tag.java,org.jsoup.parser.Tag,Tag/1[java.lang.String],true,28,1,3,2,1,1,1,4,0,0,1,1,0,0,0,0,0,0,0,0,2,0,0,0,0,0,4,2,0,false
/home/alison/jsoup-quality-analysis/work/jsoup/src/main/java/org/jsoup/parser/Tag.java,org.jsoup.parser.Tag,isInline/0,false,124,0,0,0,0,1,0,3,1,0,0,0,0,0,0,0,0,0,0,0,0,0,0,0,0,0,7,1,0,true
/home/alison/jsoup-quality-analysis/work/jsoup/src/main/java/org/jsoup/parser/Tag.java,org.jsoup.parser.Tag,isKnownTag/0,false,160,0,2,2,0,1,1,3,1,0,0,1,0,0,0,0,0,0,0,0,0,0,0,0,0,0,15,1,0,true
/home/alison/jsoup-quality-analysis/work/jsoup/src/main/java/org/jsoup/parser/Tag.java,org.jsoup.parser.Tag,setSelfClosing/0,false,199,1,2,2,0,1,0,4,1,0,0,0,0,0,0,0,0,0,0,0,1,0,0,0,0,0,6,0,0,false
/home/alison/jsoup-quality-analysis/work/jsoup/src/main/java/org/jsoup/parser/Tag.java,org.jsoup.parser.Tag,toString/0,false,237,0,0,0,0,1,0,3,1,0,0,0,0,0,0,0,0,0,0,0,0,0,0,0,0,0,4,1,0,false
/home/alison/jsoup-quality-analysis/work/jsoup/src/main/java/org/jsoup/parser/Tag.java,org.jsoup.parser.Tag,normalName/0,false,46,0,1,1,0,1,0,3,1,0,0,0,0,0,0,0,0,0,0,0,0,0,0,0,0,0,6,1,0,true
/home/alison/jsoup-quality-analysis/work/jsoup/src/main/java/org/jsoup/parser/Tag.java,org.jsoup.parser.Tag,isData/0,false,133,1,1,0,1,1,1,3,1,0,0,1,1,1,0,0,0,0,0,0,0,0,0,0,0,0,11,1,0,true
/home/alison/jsoup-quality-analysis/work/jsoup/src/main/java/org/jsoup/parser/Tag.java,org.jsoup.parser.Tag,formatAsBlock/0,false,105,0,3,3,0,1,0,3,1,0,0,0,0,0,0,0,0,0,0,0,0,0,0,0,0,0,13,1,0,true
/home/alison/jsoup-quality-analysis/work/jsoup/src/main/java/org/jsoup/parser/Tag.java,org.jsoup.parser.Tag,isEmpty/0,false,142,0,3,3,0,1,0,3,1,0,0,0,0,0,0,0,0,0,0,0,0,0,0,0,0,0,6,1,0,true
/home/alison/jsoup-quality-analysis/work/jsoup/src/main/java/org/jsoup/parser/Tag.java,org.jsoup.parser.Tag,isBlock/0,false,96,0,1,1,0,1,0,3,1,0,0,0,0,0,0,0,0,0,0,0,0,0,0,0,0,0,6,1,0,true
/home/alison/jsoup-quality-analysis/work/jsoup/src/main/java/org/jsoup/parser/Tag.java,org.jsoup.parser.Tag,"valueOf/2[java.lang.String,org.jsoup.parser.ParseSettings]",false,60,3,17,13,4,3,4,14,1,1,2,4,0,0,0,2,0,0,0,0,5,0,2,0,0,0,44,9,0,true
/home/alison/jsoup-quality-analysis/work/jsoup/src/main/java/org/jsoup/parser/Tag.java,org.jsoup.parser.Tag,canContainBlock/0,false,115,0,0,0,0,1,0,3,1,0,0,0,0,0,0,0,0,0,0,0,0,0,0,0,0,0,16,1,0,true
/home/alison/jsoup-quality-analysis/work/jsoup/src/main/java/org/jsoup/parser/Tag.java,org.jsoup.parser.Tag,getName/0,false,38,0,4,4,0,1,0,3,1,0,0,0,0,0,0,0,0,0,0,0,0,0,0,0,0,0,6,1,0,true
/home/alison/jsoup-quality-analysis/work/jsoup/src/main/java/org/jsoup/parser/Tag.java,org.jsoup.parser.Tag,hashCode/0,false,223,0,0,0,0,9,1,12,1,1,0,1,0,0,0,0,0,8,0,24,9,16,0,0,0,0,18,1,0,false
/home/alison/jsoup-quality-analysis/work/jsoup/src/main/java/org/jsoup/parser/Tag.java,org.jsoup.parser.Tag,isFormListed/0,false,187,0,1,1,0,1,0,3,1,0,0,0,0,0,0,0,0,0,0,0,0,0,0,0,0,0,13,1,0,true
/home/alison/jsoup-quality-analysis/work/jsoup/src/main/java/org/jsoup/parser/Tag.java,org.jsoup.parser.Tag,(initializer 1),false,279,2,4,0,4,8,3,38,0,7,0,3,1,1,7,0,0,0,0,0,15,0,1,0,0,0,18,8,0,false
/home/alison/jsoup-quality-analysis/work/jsoup/src/main/java/org/jsoup/parser/Tag.java,org.jsoup.parser.Tag,isSelfClosing/0,false,151,0,2,2,0,1,0,3,1,0,0,0,0,0,0,0,0,0,0,0,0,0,0,0,0,0,11,1,0,true
/home/alison/jsoup-quality-analysis/work/jsoup/src/main/java/org/jsoup/parser/Tag.java,org.jsoup.parser.Tag,equals/1[java.lang.Object],false,205,1,3,3,0,12,1,14,11,1,1,1,0,0,0,9,0,1,0,0,1,0,1,0,0,0,22,1,0,false
/home/alison/jsoup-quality-analysis/work/jsoup/src/main/java/org/jsoup/parser/Tag.java,org.jsoup.parser.Tag,isKnownTag/1[java.lang.String],false,170,0,0,0,0,1,1,3,1,0,1,1,0,0,0,0,0,0,0,0,0,0,0,0,0,0,15,9,0,true
/home/alison/jsoup-quality-analysis/work/jsoup/src/main/java/org/jsoup/parser/Tag.java,org.jsoup.parser.Tag,register/1[org.jsoup.parser.Tag],false,325,1,1,1,0,1,1,3,0,0,1,1,0,0,0,0,0,0,0,0,0,0,0,0,0,0,3,10,0,false
/home/alison/jsoup-quality-analysis/work/jsoup/src/main/java/org/jsoup/parser/Tag.java,org.jsoup.parser.Tag,isFormSubmittable/0,false,195,0,1,1,0,1,0,3,1,0,0,0,0,0,0,0,0,0,0,0,0,0,0,0,0,0,18,1,0,true
/home/alison/jsoup-quality-analysis/work/jsoup/src/main/java/org/jsoup/parser/Token.java,org.jsoup.parser.Token$Character,getData/0,false,304,0,6,6,0,1,0,3,1,0,0,0,0,0,0,0,0,0,0,0,0,0,0,0,0,0,3,0,0,false
/home/alison/jsoup-quality-analysis/work/jsoup/src/main/java/org/jsoup/parser/Token.java,org.jsoup.parser.Token$Character,Character/0,true,288,0,2,2,0,1,0,4,0,0,0,0,0,0,0,0,0,0,0,0,1,0,0,0,0,0,2,0,0,false
/home/alison/jsoup-quality-analysis/work/jsoup/src/main/java/org/jsoup/parser/Token.java,org.jsoup.parser.Token$Character,data/1[java.lang.String],false,299,1,4,4,0,1,0,4,1,0,1,0,0,0,0,0,0,0,0,0,1,0,0,0,0,0,2,0,0,false
/home/alison/jsoup-quality-analysis/work/jsoup/src/main/java/org/jsoup/parser/Token.java,org.jsoup.parser.Token$Character,reset/0,false,294,2,0,0,0,1,0,4,1,0,0,0,0,0,0,0,0,0,0,0,1,0,0,0,0,0,4,0,0,false
/home/alison/jsoup-quality-analysis/work/jsoup/src/main/java/org/jsoup/parser/Token.java,org.jsoup.parser.Token$Character,toString/0,false,309,1,1,0,1,1,1,3,1,0,0,1,1,1,0,0,0,0,0,0,0,0,0,0,0,0,4,1,0,false
/home/alison/jsoup-quality-analysis/work/jsoup/src/main/java/org/jsoup/select/Evaluator.java,org.jsoup.select.Evaluator$IsLastOfType,IsLastOfType/0,true,422,0,1,1,0,1,0,3,0,0,0,0,0,0,0,0,0,0,0,2,0,0,0,0,0,0,4,1,0,false
/home/alison/jsoup-quality-analysis/work/jsoup/src/main/java/org/jsoup/select/Evaluator.java,org.jsoup.select.Evaluator$IsLastOfType,toString/0,false,426,0,0,0,0,1,0,3,1,0,0,0,0,0,0,0,0,0,1,0,0,0,0,0,0,0,3,1,0,false
/home/alison/jsoup-quality-analysis/work/jsoup/src/main/java/org/jsoup/select/Evaluator.java,org.jsoup.select.Evaluator$Attribute,Attribute/1[java.lang.String],true,131,0,2,2,0,1,0,3,0,0,1,0,0,0,0,0,0,0,0,0,1,0,0,0,0,0,2,1,0,false
/home/alison/jsoup-quality-analysis/work/jsoup/src/main/java/org/jsoup/select/Evaluator.java,org.jsoup.select.Evaluator$Attribute,toString/0,false,141,0,0,0,0,1,1,3,1,0,0,1,0,0,0,0,0,0,1,0,0,0,0,0,0,0,2,1,0,false
/home/alison/jsoup-quality-analysis/work/jsoup/src/main/java/org/jsoup/select/Evaluator.java,org.jsoup.select.Evaluator$Attribute,"matches/2[org.jsoup.nodes.Element,org.jsoup.nodes.Element]",false,136,2,1,0,1,1,1,3,1,0,2,1,0,0,0,0,0,0,0,0,0,0,0,0,0,0,4,1,0,false
/home/alison/jsoup-quality-analysis/work/jsoup/src/main/java/org/jsoup/Connection.java,org.jsoup.Connection$KeyVal,hasInputStream/0,false,768,0,3,3,0,1,0,1,0,0,0,0,0,0,0,0,0,0,0,0,0,0,0,0,0,0,12,0,0,true
/home/alison/jsoup-quality-analysis/work/jsoup/src/main/java/org/jsoup/Connection.java,org.jsoup.Connection$KeyVal,key/1[java.lang.String],false,729,1,0,0,0,1,0,1,0,0,1,0,0,0,0,0,0,0,0,0,0,0,0,0,0,0,9,0,0,true
/home/alison/jsoup-quality-analysis/work/jsoup/src/main/java/org/jsoup/Connection.java,org.jsoup.Connection$KeyVal,inputStream/1[java.io.InputStream],false,755,1,0,0,0,1,0,1,0,0,1,0,0,0,0,0,0,0,0,0,0,0,0,0,0,0,13,0,0,true
/home/alison/jsoup-quality-analysis/work/jsoup/src/main/java/org/jsoup/Connection.java,org.jsoup.Connection$KeyVal,inputStream/0,false,762,0,1,1,0,1,0,1,0,0,0,0,0,0,0,0,0,0,0,0,0,0,0,0,0,0,11,0,0,true
/home/alison/jsoup-quality-analysis/work/jsoup/src/main/java/org/jsoup/Connection.java,org.jsoup.Connection$KeyVal,key/0,false,736,0,3,3,0,1,0,1,0,0,0,0,0,0,0,0,0,0,0,0,0,0,0,0,0,0,6,0,0,true
/home/alison/jsoup-quality-analysis/work/jsoup/src/main/java/org/jsoup/Connection.java,org.jsoup.Connection$KeyVal,contentType/1[java.lang.String],false,774,1,0,0,0,1,0,1,0,0,1,0,0,0,0,0,0,0,0,0,0,0,0,0,0,0,30,0,0,true
/home/alison/jsoup-quality-analysis/work/jsoup/src/main/java/org/jsoup/Connection.java,org.jsoup.Connection$KeyVal,value/0,false,749,0,2,2,0,1,0,1,0,0,0,0,0,0,0,0,0,0,0,0,0,0,0,0,0,0,6,0,0,true
/home/alison/jsoup-quality-analysis/work/jsoup/src/main/java/org/jsoup/Connection.java,org.jsoup.Connection$KeyVal,value/1[java.lang.String],false,742,1,0,0,0,1,0,1,0,0,1,0,0,0,0,0,0,0,0,0,0,0,0,0,0,0,9,0,0,true
/home/alison/jsoup-quality-analysis/work/jsoup/src/main/java/org/jsoup/Connection.java,org.jsoup.Connection$KeyVal,contentType/0,false,783,0,1,1,0,1,0,1,0,0,0,0,0,0,0,0,0,0,0,0,0,0,0,0,0,0,9,0,0,true
/home/alison/jsoup-quality-analysis/work/jsoup/src/main/java/org/jsoup/nodes/Entities.java,org.jsoup.nodes.Entities,"escape/6[java.lang.Appendable,java.lang.String,org.jsoup.nodes.Document.OutputSettings,boolean,boolean,boolean]",false,174,5,9,4,5,20,12,50,0,10,6,12,2,1,1,2,0,1,6,2,14,0,4,0,0,0,38,8,0,false
/home/alison/jsoup-quality-analysis/work/jsoup/src/main/java/org/jsoup/nodes/Entities.java,org.jsoup.nodes.Entities,getCharacterByName/1[java.lang.String],false,107,1,1,0,1,1,1,3,1,0,1,1,0,0,0,0,0,0,0,0,0,0,0,0,0,0,23,9,0,true
/home/alison/jsoup-quality-analysis/work/jsoup/src/main/java/org/jsoup/nodes/Entities.java,org.jsoup.nodes.Entities,"codepointsForName/2[java.lang.String,int[]]",false,127,2,2,1,1,3,3,14,3,2,2,3,0,0,0,2,0,0,0,8,5,0,1,0,0,0,8,9,0,false
/home/alison/jsoup-quality-analysis/work/jsoup/src/main/java/org/jsoup/nodes/Entities.java,org.jsoup.nodes.Entities,isNamedEntity/1[java.lang.String],false,85,1,2,1,1,2,1,3,1,0,1,1,0,0,0,1,0,0,0,0,0,0,0,0,0,0,15,9,0,true
/home/alison/jsoup-quality-analysis/work/jsoup/src/main/java/org/jsoup/nodes/Entities.java,org.jsoup.nodes.Entities,"appendEncoded/3[java.lang.Appendable,org.jsoup.nodes.Entities.EscapeMode,int]",false,248,1,2,1,1,2,4,5,0,1,3,4,0,0,0,1,0,0,1,0,1,0,1,0,0,0,11,10,0,false
/home/alison/jsoup-quality-analysis/work/jsoup/src/main/java/org/jsoup/nodes/Entities.java,org.jsoup.nodes.Entities,isBaseNamedEntity/1[java.lang.String],false,96,1,2,1,1,2,1,3,1,0,1,1,0,0,0,1,0,0,0,0,0,0,0,0,0,0,19,9,0,true
/home/alison/jsoup-quality-analysis/work/jsoup/src/main/java/org/jsoup/nodes/Entities.java,org.jsoup.nodes.Entities,escape/1[java.lang.String],false,168,1,1,0,1,1,1,3,1,0,1,1,1,3,0,0,0,0,0,0,0,0,0,0,0,0,23,9,0,true
/home/alison/jsoup-quality-analysis/work/jsoup/src/main/java/org/jsoup/nodes/Entities.java,org.jsoup.nodes.Entities,"load/3[org.jsoup.nodes.Entities.EscapeMode,java.lang.String,int]",false,314,4,8,1,7,5,8,35,0,8,3,8,0,0,1,3,0,0,1,3,17,0,2,0,0,0,22,10,0,false
/home/alison/jsoup-quality-analysis/work/jsoup/src/main/java/org/jsoup/nodes/Entities.java,org.jsoup.nodes.Entities,getByName/1[java.lang.String],false,117,2,1,0,1,3,2,7,3,2,1,2,0,0,0,2,0,0,0,2,2,0,1,0,0,0,22,9,0,true
/home/alison/jsoup-quality-analysis/work/jsoup/src/main/java/org/jsoup/nodes/Entities.java,org.jsoup.nodes.Entities,"unescape/2[java.lang.String,boolean]",false,273,1,3,2,1,1,1,3,1,0,2,1,0,0,0,0,0,0,0,0,0,0,0,0,0,0,19,8,0,true
/home/alison/jsoup-quality-analysis/work/jsoup/src/main/java/org/jsoup/nodes/Entities.java,org.jsoup.nodes.Entities,"canEncode/3[org.jsoup.nodes.Entities.CoreCharset,char,java.nio.charset.CharsetEncoder]",false,290,1,1,1,0,4,1,7,3,0,3,1,0,0,0,0,0,0,0,1,0,0,1,0,0,0,10,10,0,false
/home/alison/jsoup-quality-analysis/work/jsoup/src/main/java/org/jsoup/nodes/Entities.java,org.jsoup.nodes.Entities,unescape/1[java.lang.String],false,262,1,4,3,1,1,1,3,1,0,1,1,1,1,0,0,0,0,0,0,0,0,0,0,0,0,19,9,0,true
/home/alison/jsoup-quality-analysis/work/jsoup/src/main/java/org/jsoup/nodes/Entities.java,org.jsoup.nodes.Entities,"escape/2[java.lang.String,org.jsoup.nodes.Document.OutputSettings]",false,149,4,5,1,4,3,3,11,2,1,2,3,1,2,0,1,1,0,1,0,1,0,1,0,0,0,30,9,0,true
/home/alison/jsoup-quality-analysis/work/jsoup/src/main/java/org/jsoup/nodes/Entities.java,org.jsoup.nodes.Entities,Entities/0,true,76,0,0,0,0,1,0,2,0,0,0,0,0,0,0,0,0,0,0,0,0,0,0,0,0,0,1,2,0,false
/home/alison/jsoup-quality-analysis/work/jsoup/src/main/java/org/jsoup/parser/Token.java,org.jsoup.parser.Token$CData,toString/0,false,321,1,1,0,1,1,1,3,1,0,0,1,0,0,0,0,0,0,2,0,0,1,0,0,0,0,4,1,0,false
/home/alison/jsoup-quality-analysis/work/jsoup/src/main/java/org/jsoup/parser/Token.java,org.jsoup.parser.Token$CData,CData/1[java.lang.String],true,315,1,2,1,1,1,1,4,0,0,1,1,0,0,0,0,0,0,0,0,0,0,0,0,0,0,3,0,0,false
/home/alison/jsoup-quality-analysis/work/jsoup/src/main/java/org/jsoup/select/Evaluator.java,org.jsoup.select.Evaluator$AttributeWithValueContaining,toString/0,false,269,0,0,0,0,1,1,3,1,0,0,1,0,0,0,0,0,0,1,0,0,0,0,0,0,0,2,1,0,false
/home/alison/jsoup-quality-analysis/work/jsoup/src/main/java/org/jsoup/select/Evaluator.java,org.jsoup.select.Evaluator$AttributeWithValueContaining,"matches/2[org.jsoup.nodes.Element,org.jsoup.nodes.Element]",false,264,3,3,0,3,1,4,3,1,0,2,4,0,0,0,0,0,0,0,0,0,0,0,0,0,0,7,1,0,false
/home/alison/jsoup-quality-analysis/work/jsoup/src/main/java/org/jsoup/select/Evaluator.java,org.jsoup.select.Evaluator$AttributeWithValueContaining,"AttributeWithValueContaining/2[java.lang.String,java.lang.String]",true,259,0,2,2,0,1,0,3,0,0,2,0,0,0,0,0,0,0,0,0,0,0,0,0,0,0,5,1,0,false
/home/alison/jsoup-quality-analysis/work/jsoup/src/main/java/org/jsoup/select/Elements.java,org.jsoup.select.Elements,Elements/0,true,24,0,6,6,0,1,0,2,0,0,0,0,0,0,0,0,0,0,0,0,0,0,0,0,0,0,1,1,0,false
/home/alison/jsoup-quality-analysis/work/jsoup/src/main/java/org/jsoup/select/Elements.java,org.jsoup.select.Elements,Elements/1[java.util.Collection<org.jsoup.nodes.Element>],true,31,1,1,1,0,1,0,3,0,0,1,0,0,0,0,0,0,0,0,0,0,0,0,0,0,0,2,1,0,false
/home/alison/jsoup-quality-analysis/work/jsoup/src/main/java/org/jsoup/select/Elements.java,org.jsoup.select.Elements,html/1[java.lang.String],false,311,2,1,0,1,2,1,6,1,0,1,1,0,0,1,0,0,0,0,0,0,0,1,0,0,0,20,1,0,true
/home/alison/jsoup-quality-analysis/work/jsoup/src/main/java/org/jsoup/select/Elements.java,org.jsoup.select.Elements,is/1[java.lang.String],false,487,3,2,0,2,3,2,7,2,1,1,2,0,0,1,0,0,0,0,0,1,0,2,0,0,0,25,1,0,true
/home/alison/jsoup-quality-analysis/work/jsoup/src/main/java/org/jsoup/select/Elements.java,org.jsoup.select.Elements,prev/0,false,534,1,1,0,1,1,1,3,1,0,0,1,1,1,0,0,0,0,0,0,0,0,0,0,0,0,12,1,0,true
/home/alison/jsoup-quality-analysis/work/jsoup/src/main/java/org/jsoup/select/Elements.java,org.jsoup.select.Elements,Elements/1[org.jsoup.nodes.Element[]],true,39,1,1,1,0,1,1,3,0,0,1,1,0,0,0,0,0,0,0,0,0,0,0,0,0,0,2,1,0,false
/home/alison/jsoup-quality-analysis/work/jsoup/src/main/java/org/jsoup/select/Elements.java,org.jsoup.select.Elements,wrap/1[java.lang.String],false,379,3,2,0,2,2,2,7,1,0,1,2,0,0,1,0,0,0,0,0,0,0,1,0,0,0,31,1,0,true
/home/alison/jsoup-quality-analysis/work/jsoup/src/main/java/org/jsoup/select/Elements.java,org.jsoup.select.Elements,val/0,false,181,2,2,0,2,2,3,4,2,0,0,3,1,1,0,0,0,0,1,1,0,0,1,0,0,0,13,1,0,true
/home/alison/jsoup-quality-analysis/work/jsoup/src/main/java/org/jsoup/select/Elements.java,org.jsoup.select.Elements,toString/0,false,287,1,1,0,1,1,1,3,1,0,0,1,1,1,0,0,0,0,0,0,0,0,0,0,0,0,16,1,0,true
/home/alison/jsoup-quality-analysis/work/jsoup/src/main/java/org/jsoup/select/Elements.java,org.jsoup.select.Elements,"siblings/3[java.lang.String,boolean,boolean]",false,564,4,13,8,5,8,5,15,1,3,3,5,0,0,2,3,0,0,0,0,4,0,4,0,0,0,12,2,0,false
/home/alison/jsoup-quality-analysis/work/jsoup/src/main/java/org/jsoup/select/Elements.java,org.jsoup.select.Elements,Elements/1[java.util.List<org.jsoup.nodes.Element>],true,35,1,2,2,0,1,0,3,0,0,1,0,0,0,0,0,0,0,0,0,0,0,0,0,0,0,2,1,0,false
/home/alison/jsoup-quality-analysis/work/jsoup/src/main/java/org/jsoup/select/Elements.java,org.jsoup.select.Elements,removeAttr/1[java.lang.String],false,120,2,1,0,1,2,1,6,1,0,1,1,0,0,1,0,0,0,0,0,0,0,1,0,0,0,15,1,0,true
/home/alison/jsoup-quality-analysis/work/jsoup/src/main/java/org/jsoup/select/Elements.java,org.jsoup.select.Elements,first/0,false,598,1,6,6,0,2,2,3,1,0,0,2,0,0,0,0,0,0,0,1,0,0,0,0,0,0,13,1,0,true
/home/alison/jsoup-quality-analysis/work/jsoup/src/main/java/org/jsoup/select/Elements.java,org.jsoup.select.Elements,tagName/1[java.lang.String],false,298,2,1,0,1,2,1,6,1,0,1,1,0,0,1,0,0,0,0,0,0,0,1,0,0,0,16,1,0,true
/home/alison/jsoup-quality-analysis/work/jsoup/src/main/java/org/jsoup/select/Elements.java,org.jsoup.select.Elements,attr/1[java.lang.String],false,65,1,2,0,2,3,2,6,2,0,1,2,0,0,1,0,0,0,1,0,0,0,2,0,0,0,25,1,0,true
/home/alison/jsoup-quality-analysis/work/jsoup/src/main/java/org/jsoup/select/Elements.java,org.jsoup.select.Elements,empty/0,false,419,2,1,0,1,2,1,6,1,0,0,1,0,0,1,0,0,0,0,0,0,0,1,0,0,0,30,1,0,true
/home/alison/jsoup-quality-analysis/work/jsoup/src/main/java/org/jsoup/select/Elements.java,org.jsoup.select.Elements,after/1[java.lang.String],false,363,2,1,0,1,2,1,6,1,0,1,1,0,0,1,0,0,0,0,0,0,0,1,0,0,0,18,1,0,true
/home/alison/jsoup-quality-analysis/work/jsoup/src/main/java/org/jsoup/select/Elements.java,org.jsoup.select.Elements,forms/0,false,635,2,0,0,0,3,1,5,1,1,0,1,0,0,1,0,0,0,0,0,1,0,2,0,0,0,21,1,0,true
/home/alison/jsoup-quality-analysis/work/jsoup/src/main/java/org/jsoup/select/Elements.java,org.jsoup.select.Elements,eachAttr/1[java.lang.String],false,93,1,2,0,2,3,4,7,1,1,1,4,0,0,1,0,0,0,0,0,1,0,2,0,0,0,42,1,0,true
/home/alison/jsoup-quality-analysis/work/jsoup/src/main/java/org/jsoup/select/Elements.java,org.jsoup.select.Elements,"attr/2[java.lang.String,java.lang.String]",false,108,2,1,0,1,2,1,6,1,0,2,1,0,0,1,0,0,0,0,0,0,0,1,0,0,0,14,1,0,true
/home/alison/jsoup-quality-analysis/work/jsoup/src/main/java/org/jsoup/select/Elements.java,org.jsoup.select.Elements,traverse/1[org.jsoup.select.NodeVisitor],false,615,3,1,0,1,1,1,4,1,0,1,1,0,0,0,0,0,0,0,0,0,0,0,0,0,0,20,1,0,true
/home/alison/jsoup-quality-analysis/work/jsoup/src/main/java/org/jsoup/select/Elements.java,org.jsoup.select.Elements,next/0,false,500,1,1,0,1,1,1,3,1,0,0,1,1,1,0,0,0,0,0,0,0,0,0,0,0,0,11,1,0,true
/home/alison/jsoup-quality-analysis/work/jsoup/src/main/java/org/jsoup/select/Elements.java,org.jsoup.select.Elements,nextAll/1[java.lang.String],false,526,1,1,0,1,1,1,3,1,0,1,1,1,1,0,0,0,0,0,0,0,0,0,0,0,0,19,1,0,true
/home/alison/jsoup-quality-analysis/work/jsoup/src/main/java/org/jsoup/select/Elements.java,org.jsoup.select.Elements,hasText/0,false,223,1,1,0,1,3,1,6,2,0,0,1,0,0,1,0,0,0,0,0,0,0,2,0,0,0,16,1,0,true
/home/alison/jsoup-quality-analysis/work/jsoup/src/main/java/org/jsoup/select/Elements.java,org.jsoup.select.Elements,last/0,false,606,1,0,0,0,2,3,3,1,0,0,3,0,0,0,0,0,0,0,1,0,1,0,0,0,0,14,1,0,true
/home/alison/jsoup-quality-analysis/work/jsoup/src/main/java/org/jsoup/select/Elements.java,org.jsoup.select.Elements,toggleClass/1[java.lang.String],false,156,2,1,0,1,2,1,6,1,0,1,1,0,0,1,0,0,0,0,0,0,0,1,0,0,0,18,1,0,true
/home/alison/jsoup-quality-analysis/work/jsoup/src/main/java/org/jsoup/select/Elements.java,org.jsoup.select.Elements,hasAttr/1[java.lang.String],false,78,1,1,0,1,3,1,6,2,0,1,1,0,0,1,0,0,0,0,0,0,0,2,0,0,0,17,1,0,true
/home/alison/jsoup-quality-analysis/work/jsoup/src/main/java/org/jsoup/select/Elements.java,org.jsoup.select.Elements,prevAll/1[java.lang.String],false,560,1,1,0,1,1,1,3,1,0,1,1,1,1,0,0,0,0,0,0,0,0,0,0,0,0,19,1,0,true
/home/alison/jsoup-quality-analysis/work/jsoup/src/main/java/org/jsoup/select/Elements.java,org.jsoup.select.Elements,eachText/0,false,239,1,2,0,2,3,4,7,1,1,0,4,0,0,1,0,0,0,0,0,1,0,2,0,0,0,25,1,0,true
/home/alison/jsoup-quality-analysis/work/jsoup/src/main/java/org/jsoup/select/Elements.java,org.jsoup.select.Elements,before/1[java.lang.String],false,350,2,1,0,1,2,1,6,1,0,1,1,0,0,1,0,0,0,0,0,0,0,1,0,0,0,18,1,0,true
/home/alison/jsoup-quality-analysis/work/jsoup/src/main/java/org/jsoup/select/Elements.java,org.jsoup.select.Elements,parents/0,false,585,2,2,0,2,2,2,7,1,1,0,2,0,0,1,0,0,0,0,0,1,0,1,0,0,0,13,1,0,true
/home/alison/jsoup-quality-analysis/work/jsoup/src/main/java/org/jsoup/select/Elements.java,org.jsoup.select.Elements,prepend/1[java.lang.String],false,324,2,1,0,1,2,1,6,1,0,1,1,0,0,1,0,0,0,0,0,0,0,1,0,0,0,23,1,0,true
/home/alison/jsoup-quality-analysis/work/jsoup/src/main/java/org/jsoup/select/Elements.java,org.jsoup.select.Elements,append/1[java.lang.String],false,337,2,1,0,1,2,1,6,1,0,1,1,0,0,1,0,0,0,0,0,0,0,1,0,0,0,23,1,0,true
/home/alison/jsoup-quality-analysis/work/jsoup/src/main/java/org/jsoup/select/Elements.java,org.jsoup.select.Elements,addClass/1[java.lang.String],false,132,2,1,0,1,2,1,6,1,0,1,1,0,0,1,0,0,0,0,0,0,0,1,0,0,0,13,1,0,true
/home/alison/jsoup-quality-analysis/work/jsoup/src/main/java/org/jsoup/select/Elements.java,org.jsoup.select.Elements,remove/0,false,438,2,2,1,1,2,1,6,1,0,0,1,0,0,1,0,0,0,0,0,0,0,1,0,0,0,35,1,0,true
/home/alison/jsoup-quality-analysis/work/jsoup/src/main/java/org/jsoup/select/Elements.java,org.jsoup.select.Elements,prev/1[java.lang.String],false,543,1,1,0,1,1,1,3,1,0,1,1,1,1,0,0,0,0,0,0,0,0,0,0,0,0,20,1,0,true
/home/alison/jsoup-quality-analysis/work/jsoup/src/main/java/org/jsoup/select/Elements.java,org.jsoup.select.Elements,html/0,false,254,2,3,0,3,3,5,8,1,1,0,5,0,0,1,1,0,0,1,1,1,0,2,0,0,0,18,1,0,true
/home/alison/jsoup-quality-analysis/work/jsoup/src/main/java/org/jsoup/select/Elements.java,org.jsoup.select.Elements,filter/1[org.jsoup.select.NodeFilter],false,625,3,1,0,1,1,1,4,1,0,1,1,0,0,0,0,0,0,0,0,0,0,0,0,0,0,19,1,0,true
/home/alison/jsoup-quality-analysis/work/jsoup/src/main/java/org/jsoup/select/Elements.java,org.jsoup.select.Elements,prevAll/0,false,551,1,2,1,1,1,1,3,1,0,0,1,1,1,0,0,0,0,0,0,0,0,0,0,0,0,12,1,0,true
/home/alison/jsoup-quality-analysis/work/jsoup/src/main/java/org/jsoup/select/Elements.java,org.jsoup.select.Elements,nextAll/0,false,517,1,2,1,1,1,1,3,1,0,0,1,1,1,0,0,0,0,0,0,0,0,0,0,0,0,12,1,0,true
/home/alison/jsoup-quality-analysis/work/jsoup/src/main/java/org/jsoup/select/Elements.java,org.jsoup.select.Elements,next/1[java.lang.String],false,509,1,1,0,1,1,1,3,1,0,1,1,1,1,0,0,0,0,0,0,0,0,0,0,0,0,19,1,0,true
/home/alison/jsoup-quality-analysis/work/jsoup/src/main/java/org/jsoup/select/Elements.java,org.jsoup.select.Elements,unwrap/0,false,401,2,1,0,1,2,1,6,1,0,0,1,0,0,1,0,0,0,0,0,0,0,1,0,0,0,39,1,0,true
/home/alison/jsoup-quality-analysis/work/jsoup/src/main/java/org/jsoup/select/Elements.java,org.jsoup.select.Elements,not/1[java.lang.String],false,466,2,2,0,2,1,2,4,1,1,1,2,0,0,0,0,0,0,0,0,1,0,0,0,0,0,27,1,0,true
/home/alison/jsoup-quality-analysis/work/jsoup/src/main/java/org/jsoup/select/Elements.java,org.jsoup.select.Elements,clone/0,false,48,2,2,0,2,2,3,5,1,1,0,3,0,0,1,0,0,0,0,0,1,0,1,0,0,0,11,1,0,true
/home/alison/jsoup-quality-analysis/work/jsoup/src/main/java/org/jsoup/select/Elements.java,org.jsoup.select.Elements,removeClass/1[java.lang.String],false,144,2,1,0,1,2,1,6,1,0,1,1,0,0,1,0,0,0,0,0,0,0,1,0,0,0,14,1,0,true
/home/alison/jsoup-quality-analysis/work/jsoup/src/main/java/org/jsoup/select/Elements.java,org.jsoup.select.Elements,Elements/1[int],true,27,0,2,2,0,1,0,3,0,0,1,0,0,0,0,0,0,0,0,0,0,0,0,0,0,0,3,1,0,false
/home/alison/jsoup-quality-analysis/work/jsoup/src/main/java/org/jsoup/select/Elements.java,org.jsoup.select.Elements,val/1[java.lang.String],false,193,2,1,0,1,2,1,4,1,0,1,1,0,0,1,0,0,0,0,0,0,0,1,0,0,0,17,1,0,true
/home/alison/jsoup-quality-analysis/work/jsoup/src/main/java/org/jsoup/select/Elements.java,org.jsoup.select.Elements,outerHtml/0,false,270,2,4,1,3,3,5,8,1,1,0,5,0,0,1,1,0,0,1,1,1,0,2,0,0,0,18,1,0,true
/home/alison/jsoup-quality-analysis/work/jsoup/src/main/java/org/jsoup/select/Elements.java,org.jsoup.select.Elements,hasClass/1[java.lang.String],false,168,1,1,0,1,3,1,6,2,0,1,1,0,0,1,0,0,0,0,0,0,0,2,0,0,0,22,1,0,true
/home/alison/jsoup-quality-analysis/work/jsoup/src/main/java/org/jsoup/select/Elements.java,org.jsoup.select.Elements,select/1[java.lang.String],false,452,2,1,0,1,1,1,3,1,0,1,1,0,0,0,0,0,0,0,0,0,0,0,0,0,0,18,1,0,true
/home/alison/jsoup-quality-analysis/work/jsoup/src/main/java/org/jsoup/select/Elements.java,org.jsoup.select.Elements,text/0,false,208,2,3,0,3,3,5,8,1,1,0,5,0,0,1,1,0,0,1,1,1,0,2,0,0,0,35,1,0,true
/home/alison/jsoup-quality-analysis/work/jsoup/src/main/java/org/jsoup/select/Elements.java,org.jsoup.select.Elements,eq/1[int],false,478,1,2,0,2,2,2,3,1,0,1,2,0,0,0,0,0,0,0,0,0,0,0,0,0,0,29,1,0,true
/home/alison/jsoup-quality-analysis/work/jsoup/src/main/java/org/jsoup/select/Evaluator.java,org.jsoup.select.Evaluator$AllElements,"matches/2[org.jsoup.nodes.Element,org.jsoup.nodes.Element]",false,325,1,0,0,0,1,0,3,1,0,2,0,0,0,0,0,0,0,0,0,0,0,0,0,0,0,4,1,0,false
/home/alison/jsoup-quality-analysis/work/jsoup/src/main/java/org/jsoup/select/Evaluator.java,org.jsoup.select.Evaluator$AllElements,toString/0,false,330,0,0,0,0,1,0,3,1,0,0,0,0,0,0,0,0,0,1,0,0,0,0,0,0,0,2,1,0,false
/home/alison/jsoup-quality-analysis/work/jsoup/src/main/java/org/jsoup/parser/TokeniserState.java,org.jsoup.parser.TokeniserState$Anonymous46,"read/2[org.jsoup.parser.Tokeniser,org.jsoup.parser.CharacterReader]",false,964,2,54,0,54,5,6,21,0,1,2,6,0,0,0,0,0,0,0,0,1,0,1,0,0,0,10,0,2,false
/home/alison/jsoup-quality-analysis/work/jsoup/src/main/java/org/jsoup/parser/TokeniserState.java,org.jsoup.parser.TokeniserState$Anonymous47,"read/2[org.jsoup.parser.Tokeniser,org.jsoup.parser.CharacterReader]",false,992,2,54,0,54,4,10,16,0,1,2,10,0,0,0,0,0,0,0,0,1,0,1,0,0,0,10,0,1,false
/home/alison/jsoup-quality-analysis/work/jsoup/src/main/java/org/jsoup/safety/Whitelist.java,org.jsoup.safety.Whitelist$AttributeKey,AttributeKey/1[java.lang.String],true,581,0,1,1,0,1,0,3,0,0,1,0,0,0,0,0,0,0,0,0,0,0,0,0,0,0,3,0,0,false
/home/alison/jsoup-quality-analysis/work/jsoup/src/main/java/org/jsoup/safety/Whitelist.java,org.jsoup.safety.Whitelist$AttributeKey,valueOf/1[java.lang.String],false,585,1,8,7,1,1,0,3,1,0,1,0,0,0,0,0,0,0,0,0,0,0,0,0,0,0,4,8,0,false
/home/alison/jsoup-quality-analysis/work/jsoup/src/main/java/org/jsoup/parser/TokeniserState.java,org.jsoup.parser.TokeniserState$Anonymous48,"read/2[org.jsoup.parser.Tokeniser,org.jsoup.parser.CharacterReader]",false,1014,2,54,0,54,4,6,17,0,1,2,6,0,0,0,0,0,0,0,0,1,0,1,0,0,0,9,0,1,false
/home/alison/jsoup-quality-analysis/work/jsoup/src/main/java/org/jsoup/parser/TokeniserState.java,org.jsoup.parser.TokeniserState$Anonymous49,"read/2[org.jsoup.parser.Tokeniser,org.jsoup.parser.CharacterReader]",false,1037,2,54,0,54,6,7,25,0,1,2,7,0,0,0,0,0,0,2,0,1,0,1,0,0,0,10,0,4,false
/home/alison/jsoup-quality-analysis/work/jsoup/src/main/java/org/jsoup/parser/TokeniserState.java,org.jsoup.parser.TokeniserState$Anonymous42,"read/2[org.jsoup.parser.Tokeniser,org.jsoup.parser.CharacterReader]",false,884,2,54,0,54,3,6,15,0,1,2,6,0,0,0,0,0,0,0,0,2,0,1,0,0,0,9,0,1,false
/home/alison/jsoup-quality-analysis/work/jsoup/src/main/java/org/jsoup/nodes/TextNode.java,org.jsoup.nodes.TextNode,toString/0,false,108,1,1,0,1,1,1,3,1,0,0,1,0,0,0,0,0,0,0,0,0,0,0,0,0,0,4,1,0,false
/home/alison/jsoup-quality-analysis/work/jsoup/src/main/java/org/jsoup/nodes/TextNode.java,org.jsoup.nodes.TextNode,getWholeText/0,false,63,1,9,8,1,1,1,3,1,0,0,1,0,0,0,0,0,0,0,0,0,0,0,0,0,0,17,1,0,true
/home/alison/jsoup-quality-analysis/work/jsoup/src/main/java/org/jsoup/nodes/TextNode.java,org.jsoup.nodes.TextNode,"createFromEncoded/2[java.lang.String,java.lang.String]",false,119,2,2,0,2,1,1,4,1,1,2,1,0,0,0,0,0,0,0,0,1,0,0,0,0,0,30,9,0,true
/home/alison/jsoup-quality-analysis/work/jsoup/src/main/java/org/jsoup/nodes/TextNode.java,org.jsoup.nodes.TextNode,normaliseWhitespace/1[java.lang.String],false,134,1,1,0,1,1,1,4,1,0,1,1,0,0,0,0,0,0,0,0,1,0,0,0,0,0,3,8,0,false
/home/alison/jsoup-quality-analysis/work/jsoup/src/main/java/org/jsoup/nodes/TextNode.java,org.jsoup.nodes.TextNode,createFromEncoded/1[java.lang.String],false,129,2,2,0,2,1,1,4,1,1,1,1,0,0,0,0,0,0,0,0,1,0,0,0,0,0,21,9,0,true
/home/alison/jsoup-quality-analysis/work/jsoup/src/main/java/org/jsoup/nodes/TextNode.java,org.jsoup.nodes.TextNode,text/1[java.lang.String],false,54,2,2,1,1,1,1,4,1,0,1,1,0,0,0,0,0,0,0,0,0,0,0,0,0,0,11,1,0,true
/home/alison/jsoup-quality-analysis/work/jsoup/src/main/java/org/jsoup/nodes/TextNode.java,org.jsoup.nodes.TextNode,"TextNode/2[java.lang.String,java.lang.String]",true,32,0,0,0,0,1,0,3,0,0,2,0,0,0,0,0,0,0,0,0,0,0,0,0,0,0,17,1,0,true
/home/alison/jsoup-quality-analysis/work/jsoup/src/main/java/org/jsoup/nodes/TextNode.java,org.jsoup.nodes.TextNode,isBlank/0,false,71,2,5,3,2,1,2,3,1,0,0,2,0,0,0,0,0,0,0,0,0,0,0,0,0,0,21,1,0,true
/home/alison/jsoup-quality-analysis/work/jsoup/src/main/java/org/jsoup/nodes/TextNode.java,org.jsoup.nodes.TextNode,"outerHtmlHead/3[java.lang.Appendable,int,org.jsoup.nodes.Document.OutputSettings]",false,96,7,12,0,12,9,13,5,0,1,3,13,1,1,0,1,0,4,0,2,1,0,1,0,0,0,19,0,0,false
/home/alison/jsoup-quality-analysis/work/jsoup/src/main/java/org/jsoup/nodes/TextNode.java,org.jsoup.nodes.TextNode,"outerHtmlTail/3[java.lang.Appendable,int,org.jsoup.nodes.Document.OutputSettings]",false,105,1,0,0,0,1,0,2,0,0,3,0,0,0,0,0,0,0,0,0,0,0,0,0,0,0,5,0,0,false
/home/alison/jsoup-quality-analysis/work/jsoup/src/main/java/org/jsoup/nodes/TextNode.java,org.jsoup.nodes.TextNode,stripLeadingWhitespace/1[java.lang.String],false,139,0,0,0,0,1,1,3,1,0,1,1,0,0,0,0,0,0,2,0,0,0,0,0,0,0,4,8,0,false
/home/alison/jsoup-quality-analysis/work/jsoup/src/main/java/org/jsoup/nodes/TextNode.java,org.jsoup.nodes.TextNode,lastCharIsWhitespace/1[java.lang.StringBuilder],false,143,0,4,4,0,3,2,3,1,0,1,2,0,0,0,2,0,0,0,2,0,1,0,0,0,0,7,8,0,false
/home/alison/jsoup-quality-analysis/work/jsoup/src/main/java/org/jsoup/nodes/TextNode.java,org.jsoup.nodes.TextNode,splitText/1[int],false,81,4,7,0,7,4,9,11,1,4,1,9,1,1,0,1,0,0,2,3,4,1,1,0,0,0,42,1,0,true
/home/alison/jsoup-quality-analysis/work/jsoup/src/main/java/org/jsoup/nodes/TextNode.java,org.jsoup.nodes.TextNode,text/0,false,45,2,3,1,2,1,2,3,1,0,0,2,1,1,0,0,0,0,0,0,0,0,0,0,0,0,9,1,0,true
/home/alison/jsoup-quality-analysis/work/jsoup/src/main/java/org/jsoup/nodes/TextNode.java,org.jsoup.nodes.TextNode,TextNode/1[java.lang.String],true,20,0,10,10,0,1,0,3,0,0,1,0,0,0,0,0,0,0,0,0,1,0,0,0,0,0,11,1,0,true
/home/alison/jsoup-quality-analysis/work/jsoup/src/main/java/org/jsoup/nodes/TextNode.java,org.jsoup.nodes.TextNode,nodeName/0,false,36,0,0,0,0,1,0,3,1,0,0,0,0,0,0,0,0,0,1,0,0,0,0,0,0,0,2,1,0,false
/home/alison/jsoup-quality-analysis/work/jsoup/src/main/java/org/jsoup/parser/TokeniserState.java,org.jsoup.parser.TokeniserState$Anonymous43,"read/2[org.jsoup.parser.Tokeniser,org.jsoup.parser.CharacterReader]",false,904,3,54,0,54,1,5,8,0,1,2,5,0,0,0,0,0,0,0,0,2,0,0,0,0,0,6,0,0,false
/home/alison/jsoup-quality-analysis/work/jsoup/src/main/java/org/jsoup/parser/TokeniserState.java,org.jsoup.parser.TokeniserState$Anonymous44,"read/2[org.jsoup.parser.Tokeniser,org.jsoup.parser.CharacterReader]",false,917,2,54,0,54,4,7,17,0,0,2,7,0,0,0,0,0,0,3,0,0,0,1,0,0,0,9,0,1,false
/home/alison/jsoup-quality-analysis/work/jsoup/src/main/java/org/jsoup/select/Evaluator.java,org.jsoup.select.Evaluator$AttributeWithValue,toString/0,false,189,0,0,0,0,1,1,3,1,0,0,1,0,0,0,0,0,0,1,0,0,0,0,0,0,0,2,1,0,false
/home/alison/jsoup-quality-analysis/work/jsoup/src/main/java/org/jsoup/select/Evaluator.java,org.jsoup.select.Evaluator$AttributeWithValue,"AttributeWithValue/2[java.lang.String,java.lang.String]",true,179,0,2,2,0,1,0,3,0,0,2,0,0,0,0,0,0,0,0,0,0,0,0,0,0,0,4,1,0,false
/home/alison/jsoup-quality-analysis/work/jsoup/src/main/java/org/jsoup/select/Evaluator.java,org.jsoup.select.Evaluator$AttributeWithValue,"matches/2[org.jsoup.nodes.Element,org.jsoup.nodes.Element]",false,184,2,2,0,2,1,4,3,1,0,2,4,0,0,0,0,0,0,0,0,0,0,0,0,0,0,4,1,0,false
/home/alison/jsoup-quality-analysis/work/jsoup/src/main/java/org/jsoup/parser/TokeniserState.java,org.jsoup.parser.TokeniserState$Anonymous45,"read/2[org.jsoup.parser.Tokeniser,org.jsoup.parser.CharacterReader]",false,936,2,54,0,54,5,6,21,0,1,2,6,0,0,0,0,0,0,0,0,1,0,1,0,0,0,10,0,2,false
/home/alison/jsoup-quality-analysis/work/jsoup/src/main/java/org/jsoup/select/Evaluator.java,org.jsoup.select.Evaluator$AttributeWithValueNot,"matches/2[org.jsoup.nodes.Element,org.jsoup.nodes.Element]",false,204,2,1,0,1,1,2,3,1,0,2,2,0,0,0,0,0,0,0,0,0,0,0,0,0,0,4,1,0,false
/home/alison/jsoup-quality-analysis/work/jsoup/src/main/java/org/jsoup/select/Evaluator.java,org.jsoup.select.Evaluator$AttributeWithValueNot,toString/0,false,209,0,0,0,0,1,1,3,1,0,0,1,0,0,0,0,0,0,1,0,0,0,0,0,0,0,2,1,0,false
/home/alison/jsoup-quality-analysis/work/jsoup/src/main/java/org/jsoup/select/Evaluator.java,org.jsoup.select.Evaluator$AttributeWithValueNot,"AttributeWithValueNot/2[java.lang.String,java.lang.String]",true,199,0,2,2,0,1,0,3,0,0,2,0,0,0,0,0,0,0,0,0,0,0,0,0,0,0,5,1,0,false
/home/alison/jsoup-quality-analysis/work/jsoup/src/main/java/org/jsoup/parser/ParseErrorList.java,org.jsoup.parser.ParseErrorList,getMaxSize/0,false,23,0,1,1,0,1,0,3,1,0,0,0,0,0,0,0,0,0,0,0,0,0,0,0,0,0,4,0,0,false
/home/alison/jsoup-quality-analysis/work/jsoup/src/main/java/org/jsoup/parser/ParseErrorList.java,org.jsoup.parser.ParseErrorList,canAddError/0,false,19,0,5,5,0,2,1,3,1,0,0,1,0,0,0,0,0,0,0,0,0,0,0,0,0,0,6,0,0,false
/home/alison/jsoup-quality-analysis/work/jsoup/src/main/java/org/jsoup/parser/ParseErrorList.java,org.jsoup.parser.ParseErrorList,"ParseErrorList/2[int,int]",true,14,0,2,2,0,1,0,4,0,0,2,0,0,0,0,0,0,0,0,0,1,0,0,0,0,0,7,0,0,false
/home/alison/jsoup-quality-analysis/work/jsoup/src/main/java/org/jsoup/parser/ParseErrorList.java,org.jsoup.parser.ParseErrorList,tracking/1[int],false,31,1,3,2,1,1,0,3,1,0,1,0,0,0,0,0,0,0,0,0,0,0,0,0,0,0,6,9,0,false
/home/alison/jsoup-quality-analysis/work/jsoup/src/main/java/org/jsoup/parser/ParseErrorList.java,org.jsoup.parser.ParseErrorList,noTracking/0,false,27,1,4,3,1,1,0,3,1,0,0,0,0,0,0,0,0,0,0,2,0,0,0,0,0,0,5,9,0,false
/home/alison/jsoup-quality-analysis/work/jsoup/src/main/java/org/jsoup/nodes/BooleanAttribute.java,org.jsoup.nodes.BooleanAttribute,isBooleanAttribute/0,false,17,0,0,0,0,1,0,3,1,0,0,0,0,0,0,0,0,0,0,0,0,0,0,0,0,0,4,4,0,false
/home/alison/jsoup-quality-analysis/work/jsoup/src/main/java/org/jsoup/nodes/BooleanAttribute.java,org.jsoup.nodes.BooleanAttribute,BooleanAttribute/1[java.lang.String],true,12,0,1,1,0,1,0,3,0,0,1,0,0,0,0,0,0,0,0,0,0,0,0,0,0,0,9,1,0,true
/home/alison/jsoup-quality-analysis/work/jsoup/src/main/java/org/jsoup/nodes/Node.java,org.jsoup.nodes.Node$Anonymous1,"tail/2[org.jsoup.nodes.Node,int]",false,154,1,3,0,3,1,0,2,0,0,2,0,0,0,0,0,0,0,0,0,0,0,0,0,0,0,3,1,0,false
/home/alison/jsoup-quality-analysis/work/jsoup/src/main/java/org/jsoup/nodes/Node.java,org.jsoup.nodes.Node$Anonymous1,"head/2[org.jsoup.nodes.Node,int]",false,150,1,6,0,6,1,1,3,0,0,2,1,0,0,0,0,0,0,0,0,0,0,0,0,0,0,5,1,0,false
/home/alison/jsoup-quality-analysis/work/jsoup/src/main/java/org/jsoup/nodes/Element.java,org.jsoup.nodes.Element$Anonymous1,"tail/2[org.jsoup.nodes.Node,int]",false,1074,3,3,0,3,5,4,6,0,1,2,4,0,0,0,0,0,1,0,0,1,0,2,0,0,0,8,1,0,false
/home/alison/jsoup-quality-analysis/work/jsoup/src/main/java/org/jsoup/nodes/Element.java,org.jsoup.nodes.Element$Anonymous1,"head/2[org.jsoup.nodes.Node,int]",false,1061,4,6,0,6,7,7,10,0,2,2,7,0,0,0,0,0,1,1,1,2,0,2,0,0,0,11,1,0,false
/home/alison/jsoup-quality-analysis/work/jsoup/src/main/java/org/jsoup/nodes/Element.java,org.jsoup.nodes.Element$Anonymous2,"head/2[org.jsoup.nodes.Node,int]",false,1098,2,6,0,6,2,2,6,0,1,2,2,0,0,0,0,0,0,0,0,1,0,1,0,0,0,6,1,0,false
/home/alison/jsoup-quality-analysis/work/jsoup/src/main/java/org/jsoup/nodes/Element.java,org.jsoup.nodes.Element$Anonymous2,"tail/2[org.jsoup.nodes.Node,int]",false,1105,1,3,0,3,1,0,2,0,0,2,0,0,0,0,0,0,0,0,0,0,0,0,0,0,0,3,1,0,false
/home/alison/jsoup-quality-analysis/work/jsoup/src/main/java/org/jsoup/SerializationException.java,org.jsoup.SerializationException,"SerializationException/2[java.lang.String,java.lang.Throwable]",true,45,0,0,0,0,1,0,3,0,0,2,0,0,0,0,0,0,0,0,0,0,0,0,0,0,0,15,1,0,true
/home/alison/jsoup-quality-analysis/work/jsoup/src/main/java/org/jsoup/SerializationException.java,org.jsoup.SerializationException,SerializationException/1[java.lang.String],true,21,0,0,0,0,1,0,3,0,0,1,0,0,0,0,0,0,0,0,0,0,0,0,0,0,0,18,1,0,true
/home/alison/jsoup-quality-analysis/work/jsoup/src/main/java/org/jsoup/SerializationException.java,org.jsoup.SerializationException,SerializationException/1[java.lang.Throwable],true,33,0,6,6,0,1,0,3,0,0,1,0,0,0,0,0,0,0,0,0,0,0,0,0,0,0,24,1,0,true
/home/alison/jsoup-quality-analysis/work/jsoup/src/main/java/org/jsoup/SerializationException.java,org.jsoup.SerializationException,SerializationException/0,true,11,0,0,0,0,1,0,3,0,0,0,0,0,0,0,0,0,0,0,0,0,0,0,0,0,0,12,1,0,true
/home/alison/jsoup-quality-analysis/work/jsoup/src/main/java/org/jsoup/select/CombiningEvaluator.java,org.jsoup.select.CombiningEvaluator$Or,add/1[org.jsoup.select.Evaluator],false,86,2,2,1,1,1,2,4,0,0,1,2,0,0,0,0,0,0,0,0,0,0,0,0,0,0,6,1,0,false
/home/alison/jsoup-quality-analysis/work/jsoup/src/main/java/org/jsoup/select/CombiningEvaluator.java,org.jsoup.select.CombiningEvaluator$Or,Or/0,true,82,0,1,1,0,1,0,3,0,0,0,0,0,0,0,0,0,0,0,0,0,0,0,0,0,0,1,0,0,false
/home/alison/jsoup-quality-analysis/work/jsoup/src/main/java/org/jsoup/select/CombiningEvaluator.java,org.jsoup.select.CombiningEvaluator$Or,"matches/2[org.jsoup.nodes.Element,org.jsoup.nodes.Element]",false,92,2,1,0,1,3,2,7,2,2,2,2,0,0,1,0,0,0,0,1,2,0,2,0,0,0,9,1,0,false
/home/alison/jsoup-quality-analysis/work/jsoup/src/main/java/org/jsoup/select/CombiningEvaluator.java,org.jsoup.select.CombiningEvaluator$Or,toString/0,false,102,1,1,0,1,1,1,3,1,0,0,1,0,0,0,0,0,0,1,0,0,0,0,0,0,0,2,1,0,false
/home/alison/jsoup-quality-analysis/work/jsoup/src/main/java/org/jsoup/select/CombiningEvaluator.java,org.jsoup.select.CombiningEvaluator$Or,Or/1[org.jsoup.select.Evaluator[]],true,80,1,1,1,0,1,1,3,0,0,1,1,0,0,0,0,0,0,0,0,0,0,0,0,0,0,2,0,0,false
/home/alison/jsoup-quality-analysis/work/jsoup/src/main/java/org/jsoup/select/CombiningEvaluator.java,org.jsoup.select.CombiningEvaluator$Or,Or/1[java.util.Collection<org.jsoup.select.Evaluator>],true,71,3,2,0,2,2,3,6,0,0,1,3,0,0,0,0,0,0,0,1,0,0,1,0,0,0,31,0,0,true
/home/alison/jsoup-quality-analysis/work/jsoup/src/main/java/org/jsoup/select/Evaluator.java,org.jsoup.select.Evaluator$ContainsText,ContainsText/1[java.lang.String],true,655,1,3,2,1,1,1,3,0,0,1,1,0,0,0,0,0,0,0,0,1,0,0,0,0,0,5,1,0,false
/home/alison/jsoup-quality-analysis/work/jsoup/src/main/java/org/jsoup/select/Evaluator.java,org.jsoup.select.Evaluator$ContainsText,"matches/2[org.jsoup.nodes.Element,org.jsoup.nodes.Element]",false,660,2,2,0,2,1,3,3,1,0,2,3,0,0,0,0,0,0,0,0,0,0,0,0,0,0,7,1,0,false
/home/alison/jsoup-quality-analysis/work/jsoup/src/main/java/org/jsoup/select/Evaluator.java,org.jsoup.select.Evaluator$ContainsText,toString/0,false,665,0,0,0,0,1,1,3,1,0,0,1,0,0,0,0,0,0,1,0,0,0,0,0,0,0,2,1,0,false
/home/alison/jsoup-quality-analysis/work/jsoup/src/main/java/org/jsoup/Connection.java,org.jsoup.Connection$Base,headers/0,false,430,0,0,0,0,1,0,1,0,0,0,0,0,0,0,0,0,0,0,0,0,0,0,0,0,0,33,0,0,true
/home/alison/jsoup-quality-analysis/work/jsoup/src/main/java/org/jsoup/Connection.java,org.jsoup.Connection$Base,removeCookie/1[java.lang.String],false,473,1,0,0,0,1,0,1,0,0,1,0,0,0,0,0,0,0,0,0,0,0,0,0,0,0,11,0,0,true
/home/alison/jsoup-quality-analysis/work/jsoup/src/main/java/org/jsoup/Connection.java,org.jsoup.Connection$Base,removeHeader/1[java.lang.String],false,423,1,0,0,0,1,0,1,0,0,1,0,0,0,0,0,0,0,0,0,0,0,0,0,0,0,23,0,0,true
/home/alison/jsoup-quality-analysis/work/jsoup/src/main/java/org/jsoup/Connection.java,org.jsoup.Connection$Base,url/1[java.net.URL],false,350,1,0,0,0,1,0,1,0,0,1,0,0,0,0,0,0,0,0,0,0,0,0,0,0,0,8,0,0,true
/home/alison/jsoup-quality-analysis/work/jsoup/src/main/java/org/jsoup/Connection.java,org.jsoup.Connection$Base,method/0,false,357,1,0,0,0,1,0,1,0,0,0,0,0,0,0,0,0,0,0,0,0,0,0,0,0,0,5,0,0,true
/home/alison/jsoup-quality-analysis/work/jsoup/src/main/java/org/jsoup/Connection.java,org.jsoup.Connection$Base,cookie/1[java.lang.String],false,447,0,0,0,0,1,0,1,0,0,1,0,0,0,0,0,0,0,0,0,0,0,0,0,0,0,31,0,0,true
/home/alison/jsoup-quality-analysis/work/jsoup/src/main/java/org/jsoup/Connection.java,org.jsoup.Connection$Base,cookies/0,false,480,0,0,0,0,1,0,1,0,0,0,0,0,0,0,0,0,0,0,0,0,0,0,0,0,0,10,0,0,true
/home/alison/jsoup-quality-analysis/work/jsoup/src/main/java/org/jsoup/Connection.java,org.jsoup.Connection$Base,"hasHeaderWithValue/2[java.lang.String,java.lang.String]",false,415,0,0,0,0,1,0,1,0,0,2,0,0,0,0,0,0,0,0,0,0,0,0,0,0,0,21,0,0,true
/home/alison/jsoup-quality-analysis/work/jsoup/src/main/java/org/jsoup/Connection.java,org.jsoup.Connection$Base,url/0,false,344,0,0,0,0,1,0,1,0,0,0,0,0,0,0,0,0,0,0,0,0,0,0,0,0,0,6,0,0,true
/home/alison/jsoup-quality-analysis/work/jsoup/src/main/java/org/jsoup/Connection.java,org.jsoup.Connection$Base,headers/1[java.lang.String],false,383,0,0,0,0,1,0,1,0,0,1,0,0,0,0,0,0,0,0,0,0,0,0,0,0,0,13,0,0,true
/home/alison/jsoup-quality-analysis/work/jsoup/src/main/java/org/jsoup/Connection.java,org.jsoup.Connection$Base,multiHeaders/0,false,441,0,0,0,0,1,0,1,0,0,0,0,0,0,0,0,0,0,0,0,0,0,0,0,0,0,16,0,0,true
/home/alison/jsoup-quality-analysis/work/jsoup/src/main/java/org/jsoup/Connection.java,org.jsoup.Connection$Base,hasCookie/1[java.lang.String],false,466,0,0,0,0,1,0,1,0,0,1,0,0,0,0,0,0,0,0,0,0,0,0,0,0,0,13,0,0,true
/home/alison/jsoup-quality-analysis/work/jsoup/src/main/java/org/jsoup/Connection.java,org.jsoup.Connection$Base,header/1[java.lang.String],false,370,0,0,0,0,1,0,1,0,0,1,0,0,0,0,0,0,0,0,0,0,0,0,0,0,0,30,0,0,true
/home/alison/jsoup-quality-analysis/work/jsoup/src/main/java/org/jsoup/Connection.java,org.jsoup.Connection$Base,"addHeader/2[java.lang.String,java.lang.String]",false,400,1,0,0,0,1,0,1,0,0,2,0,0,0,0,0,0,0,0,0,0,0,0,0,0,0,22,0,0,true
/home/alison/jsoup-quality-analysis/work/jsoup/src/main/java/org/jsoup/Connection.java,org.jsoup.Connection$Base,"cookie/2[java.lang.String,java.lang.String]",false,458,1,0,0,0,1,0,1,0,0,2,0,0,0,0,0,0,0,0,0,0,0,0,0,0,0,10,0,0,true
/home/alison/jsoup-quality-analysis/work/jsoup/src/main/java/org/jsoup/Connection.java,org.jsoup.Connection$Base,method/1[org.jsoup.Connection.Method],false,363,2,0,0,0,1,0,1,0,0,1,0,0,0,0,0,0,0,0,0,0,0,0,0,0,0,7,0,0,true
/home/alison/jsoup-quality-analysis/work/jsoup/src/main/java/org/jsoup/Connection.java,org.jsoup.Connection$Base,"header/2[java.lang.String,java.lang.String]",false,390,1,0,0,0,1,0,1,0,0,2,0,0,0,0,0,0,0,0,0,0,0,0,0,0,0,29,0,0,true
/home/alison/jsoup-quality-analysis/work/jsoup/src/main/java/org/jsoup/Connection.java,org.jsoup.Connection$Base,hasHeader/1[java.lang.String],false,408,0,0,0,0,1,0,1,0,0,1,0,0,0,0,0,0,0,0,0,0,0,0,0,0,0,14,0,0,true
/home/alison/jsoup-quality-analysis/work/jsoup/src/main/java/org/jsoup/safety/Whitelist.java,org.jsoup.safety.Whitelist$TagName,valueOf/1[java.lang.String],false,575,1,12,11,1,1,0,3,1,0,1,0,0,0,0,0,0,0,0,0,0,0,0,0,0,0,4,8,0,false
/home/alison/jsoup-quality-analysis/work/jsoup/src/main/java/org/jsoup/safety/Whitelist.java,org.jsoup.safety.Whitelist$TagName,TagName/1[java.lang.String],true,571,0,1,1,0,1,0,3,0,0,1,0,0,0,0,0,0,0,0,0,0,0,0,0,0,0,3,0,0,false
/home/alison/jsoup-quality-analysis/work/jsoup/src/main/java/org/jsoup/parser/TokeniserState.java,org.jsoup.parser.TokeniserState$Anonymous50,"read/2[org.jsoup.parser.Tokeniser,org.jsoup.parser.CharacterReader]",false,1070,2,54,0,54,5,7,21,0,1,2,7,0,0,0,0,0,0,3,0,1,0,1,0,0,0,10,0,1,false
/home/alison/jsoup-quality-analysis/work/jsoup/src/main/java/org/jsoup/parser/TokeniserState.java,org.jsoup.parser.TokeniserState$Anonymous51,"read/2[org.jsoup.parser.Tokeniser,org.jsoup.parser.CharacterReader]",false,1098,2,54,0,54,8,6,16,0,1,2,6,0,0,0,0,0,0,0,0,2,0,1,0,0,0,9,0,2,false
/home/alison/jsoup-quality-analysis/work/jsoup/src/main/java/org/jsoup/select/Evaluator.java,org.jsoup.select.Evaluator$IsNthOfType,"IsNthOfType/2[int,int]",true,515,0,1,1,0,1,0,3,0,0,2,0,0,0,0,0,0,0,0,0,0,0,0,0,0,0,5,1,0,false
/home/alison/jsoup-quality-analysis/work/jsoup/src/main/java/org/jsoup/select/Evaluator.java,org.jsoup.select.Evaluator$IsNthOfType,"calculatePosition/2[org.jsoup.nodes.Element,org.jsoup.nodes.Element]",false,519,3,4,0,4,4,4,9,1,2,2,4,0,0,1,1,0,0,0,1,2,0,2,0,0,0,8,4,0,false
/home/alison/jsoup-quality-analysis/work/jsoup/src/main/java/org/jsoup/select/Evaluator.java,org.jsoup.select.Evaluator$IsNthOfType,getPseudoClass/0,false,530,0,0,0,0,1,0,3,1,0,0,0,0,0,0,0,0,0,1,0,0,0,0,0,0,0,4,4,0,false
/home/alison/jsoup-quality-analysis/work/jsoup/src/main/java/org/jsoup/select/Evaluator.java,org.jsoup.select.Evaluator$Id,"matches/2[org.jsoup.nodes.Element,org.jsoup.nodes.Element]",false,92,1,1,0,1,1,2,3,1,0,2,2,0,0,0,0,0,1,0,0,0,0,0,0,0,0,3,1,0,false
/home/alison/jsoup-quality-analysis/work/jsoup/src/main/java/org/jsoup/select/Evaluator.java,org.jsoup.select.Evaluator$Id,Id/1[java.lang.String],true,87,0,2,2,0,1,0,3,0,0,1,0,0,0,0,0,0,0,0,0,1,0,0,0,0,0,2,1,0,false
/home/alison/jsoup-quality-analysis/work/jsoup/src/main/java/org/jsoup/select/Evaluator.java,org.jsoup.select.Evaluator$Id,toString/0,false,97,0,0,0,0,1,1,3,1,0,0,1,0,0,0,0,0,0,1,0,0,0,0,0,0,0,2,1,0,false
/home/alison/jsoup-quality-analysis/work/jsoup/src/main/java/org/jsoup/parser/TokeniserState.java,org.jsoup.parser.TokeniserState$Anonymous52,"read/2[org.jsoup.parser.Tokeniser,org.jsoup.parser.CharacterReader]",false,1125,2,54,0,54,9,8,25,1,1,2,8,0,0,0,0,0,0,0,0,2,0,1,0,0,0,10,0,1,false
/home/alison/jsoup-quality-analysis/work/jsoup/src/main/java/org/jsoup/select/StructuralEvaluator.java,org.jsoup.select.StructuralEvaluator$PreviousSibling,"matches/2[org.jsoup.nodes.Element,org.jsoup.nodes.Element]",false,101,2,2,0,2,4,2,9,3,1,2,2,0,0,1,2,0,0,0,0,2,0,2,0,0,0,8,1,0,false
/home/alison/jsoup-quality-analysis/work/jsoup/src/main/java/org/jsoup/select/StructuralEvaluator.java,org.jsoup.select.StructuralEvaluator$PreviousSibling,toString/0,false,117,0,0,0,0,1,1,3,1,0,0,1,0,0,0,0,0,0,1,0,0,0,0,0,0,0,2,1,0,false
/home/alison/jsoup-quality-analysis/work/jsoup/src/main/java/org/jsoup/select/StructuralEvaluator.java,org.jsoup.select.StructuralEvaluator$PreviousSibling,PreviousSibling/1[org.jsoup.select.Evaluator],true,97,1,1,1,0,1,0,3,0,0,1,0,0,0,0,0,0,0,0,0,1,0,0,0,0,0,4,1,0,false
/home/alison/jsoup-quality-analysis/work/jsoup/src/main/java/org/jsoup/parser/TokeniserState.java,org.jsoup.parser.TokeniserState$Anonymous57,"read/2[org.jsoup.parser.Tokeniser,org.jsoup.parser.CharacterReader]",false,1300,2,54,0,54,5,6,21,0,1,2,6,0,0,0,0,0,0,0,0,3,0,1,0,0,0,12,0,2,false
/home/alison/jsoup-quality-analysis/work/jsoup/src/main/java/org/jsoup/safety/Whitelist.java,org.jsoup.safety.Whitelist,Whitelist/0,true,192,1,4,4,0,1,0,7,0,0,0,0,0,0,0,0,0,0,0,0,5,0,0,0,0,0,24,1,0,true
/home/alison/jsoup-quality-analysis/work/jsoup/src/main/java/org/jsoup/safety/Whitelist.java,org.jsoup.safety.Whitelist,"removeEnforcedAttribute/2[java.lang.String,java.lang.String]",false,358,5,3,0,3,4,9,12,1,3,2,9,0,0,0,0,0,0,0,0,3,0,2,0,0,0,22,1,0,true
/home/alison/jsoup-quality-analysis/work/jsoup/src/main/java/org/jsoup/safety/Whitelist.java,org.jsoup.safety.Whitelist,none/0,false,78,1,1,0,1,1,0,3,1,0,0,0,0,0,0,0,0,0,0,0,0,0,0,0,0,0,14,9,0,true
/home/alison/jsoup-quality-analysis/work/jsoup/src/main/java/org/jsoup/safety/Whitelist.java,org.jsoup.safety.Whitelist,"addEnforcedAttribute/3[java.lang.String,java.lang.String,java.lang.String]",false,331,5,5,1,4,2,9,18,1,4,3,9,0,0,0,0,0,0,0,0,4,0,1,0,0,0,49,1,0,true
/home/alison/jsoup-quality-analysis/work/jsoup/src/main/java/org/jsoup/safety/Whitelist.java,org.jsoup.safety.Whitelist,preserveRelativeLinks/1[boolean],false,389,1,0,0,0,1,0,4,1,0,1,0,0,0,0,0,0,0,0,0,1,0,0,0,0,0,58,1,0,true
/home/alison/jsoup-quality-analysis/work/jsoup/src/main/java/org/jsoup/safety/Whitelist.java,org.jsoup.safety.Whitelist,addTags/1[java.lang.String[]],false,206,3,7,4,3,2,4,8,1,0,1,4,0,0,1,0,0,0,0,0,0,0,1,0,0,0,25,1,0,true
/home/alison/jsoup-quality-analysis/work/jsoup/src/main/java/org/jsoup/safety/Whitelist.java,org.jsoup.safety.Whitelist,"addAttributes/2[java.lang.String,java.lang.String[]]",false,253,4,8,3,5,4,11,20,1,3,2,11,0,0,1,0,0,0,1,1,3,0,1,0,0,0,43,1,0,true
/home/alison/jsoup-quality-analysis/work/jsoup/src/main/java/org/jsoup/safety/Whitelist.java,org.jsoup.safety.Whitelist,getEnforcedAttributes/1[java.lang.String],false,556,5,6,2,4,3,8,11,1,3,1,8,0,0,1,0,0,0,0,0,3,0,2,0,0,0,10,0,0,false
/home/alison/jsoup-quality-analysis/work/jsoup/src/main/java/org/jsoup/safety/Whitelist.java,org.jsoup.safety.Whitelist,"removeProtocols/3[java.lang.String,java.lang.String,java.lang.String[]]",false,452,5,6,0,6,4,15,20,1,4,3,15,0,0,1,0,0,0,2,0,4,0,2,0,0,0,36,1,0,true
/home/alison/jsoup-quality-analysis/work/jsoup/src/main/java/org/jsoup/safety/Whitelist.java,org.jsoup.safety.Whitelist,removeTags/1[java.lang.String[]],false,222,3,3,0,3,3,7,13,1,1,1,7,0,0,1,0,0,0,0,0,1,0,2,0,0,0,26,1,0,true
/home/alison/jsoup-quality-analysis/work/jsoup/src/main/java/org/jsoup/safety/Whitelist.java,org.jsoup.safety.Whitelist,"isSafeAttribute/3[java.lang.String,org.jsoup.nodes.Element,org.jsoup.nodes.Attribute]",false,496,8,11,2,9,6,17,23,4,7,3,17,3,2,0,2,0,0,2,0,7,0,2,0,0,0,38,4,0,true
/home/alison/jsoup-quality-analysis/work/jsoup/src/main/java/org/jsoup/safety/Whitelist.java,org.jsoup.safety.Whitelist,"testValidProtocol/3[org.jsoup.nodes.Element,org.jsoup.nodes.Attribute,java.util.Set<org.jsoup.safety.Whitelist.Protocol>]",false,523,7,8,1,7,7,10,21,3,2,3,10,1,1,1,1,0,0,2,1,4,0,3,0,0,0,17,2,0,false
/home/alison/jsoup-quality-analysis/work/jsoup/src/main/java/org/jsoup/safety/Whitelist.java,org.jsoup.safety.Whitelist,relaxed/0,false,153,1,4,0,4,1,3,3,1,0,0,3,3,1,0,0,0,0,105,0,0,0,0,0,0,0,26,9,0,true
/home/alison/jsoup-quality-analysis/work/jsoup/src/main/java/org/jsoup/safety/Whitelist.java,org.jsoup.safety.Whitelist,basicWithImages/0,false,135,1,4,0,4,1,4,3,1,0,0,4,4,2,0,0,0,0,12,0,0,0,0,0,0,0,20,9,0,true
/home/alison/jsoup-quality-analysis/work/jsoup/src/main/java/org/jsoup/safety/Whitelist.java,org.jsoup.safety.Whitelist,isSafeTag/1[java.lang.String],false,485,1,3,2,1,1,2,3,1,0,1,2,0,0,0,0,0,0,0,0,0,0,0,0,0,0,12,4,0,true
/home/alison/jsoup-quality-analysis/work/jsoup/src/main/java/org/jsoup/safety/Whitelist.java,org.jsoup.safety.Whitelist,simpleText/0,false,88,1,2,0,2,1,1,3,1,0,0,1,1,1,0,0,0,0,5,0,0,0,0,0,0,0,20,9,0,true
/home/alison/jsoup-quality-analysis/work/jsoup/src/main/java/org/jsoup/safety/Whitelist.java,org.jsoup.safety.Whitelist,basic/0,false,109,1,6,1,5,1,4,3,1,0,0,4,4,1,0,0,0,0,47,0,0,0,0,0,0,0,26,9,0,true
/home/alison/jsoup-quality-analysis/work/jsoup/src/main/java/org/jsoup/safety/Whitelist.java,org.jsoup.safety.Whitelist,"addProtocols/3[java.lang.String,java.lang.String,java.lang.String[]]",false,410,5,8,3,5,4,12,29,1,5,3,12,0,0,1,0,0,0,0,0,7,0,1,0,0,0,49,1,0,true
/home/alison/jsoup-quality-analysis/work/jsoup/src/main/java/org/jsoup/safety/Whitelist.java,org.jsoup.safety.Whitelist,isValidAnchor/1[java.lang.String],false,552,0,1,1,0,1,2,3,1,0,1,2,0,0,0,0,0,0,2,0,0,0,0,0,0,0,4,2,0,false
/home/alison/jsoup-quality-analysis/work/jsoup/src/main/java/org/jsoup/safety/Whitelist.java,org.jsoup.safety.Whitelist,"removeAttributes/2[java.lang.String,java.lang.String[]]",false,289,4,5,0,5,9,14,22,1,4,2,14,0,0,2,0,0,0,2,1,4,0,3,0,0,0,43,1,0,true
/home/alison/jsoup-quality-analysis/work/jsoup/src/main/java/org/jsoup/parser/TokeniserState.java,org.jsoup.parser.TokeniserState$Anonymous58,"read/2[org.jsoup.parser.Tokeniser,org.jsoup.parser.CharacterReader]",false,1328,2,54,0,54,5,6,21,0,1,2,6,0,0,0,0,0,0,0,0,3,0,1,0,0,0,12,0,2,false
/home/alison/jsoup-quality-analysis/work/jsoup/src/main/java/org/jsoup/parser/TokeniserState.java,org.jsoup.parser.TokeniserState$Anonymous59,"read/2[org.jsoup.parser.Tokeniser,org.jsoup.parser.CharacterReader]",false,1356,2,54,0,54,10,5,24,0,1,2,5,0,0,0,0,0,0,0,0,3,0,1,0,0,0,17,0,3,false
/home/alison/jsoup-quality-analysis/work/jsoup/src/main/java/org/jsoup/examples/HtmlToPlainText.java,org.jsoup.examples.HtmlToPlainText$FormattingVisitor,"tail/2[org.jsoup.nodes.Node,int]",false,88,3,4,0,4,3,6,5,0,1,2,6,1,1,0,0,0,0,13,0,1,0,2,0,0,0,5,1,0,false
/home/alison/jsoup-quality-analysis/work/jsoup/src/main/java/org/jsoup/examples/HtmlToPlainText.java,org.jsoup.examples.HtmlToPlainText$FormattingVisitor,toString/0,false,126,0,1,1,0,1,1,3,1,0,0,1,0,0,0,0,0,0,0,0,0,0,0,0,0,0,2,1,0,false
/home/alison/jsoup-quality-analysis/work/jsoup/src/main/java/org/jsoup/examples/HtmlToPlainText.java,org.jsoup.examples.HtmlToPlainText$FormattingVisitor,"head/2[org.jsoup.nodes.Node,int]",false,75,4,4,0,4,5,5,7,0,1,2,5,1,1,0,0,0,1,12,0,1,0,4,0,0,0,7,1,0,false
/home/alison/jsoup-quality-analysis/work/jsoup/src/main/java/org/jsoup/examples/HtmlToPlainText.java,org.jsoup.examples.HtmlToPlainText$FormattingVisitor,append/1[java.lang.String],false,97,1,3,2,1,9,8,24,1,4,1,8,0,0,1,2,0,1,7,5,9,5,3,0,0,0,8,2,0,false
/home/alison/jsoup-quality-analysis/work/jsoup/src/main/java/org/jsoup/parser/TokeniserState.java,org.jsoup.parser.TokeniserState$Anonymous53,"read/2[org.jsoup.parser.Tokeniser,org.jsoup.parser.CharacterReader]",false,1160,2,54,0,54,10,9,24,1,2,2,9,0,0,0,0,0,0,0,0,3,0,1,0,0,0,12,0,1,false
/home/alison/jsoup-quality-analysis/work/jsoup/src/main/java/org/jsoup/select/Collector.java,org.jsoup.select.Collector$Accumulator,"head/2[org.jsoup.nodes.Node,int]",false,42,3,1,0,1,3,2,6,0,1,2,2,0,0,0,0,0,0,0,0,1,0,2,0,0,0,6,1,0,false
/home/alison/jsoup-quality-analysis/work/jsoup/src/main/java/org/jsoup/select/Collector.java,org.jsoup.select.Collector$Accumulator,"tail/2[org.jsoup.nodes.Node,int]",false,50,1,0,0,0,1,0,2,0,0,2,0,0,0,0,0,0,0,0,0,0,0,0,0,0,0,3,1,0,false
/home/alison/jsoup-quality-analysis/work/jsoup/src/main/java/org/jsoup/select/Collector.java,org.jsoup.select.Collector$Accumulator,"Accumulator/3[org.jsoup.nodes.Element,org.jsoup.select.Elements,org.jsoup.select.Evaluator]",true,36,3,1,1,0,1,0,5,0,0,3,0,0,0,0,0,0,0,0,0,3,0,0,0,0,0,5,0,0,false
/home/alison/jsoup-quality-analysis/work/jsoup/src/main/java/org/jsoup/select/Collector.java,org.jsoup.select.Collector,Collector/0,true,16,0,0,0,0,1,0,2,0,0,0,0,0,0,0,0,0,0,0,0,0,0,0,0,0,0,1,2,0,false
/home/alison/jsoup-quality-analysis/work/jsoup/src/main/java/org/jsoup/select/Collector.java,org.jsoup.select.Collector,"collect/2[org.jsoup.select.Evaluator,org.jsoup.nodes.Element]",false,25,5,23,20,3,1,1,5,1,1,2,1,0,0,0,0,0,0,0,0,1,0,0,0,0,0,27,9,0,true
/home/alison/jsoup-quality-analysis/work/jsoup/src/main/java/org/jsoup/select/Collector.java,org.jsoup.select.Collector,"findFirst/2[org.jsoup.select.Evaluator,org.jsoup.nodes.Element]",false,55,4,3,1,2,1,1,5,1,1,2,1,0,0,0,0,0,0,0,0,1,0,0,0,0,0,7,9,0,false
/home/alison/jsoup-quality-analysis/work/jsoup/src/main/java/org/jsoup/parser/TokeniserState.java,org.jsoup.parser.TokeniserState$Anonymous54,"read/2[org.jsoup.parser.Tokeniser,org.jsoup.parser.CharacterReader]",false,1195,2,54,0,54,6,10,27,1,0,2,10,0,0,0,0,0,0,0,0,4,0,2,0,0,0,11,0,1,false
/home/alison/jsoup-quality-analysis/work/jsoup/src/main/java/org/jsoup/parser/TokeniserState.java,org.jsoup.parser.TokeniserState$Anonymous55,"read/2[org.jsoup.parser.Tokeniser,org.jsoup.parser.CharacterReader]",false,1223,2,54,0,54,10,5,26,0,1,2,5,0,0,0,0,0,0,0,0,4,0,1,0,0,0,14,0,4,false
/home/alison/jsoup-quality-analysis/work/jsoup/src/main/java/org/jsoup/nodes/Attributes.java,org.jsoup.nodes.Attributes$Dataset$DatasetIterator,hasNext/0,false,425,1,1,0,1,3,3,7,2,0,0,3,0,0,1,0,0,0,0,0,1,0,2,0,0,0,5,1,0,false
/home/alison/jsoup-quality-analysis/work/jsoup/src/main/java/org/jsoup/nodes/Attributes.java,org.jsoup.nodes.Attributes$Dataset$DatasetIterator,next/0,false,433,1,3,0,3,1,4,3,1,0,0,4,0,0,0,0,0,0,0,0,0,0,0,0,0,0,2,1,0,false
/home/alison/jsoup-quality-analysis/work/jsoup/src/main/java/org/jsoup/nodes/Attributes.java,org.jsoup.nodes.Attributes$Dataset$DatasetIterator,remove/0,false,437,2,2,0,2,1,2,3,0,0,0,2,0,0,0,0,0,0,0,0,0,0,0,0,0,0,1,1,0,false
/home/alison/jsoup-quality-analysis/work/jsoup/src/main/java/org/jsoup/parser/TokeniserState.java,org.jsoup.parser.TokeniserState$Anonymous56,"read/2[org.jsoup.parser.Tokeniser,org.jsoup.parser.CharacterReader]",false,1263,2,54,0,54,10,5,23,0,1,2,5,0,0,0,0,0,0,0,0,4,0,1,0,0,0,13,0,2,false
/home/alison/jsoup-quality-analysis/work/jsoup/src/main/java/org/jsoup/select/StructuralEvaluator.java,org.jsoup.select.StructuralEvaluator$Not,toString/0,false,46,0,0,0,0,1,1,3,1,0,0,1,0,0,0,0,0,0,1,0,0,0,0,0,0,0,2,1,0,false
/home/alison/jsoup-quality-analysis/work/jsoup/src/main/java/org/jsoup/select/StructuralEvaluator.java,org.jsoup.select.StructuralEvaluator$Not,"matches/2[org.jsoup.nodes.Element,org.jsoup.nodes.Element]",false,41,2,1,0,1,1,1,3,1,0,2,1,0,0,0,0,0,0,0,0,0,0,0,0,0,0,3,1,0,false
/home/alison/jsoup-quality-analysis/work/jsoup/src/main/java/org/jsoup/select/StructuralEvaluator.java,org.jsoup.select.StructuralEvaluator$Not,Not/1[org.jsoup.select.Evaluator],true,37,1,1,1,0,1,0,3,0,0,1,0,0,0,0,0,0,0,0,0,1,0,0,0,0,0,3,1,0,false
/home/alison/jsoup-quality-analysis/work/jsoup/src/main/java/org/jsoup/internal/ConstrainableInputStream.java,org.jsoup.internal.ConstrainableInputStream,"wrap/3[java.io.InputStream,int,int]",false,42,1,5,4,1,2,0,3,1,0,3,0,0,0,0,0,0,0,0,0,0,0,0,0,0,0,28,9,0,true
/home/alison/jsoup-quality-analysis/work/jsoup/src/main/java/org/jsoup/internal/ConstrainableInputStream.java,org.jsoup.internal.ConstrainableInputStream,expired/0,false,113,0,1,1,0,3,1,6,2,2,0,1,0,0,0,1,0,1,0,1,2,1,1,0,0,0,7,2,0,false
/home/alison/jsoup-quality-analysis/work/jsoup/src/main/java/org/jsoup/internal/ConstrainableInputStream.java,org.jsoup.internal.ConstrainableInputStream,reset/0,false,102,0,0,0,0,1,1,4,0,0,0,1,0,0,0,0,0,0,0,0,1,1,0,0,0,0,8,1,0,false
/home/alison/jsoup-quality-analysis/work/jsoup/src/main/java/org/jsoup/internal/ConstrainableInputStream.java,org.jsoup.internal.ConstrainableInputStream,"timeout/2[long,long]",false,107,1,1,1,0,1,0,5,1,0,2,0,0,0,0,0,0,0,0,1,2,1,0,0,0,0,8,1,0,false
/home/alison/jsoup-quality-analysis/work/jsoup/src/main/java/org/jsoup/internal/ConstrainableInputStream.java,org.jsoup.internal.ConstrainableInputStream,"read/3[byte[],int,int]",false,49,2,1,0,1,9,3,17,4,1,3,3,1,1,0,0,1,0,1,4,4,0,1,0,0,0,13,1,0,false
/home/alison/jsoup-quality-analysis/work/jsoup/src/main/java/org/jsoup/internal/ConstrainableInputStream.java,org.jsoup.internal.ConstrainableInputStream,"ConstrainableInputStream/3[java.io.InputStream,int,int]",true,26,1,2,1,1,3,2,8,0,0,3,2,0,0,0,1,0,0,0,2,4,0,0,0,0,0,9,2,0,false
/home/alison/jsoup-quality-analysis/work/jsoup/src/main/java/org/jsoup/internal/ConstrainableInputStream.java,org.jsoup.internal.ConstrainableInputStream,readToByteBuffer/1[int],false,76,2,2,1,1,9,5,22,1,6,1,5,0,0,1,1,0,0,1,5,7,0,3,0,0,0,37,1,0,true
/home/alison/jsoup-quality-analysis/work/jsoup/src/main/java/org/jsoup/parser/CharacterReader.java,org.jsoup.parser.CharacterReader,consumeLetterThenDigitSequence/0,false,318,1,4,1,3,10,4,15,1,3,0,4,3,2,2,0,0,2,0,0,3,1,2,0,0,0,18,0,0,false
/home/alison/jsoup-quality-analysis/work/jsoup/src/main/java/org/jsoup/parser/CharacterReader.java,org.jsoup.parser.CharacterReader,unconsume/0,false,109,1,4,3,1,2,0,4,0,0,0,0,0,0,0,0,0,0,1,1,0,0,1,0,0,0,10,0,0,false
/home/alison/jsoup-quality-analysis/work/jsoup/src/main/java/org/jsoup/parser/CharacterReader.java,org.jsoup.parser.CharacterReader,"rangeEquals/4[char[],int,int,java.lang.String]",false,519,1,2,2,0,4,2,11,3,2,4,2,0,0,1,3,0,0,0,2,2,0,3,0,0,0,15,8,0,true
/home/alison/jsoup-quality-analysis/work/jsoup/src/main/java/org/jsoup/parser/CharacterReader.java,org.jsoup.parser.CharacterReader,matches/1[char],false,365,1,4,3,1,2,1,3,1,0,1,1,1,2,0,1,0,0,0,0,0,0,0,0,0,0,4,0,0,false
/home/alison/jsoup-quality-analysis/work/jsoup/src/main/java/org/jsoup/parser/CharacterReader.java,org.jsoup.parser.CharacterReader,nextIndexOf/1[java.lang.CharSequence],false,158,1,3,2,1,10,3,16,2,5,1,3,1,1,3,4,0,0,0,5,5,4,3,0,0,0,31,0,0,true
/home/alison/jsoup-quality-analysis/work/jsoup/src/main/java/org/jsoup/parser/CharacterReader.java,org.jsoup.parser.CharacterReader,matchesDigit/0,false,422,1,2,1,1,4,1,5,2,1,0,1,1,2,0,0,0,1,0,0,1,0,1,0,0,0,6,0,0,false
/home/alison/jsoup-quality-analysis/work/jsoup/src/main/java/org/jsoup/parser/CharacterReader.java,org.jsoup.parser.CharacterReader,"cacheString/4[char[],java.lang.String[],int,int]",false,484,2,12,11,1,6,1,25,4,5,4,1,1,1,1,1,0,0,1,5,10,3,2,0,0,0,53,10,0,true
/home/alison/jsoup-quality-analysis/work/jsoup/src/main/java/org/jsoup/parser/CharacterReader.java,org.jsoup.parser.CharacterReader,mark/0,false,123,1,2,1,1,1,1,5,0,0,0,1,1,1,0,0,0,0,0,1,2,0,0,0,0,0,8,0,0,false
/home/alison/jsoup-quality-analysis/work/jsoup/src/main/java/org/jsoup/parser/CharacterReader.java,org.jsoup.parser.CharacterReader,nextIndexOf/1[char],false,142,1,2,1,1,3,1,7,2,1,1,1,1,1,1,1,0,0,0,1,1,1,2,0,0,0,25,0,0,true
/home/alison/jsoup-quality-analysis/work/jsoup/src/main/java/org/jsoup/parser/CharacterReader.java,org.jsoup.parser.CharacterReader,matches/1[java.lang.String],false,370,1,2,1,1,4,3,7,3,2,1,3,1,1,1,1,0,0,0,1,2,2,2,0,0,0,11,0,0,false
/home/alison/jsoup-quality-analysis/work/jsoup/src/main/java/org/jsoup/parser/CharacterReader.java,org.jsoup.parser.CharacterReader,bufferUp/0,false,50,1,21,20,1,5,4,20,1,2,0,4,0,0,0,1,1,0,0,3,7,0,2,0,0,0,23,2,0,false
/home/alison/jsoup-quality-analysis/work/jsoup/src/main/java/org/jsoup/parser/CharacterReader.java,org.jsoup.parser.CharacterReader,consumeToAny/1[char[]],false,209,2,5,3,2,5,2,17,1,6,1,2,2,2,2,1,0,0,1,1,7,1,3,0,0,0,38,1,0,true
/home/alison/jsoup-quality-analysis/work/jsoup/src/main/java/org/jsoup/parser/CharacterReader.java,org.jsoup.parser.CharacterReader,matchesIgnoreCase/1[java.lang.String],false,382,1,2,1,1,4,4,11,3,4,1,4,1,1,1,1,0,0,0,1,4,2,2,0,0,0,16,0,0,false
/home/alison/jsoup-quality-analysis/work/jsoup/src/main/java/org/jsoup/parser/CharacterReader.java,org.jsoup.parser.CharacterReader,toString/0,false,473,0,0,0,0,1,0,3,1,0,0,0,0,0,0,0,0,0,0,0,0,1,0,0,0,0,4,1,0,false
/home/alison/jsoup-quality-analysis/work/jsoup/src/main/java/org/jsoup/parser/CharacterReader.java,org.jsoup.parser.CharacterReader,consumeHexSequence/0,false,339,1,3,1,2,8,2,10,1,2,0,2,2,2,1,0,0,3,0,0,2,1,2,0,0,0,12,0,0,false
/home/alison/jsoup-quality-analysis/work/jsoup/src/main/java/org/jsoup/parser/CharacterReader.java,org.jsoup.parser.CharacterReader,consumeTo/1[char],false,182,1,6,3,3,2,3,11,2,2,1,3,3,4,0,1,0,0,0,1,3,0,1,0,0,0,22,1,0,true
/home/alison/jsoup-quality-analysis/work/jsoup/src/main/java/org/jsoup/parser/CharacterReader.java,org.jsoup.parser.CharacterReader,consumeDigitSequence/0,false,352,1,3,1,2,4,2,10,1,2,0,2,2,2,1,0,0,0,0,0,2,1,2,0,0,0,12,0,0,false
/home/alison/jsoup-quality-analysis/work/jsoup/src/main/java/org/jsoup/parser/CharacterReader.java,org.jsoup.parser.CharacterReader,pos/0,false,76,0,5,5,0,1,0,3,1,0,0,0,0,0,0,0,0,0,0,0,0,1,0,0,0,0,10,1,0,true
/home/alison/jsoup-quality-analysis/work/jsoup/src/main/java/org/jsoup/parser/CharacterReader.java,org.jsoup.parser.CharacterReader,consumeTagName/0,false,268,2,3,1,2,12,2,15,1,4,0,2,2,2,1,0,0,0,1,0,5,1,2,0,0,0,21,0,0,false
/home/alison/jsoup-quality-analysis/work/jsoup/src/main/java/org/jsoup/parser/CharacterReader.java,org.jsoup.parser.CharacterReader,advance/0,false,119,0,4,4,0,1,0,3,0,0,0,0,0,0,0,0,0,0,0,0,0,0,0,0,0,0,8,1,0,true
/home/alison/jsoup-quality-analysis/work/jsoup/src/main/java/org/jsoup/parser/CharacterReader.java,org.jsoup.parser.CharacterReader,rewindToMark/0,false,130,1,2,1,1,2,0,4,0,0,0,0,0,0,0,1,0,0,1,1,1,0,1,0,0,0,9,0,0,false
/home/alison/jsoup-quality-analysis/work/jsoup/src/main/java/org/jsoup/parser/CharacterReader.java,org.jsoup.parser.CharacterReader,consumeLetterSequence/0,false,304,1,5,3,2,7,3,10,1,2,0,3,2,2,1,0,0,2,0,0,2,1,2,0,0,0,12,0,0,false
/home/alison/jsoup-quality-analysis/work/jsoup/src/main/java/org/jsoup/parser/CharacterReader.java,org.jsoup.parser.CharacterReader,CharacterReader/1[java.io.Reader],true,42,0,1,1,0,1,0,3,0,0,1,0,0,0,0,0,0,0,0,0,0,0,0,0,0,0,3,1,0,false
/home/alison/jsoup-quality-analysis/work/jsoup/src/main/java/org/jsoup/parser/CharacterReader.java,org.jsoup.parser.CharacterReader,current/0,false,97,1,7,5,2,2,2,4,1,0,0,2,2,1,0,0,0,0,0,0,0,0,0,0,0,0,13,1,0,true
/home/alison/jsoup-quality-analysis/work/jsoup/src/main/java/org/jsoup/parser/CharacterReader.java,org.jsoup.parser.CharacterReader,consumeData/0,false,246,2,2,1,1,6,1,14,1,4,0,1,1,2,1,0,0,0,1,0,5,1,2,0,0,0,18,0,0,false
/home/alison/jsoup-quality-analysis/work/jsoup/src/main/java/org/jsoup/parser/CharacterReader.java,org.jsoup.parser.CharacterReader,matchesAny/1[char[]],false,397,2,4,2,2,4,2,9,3,1,1,2,2,2,1,1,0,0,0,0,1,0,2,0,0,0,11,0,0,false
/home/alison/jsoup-quality-analysis/work/jsoup/src/main/java/org/jsoup/parser/CharacterReader.java,org.jsoup.parser.CharacterReader,isBinary/0,false,461,0,1,1,0,4,0,7,1,2,0,0,0,0,1,1,0,0,0,1,2,0,2,0,0,0,36,0,0,true
/home/alison/jsoup-quality-analysis/work/jsoup/src/main/java/org/jsoup/parser/CharacterReader.java,org.jsoup.parser.CharacterReader,CharacterReader/1[java.lang.String],true,46,0,2,2,0,1,1,3,0,0,1,1,0,0,0,0,0,0,0,0,0,0,0,0,0,0,4,1,0,false
/home/alison/jsoup-quality-analysis/work/jsoup/src/main/java/org/jsoup/parser/CharacterReader.java,org.jsoup.parser.CharacterReader,isEmptyNoBufferUp/0,false,89,0,3,3,0,2,0,3,1,0,0,0,0,0,0,0,0,0,0,0,0,0,0,0,0,0,8,2,0,false
/home/alison/jsoup-quality-analysis/work/jsoup/src/main/java/org/jsoup/parser/CharacterReader.java,org.jsoup.parser.CharacterReader,matchConsumeIgnoreCase/1[java.lang.String],false,439,1,3,2,1,2,2,9,2,0,1,2,1,2,0,0,0,0,0,0,1,0,1,0,0,0,10,0,0,false
/home/alison/jsoup-quality-analysis/work/jsoup/src/main/java/org/jsoup/parser/CharacterReader.java,org.jsoup.parser.CharacterReader,"rangeEquals/3[int,int,java.lang.String]",false,533,1,1,0,1,1,1,3,1,0,3,1,1,1,0,0,0,0,0,0,0,0,0,0,0,0,3,0,0,false
/home/alison/jsoup-quality-analysis/work/jsoup/src/main/java/org/jsoup/parser/CharacterReader.java,org.jsoup.parser.CharacterReader,matchesAnySorted/1[char[]],false,410,2,3,1,2,2,3,4,1,0,1,3,2,2,0,0,0,0,0,1,0,0,0,0,0,0,8,0,0,false
/home/alison/jsoup-quality-analysis/work/jsoup/src/main/java/org/jsoup/parser/CharacterReader.java,org.jsoup.parser.CharacterReader,matchConsume/1[java.lang.String],false,429,1,5,3,2,2,3,10,2,0,1,3,2,2,0,0,0,0,0,0,1,0,1,0,0,0,10,0,0,false
/home/alison/jsoup-quality-analysis/work/jsoup/src/main/java/org/jsoup/parser/CharacterReader.java,org.jsoup.parser.CharacterReader,containsIgnoreCase/1[java.lang.String],false,448,1,2,1,1,3,3,5,1,2,1,3,1,2,0,0,0,2,0,2,2,0,0,0,0,0,10,0,0,false
/home/alison/jsoup-quality-analysis/work/jsoup/src/main/java/org/jsoup/parser/CharacterReader.java,org.jsoup.parser.CharacterReader,consumeToAnySorted/1[char[]],false,230,2,3,1,2,4,3,13,1,4,1,3,2,2,1,0,0,0,1,1,5,1,2,0,0,0,18,0,0,false
/home/alison/jsoup-quality-analysis/work/jsoup/src/main/java/org/jsoup/parser/CharacterReader.java,org.jsoup.parser.CharacterReader,matchesLetter/0,false,415,1,6,5,1,6,2,5,2,1,0,2,1,2,0,0,0,2,0,0,1,0,1,0,0,0,6,0,0,false
/home/alison/jsoup-quality-analysis/work/jsoup/src/main/java/org/jsoup/parser/CharacterReader.java,org.jsoup.parser.CharacterReader,consume/0,false,102,1,6,4,2,2,2,6,1,1,0,2,2,1,0,0,0,0,0,0,1,0,0,0,0,0,13,0,0,false
/home/alison/jsoup-quality-analysis/work/jsoup/src/main/java/org/jsoup/parser/CharacterReader.java,org.jsoup.parser.CharacterReader,"CharacterReader/2[java.io.Reader,int]",true,30,4,5,0,5,3,5,10,0,0,2,5,2,1,0,0,0,0,1,0,2,0,1,0,0,0,20,1,0,false
/home/alison/jsoup-quality-analysis/work/jsoup/src/main/java/org/jsoup/parser/CharacterReader.java,org.jsoup.parser.CharacterReader,isEmpty/0,false,84,1,11,10,1,2,1,4,1,0,0,1,1,1,0,0,0,0,0,0,0,0,0,0,0,0,17,1,0,true
/home/alison/jsoup-quality-analysis/work/jsoup/src/main/java/org/jsoup/parser/CharacterReader.java,org.jsoup.parser.CharacterReader,consumeTo/1[java.lang.String],false,193,1,4,1,3,2,3,11,2,2,1,3,3,4,0,1,0,0,0,1,3,0,1,0,0,0,13,0,0,false
/home/alison/jsoup-quality-analysis/work/jsoup/src/main/java/org/jsoup/parser/CharacterReader.java,org.jsoup.parser.CharacterReader,consumeToEnd/0,false,297,1,4,2,2,1,2,6,1,1,0,2,2,2,0,0,0,0,0,0,2,1,0,0,0,0,11,0,0,false
/home/alison/jsoup-quality-analysis/work/jsoup/src/main/java/org/jsoup/select/Evaluator.java,org.jsoup.select.Evaluator$IsFirstChild,"matches/2[org.jsoup.nodes.Element,org.jsoup.nodes.Element]",false,562,2,2,0,2,3,2,4,1,1,2,2,0,0,0,2,0,1,0,1,1,0,0,0,0,0,6,1,0,false
/home/alison/jsoup-quality-analysis/work/jsoup/src/main/java/org/jsoup/select/Evaluator.java,org.jsoup.select.Evaluator$IsFirstChild,toString/0,false,568,0,0,0,0,1,0,3,1,0,0,0,0,0,0,0,0,0,1,0,0,0,0,0,0,0,2,1,0,false
/home/alison/jsoup-quality-analysis/work/jsoup/src/main/java/org/jsoup/parser/TokeniserState.java,org.jsoup.parser.TokeniserState$Anonymous60,"read/2[org.jsoup.parser.Tokeniser,org.jsoup.parser.CharacterReader]",false,1394,2,54,0,54,10,5,23,0,1,2,5,0,0,0,0,0,0,0,0,3,0,1,0,0,0,13,0,3,false
/home/alison/jsoup-quality-analysis/work/jsoup/src/main/java/org/jsoup/parser/TokeniserState.java,org.jsoup.parser.TokeniserState$Anonymous61,"read/2[org.jsoup.parser.Tokeniser,org.jsoup.parser.CharacterReader]",false,1431,2,54,0,54,10,5,26,0,1,2,5,0,0,0,0,0,0,0,0,4,0,1,0,0,0,13,0,4,false
/home/alison/jsoup-quality-analysis/work/jsoup/src/main/java/org/jsoup/parser/TokeniserState.java,org.jsoup.parser.TokeniserState$Anonymous62,"read/2[org.jsoup.parser.Tokeniser,org.jsoup.parser.CharacterReader]",false,1471,2,54,0,54,10,5,23,0,1,2,5,0,0,0,0,0,0,0,0,4,0,1,0,0,0,13,0,2,false
/home/alison/jsoup-quality-analysis/work/jsoup/src/main/java/org/jsoup/parser/TokeniserState.java,org.jsoup.parser.TokeniserState$Anonymous63,"read/2[org.jsoup.parser.Tokeniser,org.jsoup.parser.CharacterReader]",false,1508,2,54,0,54,5,6,21,0,1,2,6,0,0,0,0,0,0,0,0,3,0,1,0,0,0,12,0,2,false
/home/alison/jsoup-quality-analysis/work/jsoup/src/main/java/org/jsoup/select/StructuralEvaluator.java,org.jsoup.select.StructuralEvaluator$Root,"matches/2[org.jsoup.nodes.Element,org.jsoup.nodes.Element]",false,12,1,0,0,0,2,0,3,1,0,2,0,0,0,0,1,0,0,0,0,0,0,0,0,0,0,4,1,0,false
/home/alison/jsoup-quality-analysis/work/jsoup/src/main/java/org/jsoup/helper/HttpConnection.java,org.jsoup.helper.HttpConnection$Response,"processResponseHeaders/1[java.util.Map<java.lang.String,java.util.List<java.lang.String>>]",false,980,2,6,1,5,8,10,19,0,5,1,10,0,0,3,2,0,0,3,1,5,0,4,0,0,0,17,0,0,false
/home/alison/jsoup-quality-analysis/work/jsoup/src/main/java/org/jsoup/helper/HttpConnection.java,org.jsoup.helper.HttpConnection$Response,setOutputContentType/1[org.jsoup.Connection.Request],false,1006,4,7,1,6,5,7,17,1,1,1,7,0,0,0,0,0,0,4,0,3,3,2,0,0,0,27,10,0,false
/home/alison/jsoup-quality-analysis/work/jsoup/src/main/java/org/jsoup/helper/HttpConnection.java,org.jsoup.helper.HttpConnection$Response,parse/0,false,828,6,7,0,7,2,10,13,1,1,0,10,1,1,0,1,0,0,2,0,5,0,1,0,0,0,34,1,0,false
/home/alison/jsoup-quality-analysis/work/jsoup/src/main/java/org/jsoup/helper/HttpConnection.java,org.jsoup.helper.HttpConnection$Response,bodyAsBytes/0,false,869,2,1,0,1,1,2,4,1,0,0,2,1,2,0,0,0,0,0,0,0,0,0,0,0,0,6,1,0,false
/home/alison/jsoup-quality-analysis/work/jsoup/src/main/java/org/jsoup/helper/HttpConnection.java,org.jsoup.helper.HttpConnection$Response,statusMessage/0,false,811,0,0,0,0,1,0,3,1,0,0,0,0,0,0,0,0,0,0,0,0,0,0,0,0,0,2,1,0,false
/home/alison/jsoup-quality-analysis/work/jsoup/src/main/java/org/jsoup/helper/HttpConnection.java,org.jsoup.helper.HttpConnection$Response,"writePost/3[org.jsoup.Connection.Request,java.io.OutputStream,java.lang.String]",false,1029,4,11,1,10,8,17,46,0,3,3,17,0,0,2,3,0,0,11,0,4,0,3,0,0,0,27,10,0,false
/home/alison/jsoup-quality-analysis/work/jsoup/src/main/java/org/jsoup/helper/HttpConnection.java,org.jsoup.helper.HttpConnection$Response,"execute/2[org.jsoup.Connection.Request,org.jsoup.helper.HttpConnection.Response]",false,708,14,40,2,38,33,57,68,2,11,2,57,7,3,1,8,1,3,12,6,22,1,3,0,0,0,80,8,0,false
/home/alison/jsoup-quality-analysis/work/jsoup/src/main/java/org/jsoup/helper/HttpConnection.java,org.jsoup.helper.HttpConnection$Response,createHeaderMap/1[java.net.HttpURLConnection],false,956,0,1,1,0,7,7,18,1,5,1,7,0,0,1,4,0,0,0,1,5,0,3,0,0,0,16,10,0,false
/home/alison/jsoup-quality-analysis/work/jsoup/src/main/java/org/jsoup/helper/HttpConnection.java,org.jsoup.helper.HttpConnection$Response,bufferUp/0,false,875,2,1,0,1,1,1,4,1,0,0,1,1,2,0,0,0,0,0,0,0,0,0,0,0,0,5,1,0,false
/home/alison/jsoup-quality-analysis/work/jsoup/src/main/java/org/jsoup/helper/HttpConnection.java,org.jsoup.helper.HttpConnection$Response,execute/1[org.jsoup.Connection.Request],false,704,2,2,1,1,1,1,3,1,0,1,1,1,4,0,0,0,0,0,0,0,0,0,0,0,0,6,8,0,false
/home/alison/jsoup-quality-analysis/work/jsoup/src/main/java/org/jsoup/helper/HttpConnection.java,org.jsoup.helper.HttpConnection$Response,charset/0,false,815,0,0,0,0,1,0,3,1,0,0,0,0,0,0,0,0,0,0,0,0,0,0,0,0,0,1,1,0,false
/home/alison/jsoup-quality-analysis/work/jsoup/src/main/java/org/jsoup/helper/HttpConnection.java,org.jsoup.helper.HttpConnection$Response,charset/1[java.lang.String],false,819,1,0,0,0,1,0,4,1,0,1,0,0,0,0,0,0,0,0,0,1,0,0,0,0,0,2,1,0,false
/home/alison/jsoup-quality-analysis/work/jsoup/src/main/java/org/jsoup/helper/HttpConnection.java,org.jsoup.helper.HttpConnection$Response,prepareByteData/0,false,842,5,9,3,6,3,5,16,0,0,0,5,1,1,0,1,1,0,2,0,2,0,2,0,0,0,28,2,0,false
/home/alison/jsoup-quality-analysis/work/jsoup/src/main/java/org/jsoup/helper/HttpConnection.java,org.jsoup.helper.HttpConnection$Response,getRequestCookieString/1[org.jsoup.Connection.Request],false,1081,3,4,1,3,3,8,10,1,2,1,8,0,0,1,0,0,0,1,0,3,0,2,0,0,0,11,10,0,false
/home/alison/jsoup-quality-analysis/work/jsoup/src/main/java/org/jsoup/helper/HttpConnection.java,org.jsoup.helper.HttpConnection$Response,body/0,false,857,1,1,0,1,2,5,8,1,1,0,5,1,2,0,1,0,1,0,0,2,0,1,0,0,0,8,1,0,false
/home/alison/jsoup-quality-analysis/work/jsoup/src/main/java/org/jsoup/helper/HttpConnection.java,org.jsoup.helper.HttpConnection$Response,createConnection/1[org.jsoup.Connection.Request],false,889,4,10,1,9,8,23,16,1,1,1,23,1,1,2,2,0,2,1,2,1,1,2,0,0,0,17,10,0,false
/home/alison/jsoup-quality-analysis/work/jsoup/src/main/java/org/jsoup/helper/HttpConnection.java,org.jsoup.helper.HttpConnection$Response,bodyStream/0,false,881,3,4,0,4,1,4,6,1,0,0,4,0,0,0,0,0,0,2,0,1,0,0,0,0,0,18,1,0,false
/home/alison/jsoup-quality-analysis/work/jsoup/src/main/java/org/jsoup/helper/HttpConnection.java,org.jsoup.helper.HttpConnection$Response,contentType/0,false,824,0,1,1,0,1,0,3,1,0,0,0,0,0,0,0,0,0,0,0,0,0,0,0,0,0,2,1,0,false
/home/alison/jsoup-quality-analysis/work/jsoup/src/main/java/org/jsoup/helper/HttpConnection.java,org.jsoup.helper.HttpConnection$Response,Response/1[org.jsoup.helper.HttpConnection.Response],true,695,2,2,1,1,3,2,7,0,0,1,2,0,0,0,1,0,0,1,1,1,1,2,0,0,0,26,2,0,false
/home/alison/jsoup-quality-analysis/work/jsoup/src/main/java/org/jsoup/helper/HttpConnection.java,org.jsoup.helper.HttpConnection$Response,Response/0,true,691,0,1,1,0,1,0,3,0,0,0,0,0,0,0,0,0,0,0,0,0,0,0,0,0,0,1,0,0,false
/home/alison/jsoup-quality-analysis/work/jsoup/src/main/java/org/jsoup/helper/HttpConnection.java,org.jsoup.helper.HttpConnection$Response,statusCode/0,false,807,0,0,0,0,1,0,3,1,0,0,0,0,0,0,0,0,0,0,0,0,0,0,0,0,0,2,1,0,false
/home/alison/jsoup-quality-analysis/work/jsoup/src/main/java/org/jsoup/helper/HttpConnection.java,org.jsoup.helper.HttpConnection$Response,"setupFromConnection/2[java.net.HttpURLConnection,org.jsoup.helper.HttpConnection.Response]",false,935,3,8,1,7,4,15,16,0,1,2,15,3,1,1,1,0,0,0,0,7,0,3,0,0,0,31,2,0,false
/home/alison/jsoup-quality-analysis/work/jsoup/src/main/java/org/jsoup/helper/HttpConnection.java,org.jsoup.helper.HttpConnection$Response,safeClose/0,false,918,0,3,3,0,4,2,16,0,0,0,2,0,0,0,2,1,0,0,0,2,0,2,0,0,0,20,2,0,true
/home/alison/jsoup-quality-analysis/work/jsoup/src/main/java/org/jsoup/helper/HttpConnection.java,org.jsoup.helper.HttpConnection$Response,serialiseRequestUrl/1[org.jsoup.Connection.Request],false,1096,5,10,1,9,4,17,18,0,3,1,17,0,0,1,1,0,0,3,0,5,0,2,0,0,0,24,10,0,false
/home/alison/jsoup-quality-analysis/work/jsoup/src/main/java/org/jsoup/select/NodeVisitor.java,org.jsoup.select.NodeVisitor,"tail/2[org.jsoup.nodes.Node,int]",false,23,1,1,1,0,1,0,1,0,0,2,0,0,0,0,0,0,0,0,0,0,0,0,0,0,0,27,0,0,true
/home/alison/jsoup-quality-analysis/work/jsoup/src/main/java/org/jsoup/select/NodeVisitor.java,org.jsoup.select.NodeVisitor,"head/2[org.jsoup.nodes.Node,int]",false,14,1,1,1,0,1,0,1,0,0,2,0,0,0,0,0,0,0,0,0,0,0,0,0,0,0,22,0,0,true
/home/alison/jsoup-quality-analysis/work/jsoup/src/main/java/org/jsoup/parser/Token.java,org.jsoup.parser.Token$EOF,reset/0,false,333,2,0,0,0,1,0,3,1,0,0,0,0,0,0,0,0,0,0,0,0,0,0,0,0,0,2,0,0,false
/home/alison/jsoup-quality-analysis/work/jsoup/src/main/java/org/jsoup/parser/Token.java,org.jsoup.parser.Token$EOF,EOF/0,true,328,0,2,2,0,1,0,3,0,0,0,0,0,0,0,0,0,0,0,0,1,0,0,0,0,0,4,0,0,false
/home/alison/jsoup-quality-analysis/work/jsoup/src/main/java/org/jsoup/parser/Token.java,org.jsoup.parser.Token$StartTag,StartTag/0,true,218,1,3,2,1,1,0,5,0,0,0,0,0,0,0,0,0,0,0,0,2,0,0,0,0,0,5,0,0,false
/home/alison/jsoup-quality-analysis/work/jsoup/src/main/java/org/jsoup/parser/Token.java,org.jsoup.parser.Token$StartTag,toString/0,false,240,2,3,0,3,3,3,4,2,0,0,3,0,0,0,1,0,0,5,1,0,2,1,0,0,0,5,1,0,false
/home/alison/jsoup-quality-analysis/work/jsoup/src/main/java/org/jsoup/parser/Token.java,org.jsoup.parser.Token$StartTag,"nameAttr/2[java.lang.String,org.jsoup.nodes.Attributes]",false,232,3,2,1,1,1,1,6,1,0,2,1,0,0,0,0,0,0,0,0,3,0,0,0,0,0,10,0,0,false
/home/alison/jsoup-quality-analysis/work/jsoup/src/main/java/org/jsoup/parser/Token.java,org.jsoup.parser.Token$StartTag,reset/0,false,225,3,4,3,1,1,1,5,1,0,0,1,0,0,0,0,0,0,0,0,1,0,0,0,0,0,4,0,0,false
/home/alison/jsoup-quality-analysis/work/jsoup/src/main/java/org/jsoup/select/Evaluator.java,org.jsoup.select.Evaluator$AttributeWithValueStarting,"AttributeWithValueStarting/2[java.lang.String,java.lang.String]",true,219,0,2,2,0,1,0,3,0,0,2,0,0,0,0,0,0,0,0,0,0,0,0,0,0,0,5,1,0,false
/home/alison/jsoup-quality-analysis/work/jsoup/src/main/java/org/jsoup/select/Evaluator.java,org.jsoup.select.Evaluator$AttributeWithValueStarting,toString/0,false,229,0,0,0,0,1,1,3,1,0,0,1,0,0,0,0,0,0,1,0,0,0,0,0,0,0,2,1,0,false
/home/alison/jsoup-quality-analysis/work/jsoup/src/main/java/org/jsoup/select/Evaluator.java,org.jsoup.select.Evaluator$AttributeWithValueStarting,"matches/2[org.jsoup.nodes.Element,org.jsoup.nodes.Element]",false,224,3,3,0,3,1,4,3,1,0,2,4,0,0,0,0,0,0,0,0,0,0,0,0,0,0,7,1,0,false
/home/alison/jsoup-quality-analysis/work/jsoup/src/main/java/org/jsoup/nodes/DocumentType.java,org.jsoup.nodes.DocumentType,"DocumentType/3[java.lang.String,java.lang.String,java.lang.String]",true,28,3,5,2,3,2,3,11,0,0,3,3,1,1,0,0,0,0,0,0,0,0,1,0,0,0,20,1,0,true
/home/alison/jsoup-quality-analysis/work/jsoup/src/main/java/org/jsoup/nodes/DocumentType.java,org.jsoup.nodes.DocumentType,"outerHtmlHead/3[java.lang.Appendable,int,org.jsoup.nodes.Document.OutputSettings]",false,84,3,3,0,3,8,5,13,0,0,3,5,1,1,0,1,0,0,6,0,0,0,1,0,0,0,25,0,0,false
/home/alison/jsoup-quality-analysis/work/jsoup/src/main/java/org/jsoup/nodes/DocumentType.java,org.jsoup.nodes.DocumentType,"outerHtmlTail/3[java.lang.Appendable,int,org.jsoup.nodes.Document.OutputSettings]",false,103,1,0,0,0,1,0,2,0,0,3,0,0,0,0,0,0,0,0,0,0,0,0,0,0,0,5,0,0,false
/home/alison/jsoup-quality-analysis/work/jsoup/src/main/java/org/jsoup/nodes/DocumentType.java,org.jsoup.nodes.DocumentType,has/1[java.lang.String],false,106,2,5,3,2,1,2,3,1,0,1,2,0,0,0,0,0,0,0,0,0,0,0,0,0,0,3,2,0,false
/home/alison/jsoup-quality-analysis/work/jsoup/src/main/java/org/jsoup/nodes/DocumentType.java,org.jsoup.nodes.DocumentType,"DocumentType/5[java.lang.String,java.lang.String,java.lang.String,java.lang.String,java.lang.String]",true,65,1,1,0,1,2,1,8,0,0,5,1,0,0,0,1,0,0,0,0,0,0,1,0,0,0,20,1,0,true
/home/alison/jsoup-quality-analysis/work/jsoup/src/main/java/org/jsoup/nodes/DocumentType.java,org.jsoup.nodes.DocumentType,setPubSysKey/1[java.lang.String],false,73,1,3,2,1,2,1,3,0,0,1,1,0,0,0,1,0,0,0,0,0,0,1,0,0,0,7,1,0,false
/home/alison/jsoup-quality-analysis/work/jsoup/src/main/java/org/jsoup/nodes/DocumentType.java,org.jsoup.nodes.DocumentType,nodeName/0,false,79,0,0,0,0,1,0,3,1,0,0,0,0,0,0,0,0,0,1,0,0,0,0,0,0,0,2,1,0,false
/home/alison/jsoup-quality-analysis/work/jsoup/src/main/java/org/jsoup/nodes/DocumentType.java,org.jsoup.nodes.DocumentType,"DocumentType/4[java.lang.String,java.lang.String,java.lang.String,java.lang.String]",true,48,2,2,0,2,2,2,8,0,0,4,2,1,1,0,0,0,0,0,0,0,0,1,0,0,0,23,1,0,true
/home/alison/jsoup-quality-analysis/work/jsoup/src/main/java/org/jsoup/Connection.java,org.jsoup.Connection$Request,maxBodySize/1[int],false,531,1,1,1,0,1,0,1,0,0,1,0,0,0,0,0,0,0,0,0,0,0,0,0,0,0,11,0,0,true
/home/alison/jsoup-quality-analysis/work/jsoup/src/main/java/org/jsoup/Connection.java,org.jsoup.Connection$Request,ignoreContentType/1[boolean],false,572,1,1,1,0,1,0,1,0,0,1,0,0,0,0,0,0,0,0,0,0,0,0,0,0,0,13,0,0,true
/home/alison/jsoup-quality-analysis/work/jsoup/src/main/java/org/jsoup/Connection.java,org.jsoup.Connection$Request,timeout/0,false,512,0,2,2,0,1,0,1,0,0,0,0,0,0,0,0,0,0,0,0,0,0,0,0,0,0,5,0,0,true
/home/alison/jsoup-quality-analysis/work/jsoup/src/main/java/org/jsoup/Connection.java,org.jsoup.Connection$Request,sslSocketFactory/1[javax.net.ssl.SSLSocketFactory],false,585,0,1,1,0,1,0,1,0,0,1,0,0,0,0,0,0,0,0,0,0,0,0,0,0,0,10,0,0,true
/home/alison/jsoup-quality-analysis/work/jsoup/src/main/java/org/jsoup/Connection.java,org.jsoup.Connection$Request,postDataCharset/0,false,642,0,2,2,0,1,0,1,0,0,0,0,0,0,0,0,0,0,0,0,0,0,0,0,0,0,14,0,0,true
/home/alison/jsoup-quality-analysis/work/jsoup/src/main/java/org/jsoup/Connection.java,org.jsoup.Connection$Request,postDataCharset/1[java.lang.String],false,635,1,1,1,0,1,0,1,0,0,1,0,0,0,0,0,0,0,0,0,0,0,0,0,0,0,17,0,0,true
/home/alison/jsoup-quality-analysis/work/jsoup/src/main/java/org/jsoup/Connection.java,org.jsoup.Connection$Request,"proxy/2[java.lang.String,int]",false,504,1,1,1,0,1,0,1,0,0,2,0,0,0,0,0,0,0,0,0,0,0,0,0,0,0,13,0,0,true
/home/alison/jsoup-quality-analysis/work/jsoup/src/main/java/org/jsoup/Connection.java,org.jsoup.Connection$Request,sslSocketFactory/0,false,579,0,1,1,0,1,0,1,0,0,0,0,0,0,0,0,0,0,0,0,0,0,0,0,0,0,13,0,0,true
/home/alison/jsoup-quality-analysis/work/jsoup/src/main/java/org/jsoup/Connection.java,org.jsoup.Connection$Request,ignoreHttpErrors/0,false,551,0,1,1,0,1,0,1,0,0,0,0,0,0,0,0,0,0,0,0,0,0,0,0,0,0,21,0,0,true
/home/alison/jsoup-quality-analysis/work/jsoup/src/main/java/org/jsoup/Connection.java,org.jsoup.Connection$Request,requestBody/1[java.lang.String],false,604,1,2,2,0,1,0,1,0,0,1,0,0,0,0,0,0,0,0,0,0,0,0,0,0,0,41,0,0,true
/home/alison/jsoup-quality-analysis/work/jsoup/src/main/java/org/jsoup/Connection.java,org.jsoup.Connection$Request,data/0,false,598,1,5,5,0,1,0,1,0,0,0,0,0,0,0,0,0,0,0,0,0,0,0,0,0,0,8,0,0,true
/home/alison/jsoup-quality-analysis/work/jsoup/src/main/java/org/jsoup/Connection.java,org.jsoup.Connection$Request,timeout/1[int],false,518,1,1,1,0,1,0,1,0,0,1,0,0,0,0,0,0,0,0,0,0,0,0,0,0,0,9,0,0,true
/home/alison/jsoup-quality-analysis/work/jsoup/src/main/java/org/jsoup/Connection.java,org.jsoup.Connection$Request,followRedirects/0,false,538,0,1,1,0,1,0,1,0,0,0,0,0,0,0,0,0,0,0,0,0,0,0,0,0,0,7,0,0,true
/home/alison/jsoup-quality-analysis/work/jsoup/src/main/java/org/jsoup/Connection.java,org.jsoup.Connection$Request,maxBodySize/0,false,525,0,3,3,0,1,0,1,0,0,0,0,0,0,0,0,0,0,0,0,0,0,0,0,0,0,8,0,0,true
/home/alison/jsoup-quality-analysis/work/jsoup/src/main/java/org/jsoup/Connection.java,org.jsoup.Connection$Request,ignoreContentType/0,false,565,0,1,1,0,1,0,1,0,0,0,0,0,0,0,0,0,0,0,0,0,0,0,0,0,0,21,0,0,true
/home/alison/jsoup-quality-analysis/work/jsoup/src/main/java/org/jsoup/Connection.java,org.jsoup.Connection$Request,proxy/1[java.net.Proxy],false,497,1,1,1,0,1,0,1,0,0,1,0,0,0,0,0,0,0,0,0,0,0,0,0,0,0,10,0,0,true
/home/alison/jsoup-quality-analysis/work/jsoup/src/main/java/org/jsoup/Connection.java,org.jsoup.Connection$Request,requestBody/0,false,616,0,2,2,0,1,0,1,0,0,0,0,0,0,0,0,0,0,0,0,0,0,0,0,0,0,7,0,0,true
/home/alison/jsoup-quality-analysis/work/jsoup/src/main/java/org/jsoup/Connection.java,org.jsoup.Connection$Request,followRedirects/1[boolean],false,544,1,1,1,0,1,0,1,0,0,1,0,0,0,0,0,0,0,0,0,0,0,0,0,0,0,17,0,0,true
/home/alison/jsoup-quality-analysis/work/jsoup/src/main/java/org/jsoup/Connection.java,org.jsoup.Connection$Request,parser/1[org.jsoup.parser.Parser],false,622,2,2,2,0,1,0,1,0,0,1,0,0,0,0,0,0,0,0,0,0,0,0,0,0,0,10,0,0,true
/home/alison/jsoup-quality-analysis/work/jsoup/src/main/java/org/jsoup/Connection.java,org.jsoup.Connection$Request,proxy/0,false,491,0,1,1,0,1,0,1,0,0,0,0,0,0,0,0,0,0,0,0,0,0,0,0,0,0,7,0,0,true
/home/alison/jsoup-quality-analysis/work/jsoup/src/main/java/org/jsoup/Connection.java,org.jsoup.Connection$Request,parser/0,false,629,1,1,1,0,1,0,1,0,0,0,0,0,0,0,0,0,0,0,0,0,0,0,0,0,0,9,0,0,true
/home/alison/jsoup-quality-analysis/work/jsoup/src/main/java/org/jsoup/Connection.java,org.jsoup.Connection$Request,data/1[org.jsoup.Connection.KeyVal],false,591,2,6,6,0,1,0,1,0,0,1,0,0,0,0,0,0,0,0,0,0,0,0,0,0,0,12,0,0,true
/home/alison/jsoup-quality-analysis/work/jsoup/src/main/java/org/jsoup/Connection.java,org.jsoup.Connection$Request,ignoreHttpErrors/1[boolean],false,558,1,1,1,0,1,0,1,0,0,1,0,0,0,0,0,0,0,0,0,0,0,0,0,0,0,16,0,0,true
/home/alison/jsoup-quality-analysis/work/jsoup/src/main/java/org/jsoup/examples/HtmlToPlainText.java,org.jsoup.examples.HtmlToPlainText,getPlainText/1[org.jsoup.nodes.Element],false,61,3,4,1,3,1,2,5,1,1,1,2,0,0,0,0,0,0,0,0,1,0,0,0,0,0,17,1,0,true
/home/alison/jsoup-quality-analysis/work/jsoup/src/main/java/org/jsoup/examples/HtmlToPlainText.java,org.jsoup.examples.HtmlToPlainText,main/1[java.lang.String[]],false,34,7,8,0,8,6,8,18,0,7,1,8,1,1,1,4,0,0,1,5,7,0,2,0,0,0,25,9,0,false
/home/alison/jsoup-quality-analysis/work/jsoup/src/main/java/org/jsoup/HttpStatusException.java,org.jsoup.HttpStatusException,"HttpStatusException/3[java.lang.String,int,java.lang.String]",true,12,0,1,1,0,1,0,5,0,0,3,0,0,0,0,0,0,0,0,0,2,0,0,0,0,0,7,1,0,false
/home/alison/jsoup-quality-analysis/work/jsoup/src/main/java/org/jsoup/HttpStatusException.java,org.jsoup.HttpStatusException,getUrl/0,false,22,0,0,0,0,1,0,3,1,0,0,0,0,0,0,0,0,0,0,0,0,0,0,0,0,0,3,1,0,false
/home/alison/jsoup-quality-analysis/work/jsoup/src/main/java/org/jsoup/HttpStatusException.java,org.jsoup.HttpStatusException,toString/0,false,27,0,0,0,0,1,1,3,1,0,0,1,0,0,0,0,0,0,2,0,0,1,0,0,0,0,9,1,0,false
/home/alison/jsoup-quality-analysis/work/jsoup/src/main/java/org/jsoup/HttpStatusException.java,org.jsoup.HttpStatusException,getStatusCode/0,false,18,0,0,0,0,1,0,3,1,0,0,0,0,0,0,0,0,0,0,0,0,0,0,0,0,0,4,1,0,false
/home/alison/jsoup-quality-analysis/work/jsoup/src/main/java/org/jsoup/select/QueryParser.java,org.jsoup.select.QueryParser,indexEquals/0,false,286,2,3,1,2,1,2,3,0,0,0,2,1,1,0,0,0,0,0,0,0,0,0,0,0,0,4,2,0,false
/home/alison/jsoup-quality-analysis/work/jsoup/src/main/java/org/jsoup/select/QueryParser.java,org.jsoup.select.QueryParser,byClass/0,false,216,3,4,1,3,1,4,5,0,1,0,4,0,0,0,0,0,0,0,0,1,0,0,0,0,0,4,2,0,false
/home/alison/jsoup-quality-analysis/work/jsoup/src/main/java/org/jsoup/select/QueryParser.java,org.jsoup.select.QueryParser,byAttribute/0,false,239,11,18,1,17,9,11,19,0,2,0,11,0,0,0,0,0,0,8,1,2,0,7,0,0,0,14,2,0,false
/home/alison/jsoup-quality-analysis/work/jsoup/src/main/java/org/jsoup/select/QueryParser.java,org.jsoup.select.QueryParser,not/0,false,373,4,6,1,5,1,5,6,0,1,0,5,1,8,0,0,0,0,2,0,1,0,0,0,0,0,8,2,0,false
/home/alison/jsoup-quality-analysis/work/jsoup/src/main/java/org/jsoup/select/QueryParser.java,org.jsoup.select.QueryParser,consumeIndex/0,false,327,3,6,3,3,1,5,5,1,1,0,5,0,0,0,0,0,0,2,0,1,0,0,0,0,0,6,2,0,false
/home/alison/jsoup-quality-analysis/work/jsoup/src/main/java/org/jsoup/select/QueryParser.java,org.jsoup.select.QueryParser,consumeSubQuery/0,false,133,2,8,1,7,5,9,10,1,1,0,9,0,0,1,0,0,0,6,0,1,0,4,0,0,0,7,2,0,false
/home/alison/jsoup-quality-analysis/work/jsoup/src/main/java/org/jsoup/select/QueryParser.java,org.jsoup.select.QueryParser,parse/0,false,52,5,9,1,8,6,9,24,2,1,0,9,2,8,1,1,0,0,0,2,1,0,2,0,0,0,12,0,0,true
/home/alison/jsoup-quality-analysis/work/jsoup/src/main/java/org/jsoup/select/QueryParser.java,org.jsoup.select.QueryParser,QueryParser/1[java.lang.String],true,29,1,2,1,1,1,0,4,0,0,1,0,0,0,0,0,0,0,0,0,2,0,0,0,0,0,9,2,0,true
/home/alison/jsoup-quality-analysis/work/jsoup/src/main/java/org/jsoup/select/QueryParser.java,org.jsoup.select.QueryParser,indexLessThan/0,false,278,2,3,1,2,1,2,3,0,0,0,2,1,1,0,0,0,0,0,0,0,0,0,0,0,0,5,2,0,false
/home/alison/jsoup-quality-analysis/work/jsoup/src/main/java/org/jsoup/select/QueryParser.java,org.jsoup.select.QueryParser,matches/1[boolean],false,361,4,6,1,5,3,5,7,0,1,1,5,0,0,0,0,0,0,3,0,1,0,1,0,0,0,7,2,0,false
/home/alison/jsoup-quality-analysis/work/jsoup/src/main/java/org/jsoup/select/QueryParser.java,org.jsoup.select.QueryParser,byId/0,false,210,3,4,1,3,1,3,5,0,1,0,3,0,0,0,0,0,0,0,0,1,0,0,0,0,0,3,2,0,false
/home/alison/jsoup-quality-analysis/work/jsoup/src/main/java/org/jsoup/select/QueryParser.java,org.jsoup.select.QueryParser,parse/1[java.lang.String],false,39,3,12,9,3,2,2,9,1,1,1,2,1,7,0,0,1,0,0,0,1,0,1,0,0,0,16,9,0,true
/home/alison/jsoup-quality-analysis/work/jsoup/src/main/java/org/jsoup/select/QueryParser.java,org.jsoup.select.QueryParser,"cssNthChild/2[boolean,boolean]",false,294,7,8,1,7,10,10,31,0,5,2,10,0,0,0,2,0,0,10,11,11,0,3,0,0,0,21,2,0,false
/home/alison/jsoup-quality-analysis/work/jsoup/src/main/java/org/jsoup/select/QueryParser.java,org.jsoup.select.QueryParser,contains/1[boolean],false,342,4,7,1,6,3,5,7,0,1,1,5,0,0,0,0,0,0,3,0,1,0,1,0,0,0,9,2,0,false
/home/alison/jsoup-quality-analysis/work/jsoup/src/main/java/org/jsoup/select/QueryParser.java,org.jsoup.select.QueryParser,findElements/0,false,148,12,29,1,28,31,19,31,0,0,0,19,14,8,0,0,0,0,29,0,0,0,28,0,0,0,32,2,0,false
/home/alison/jsoup-quality-analysis/work/jsoup/src/main/java/org/jsoup/select/QueryParser.java,org.jsoup.select.QueryParser,indexGreaterThan/0,false,282,2,3,1,2,1,2,3,0,0,0,2,1,1,0,0,0,0,0,0,0,0,0,0,0,0,5,2,0,false
/home/alison/jsoup-quality-analysis/work/jsoup/src/main/java/org/jsoup/select/QueryParser.java,org.jsoup.select.QueryParser,has/0,false,334,4,6,1,5,1,5,6,0,1,0,5,1,8,0,0,0,0,2,0,1,0,0,0,0,0,9,2,0,false
/home/alison/jsoup-quality-analysis/work/jsoup/src/main/java/org/jsoup/select/QueryParser.java,org.jsoup.select.QueryParser,byTag/0,false,222,6,7,1,6,5,8,11,0,1,0,8,0,0,0,0,0,0,6,0,2,0,2,0,0,0,5,2,0,false
/home/alison/jsoup-quality-analysis/work/jsoup/src/main/java/org/jsoup/select/QueryParser.java,org.jsoup.select.QueryParser,allElements/0,false,273,1,2,1,1,1,1,3,0,0,0,1,0,0,0,0,0,0,0,0,0,0,0,0,0,0,2,2,0,false
/home/alison/jsoup-quality-analysis/work/jsoup/src/main/java/org/jsoup/select/QueryParser.java,org.jsoup.select.QueryParser,containsData/0,false,353,3,6,1,5,1,5,6,0,1,0,5,0,0,0,0,0,0,2,0,1,0,0,0,0,0,9,2,0,false
/home/alison/jsoup-quality-analysis/work/jsoup/src/main/java/org/jsoup/select/QueryParser.java,org.jsoup.select.QueryParser,combinator/1[char],false,81,11,15,1,14,11,10,40,0,6,1,10,2,7,0,7,0,2,1,2,17,1,6,0,0,0,18,2,0,false
/home/alison/jsoup-quality-analysis/work/jsoup/src/main/java/org/jsoup/parser/HtmlTreeBuilderState.java,org.jsoup.parser.HtmlTreeBuilderState$Anonymous23,"process/2[org.jsoup.parser.Token,org.jsoup.parser.HtmlTreeBuilder]",false,1462,2,125,0,125,1,0,3,1,0,2,0,0,0,0,0,0,0,0,0,0,0,0,0,0,0,4,0,0,false
/home/alison/jsoup-quality-analysis/work/jsoup/src/main/java/org/jsoup/nodes/NodeUtils.java,org.jsoup.nodes.NodeUtils,parser/1[org.jsoup.nodes.Node],false,23,4,13,9,4,3,2,4,1,1,1,2,0,0,0,2,0,0,0,0,1,0,0,0,0,0,25,8,0,true
/home/alison/jsoup-quality-analysis/work/jsoup/src/main/java/org/jsoup/nodes/NodeUtils.java,org.jsoup.nodes.NodeUtils,outputSettings/1[org.jsoup.nodes.Node],false,15,3,5,2,3,2,2,4,1,1,1,2,0,0,0,1,0,1,1,0,1,0,0,0,0,0,17,8,0,true
/home/alison/jsoup-quality-analysis/work/jsoup/src/main/java/org/jsoup/parser/HtmlTreeBuilderState.java,org.jsoup.parser.HtmlTreeBuilderState$Anonymous22,"process/2[org.jsoup.parser.Token,org.jsoup.parser.HtmlTreeBuilder]",false,1445,4,125,0,125,9,12,18,4,0,2,12,0,0,0,0,0,1,2,0,0,0,1,0,0,0,8,0,1,false
/home/alison/jsoup-quality-analysis/work/jsoup/src/main/java/org/jsoup/select/Evaluator.java,org.jsoup.select.Evaluator$Matches,Matches/1[java.util.regex.Pattern],true,718,0,2,2,0,1,0,3,0,0,1,0,0,0,0,0,0,0,0,0,1,0,0,0,0,0,3,1,0,false
/home/alison/jsoup-quality-analysis/work/jsoup/src/main/java/org/jsoup/select/Evaluator.java,org.jsoup.select.Evaluator$Matches,"matches/2[org.jsoup.nodes.Element,org.jsoup.nodes.Element]",false,723,1,1,0,1,1,3,4,1,1,2,3,0,0,0,0,0,0,0,0,1,0,0,0,0,0,5,1,0,false
/home/alison/jsoup-quality-analysis/work/jsoup/src/main/java/org/jsoup/select/Evaluator.java,org.jsoup.select.Evaluator$Matches,toString/0,false,729,0,0,0,0,1,1,3,1,0,0,1,0,0,0,0,0,0,1,0,0,0,0,0,0,0,2,1,0,false
/home/alison/jsoup-quality-analysis/work/jsoup/src/main/java/org/jsoup/safety/Whitelist.java,org.jsoup.safety.Whitelist$AttributeValue,AttributeValue/1[java.lang.String],true,591,0,1,1,0,1,0,3,0,0,1,0,0,0,0,0,0,0,0,0,0,0,0,0,0,0,3,0,0,false
/home/alison/jsoup-quality-analysis/work/jsoup/src/main/java/org/jsoup/safety/Whitelist.java,org.jsoup.safety.Whitelist$AttributeValue,valueOf/1[java.lang.String],false,595,1,2,1,1,1,0,3,1,0,1,0,0,0,0,0,0,0,0,0,0,0,0,0,0,0,4,8,0,false
/home/alison/jsoup-quality-analysis/work/jsoup/src/main/java/org/jsoup/select/Evaluator.java,org.jsoup.select.Evaluator$IsOnlyChild,toString/0,false,597,0,0,0,0,1,0,3,1,0,0,0,0,0,0,0,0,0,1,0,0,0,0,0,0,0,2,1,0,false
/home/alison/jsoup-quality-analysis/work/jsoup/src/main/java/org/jsoup/select/Evaluator.java,org.jsoup.select.Evaluator$IsOnlyChild,"matches/2[org.jsoup.nodes.Element,org.jsoup.nodes.Element]",false,592,2,2,0,2,3,3,4,1,1,2,3,0,0,0,2,0,1,0,1,1,0,0,0,0,0,6,1,0,false
/home/alison/jsoup-quality-analysis/work/jsoup/src/main/java/org/jsoup/Connection.java,org.jsoup.Connection$Method,Method/1[boolean],true,38,0,0,0,0,1,0,3,0,0,1,0,0,0,0,0,0,0,0,0,1,0,0,0,0,0,3,0,0,false
/home/alison/jsoup-quality-analysis/work/jsoup/src/main/java/org/jsoup/Connection.java,org.jsoup.Connection$Method,hasBody/0,false,46,0,2,2,0,1,0,3,1,0,0,0,0,0,0,0,0,0,0,0,0,0,0,0,0,0,12,17,0,true
/home/alison/jsoup-quality-analysis/work/jsoup/src/main/java/org/jsoup/UncheckedIOException.java,org.jsoup.UncheckedIOException,ioException/0,false,14,0,1,1,0,1,1,3,1,0,0,1,0,0,0,0,0,0,0,0,0,0,0,0,0,0,6,1,0,false
/home/alison/jsoup-quality-analysis/work/jsoup/src/main/java/org/jsoup/UncheckedIOException.java,org.jsoup.UncheckedIOException,UncheckedIOException/1[java.io.IOException],true,6,0,5,5,0,1,0,3,0,0,1,0,0,0,0,0,0,0,0,0,0,0,0,0,0,0,5,1,0,false
/home/alison/jsoup-quality-analysis/work/jsoup/src/main/java/org/jsoup/UncheckedIOException.java,org.jsoup.UncheckedIOException,UncheckedIOException/1[java.lang.String],true,10,0,1,1,0,1,0,3,0,0,1,0,0,0,0,0,0,0,0,0,0,0,0,0,0,0,5,1,0,false
/home/alison/jsoup-quality-analysis/work/jsoup/src/main/java/org/jsoup/helper/HttpConnection.java,org.jsoup.helper.HttpConnection$Base,url/0,false,334,0,0,0,0,1,0,3,1,0,0,0,0,0,0,0,0,0,0,0,0,0,0,0,0,0,4,1,0,false
/home/alison/jsoup-quality-analysis/work/jsoup/src/main/java/org/jsoup/helper/HttpConnection.java,org.jsoup.helper.HttpConnection$Base,looksLikeUtf8/1[byte[]],false,398,1,0,0,0,21,0,34,4,4,1,0,0,0,2,8,0,8,0,25,8,3,3,0,0,0,19,10,0,false
/home/alison/jsoup-quality-analysis/work/jsoup/src/main/java/org/jsoup/helper/HttpConnection.java,org.jsoup.helper.HttpConnection$Base,fixHeaderEncoding/1[java.lang.String],false,386,2,1,0,1,3,2,10,3,1,1,2,0,0,0,0,1,0,2,0,1,0,2,0,0,0,11,10,0,false
/home/alison/jsoup-quality-analysis/work/jsoup/src/main/java/org/jsoup/helper/HttpConnection.java,org.jsoup.helper.HttpConnection$Base,url/1[java.net.URL],false,338,2,1,0,1,1,1,5,1,0,1,1,0,0,0,0,0,0,1,0,1,0,0,0,0,0,8,1,0,false
/home/alison/jsoup-quality-analysis/work/jsoup/src/main/java/org/jsoup/helper/HttpConnection.java,org.jsoup.helper.HttpConnection$Base,cookies/0,false,531,0,0,0,0,1,0,3,1,0,0,0,0,0,0,0,0,0,0,0,0,0,0,0,0,0,1,1,0,false
/home/alison/jsoup-quality-analysis/work/jsoup/src/main/java/org/jsoup/helper/HttpConnection.java,org.jsoup.helper.HttpConnection$Base,"cookie/2[java.lang.String,java.lang.String]",false,513,2,2,0,2,1,3,6,1,0,2,3,0,0,0,0,0,0,2,0,0,0,0,0,0,0,7,1,0,false
/home/alison/jsoup-quality-analysis/work/jsoup/src/main/java/org/jsoup/helper/HttpConnection.java,org.jsoup.helper.HttpConnection$Base,header/1[java.lang.String],false,354,3,3,0,3,2,4,8,2,1,1,4,0,0,0,0,0,0,2,1,1,0,1,0,0,0,11,1,0,false
/home/alison/jsoup-quality-analysis/work/jsoup/src/main/java/org/jsoup/helper/HttpConnection.java,org.jsoup.helper.HttpConnection$Base,cookie/1[java.lang.String],false,508,1,1,0,1,1,2,4,1,0,1,2,0,0,0,0,0,0,1,0,0,0,0,0,0,0,5,1,0,false
/home/alison/jsoup-quality-analysis/work/jsoup/src/main/java/org/jsoup/helper/HttpConnection.java,org.jsoup.helper.HttpConnection$Base,scanHeaders/1[java.lang.String],false,499,1,1,0,1,3,4,7,2,1,1,4,0,0,1,0,0,0,0,0,1,0,2,0,0,0,8,2,0,false
/home/alison/jsoup-quality-analysis/work/jsoup/src/main/java/org/jsoup/helper/HttpConnection.java,org.jsoup.helper.HttpConnection$Base,hasCookie/1[java.lang.String],false,520,1,1,0,1,1,2,4,1,0,1,2,0,0,0,0,0,0,1,0,0,0,0,0,0,0,6,1,0,false
/home/alison/jsoup-quality-analysis/work/jsoup/src/main/java/org/jsoup/helper/HttpConnection.java,org.jsoup.helper.HttpConnection$Base,multiHeaders/0,false,484,0,0,0,0,1,0,3,1,0,0,0,0,0,0,0,0,0,0,0,0,0,0,0,0,0,3,1,0,false
/home/alison/jsoup-quality-analysis/work/jsoup/src/main/java/org/jsoup/helper/HttpConnection.java,org.jsoup.helper.HttpConnection$Base,method/1[org.jsoup.Connection.Method],false,348,3,1,0,1,1,1,5,1,0,1,1,0,0,0,0,0,0,1,0,1,0,0,0,0,0,6,1,0,false
/home/alison/jsoup-quality-analysis/work/jsoup/src/main/java/org/jsoup/helper/HttpConnection.java,org.jsoup.helper.HttpConnection$Base,"header/2[java.lang.String,java.lang.String]",false,438,3,3,0,3,1,3,6,1,0,2,3,0,0,0,0,0,0,1,0,0,0,0,0,0,0,10,1,0,false
/home/alison/jsoup-quality-analysis/work/jsoup/src/main/java/org/jsoup/helper/HttpConnection.java,org.jsoup.helper.HttpConnection$Base,"hasHeaderWithValue/2[java.lang.String,java.lang.String]",false,453,2,2,0,2,3,3,9,2,1,2,3,0,0,1,0,0,0,0,0,1,0,2,0,0,0,18,1,0,true
/home/alison/jsoup-quality-analysis/work/jsoup/src/main/java/org/jsoup/helper/HttpConnection.java,org.jsoup.helper.HttpConnection$Base,getHeadersCaseInsensitive/1[java.lang.String],false,488,1,1,0,1,3,6,7,2,0,1,6,0,0,1,0,0,0,0,0,0,0,2,0,0,0,6,2,0,false
/home/alison/jsoup-quality-analysis/work/jsoup/src/main/java/org/jsoup/helper/HttpConnection.java,org.jsoup.helper.HttpConnection$Base,headers/1[java.lang.String],false,381,2,2,0,2,1,2,4,1,0,1,2,0,0,0,0,0,0,0,0,0,0,0,0,0,0,6,1,0,false
/home/alison/jsoup-quality-analysis/work/jsoup/src/main/java/org/jsoup/helper/HttpConnection.java,org.jsoup.helper.HttpConnection$Base,hasHeader/1[java.lang.String],false,445,2,2,0,2,2,3,4,1,0,1,3,0,0,0,1,0,0,1,1,0,0,0,0,0,0,10,1,0,false
/home/alison/jsoup-quality-analysis/work/jsoup/src/main/java/org/jsoup/helper/HttpConnection.java,org.jsoup.helper.HttpConnection$Base,removeCookie/1[java.lang.String],false,525,2,1,0,1,1,2,5,1,0,1,2,0,0,0,0,0,0,1,0,0,0,0,0,0,0,7,1,0,false
/home/alison/jsoup-quality-analysis/work/jsoup/src/main/java/org/jsoup/helper/HttpConnection.java,org.jsoup.helper.HttpConnection$Base,method/0,false,344,1,0,0,0,1,0,3,1,0,0,0,0,0,0,0,0,0,0,0,0,0,0,0,0,0,2,1,0,false
/home/alison/jsoup-quality-analysis/work/jsoup/src/main/java/org/jsoup/helper/HttpConnection.java,org.jsoup.helper.HttpConnection$Base,headers/0,false,472,0,0,0,0,3,7,9,1,3,0,7,0,0,1,0,0,0,0,2,3,0,2,0,0,0,5,1,0,false
/home/alison/jsoup-quality-analysis/work/jsoup/src/main/java/org/jsoup/helper/HttpConnection.java,org.jsoup.helper.HttpConnection$Base,"addHeader/2[java.lang.String,java.lang.String]",false,366,3,3,0,3,3,6,11,1,1,2,6,0,0,0,1,0,0,1,0,3,0,1,0,0,0,10,1,0,false
/home/alison/jsoup-quality-analysis/work/jsoup/src/main/java/org/jsoup/helper/HttpConnection.java,org.jsoup.helper.HttpConnection$Base,Base/0,true,329,0,0,0,0,1,0,4,0,0,0,0,0,0,0,0,0,0,0,0,2,0,0,0,0,0,3,2,0,false
/home/alison/jsoup-quality-analysis/work/jsoup/src/main/java/org/jsoup/helper/HttpConnection.java,org.jsoup.helper.HttpConnection$Base,removeHeader/1[java.lang.String],false,464,3,2,0,2,2,4,6,1,1,1,4,0,0,0,1,0,0,1,0,1,0,1,0,0,0,11,1,0,false
/home/alison/jsoup-quality-analysis/work/jsoup/src/main/java/org/jsoup/parser/TokenQueue.java,org.jsoup.parser.TokenQueue,TokenQueue/1[java.lang.String],true,21,1,4,3,1,1,1,4,0,0,1,1,0,0,0,0,0,0,0,0,1,0,0,0,0,0,10,1,0,true
/home/alison/jsoup-quality-analysis/work/jsoup/src/main/java/org/jsoup/parser/TokenQueue.java,org.jsoup.parser.TokenQueue,chompTo/1[java.lang.String],false,239,1,5,3,2,1,2,5,1,1,1,2,2,3,0,0,0,0,0,0,1,0,0,0,0,0,46,1,0,true
/home/alison/jsoup-quality-analysis/work/jsoup/src/main/java/org/jsoup/parser/TokenQueue.java,org.jsoup.parser.TokenQueue,consumeElementSelector/0,false,361,1,4,1,3,6,4,5,1,1,0,4,3,4,1,0,0,1,4,0,1,0,1,0,0,0,30,1,0,true
/home/alison/jsoup-quality-analysis/work/jsoup/src/main/java/org/jsoup/parser/TokenQueue.java,org.jsoup.parser.TokenQueue,consumeTagName/0,false,348,1,3,0,3,4,4,5,1,1,0,4,3,3,1,0,0,1,0,0,1,0,1,0,0,0,19,1,0,true
/home/alison/jsoup-quality-analysis/work/jsoup/src/main/java/org/jsoup/parser/TokenQueue.java,org.jsoup.parser.TokenQueue,consume/0,false,154,0,3,3,0,1,1,3,1,0,0,1,0,0,0,0,0,0,0,0,0,0,0,0,0,0,8,1,0,true
/home/alison/jsoup-quality-analysis/work/jsoup/src/main/java/org/jsoup/parser/TokenQueue.java,org.jsoup.parser.TokenQueue,consumeAttributeKey/0,false,386,1,3,0,3,4,4,5,1,1,0,4,3,3,1,0,0,1,0,0,1,0,1,0,0,0,17,1,0,true
/home/alison/jsoup-quality-analysis/work/jsoup/src/main/java/org/jsoup/parser/TokenQueue.java,org.jsoup.parser.TokenQueue,matchesCS/1[java.lang.String],false,78,0,0,0,0,1,1,3,1,0,1,1,0,0,0,0,0,0,0,0,0,0,0,0,0,0,14,1,0,true
/home/alison/jsoup-quality-analysis/work/jsoup/src/main/java/org/jsoup/parser/TokenQueue.java,org.jsoup.parser.TokenQueue,matchesAny/1[char[]],false,96,2,4,3,1,4,2,7,3,0,1,2,1,2,1,1,0,0,0,0,0,0,2,0,0,0,9,1,0,false
/home/alison/jsoup-quality-analysis/work/jsoup/src/main/java/org/jsoup/parser/TokenQueue.java,org.jsoup.parser.TokenQueue,toString/0,false,405,0,0,0,0,1,1,3,1,0,0,1,0,0,0,0,0,0,0,0,0,0,0,0,0,0,3,1,0,false
/home/alison/jsoup-quality-analysis/work/jsoup/src/main/java/org/jsoup/parser/TokenQueue.java,org.jsoup.parser.TokenQueue,consumeTo/1[java.lang.String],false,180,1,3,2,1,2,4,11,2,2,1,4,1,1,0,1,0,0,0,1,3,0,1,0,0,0,34,1,0,true
/home/alison/jsoup-quality-analysis/work/jsoup/src/main/java/org/jsoup/parser/TokenQueue.java,org.jsoup.parser.TokenQueue,consumeCssIdentifier/0,false,374,1,5,2,3,4,4,5,1,1,0,4,3,3,1,0,0,1,0,0,1,0,1,0,0,0,26,1,0,true
/home/alison/jsoup-quality-analysis/work/jsoup/src/main/java/org/jsoup/parser/TokenQueue.java,org.jsoup.parser.TokenQueue,consumeToIgnoreCase/1[java.lang.String],false,191,1,3,1,2,6,8,16,1,4,1,8,2,2,1,1,0,0,0,4,6,1,4,0,0,0,14,1,0,false
/home/alison/jsoup-quality-analysis/work/jsoup/src/main/java/org/jsoup/parser/TokenQueue.java,org.jsoup.parser.TokenQueue,consumeWhitespace/0,false,323,1,4,3,1,2,1,8,1,1,0,1,1,3,1,0,0,0,0,0,2,0,1,0,0,0,18,1,0,true
/home/alison/jsoup-quality-analysis/work/jsoup/src/main/java/org/jsoup/parser/TokenQueue.java,org.jsoup.parser.TokenQueue,matchesWord/0,false,139,1,7,6,1,1,3,3,1,0,0,3,1,2,0,0,0,0,0,0,0,0,0,0,0,0,14,1,0,true
/home/alison/jsoup-quality-analysis/work/jsoup/src/main/java/org/jsoup/parser/TokenQueue.java,org.jsoup.parser.TokenQueue,consume/1[java.lang.String],false,165,1,7,5,2,3,3,6,0,1,1,3,2,1,0,0,0,0,2,0,2,0,1,0,0,0,42,1,0,true
/home/alison/jsoup-quality-analysis/work/jsoup/src/main/java/org/jsoup/parser/TokenQueue.java,org.jsoup.parser.TokenQueue,matches/1[java.lang.String],false,69,0,6,6,0,1,2,3,1,0,1,2,0,0,0,0,0,0,0,1,0,0,0,0,0,0,13,1,0,true
/home/alison/jsoup-quality-analysis/work/jsoup/src/main/java/org/jsoup/parser/TokenQueue.java,org.jsoup.parser.TokenQueue,"chompBalanced/2[char,char]",false,260,2,10,7,3,20,5,30,1,8,2,5,2,2,1,6,0,1,3,11,13,1,4,0,0,0,75,1,0,true
/home/alison/jsoup-quality-analysis/work/jsoup/src/main/java/org/jsoup/parser/TokenQueue.java,org.jsoup.parser.TokenQueue,addFirst/1[java.lang.String],false,58,0,1,1,0,1,1,4,0,0,1,1,0,0,0,0,0,0,0,1,2,1,0,0,0,0,12,1,0,true
/home/alison/jsoup-quality-analysis/work/jsoup/src/main/java/org/jsoup/parser/TokenQueue.java,org.jsoup.parser.TokenQueue,consumeToAny/1[java.lang.String[]],false,222,1,3,1,2,3,3,7,1,1,1,3,2,3,1,0,0,0,0,0,1,0,1,0,0,0,27,1,0,true
/home/alison/jsoup-quality-analysis/work/jsoup/src/main/java/org/jsoup/parser/TokenQueue.java,org.jsoup.parser.TokenQueue,matchesAny/1[java.lang.String[]],false,88,1,5,4,1,3,1,6,2,0,1,1,1,1,1,0,0,0,0,0,0,0,2,0,0,0,21,1,0,true
/home/alison/jsoup-quality-analysis/work/jsoup/src/main/java/org/jsoup/parser/TokenQueue.java,org.jsoup.parser.TokenQueue,consumeWord/0,false,336,1,1,0,1,2,2,5,1,1,0,2,1,3,1,0,0,0,0,0,1,0,1,0,0,0,20,1,0,true
/home/alison/jsoup-quality-analysis/work/jsoup/src/main/java/org/jsoup/parser/TokenQueue.java,org.jsoup.parser.TokenQueue,addFirst/1[java.lang.Character],false,50,1,1,0,1,1,2,3,0,0,1,2,1,1,0,0,0,0,0,0,0,0,0,0,0,0,16,1,0,true
/home/alison/jsoup-quality-analysis/work/jsoup/src/main/java/org/jsoup/parser/TokenQueue.java,org.jsoup.parser.TokenQueue,matchChomp/1[java.lang.String],false,118,1,5,4,1,2,2,9,2,0,1,2,1,1,0,0,0,0,0,0,1,0,1,0,0,0,24,1,0,true
/home/alison/jsoup-quality-analysis/work/jsoup/src/main/java/org/jsoup/parser/TokenQueue.java,org.jsoup.parser.TokenQueue,chompToIgnoreCase/1[java.lang.String],false,245,1,2,0,2,1,2,5,1,1,1,2,2,4,0,0,0,0,0,0,1,0,0,0,0,0,9,1,0,false
/home/alison/jsoup-quality-analysis/work/jsoup/src/main/java/org/jsoup/parser/TokenQueue.java,org.jsoup.parser.TokenQueue,unescape/1[java.lang.String],false,304,1,4,2,2,5,4,12,1,2,1,4,0,0,1,3,0,0,0,2,3,0,3,0,0,0,16,9,0,true
/home/alison/jsoup-quality-analysis/work/jsoup/src/main/java/org/jsoup/parser/TokenQueue.java,org.jsoup.parser.TokenQueue,remainingLength/0,false,34,0,3,3,0,1,1,3,1,0,0,1,0,0,0,0,0,0,0,0,0,1,0,0,0,0,3,2,0,false
/home/alison/jsoup-quality-analysis/work/jsoup/src/main/java/org/jsoup/parser/TokenQueue.java,org.jsoup.parser.TokenQueue,remainder/0,false,398,0,3,3,0,1,2,5,1,1,0,2,0,0,0,0,0,0,0,0,2,0,0,0,0,0,11,1,0,true
/home/alison/jsoup-quality-analysis/work/jsoup/src/main/java/org/jsoup/parser/TokenQueue.java,org.jsoup.parser.TokenQueue,isEmpty/0,false,30,1,16,15,1,2,1,3,1,0,0,1,1,1,0,1,0,0,0,1,0,0,0,0,0,0,12,1,0,true
/home/alison/jsoup-quality-analysis/work/jsoup/src/main/java/org/jsoup/parser/TokenQueue.java,org.jsoup.parser.TokenQueue,matchesWhitespace/0,false,131,2,3,1,2,1,3,3,1,0,0,3,1,2,0,0,0,0,0,0,0,0,0,0,0,0,11,1,0,true
/home/alison/jsoup-quality-analysis/work/jsoup/src/main/java/org/jsoup/parser/TokenQueue.java,org.jsoup.parser.TokenQueue,matchesStartTag/0,false,107,1,1,0,1,3,3,3,1,0,0,3,1,1,0,1,0,1,0,2,0,1,0,0,0,0,6,1,0,false
/home/alison/jsoup-quality-analysis/work/jsoup/src/main/java/org/jsoup/parser/TokenQueue.java,org.jsoup.parser.TokenQueue,peek/0,false,42,1,1,0,1,2,2,3,1,0,0,2,1,2,0,0,0,0,0,1,0,0,0,0,0,0,15,1,0,true
/home/alison/jsoup-quality-analysis/work/jsoup/src/main/java/org/jsoup/parser/TokenQueue.java,org.jsoup.parser.TokenQueue,advance/0,false,146,1,1,0,1,2,1,3,0,0,0,1,1,2,0,0,0,0,0,0,0,0,1,0,0,0,9,1,0,true
/home/alison/jsoup-quality-analysis/work/jsoup/src/main/java/org/jsoup/parser/ParseSettings.java,org.jsoup.parser.ParseSettings,(initializer 1),false,20,1,4,0,4,1,0,4,0,0,0,0,0,0,0,0,0,0,0,0,2,0,0,0,0,0,6,8,0,false
/home/alison/jsoup-quality-analysis/work/jsoup/src/main/java/org/jsoup/parser/ParseSettings.java,org.jsoup.parser.ParseSettings,normalizeAttribute/1[java.lang.String],false,51,1,2,1,1,2,2,5,1,0,1,2,0,0,0,0,0,0,0,0,2,0,1,0,0,0,13,1,0,true
/home/alison/jsoup-quality-analysis/work/jsoup/src/main/java/org/jsoup/parser/ParseSettings.java,org.jsoup.parser.ParseSettings,"ParseSettings/2[boolean,boolean]",true,33,0,1,1,0,1,0,4,0,0,2,0,0,0,0,0,0,0,0,0,2,0,0,0,0,0,11,1,0,true
/home/alison/jsoup-quality-analysis/work/jsoup/src/main/java/org/jsoup/parser/ParseSettings.java,org.jsoup.parser.ParseSettings,normalizeAttributes/1[org.jsoup.nodes.Attributes],false,58,1,3,2,1,2,1,6,1,0,1,1,0,0,0,0,0,0,0,0,0,0,1,0,0,0,6,0,0,false
/home/alison/jsoup-quality-analysis/work/jsoup/src/main/java/org/jsoup/parser/ParseSettings.java,org.jsoup.parser.ParseSettings,normalizeTag/1[java.lang.String],false,41,1,6,5,1,2,2,5,1,0,1,2,0,0,0,0,0,0,0,0,2,0,1,0,0,0,13,1,0,true
/home/alison/jsoup-quality-analysis/work/jsoup/src/main/java/org/jsoup/select/NodeFilter.java,org.jsoup.select.NodeFilter,"tail/2[org.jsoup.nodes.Node,int]",false,51,2,1,1,0,1,0,1,0,0,2,0,0,0,0,0,0,0,0,0,0,0,0,0,0,0,29,0,0,true
/home/alison/jsoup-quality-analysis/work/jsoup/src/main/java/org/jsoup/select/NodeFilter.java,org.jsoup.select.NodeFilter,"head/2[org.jsoup.nodes.Node,int]",false,43,2,1,1,0,1,0,1,0,0,2,0,0,0,0,0,0,0,0,0,0,0,0,0,0,0,24,0,0,true
/home/alison/jsoup-quality-analysis/work/jsoup/src/main/java/org/jsoup/parser/HtmlTreeBuilderState.java,org.jsoup.parser.HtmlTreeBuilderState$Anonymous21,"process/2[org.jsoup.parser.Token,org.jsoup.parser.HtmlTreeBuilder]",false,1429,4,125,0,125,7,14,16,3,0,2,14,0,0,0,0,0,1,1,0,0,0,1,0,0,0,9,0,1,false
/home/alison/jsoup-quality-analysis/work/jsoup/src/main/java/org/jsoup/parser/HtmlTreeBuilderState.java,org.jsoup.parser.HtmlTreeBuilderState$Anonymous20,"process/2[org.jsoup.parser.Token,org.jsoup.parser.HtmlTreeBuilder]",false,1405,4,125,0,125,11,17,28,5,0,2,17,0,0,0,0,0,0,3,0,0,0,1,0,0,0,10,0,2,false
/home/alison/jsoup-quality-analysis/work/jsoup/src/main/java/org/jsoup/parser/HtmlTreeBuilderState.java,org.jsoup.parser.HtmlTreeBuilderState$Anonymous12,"anythingElse/2[org.jsoup.parser.Token,org.jsoup.parser.TreeBuilder]",false,1028,2,3,1,2,2,2,5,2,1,2,2,0,0,0,0,0,0,1,0,1,0,1,0,0,0,7,2,0,false
/home/alison/jsoup-quality-analysis/work/jsoup/src/main/java/org/jsoup/parser/HtmlTreeBuilderState.java,org.jsoup.parser.HtmlTreeBuilderState$Anonymous12,"process/2[org.jsoup.parser.Token,org.jsoup.parser.HtmlTreeBuilder]",false,980,9,125,0,125,12,17,37,9,2,2,17,1,1,0,0,0,0,5,0,2,0,3,0,0,0,15,0,2,false
/home/alison/jsoup-quality-analysis/work/jsoup/src/main/java/org/jsoup/parser/HtmlTreeBuilderState.java,org.jsoup.parser.HtmlTreeBuilderState$Anonymous11,"process/2[org.jsoup.parser.Token,org.jsoup.parser.HtmlTreeBuilder]",false,945,7,125,0,125,12,18,30,5,3,2,18,0,0,0,0,0,1,24,0,3,0,3,0,0,0,12,0,4,false
/home/alison/jsoup-quality-analysis/work/jsoup/src/main/java/org/jsoup/parser/HtmlTreeBuilderState.java,org.jsoup.parser.HtmlTreeBuilderState$Anonymous14,"process/2[org.jsoup.parser.Token,org.jsoup.parser.HtmlTreeBuilder]",false,1098,8,125,0,125,12,18,56,10,4,2,18,2,1,0,0,0,0,23,0,4,0,3,0,0,0,19,0,3,false
/home/alison/jsoup-quality-analysis/work/jsoup/src/main/java/org/jsoup/parser/HtmlTreeBuilderState.java,org.jsoup.parser.HtmlTreeBuilderState$Anonymous14,"anythingElse/2[org.jsoup.parser.Token,org.jsoup.parser.HtmlTreeBuilder]",false,1148,2,15,1,14,1,1,3,1,0,2,1,0,0,0,0,0,0,0,0,0,0,0,0,0,0,4,2,0,false
/home/alison/jsoup-quality-analysis/work/jsoup/src/main/java/org/jsoup/parser/HtmlTreeBuilderState.java,org.jsoup.parser.HtmlTreeBuilderState$Anonymous14,"handleMissingTr/2[org.jsoup.parser.Token,org.jsoup.parser.TreeBuilder]",false,1152,2,3,1,2,2,2,5,2,1,2,2,0,0,0,0,0,0,1,0,1,0,1,0,0,0,8,2,0,false
/home/alison/jsoup-quality-analysis/work/jsoup/src/main/java/org/jsoup/parser/HtmlTreeBuilderState.java,org.jsoup.parser.HtmlTreeBuilderState$Anonymous13,"process/2[org.jsoup.parser.Token,org.jsoup.parser.HtmlTreeBuilder]",false,1036,8,125,0,125,11,15,48,9,3,2,15,2,1,0,0,0,0,23,0,4,0,3,0,0,0,16,0,3,false
/home/alison/jsoup-quality-analysis/work/jsoup/src/main/java/org/jsoup/parser/HtmlTreeBuilderState.java,org.jsoup.parser.HtmlTreeBuilderState$Anonymous13,"anythingElse/2[org.jsoup.parser.Token,org.jsoup.parser.HtmlTreeBuilder]",false,1093,2,15,1,14,1,1,3,1,0,2,1,0,0,0,0,0,0,0,0,0,0,0,0,0,0,4,2,0,false
/home/alison/jsoup-quality-analysis/work/jsoup/src/main/java/org/jsoup/parser/HtmlTreeBuilderState.java,org.jsoup.parser.HtmlTreeBuilderState$Anonymous13,"exitTableBody/2[org.jsoup.parser.Token,org.jsoup.parser.HtmlTreeBuilder]",false,1082,4,9,1,8,4,8,9,2,0,2,8,0,0,0,0,0,1,3,0,0,0,1,0,0,0,7,2,1,false
/home/alison/jsoup-quality-analysis/work/jsoup/src/main/java/org/jsoup/parser/HtmlTreeBuilderState.java,org.jsoup.parser.HtmlTreeBuilderState$Anonymous16,"anythingElse/2[org.jsoup.parser.Token,org.jsoup.parser.HtmlTreeBuilder]",false,1305,2,15,1,14,1,1,4,1,0,2,1,0,0,0,0,0,0,0,0,0,0,0,0,0,0,5,2,1,false
/home/alison/jsoup-quality-analysis/work/jsoup/src/main/java/org/jsoup/parser/HtmlTreeBuilderState.java,org.jsoup.parser.HtmlTreeBuilderState$Anonymous16,"process/2[org.jsoup.parser.Token,org.jsoup.parser.HtmlTreeBuilder]",false,1217,10,125,0,125,28,23,72,12,4,2,23,1,1,0,1,0,0,26,0,5,0,5,0,0,0,13,0,8,false
/home/alison/jsoup-quality-analysis/work/jsoup/src/main/java/org/jsoup/helper/W3CDom.java,org.jsoup.helper.W3CDom$W3CBuilder,"tail/2[org.jsoup.nodes.Node,int]",false,119,4,1,0,1,3,2,6,0,0,2,2,0,0,0,0,0,0,0,0,1,0,1,0,0,0,5,1,0,false
/home/alison/jsoup-quality-analysis/work/jsoup/src/main/java/org/jsoup/helper/W3CDom.java,org.jsoup.helper.W3CDom$W3CBuilder,"copyAttributes/2[org.jsoup.nodes.Node,org.w3c.dom.Element]",false,126,3,5,1,4,3,6,6,0,1,2,6,0,0,1,0,0,0,3,0,1,0,2,0,0,0,10,2,0,false
/home/alison/jsoup-quality-analysis/work/jsoup/src/main/java/org/jsoup/helper/W3CDom.java,org.jsoup.helper.W3CDom$W3CBuilder,updateNamespaces/1[org.jsoup.nodes.Element],false,138,3,5,1,4,5,12,19,1,4,1,12,0,0,1,0,0,0,3,2,5,0,2,0,0,0,20,2,0,true
/home/alison/jsoup-quality-analysis/work/jsoup/src/main/java/org/jsoup/helper/W3CDom.java,org.jsoup.helper.W3CDom$W3CBuilder,W3CBuilder/1[org.w3c.dom.Document],true,78,1,1,1,0,1,1,4,0,0,1,1,0,0,0,0,0,0,0,0,1,0,0,0,0,0,5,1,0,false
/home/alison/jsoup-quality-analysis/work/jsoup/src/main/java/org/jsoup/helper/W3CDom.java,org.jsoup.helper.W3CDom$W3CBuilder,"head/2[org.jsoup.nodes.Node,int]",false,83,11,10,0,10,8,14,35,0,11,2,14,2,1,0,2,0,0,2,0,12,0,2,0,0,0,22,1,0,false
/home/alison/jsoup-quality-analysis/work/jsoup/src/main/java/org/jsoup/parser/HtmlTreeBuilderState.java,org.jsoup.parser.HtmlTreeBuilderState$Anonymous15,"process/2[org.jsoup.parser.Token,org.jsoup.parser.HtmlTreeBuilder]",false,1161,8,125,0,125,12,18,45,9,2,2,18,2,1,0,0,0,1,2,0,2,0,3,0,0,0,15,0,5,false
/home/alison/jsoup-quality-analysis/work/jsoup/src/main/java/org/jsoup/parser/HtmlTreeBuilderState.java,org.jsoup.parser.HtmlTreeBuilderState$Anonymous15,closeCell/1[org.jsoup.parser.HtmlTreeBuilder],false,1209,2,3,1,2,2,2,4,0,0,1,2,0,0,0,0,0,0,3,0,0,0,1,0,0,0,6,2,0,false
/home/alison/jsoup-quality-analysis/work/jsoup/src/main/java/org/jsoup/parser/HtmlTreeBuilderState.java,org.jsoup.parser.HtmlTreeBuilderState$Anonymous15,"anythingElse/2[org.jsoup.parser.Token,org.jsoup.parser.HtmlTreeBuilder]",false,1205,2,15,1,14,1,1,3,1,0,2,1,0,0,0,0,0,0,0,0,0,0,0,0,0,0,4,2,0,false
/home/alison/jsoup-quality-analysis/work/jsoup/src/main/java/org/jsoup/parser/HtmlTreeBuilderState.java,org.jsoup.parser.HtmlTreeBuilderState$Anonymous18,"process/2[org.jsoup.parser.Token,org.jsoup.parser.HtmlTreeBuilder]",false,1329,4,125,0,125,10,17,32,6,0,2,17,0,0,0,0,0,0,2,0,0,0,2,0,0,0,11,0,3,false
/home/alison/jsoup-quality-analysis/work/jsoup/src/main/java/org/jsoup/parser/HtmlTreeBuilderState.java,org.jsoup.parser.HtmlTreeBuilderState$Anonymous17,"process/2[org.jsoup.parser.Token,org.jsoup.parser.HtmlTreeBuilder]",false,1311,5,125,0,125,6,11,18,4,0,2,11,0,0,0,0,0,1,18,0,0,0,2,0,0,0,5,0,2,false
/home/alison/jsoup-quality-analysis/work/jsoup/src/main/java/org/jsoup/parser/HtmlTreeBuilderState.java,org.jsoup.parser.HtmlTreeBuilderState$Anonymous19,"process/2[org.jsoup.parser.Token,org.jsoup.parser.HtmlTreeBuilder]",false,1357,7,125,0,125,16,23,48,8,1,2,23,0,0,0,0,0,0,8,0,1,0,3,0,0,0,11,0,5,false
/home/alison/jsoup-quality-analysis/work/jsoup/src/main/java/org/jsoup/select/Evaluator.java,org.jsoup.select.Evaluator$ContainsOwnText,toString/0,false,707,0,0,0,0,1,1,3,1,0,0,1,0,0,0,0,0,0,1,0,0,0,0,0,0,0,2,1,0,false
/home/alison/jsoup-quality-analysis/work/jsoup/src/main/java/org/jsoup/select/Evaluator.java,org.jsoup.select.Evaluator$ContainsOwnText,ContainsOwnText/1[java.lang.String],true,697,1,3,2,1,1,1,3,0,0,1,1,0,0,0,0,0,0,0,0,1,0,0,0,0,0,6,1,0,false
/home/alison/jsoup-quality-analysis/work/jsoup/src/main/java/org/jsoup/select/Evaluator.java,org.jsoup.select.Evaluator$ContainsOwnText,"matches/2[org.jsoup.nodes.Element,org.jsoup.nodes.Element]",false,702,2,2,0,2,1,3,3,1,0,2,3,0,0,0,0,0,0,0,0,0,0,0,0,0,0,7,1,0,false
/home/alison/jsoup-quality-analysis/work/jsoup/src/main/java/org/jsoup/parser/TokeniserState.java,org.jsoup.parser.TokeniserState,"readCharRef/2[org.jsoup.parser.Tokeniser,org.jsoup.parser.TokeniserState]",false,1697,3,5,1,4,2,4,6,0,1,2,4,0,0,0,1,0,0,0,0,1,0,1,0,0,0,7,10,0,false
/home/alison/jsoup-quality-analysis/work/jsoup/src/main/java/org/jsoup/parser/TokeniserState.java,org.jsoup.parser.TokeniserState,"handleDataDoubleEscapeTag/4[org.jsoup.parser.Tokeniser,org.jsoup.parser.CharacterReader,org.jsoup.parser.TokeniserState,org.jsoup.parser.TokeniserState]",false,1716,3,8,1,7,10,10,17,1,2,4,10,0,0,0,0,0,0,1,0,2,0,2,0,0,0,10,10,0,false
/home/alison/jsoup-quality-analysis/work/jsoup/src/main/java/org/jsoup/parser/TokeniserState.java,org.jsoup.parser.TokeniserState,"handleDataEndTag/3[org.jsoup.parser.Tokeniser,org.jsoup.parser.CharacterReader,org.jsoup.parser.TokeniserState]",false,1637,4,10,1,9,12,12,30,1,3,3,12,0,0,0,0,0,0,1,0,5,1,2,0,0,0,26,10,0,true
/home/alison/jsoup-quality-analysis/work/jsoup/src/main/java/org/jsoup/parser/TokeniserState.java,org.jsoup.parser.TokeniserState,"readEndTag/4[org.jsoup.parser.Tokeniser,org.jsoup.parser.CharacterReader,org.jsoup.parser.TokeniserState,org.jsoup.parser.TokeniserState]",false,1706,3,5,1,4,2,4,10,0,0,4,4,0,0,0,0,0,0,1,0,0,0,1,0,0,0,7,10,0,false
/home/alison/jsoup-quality-analysis/work/jsoup/src/main/java/org/jsoup/parser/TokeniserState.java,org.jsoup.parser.TokeniserState,"read/2[org.jsoup.parser.Tokeniser,org.jsoup.parser.CharacterReader]",false,1620,2,1,1,0,1,0,1,0,0,2,0,0,0,0,0,0,0,0,0,0,0,0,0,0,0,3,1024,0,false
/home/alison/jsoup-quality-analysis/work/jsoup/src/main/java/org/jsoup/parser/TokeniserState.java,org.jsoup.parser.TokeniserState,"readData/4[org.jsoup.parser.Tokeniser,org.jsoup.parser.CharacterReader,org.jsoup.parser.TokeniserState,org.jsoup.parser.TokeniserState]",false,1677,4,10,1,9,4,8,15,0,1,4,8,0,0,0,0,0,0,0,0,1,0,1,0,0,0,8,10,1,false
/home/alison/jsoup-quality-analysis/work/jsoup/src/main/java/org/jsoup/select/Evaluator.java,org.jsoup.select.Evaluator$IndexLessThan,toString/0,false,349,0,0,0,0,1,1,3,1,0,0,1,0,0,0,0,0,0,1,0,0,0,0,0,0,0,2,1,0,false
/home/alison/jsoup-quality-analysis/work/jsoup/src/main/java/org/jsoup/select/Evaluator.java,org.jsoup.select.Evaluator$IndexLessThan,IndexLessThan/1[int],true,339,0,2,2,0,1,0,3,0,0,1,0,0,0,0,0,0,0,0,0,0,0,0,0,0,0,4,1,0,false
/home/alison/jsoup-quality-analysis/work/jsoup/src/main/java/org/jsoup/select/Evaluator.java,org.jsoup.select.Evaluator$IndexLessThan,"matches/2[org.jsoup.nodes.Element,org.jsoup.nodes.Element]",false,344,1,1,0,1,3,1,3,1,0,2,1,0,0,0,1,0,0,0,0,0,0,0,0,0,0,5,1,0,false
/home/alison/jsoup-quality-analysis/work/jsoup/src/main/java/org/jsoup/nodes/Entities.java,org.jsoup.nodes.Entities$EscapeMode,"EscapeMode/2[java.lang.String,int]",true,51,1,1,0,1,1,1,3,0,0,2,1,0,0,0,0,0,0,0,0,0,0,0,0,0,0,4,0,0,false
/home/alison/jsoup-quality-analysis/work/jsoup/src/main/java/org/jsoup/nodes/Entities.java,org.jsoup.nodes.Entities$EscapeMode,codepointForName/1[java.lang.String],false,55,0,5,5,0,2,1,4,1,1,1,1,0,0,0,0,0,0,0,1,1,0,0,0,0,0,6,0,0,false
/home/alison/jsoup-quality-analysis/work/jsoup/src/main/java/org/jsoup/nodes/Entities.java,org.jsoup.nodes.Entities$EscapeMode,size/0,false,71,0,0,0,0,1,0,3,1,0,0,0,0,0,0,0,0,0,0,0,0,0,0,0,0,0,1,2,0,false
/home/alison/jsoup-quality-analysis/work/jsoup/src/main/java/org/jsoup/nodes/Entities.java,org.jsoup.nodes.Entities$EscapeMode,nameForCodepoint/1[int],false,60,0,1,1,0,4,1,7,2,1,1,1,0,0,0,1,0,1,0,4,1,3,1,0,0,0,7,0,0,false
/home/alison/jsoup-quality-analysis/work/jsoup/src/main/java/org/jsoup/select/Evaluator.java,org.jsoup.select.Evaluator$MatchText,"matches/2[org.jsoup.nodes.Element,org.jsoup.nodes.Element]",false,759,5,8,0,8,3,7,10,2,2,2,7,0,0,1,0,0,0,0,0,2,0,1,0,0,0,11,1,0,false
/home/alison/jsoup-quality-analysis/work/jsoup/src/main/java/org/jsoup/select/Evaluator.java,org.jsoup.select.Evaluator$MatchText,toString/0,false,774,0,0,0,0,1,0,3,1,0,0,0,0,0,0,0,0,0,1,0,0,0,0,0,0,0,2,1,0,false
/home/alison/jsoup-quality-analysis/work/jsoup/src/main/java/org/jsoup/parser/HtmlTreeBuilderState.java,org.jsoup.parser.HtmlTreeBuilderState$Anonymous10,"process/2[org.jsoup.parser.Token,org.jsoup.parser.HtmlTreeBuilder]",false,908,7,125,0,125,7,19,33,3,1,2,19,0,0,1,0,0,0,5,1,1,0,5,0,0,0,12,0,2,false
/home/alison/jsoup-quality-analysis/work/jsoup/src/main/java/org/jsoup/safety/Cleaner.java,org.jsoup.safety.Cleaner$ElementMeta,"ElementMeta/2[org.jsoup.nodes.Element,int]",true,169,1,1,1,0,1,0,4,0,0,2,0,0,0,0,0,0,0,0,0,2,0,0,0,0,0,6,0,0,false
/home/alison/jsoup-quality-analysis/work/jsoup/src/main/java/org/jsoup/select/Evaluator.java,org.jsoup.select.Evaluator,"matches/2[org.jsoup.nodes.Element,org.jsoup.nodes.Element]",false,28,1,11,11,0,1,0,1,0,0,2,0,0,0,0,0,0,0,0,0,0,0,0,0,0,0,18,1025,0,true
/home/alison/jsoup-quality-analysis/work/jsoup/src/main/java/org/jsoup/select/Evaluator.java,org.jsoup.select.Evaluator,Evaluator/0,true,25,0,0,0,0,1,0,2,0,0,0,0,0,0,0,0,0,0,0,0,0,0,0,0,0,0,1,4,0,false
/home/alison/jsoup-quality-analysis/work/jsoup/src/main/java/org/jsoup/Connection.java,org.jsoup.Connection,ignoreHttpErrors/1[boolean],false,129,1,0,0,0,1,0,1,0,0,1,0,0,0,0,0,0,0,0,0,0,0,0,0,0,0,41,0,0,true
/home/alison/jsoup-quality-analysis/work/jsoup/src/main/java/org/jsoup/Connection.java,org.jsoup.Connection,url/1[java.net.URL],false,51,1,1,1,0,1,0,1,0,0,1,0,0,0,0,0,0,0,0,0,0,0,0,0,0,0,19,0,0,true
/home/alison/jsoup-quality-analysis/work/jsoup/src/main/java/org/jsoup/Connection.java,org.jsoup.Connection,"data/2[java.lang.String,java.lang.String]",false,155,1,0,0,0,1,0,1,0,0,2,0,0,0,0,0,0,0,0,0,0,0,0,0,0,0,25,0,0,true
/home/alison/jsoup-quality-analysis/work/jsoup/src/main/java/org/jsoup/Connection.java,org.jsoup.Connection,get/0,false,279,1,4,4,0,1,0,1,0,0,0,0,0,0,0,0,0,0,0,0,0,0,0,0,0,0,44,0,0,true
/home/alison/jsoup-quality-analysis/work/jsoup/src/main/java/org/jsoup/Connection.java,org.jsoup.Connection,requestBody/1[java.lang.String],false,220,1,0,0,0,1,0,1,0,0,1,0,0,0,0,0,0,0,0,0,0,0,0,0,0,0,41,0,0,true
/home/alison/jsoup-quality-analysis/work/jsoup/src/main/java/org/jsoup/Connection.java,org.jsoup.Connection,postDataCharset/1[java.lang.String],false,272,1,0,0,0,1,0,1,0,0,1,0,0,0,0,0,0,0,0,0,0,0,0,0,0,0,17,0,0,true
/home/alison/jsoup-quality-analysis/work/jsoup/src/main/java/org/jsoup/Connection.java,org.jsoup.Connection,data/1[java.lang.String],false,213,1,0,0,0,1,0,1,0,0,1,0,0,0,0,0,0,0,0,0,0,0,0,0,0,0,10,0,0,true
/home/alison/jsoup-quality-analysis/work/jsoup/src/main/java/org/jsoup/Connection.java,org.jsoup.Connection,"headers/1[java.util.Map<java.lang.String,java.lang.String>]",false,241,1,0,0,0,1,0,1,0,0,1,0,0,0,0,0,0,0,0,0,0,0,0,0,0,0,13,0,0,true
/home/alison/jsoup-quality-analysis/work/jsoup/src/main/java/org/jsoup/Connection.java,org.jsoup.Connection,method/1[org.jsoup.Connection.Method],false,122,2,1,1,0,1,0,1,0,0,1,0,0,0,0,0,0,0,0,0,0,0,0,0,0,0,16,0,0,true
/home/alison/jsoup-quality-analysis/work/jsoup/src/main/java/org/jsoup/Connection.java,org.jsoup.Connection,ignoreContentType/1[boolean],false,138,1,0,0,0,1,0,1,0,0,1,0,0,0,0,0,0,0,0,0,0,0,0,0,0,0,50,0,0,true
/home/alison/jsoup-quality-analysis/work/jsoup/src/main/java/org/jsoup/Connection.java,org.jsoup.Connection,sslSocketFactory/1[javax.net.ssl.SSLSocketFactory],false,148,1,0,0,0,1,0,1,0,0,1,0,0,0,0,0,0,0,0,0,0,0,0,0,0,0,11,0,0,true
/home/alison/jsoup-quality-analysis/work/jsoup/src/main/java/org/jsoup/Connection.java,org.jsoup.Connection,"cookie/2[java.lang.String,java.lang.String]",false,249,1,0,0,0,1,0,1,0,0,2,0,0,0,0,0,0,0,0,0,0,0,0,0,0,0,13,0,0,true
/home/alison/jsoup-quality-analysis/work/jsoup/src/main/java/org/jsoup/Connection.java,org.jsoup.Connection,maxBodySize/1[int],false,99,1,0,0,0,1,0,1,0,0,1,0,0,0,0,0,0,0,0,0,0,0,0,0,0,0,40,0,0,true
/home/alison/jsoup-quality-analysis/work/jsoup/src/main/java/org/jsoup/Connection.java,org.jsoup.Connection,userAgent/1[java.lang.String],false,80,1,1,1,0,1,0,1,0,0,1,0,0,0,0,0,0,0,0,0,0,0,0,0,0,0,10,0,0,true
/home/alison/jsoup-quality-analysis/work/jsoup/src/main/java/org/jsoup/Connection.java,org.jsoup.Connection,data/1[java.lang.String[]],false,204,1,0,0,0,1,0,1,0,0,1,0,0,0,0,0,0,0,0,0,0,0,0,0,0,0,25,0,0,true
/home/alison/jsoup-quality-analysis/work/jsoup/src/main/java/org/jsoup/Connection.java,org.jsoup.Connection,referrer/1[java.lang.String],false,108,1,0,0,0,1,0,1,0,0,1,0,0,0,0,0,0,0,0,0,0,0,0,0,0,0,9,0,0,true
/home/alison/jsoup-quality-analysis/work/jsoup/src/main/java/org/jsoup/Connection.java,org.jsoup.Connection,"data/1[java.util.Map<java.lang.String,java.lang.String>]",false,197,1,0,0,0,1,0,1,0,0,1,0,0,0,0,0,0,0,0,0,0,0,0,0,0,0,12,0,0,true
/home/alison/jsoup-quality-analysis/work/jsoup/src/main/java/org/jsoup/Connection.java,org.jsoup.Connection,"data/4[java.lang.String,java.lang.String,java.io.InputStream,java.lang.String]",false,177,1,0,0,0,1,0,1,0,0,4,0,0,0,0,0,0,0,0,0,0,0,0,0,0,0,50,0,0,true
/home/alison/jsoup-quality-analysis/work/jsoup/src/main/java/org/jsoup/Connection.java,org.jsoup.Connection,proxy/1[java.net.Proxy],false,65,1,0,0,0,1,0,1,0,0,1,0,0,0,0,0,0,0,0,0,0,0,0,0,0,0,9,0,0,true
/home/alison/jsoup-quality-analysis/work/jsoup/src/main/java/org/jsoup/Connection.java,org.jsoup.Connection,followRedirects/1[boolean],false,115,1,0,0,0,1,0,1,0,0,1,0,0,0,0,0,0,0,0,0,0,0,0,0,0,0,17,0,0,true
/home/alison/jsoup-quality-analysis/work/jsoup/src/main/java/org/jsoup/Connection.java,org.jsoup.Connection,"data/3[java.lang.String,java.lang.String,java.io.InputStream]",false,164,1,0,0,0,1,0,1,0,0,3,0,0,0,0,0,0,0,0,0,0,0,0,0,0,0,48,0,0,true
/home/alison/jsoup-quality-analysis/work/jsoup/src/main/java/org/jsoup/Connection.java,org.jsoup.Connection,request/1[org.jsoup.Connection.Request],false,318,2,0,0,0,1,0,1,0,0,1,0,0,0,0,0,0,0,0,0,0,0,0,0,0,0,7,0,0,true
/home/alison/jsoup-quality-analysis/work/jsoup/src/main/java/org/jsoup/Connection.java,org.jsoup.Connection,response/1[org.jsoup.Connection.Response],false,331,2,0,0,0,1,0,1,0,0,1,0,0,0,0,0,0,0,0,0,0,0,0,0,0,0,6,0,0,true
/home/alison/jsoup-quality-analysis/work/jsoup/src/main/java/org/jsoup/Connection.java,org.jsoup.Connection,url/1[java.lang.String],false,58,1,1,1,0,1,0,1,0,0,1,0,0,0,0,0,0,0,0,0,0,0,0,0,0,0,19,0,0,true
/home/alison/jsoup-quality-analysis/work/jsoup/src/main/java/org/jsoup/Connection.java,org.jsoup.Connection,"cookies/1[java.util.Map<java.lang.String,java.lang.String>]",false,257,1,0,0,0,1,0,1,0,0,1,0,0,0,0,0,0,0,0,0,0,0,0,0,0,0,14,0,0,true
/home/alison/jsoup-quality-analysis/work/jsoup/src/main/java/org/jsoup/Connection.java,org.jsoup.Connection,post/0,false,290,1,0,0,0,1,0,1,0,0,0,0,0,0,0,0,0,0,0,0,0,0,0,0,0,0,44,0,0,true
/home/alison/jsoup-quality-analysis/work/jsoup/src/main/java/org/jsoup/Connection.java,org.jsoup.Connection,data/1[java.util.Collection<org.jsoup.Connection.KeyVal>],false,190,2,1,1,0,1,0,1,0,0,1,0,0,0,0,0,0,0,0,0,0,0,0,0,0,0,12,0,0,true
/home/alison/jsoup-quality-analysis/work/jsoup/src/main/java/org/jsoup/Connection.java,org.jsoup.Connection,"proxy/2[java.lang.String,int]",false,72,1,0,0,0,1,0,1,0,0,2,0,0,0,0,0,0,0,0,0,0,0,0,0,0,0,13,0,0,true
/home/alison/jsoup-quality-analysis/work/jsoup/src/main/java/org/jsoup/Connection.java,org.jsoup.Connection,"header/2[java.lang.String,java.lang.String]",false,232,1,0,0,0,1,0,1,0,0,2,0,0,0,0,0,0,0,0,0,0,0,0,0,0,0,8,0,0,true
/home/alison/jsoup-quality-analysis/work/jsoup/src/main/java/org/jsoup/Connection.java,org.jsoup.Connection,response/0,false,325,1,0,0,0,1,0,1,0,0,0,0,0,0,0,0,0,0,0,0,0,0,0,0,0,0,9,0,0,true
/home/alison/jsoup-quality-analysis/work/jsoup/src/main/java/org/jsoup/Connection.java,org.jsoup.Connection,request/0,false,312,1,0,0,0,1,0,1,0,0,0,0,0,0,0,0,0,0,0,0,0,0,0,0,0,0,8,0,0,true
/home/alison/jsoup-quality-analysis/work/jsoup/src/main/java/org/jsoup/Connection.java,org.jsoup.Connection,execute/0,false,301,1,0,0,0,1,0,1,0,0,0,0,0,0,0,0,0,0,0,0,0,0,0,0,0,0,42,0,0,true
/home/alison/jsoup-quality-analysis/work/jsoup/src/main/java/org/jsoup/Connection.java,org.jsoup.Connection,timeout/1[int],false,88,1,2,2,0,1,0,1,0,0,1,0,0,0,0,0,0,0,0,0,0,0,0,0,0,0,43,0,0,true
/home/alison/jsoup-quality-analysis/work/jsoup/src/main/java/org/jsoup/Connection.java,org.jsoup.Connection,parser/1[org.jsoup.parser.Parser],false,264,2,0,0,0,1,0,1,0,0,1,0,0,0,0,0,0,0,0,0,0,0,0,0,0,0,28,0,0,true
/home/alison/jsoup-quality-analysis/work/jsoup/src/main/java/org/jsoup/select/Evaluator.java,org.jsoup.select.Evaluator$IsRoot,"matches/2[org.jsoup.nodes.Element,org.jsoup.nodes.Element]",false,580,2,1,0,1,3,1,4,1,1,2,1,0,0,0,1,0,0,0,1,1,0,0,0,0,0,6,1,0,false
/home/alison/jsoup-quality-analysis/work/jsoup/src/main/java/org/jsoup/select/Evaluator.java,org.jsoup.select.Evaluator$IsRoot,toString/0,false,585,0,0,0,0,1,0,3,1,0,0,0,0,0,0,0,0,0,1,0,0,0,0,0,0,0,2,1,0,false
/home/alison/jsoup-quality-analysis/work/jsoup/src/main/java/org/jsoup/nodes/CDataNode.java,org.jsoup.nodes.CDataNode,text/0,false,25,1,1,0,1,1,1,3,1,0,0,1,0,0,0,0,0,0,0,0,0,0,0,0,0,0,11,1,0,true
/home/alison/jsoup-quality-analysis/work/jsoup/src/main/java/org/jsoup/nodes/CDataNode.java,org.jsoup.nodes.CDataNode,"outerHtmlTail/3[java.lang.Appendable,int,org.jsoup.nodes.Document.OutputSettings]",false,37,2,1,0,1,2,1,8,0,0,3,1,0,0,0,0,1,0,1,0,0,0,1,0,0,0,10,0,0,false
/home/alison/jsoup-quality-analysis/work/jsoup/src/main/java/org/jsoup/nodes/CDataNode.java,org.jsoup.nodes.CDataNode,nodeName/0,false,16,0,0,0,0,1,0,3,1,0,0,0,0,0,0,0,0,0,1,0,0,0,0,0,0,0,2,1,0,false
/home/alison/jsoup-quality-analysis/work/jsoup/src/main/java/org/jsoup/nodes/CDataNode.java,org.jsoup.nodes.CDataNode,CDataNode/1[java.lang.String],true,11,0,2,2,0,1,0,3,0,0,1,0,0,0,0,0,0,0,0,0,0,0,0,0,0,0,4,1,0,false
/home/alison/jsoup-quality-analysis/work/jsoup/src/main/java/org/jsoup/nodes/CDataNode.java,org.jsoup.nodes.CDataNode,"outerHtmlHead/3[java.lang.Appendable,int,org.jsoup.nodes.Document.OutputSettings]",false,30,2,1,0,1,1,2,3,0,0,3,2,0,0,0,0,0,0,1,0,0,0,0,0,0,0,11,0,0,false
/home/alison/jsoup-quality-analysis/work/jsoup/src/main/java/org/jsoup/select/StructuralEvaluator.java,org.jsoup.select.StructuralEvaluator$Parent,"matches/2[org.jsoup.nodes.Element,org.jsoup.nodes.Element]",false,56,2,2,0,2,5,2,10,3,1,2,2,0,0,1,2,0,0,0,0,2,0,2,0,0,0,7,1,0,false
/home/alison/jsoup-quality-analysis/work/jsoup/src/main/java/org/jsoup/select/StructuralEvaluator.java,org.jsoup.select.StructuralEvaluator$Parent,Parent/1[org.jsoup.select.Evaluator],true,52,1,1,1,0,1,0,3,0,0,1,0,0,0,0,0,0,0,0,0,1,0,0,0,0,0,3,1,0,false
/home/alison/jsoup-quality-analysis/work/jsoup/src/main/java/org/jsoup/select/StructuralEvaluator.java,org.jsoup.select.StructuralEvaluator$Parent,toString/0,false,72,0,0,0,0,1,1,3,1,0,0,1,0,0,0,0,0,0,1,0,0,0,0,0,0,0,2,1,0,false
/home/alison/jsoup-quality-analysis/work/jsoup/src/main/java/org/jsoup/select/Evaluator.java,org.jsoup.select.Evaluator$IsLastChild,toString/0,false,406,0,0,0,0,1,0,3,1,0,0,0,0,0,0,0,0,0,1,0,0,0,0,0,0,0,2,1,0,false
/home/alison/jsoup-quality-analysis/work/jsoup/src/main/java/org/jsoup/select/Evaluator.java,org.jsoup.select.Evaluator$IsLastChild,"matches/2[org.jsoup.nodes.Element,org.jsoup.nodes.Element]",false,400,2,3,0,3,3,4,4,1,1,2,4,0,0,0,2,0,1,0,1,1,1,0,0,0,0,6,1,0,false
/home/alison/jsoup-quality-analysis/work/jsoup/src/main/java/org/jsoup/select/Evaluator.java,org.jsoup.select.Evaluator$IsNthLastChild,"calculatePosition/2[org.jsoup.nodes.Element,org.jsoup.nodes.Element]",false,500,1,3,0,3,1,4,3,1,0,2,4,0,0,0,0,0,0,0,0,0,1,0,0,0,0,4,4,0,false
/home/alison/jsoup-quality-analysis/work/jsoup/src/main/java/org/jsoup/select/Evaluator.java,org.jsoup.select.Evaluator$IsNthLastChild,getPseudoClass/0,false,505,0,0,0,0,1,0,3,1,0,0,0,0,0,0,0,0,0,1,0,0,0,0,0,0,0,4,4,0,false
/home/alison/jsoup-quality-analysis/work/jsoup/src/main/java/org/jsoup/select/Evaluator.java,org.jsoup.select.Evaluator$IsNthLastChild,"IsNthLastChild/2[int,int]",true,495,0,1,1,0,1,0,3,0,0,2,0,0,0,0,0,0,0,0,0,0,0,0,0,0,0,5,1,0,false
/home/alison/jsoup-quality-analysis/work/jsoup/src/main/java/org/jsoup/nodes/Attribute.java,org.jsoup.nodes.Attribute,"shouldCollapseAttribute/3[java.lang.String,java.lang.String,org.jsoup.nodes.Document.OutputSettings]",false,165,2,5,3,2,3,4,3,1,0,3,4,1,1,0,2,0,3,1,0,0,0,0,0,0,0,7,12,0,false
/home/alison/jsoup-quality-analysis/work/jsoup/src/main/java/org/jsoup/nodes/Attribute.java,org.jsoup.nodes.Attribute,hashCode/0,false,195,0,0,0,0,3,1,5,1,1,0,1,0,0,0,2,0,1,0,3,2,2,0,0,0,0,6,1,0,false
/home/alison/jsoup-quality-analysis/work/jsoup/src/main/java/org/jsoup/nodes/Attribute.java,org.jsoup.nodes.Attribute,"html/2[java.lang.Appendable,org.jsoup.nodes.Document.OutputSettings]",false,123,2,3,2,1,1,1,3,0,0,2,1,1,3,0,0,0,0,0,0,0,0,0,0,0,0,6,4,0,false
/home/alison/jsoup-quality-analysis/work/jsoup/src/main/java/org/jsoup/nodes/Attribute.java,org.jsoup.nodes.Attribute,setValue/1[java.lang.String],false,87,1,4,1,3,3,3,10,1,2,1,3,0,0,0,2,0,0,0,0,5,0,2,0,0,0,15,1,0,true
/home/alison/jsoup-quality-analysis/work/jsoup/src/main/java/org/jsoup/nodes/Attribute.java,org.jsoup.nodes.Attribute,"Attribute/2[java.lang.String,java.lang.String]",true,32,0,1,1,0,1,0,3,0,0,2,0,0,0,0,0,0,0,0,0,0,0,0,0,0,0,11,1,0,true
/home/alison/jsoup-quality-analysis/work/jsoup/src/main/java/org/jsoup/nodes/Attribute.java,org.jsoup.nodes.Attribute,isBooleanAttribute/1[java.lang.String],false,181,0,1,1,0,2,1,3,1,0,1,1,0,0,0,0,0,0,0,1,0,0,0,0,0,0,15,12,0,true
/home/alison/jsoup-quality-analysis/work/jsoup/src/main/java/org/jsoup/nodes/Attribute.java,org.jsoup.nodes.Attribute,equals/1[java.lang.Object],false,186,1,0,0,0,6,2,7,4,1,1,2,0,0,0,7,0,0,0,0,1,0,1,0,0,0,12,1,0,false
/home/alison/jsoup-quality-analysis/work/jsoup/src/main/java/org/jsoup/nodes/Attribute.java,org.jsoup.nodes.Attribute,html/0,false,103,4,7,1,6,2,4,10,1,1,0,4,1,4,0,0,1,1,1,0,1,0,1,0,0,0,20,1,0,true
/home/alison/jsoup-quality-analysis/work/jsoup/src/main/java/org/jsoup/nodes/Attribute.java,org.jsoup.nodes.Attribute,clone/0,false,202,1,0,0,0,2,1,8,1,0,0,1,0,0,0,0,1,0,0,0,0,0,1,0,0,0,8,1,0,false
/home/alison/jsoup-quality-analysis/work/jsoup/src/main/java/org/jsoup/nodes/Attribute.java,org.jsoup.nodes.Attribute,setKey/1[java.lang.String],false,63,2,3,0,3,3,4,10,0,1,1,4,0,0,0,2,0,0,0,0,4,0,2,0,0,0,13,1,0,true
/home/alison/jsoup-quality-analysis/work/jsoup/src/main/java/org/jsoup/nodes/Attribute.java,org.jsoup.nodes.Attribute,isDataAttribute/0,false,147,1,2,1,1,1,1,3,1,0,0,1,1,1,0,0,0,0,0,0,0,0,0,0,0,0,4,4,0,false
/home/alison/jsoup-quality-analysis/work/jsoup/src/main/java/org/jsoup/nodes/Attribute.java,org.jsoup.nodes.Attribute,isDataAttribute/1[java.lang.String],false,151,0,1,1,0,2,2,3,1,0,1,2,0,0,0,0,0,0,0,0,0,0,0,0,0,0,4,12,0,false
/home/alison/jsoup-quality-analysis/work/jsoup/src/main/java/org/jsoup/nodes/Attribute.java,org.jsoup.nodes.Attribute,shouldCollapseAttribute/1[org.jsoup.nodes.Document.OutputSettings],false,161,2,1,0,1,1,1,3,1,0,1,1,1,2,0,0,0,0,0,0,0,0,0,0,0,0,21,20,0,true
/home/alison/jsoup-quality-analysis/work/jsoup/src/main/java/org/jsoup/nodes/Attribute.java,org.jsoup.nodes.Attribute,getValue/0,false,79,1,7,6,1,1,1,3,1,0,0,1,0,0,0,0,0,0,0,0,0,0,0,0,0,0,7,1,0,true
/home/alison/jsoup-quality-analysis/work/jsoup/src/main/java/org/jsoup/nodes/Attribute.java,org.jsoup.nodes.Attribute,"html/4[java.lang.String,java.lang.String,java.lang.Appendable,org.jsoup.nodes.Document.OutputSettings]",false,114,4,4,1,3,2,5,8,0,0,4,5,1,2,0,0,0,0,1,0,0,0,1,0,0,0,10,12,0,false
/home/alison/jsoup-quality-analysis/work/jsoup/src/main/java/org/jsoup/nodes/Attribute.java,org.jsoup.nodes.Attribute,isBooleanAttribute/0,false,174,0,0,0,0,3,1,3,1,0,0,1,0,0,0,1,0,0,0,1,0,0,0,0,0,0,5,4,0,true
/home/alison/jsoup-quality-analysis/work/jsoup/src/main/java/org/jsoup/nodes/Attribute.java,org.jsoup.nodes.Attribute,getKey/0,false,55,0,10,10,0,1,0,3,1,0,0,0,0,0,0,0,0,0,0,0,0,0,0,0,0,0,6,1,0,true
/home/alison/jsoup-quality-analysis/work/jsoup/src/main/java/org/jsoup/nodes/Attribute.java,org.jsoup.nodes.Attribute,toString/0,false,132,1,1,0,1,1,1,3,1,0,0,1,1,5,0,0,0,0,0,0,0,0,0,0,0,0,10,1,0,true
/home/alison/jsoup-quality-analysis/work/jsoup/src/main/java/org/jsoup/nodes/Attribute.java,org.jsoup.nodes.Attribute,"createFromEncoded/2[java.lang.String,java.lang.String]",false,142,2,2,0,2,1,1,4,1,1,2,1,0,0,0,0,0,0,0,0,1,0,0,0,0,0,31,9,0,true
/home/alison/jsoup-quality-analysis/work/jsoup/src/main/java/org/jsoup/nodes/Attribute.java,org.jsoup.nodes.Attribute,"Attribute/3[java.lang.String,java.lang.String,org.jsoup.nodes.Attributes]",true,42,2,5,3,2,1,3,8,0,0,3,3,0,0,0,0,0,0,0,0,4,0,0,0,0,0,21,1,0,true
