file,class,method,constructor,line,cbo,cboModified,fanin,fanout,wmc,rfc,loc,returnsQty,variablesQty,parametersQty,methodsInvokedQty,methodsInvokedLocalQty,methodsInvokedIndirectLocalQty,loopQty,comparisonsQty,tryCatchQty,parenthesizedExpsQty,stringLiteralsQty,numbersQty,assignmentsQty,mathOperationsQty,maxNestedBlocksQty,anonymousClassesQty,innerClassesQty,lambdasQty,uniqueWordsQty,modifiers,logStatementsQty,hasJavaDoc
/home/alison/jsoup-quality-analysis/work/jsoup/src/main/java/org/jsoup/helper/DataUtil.java,org.jsoup.helper.DataUtil,emptyByteBuffer/0,false,255,0,1,1,0,1,1,3,1,0,0,1,0,0,0,0,0,0,0,1,0,0,0,0,0,0,3,8,0,false
/home/alison/jsoup-quality-analysis/work/jsoup/src/main/java/org/jsoup/helper/DataUtil.java,org.jsoup.helper.DataUtil,getCharsetFromContentType/1[java.lang.String],false,265,2,3,2,1,3,6,10,3,2,1,6,1,1,0,1,0,0,2,1,3,0,1,0,0,0,31,8,0,true
/home/alison/jsoup-quality-analysis/work/jsoup/src/main/java/org/jsoup/helper/DataUtil.java,org.jsoup.helper.DataUtil,"load/4[java.io.File,java.lang.String,java.lang.String,org.jsoup.parser.Parser]",false,83,5,4,2,2,4,6,15,1,3,4,6,1,3,0,2,1,1,2,2,4,0,2,0,0,0,64,9,0,true
/home/alison/jsoup-quality-analysis/work/jsoup/src/main/java/org/jsoup/helper/DataUtil.java,org.jsoup.helper.DataUtil,"parseInputStream/4[java.io.InputStream,java.lang.String,java.lang.String,org.jsoup.parser.Parser]",false,139,15,26,4,22,29,40,82,2,13,4,40,4,2,1,13,4,1,10,7,29,1,6,0,0,0,69,8,0,false
/home/alison/jsoup-quality-analysis/work/jsoup/src/main/java/org/jsoup/helper/DataUtil.java,org.jsoup.helper.DataUtil,mimeBoundary/0,false,292,1,3,1,2,2,4,8,1,3,0,4,0,0,1,0,0,0,0,1,3,0,1,0,0,0,15,8,0,true
/home/alison/jsoup-quality-analysis/work/jsoup/src/main/java/org/jsoup/helper/DataUtil.java,org.jsoup.helper.DataUtil,DataUtil/0,true,52,0,0,0,0,1,0,2,0,0,0,0,0,0,0,0,0,0,0,0,0,0,0,0,0,0,2,2,0,false
/home/alison/jsoup-quality-analysis/work/jsoup/src/main/java/org/jsoup/helper/DataUtil.java,org.jsoup.helper.DataUtil,detectCharsetFromBom/1[java.nio.ByteBuffer],false,301,3,2,1,1,17,4,19,4,2,1,4,0,0,0,15,0,0,4,31,2,0,1,0,0,0,16,10,0,false
/home/alison/jsoup-quality-analysis/work/jsoup/src/main/java/org/jsoup/helper/DataUtil.java,org.jsoup.helper.DataUtil,"load/4[java.io.InputStream,java.lang.String,java.lang.String,org.jsoup.parser.Parser]",false,121,5,2,1,1,1,1,3,1,0,4,1,1,3,0,0,0,0,0,0,0,0,0,0,0,0,42,9,0,true
/home/alison/jsoup-quality-analysis/work/jsoup/src/main/java/org/jsoup/helper/DataUtil.java,org.jsoup.helper.DataUtil,"load/3[java.io.InputStream,java.lang.String,java.lang.String]",false,108,5,3,1,2,1,2,3,1,0,3,2,1,3,0,0,0,0,0,0,0,0,0,0,0,0,37,9,0,true
/home/alison/jsoup-quality-analysis/work/jsoup/src/main/java/org/jsoup/helper/DataUtil.java,org.jsoup.helper.DataUtil,"readToByteBuffer/2[java.io.InputStream,int]",false,249,2,5,2,3,2,3,5,1,1,2,3,0,0,0,0,0,0,1,1,1,0,0,0,0,0,52,9,0,true
/home/alison/jsoup-quality-analysis/work/jsoup/src/main/java/org/jsoup/helper/DataUtil.java,org.jsoup.helper.DataUtil,"load/3[java.io.File,java.lang.String,java.lang.String]",false,65,4,5,3,2,1,2,3,1,0,3,2,1,4,0,0,0,0,0,0,0,0,0,0,0,0,52,9,0,true
/home/alison/jsoup-quality-analysis/work/jsoup/src/main/java/org/jsoup/helper/DataUtil.java,org.jsoup.helper.DataUtil,"crossStreams/2[java.io.InputStream,java.io.OutputStream]",false,131,1,1,1,0,2,2,7,0,2,2,2,0,0,1,1,0,1,0,2,2,0,1,0,0,0,24,8,0,true
/home/alison/jsoup-quality-analysis/work/jsoup/src/main/java/org/jsoup/helper/DataUtil.java,org.jsoup.helper.DataUtil,validateCharset/1[java.lang.String],false,276,1,2,2,0,6,5,12,4,0,1,5,0,0,0,2,1,0,2,1,2,0,2,0,0,0,8,10,0,false
/home/alison/jsoup-quality-analysis/work/jsoup/src/main/java/org/jsoup/select/StructuralEvaluator.java,org.jsoup.select.StructuralEvaluator$ImmediateParent,"matches/2[org.jsoup.nodes.Element,org.jsoup.nodes.Element]",false,154,2,2,0,2,3,2,5,2,1,2,2,0,0,0,2,0,0,0,0,1,0,1,0,0,0,9,1,0,false
/home/alison/jsoup-quality-analysis/work/jsoup/src/main/java/org/jsoup/select/StructuralEvaluator.java,org.jsoup.select.StructuralEvaluator$ImmediateParent,cost/0,false,162,1,1,0,1,1,1,3,1,0,0,1,0,0,0,0,0,0,0,1,0,1,0,0,0,0,1,4,0,false
/home/alison/jsoup-quality-analysis/work/jsoup/src/main/java/org/jsoup/select/StructuralEvaluator.java,org.jsoup.select.StructuralEvaluator$ImmediateParent,toString/0,false,167,0,0,0,0,1,1,3,1,0,0,1,0,0,0,0,0,0,1,0,0,0,0,0,0,0,2,1,0,false
/home/alison/jsoup-quality-analysis/work/jsoup/src/main/java/org/jsoup/select/StructuralEvaluator.java,org.jsoup.select.StructuralEvaluator$ImmediateParent,ImmediateParent/1[org.jsoup.select.Evaluator],true,149,1,0,0,0,1,0,3,0,0,1,0,0,0,0,0,0,0,0,0,0,0,0,0,0,0,4,1,0,false
/home/alison/jsoup-quality-analysis/work/jsoup/src/main/java/org/jsoup/helper/ChangeNotifyingArrayList.java,org.jsoup.helper.ChangeNotifyingArrayList,"removeRange/2[int,int]",false,65,1,1,0,1,1,2,4,0,0,2,2,0,0,0,0,0,0,0,0,0,0,0,0,0,0,7,4,0,false
/home/alison/jsoup-quality-analysis/work/jsoup/src/main/java/org/jsoup/helper/ChangeNotifyingArrayList.java,org.jsoup.helper.ChangeNotifyingArrayList,retainAll/1[java.util.Collection<?>],false,77,1,1,0,1,1,2,4,1,0,1,2,0,0,0,0,0,0,0,0,0,0,0,0,0,0,6,1,0,false
/home/alison/jsoup-quality-analysis/work/jsoup/src/main/java/org/jsoup/helper/ChangeNotifyingArrayList.java,org.jsoup.helper.ChangeNotifyingArrayList,ChangeNotifyingArrayList/1[int],true,10,0,0,0,0,1,0,3,0,0,1,0,0,0,0,0,0,0,0,0,0,0,0,0,0,0,6,1,0,false
/home/alison/jsoup-quality-analysis/work/jsoup/src/main/java/org/jsoup/helper/ChangeNotifyingArrayList.java,org.jsoup.helper.ChangeNotifyingArrayList,remove/1[int],false,35,2,1,0,1,1,2,4,1,0,1,2,0,0,0,0,0,0,0,0,0,0,0,0,0,0,6,1,0,false
/home/alison/jsoup-quality-analysis/work/jsoup/src/main/java/org/jsoup/helper/ChangeNotifyingArrayList.java,org.jsoup.helper.ChangeNotifyingArrayList,add/1[E],false,23,2,1,0,1,1,2,4,1,0,1,2,0,0,0,0,0,0,0,0,0,0,0,0,0,0,6,1,0,false
/home/alison/jsoup-quality-analysis/work/jsoup/src/main/java/org/jsoup/helper/ChangeNotifyingArrayList.java,org.jsoup.helper.ChangeNotifyingArrayList,onContentsChanged/0,false,14,0,0,0,0,1,0,1,0,0,0,0,0,0,0,0,0,0,0,0,0,0,0,0,0,0,3,1025,0,false
/home/alison/jsoup-quality-analysis/work/jsoup/src/main/java/org/jsoup/helper/ChangeNotifyingArrayList.java,org.jsoup.helper.ChangeNotifyingArrayList,"add/2[int,E]",false,29,2,1,0,1,1,2,4,0,0,2,2,0,0,0,0,0,0,0,0,0,0,0,0,0,0,5,1,0,false
/home/alison/jsoup-quality-analysis/work/jsoup/src/main/java/org/jsoup/helper/ChangeNotifyingArrayList.java,org.jsoup.helper.ChangeNotifyingArrayList,removeAll/1[java.util.Collection<?>],false,71,1,1,0,1,1,2,4,1,0,1,2,0,0,0,0,0,0,0,0,0,0,0,0,0,0,6,1,0,false
/home/alison/jsoup-quality-analysis/work/jsoup/src/main/java/org/jsoup/helper/ChangeNotifyingArrayList.java,org.jsoup.helper.ChangeNotifyingArrayList,remove/1[java.lang.Object],false,41,1,1,0,1,1,2,4,1,0,1,2,0,0,0,0,0,0,0,0,0,0,0,0,0,0,6,1,0,false
/home/alison/jsoup-quality-analysis/work/jsoup/src/main/java/org/jsoup/helper/ChangeNotifyingArrayList.java,org.jsoup.helper.ChangeNotifyingArrayList,addAll/1[java.util.Collection<? extends E>],false,53,1,1,0,1,1,2,4,1,0,1,2,0,0,0,0,0,0,0,0,0,0,0,0,0,0,7,1,0,false
/home/alison/jsoup-quality-analysis/work/jsoup/src/main/java/org/jsoup/helper/ChangeNotifyingArrayList.java,org.jsoup.helper.ChangeNotifyingArrayList,"set/2[int,E]",false,17,2,1,0,1,1,2,4,1,0,2,2,0,0,0,0,0,0,0,0,0,0,0,0,0,0,6,1,0,false
/home/alison/jsoup-quality-analysis/work/jsoup/src/main/java/org/jsoup/helper/ChangeNotifyingArrayList.java,org.jsoup.helper.ChangeNotifyingArrayList,clear/0,false,47,1,1,0,1,1,2,4,0,0,0,2,0,0,0,0,0,0,0,0,0,0,0,0,0,0,4,1,0,false
/home/alison/jsoup-quality-analysis/work/jsoup/src/main/java/org/jsoup/helper/ChangeNotifyingArrayList.java,org.jsoup.helper.ChangeNotifyingArrayList,"addAll/2[int,java.util.Collection<? extends E>]",false,59,1,1,0,1,1,2,4,1,0,2,2,0,0,0,0,0,0,0,0,0,0,0,0,0,0,7,1,0,false
/home/alison/jsoup-quality-analysis/work/jsoup/src/main/java/org/jsoup/Connection.java,org.jsoup.Connection$Response,body/0,false,743,0,0,0,0,1,0,1,0,0,0,0,0,0,0,0,0,0,0,0,0,0,0,0,0,0,8,0,0,true
/home/alison/jsoup-quality-analysis/work/jsoup/src/main/java/org/jsoup/Connection.java,org.jsoup.Connection$Response,bufferUp/0,false,755,1,0,0,0,1,0,1,0,0,0,0,0,0,0,0,0,0,0,0,0,0,0,0,0,0,46,0,0,true
/home/alison/jsoup-quality-analysis/work/jsoup/src/main/java/org/jsoup/Connection.java,org.jsoup.Connection$Response,statusCode/0,false,704,0,0,0,0,1,0,1,0,0,0,0,0,0,0,0,0,0,0,0,0,0,0,0,0,0,6,0,0,true
/home/alison/jsoup-quality-analysis/work/jsoup/src/main/java/org/jsoup/Connection.java,org.jsoup.Connection$Response,statusMessage/0,false,710,0,0,0,0,1,0,1,0,0,0,0,0,0,0,0,0,0,0,0,0,0,0,0,0,0,6,0,0,true
/home/alison/jsoup-quality-analysis/work/jsoup/src/main/java/org/jsoup/Connection.java,org.jsoup.Connection$Response,contentType/0,false,729,1,0,0,0,1,0,1,0,0,0,0,0,0,0,0,0,0,0,0,0,0,0,0,0,0,12,0,0,true
/home/alison/jsoup-quality-analysis/work/jsoup/src/main/java/org/jsoup/Connection.java,org.jsoup.Connection$Response,bodyStream/0,false,764,0,0,0,0,1,0,1,0,0,0,0,0,0,0,0,0,0,0,0,0,0,0,0,0,0,43,0,0,true
/home/alison/jsoup-quality-analysis/work/jsoup/src/main/java/org/jsoup/Connection.java,org.jsoup.Connection$Response,parse/0,false,735,1,2,2,0,1,0,1,0,0,0,0,0,0,0,0,0,0,0,0,0,0,0,0,0,0,23,0,0,true
/home/alison/jsoup-quality-analysis/work/jsoup/src/main/java/org/jsoup/Connection.java,org.jsoup.Connection$Response,bodyAsBytes/0,false,749,1,0,0,0,1,0,1,0,0,0,0,0,0,0,0,0,0,0,0,0,0,0,0,0,0,11,0,0,true
/home/alison/jsoup-quality-analysis/work/jsoup/src/main/java/org/jsoup/Connection.java,org.jsoup.Connection$Response,charset/0,false,716,1,0,0,0,1,0,1,0,0,0,0,0,0,0,0,0,0,0,0,0,0,0,0,0,0,13,0,0,true
/home/alison/jsoup-quality-analysis/work/jsoup/src/main/java/org/jsoup/Connection.java,org.jsoup.Connection$Response,charset/1[java.lang.String],false,722,1,0,0,0,1,0,1,0,0,1,0,0,0,0,0,0,0,0,0,0,0,0,0,0,0,20,0,0,true
/home/alison/jsoup-quality-analysis/work/jsoup/src/main/java/org/jsoup/nodes/Range.java,org.jsoup.nodes.Range,hashCode/0,false,89,1,1,0,1,1,1,5,1,1,0,1,0,0,0,0,0,0,0,1,2,2,0,0,0,0,3,1,0,false
/home/alison/jsoup-quality-analysis/work/jsoup/src/main/java/org/jsoup/nodes/Range.java,org.jsoup.nodes.Range,"Range/2[org.jsoup.nodes.Range.Position,org.jsoup.nodes.Range.Position]",true,25,1,1,1,0,1,0,4,0,0,2,0,0,0,0,0,0,0,0,0,2,0,0,0,0,0,17,1,0,true
/home/alison/jsoup-quality-analysis/work/jsoup/src/main/java/org/jsoup/nodes/Range.java,org.jsoup.nodes.Range,isTracked/0,false,50,0,1,1,0,2,0,3,1,0,0,0,0,0,0,1,0,0,0,0,0,0,0,0,0,0,17,1,0,true
/home/alison/jsoup-quality-analysis/work/jsoup/src/main/java/org/jsoup/nodes/Range.java,org.jsoup.nodes.Range,end/0,false,42,1,0,0,0,1,0,3,1,0,0,0,0,0,0,0,0,0,0,0,0,0,0,0,0,0,6,1,0,true
/home/alison/jsoup-quality-analysis/work/jsoup/src/main/java/org/jsoup/nodes/Range.java,org.jsoup.nodes.Range,toString/0,false,100,0,0,0,0,1,0,3,1,0,0,0,0,0,0,0,0,0,1,0,0,1,0,0,0,0,11,1,0,true
/home/alison/jsoup-quality-analysis/work/jsoup/src/main/java/org/jsoup/nodes/Range.java,org.jsoup.nodes.Range,equals/1[java.lang.Object],false,78,2,1,0,1,5,2,7,4,1,1,2,0,0,0,3,0,0,0,0,1,0,1,0,0,0,10,1,0,false
/home/alison/jsoup-quality-analysis/work/jsoup/src/main/java/org/jsoup/nodes/Range.java,org.jsoup.nodes.Range,start/0,false,34,1,0,0,0,1,0,3,1,0,0,0,0,0,0,0,0,0,0,0,0,0,0,0,0,0,6,1,0,true
/home/alison/jsoup-quality-analysis/work/jsoup/src/main/java/org/jsoup/nodes/Range.java,org.jsoup.nodes.Range,"of/2[org.jsoup.nodes.Node,boolean]",false,60,4,6,2,4,3,4,5,2,1,2,4,0,0,0,0,0,0,0,0,1,0,1,0,0,0,25,8,0,true
/home/alison/jsoup-quality-analysis/work/jsoup/src/main/java/org/jsoup/nodes/Range.java,org.jsoup.nodes.Range,"track/2[org.jsoup.nodes.Node,boolean]",false,73,2,4,2,2,2,2,3,0,0,2,2,0,0,0,0,0,0,0,0,0,0,0,0,0,0,21,1,0,true
/home/alison/jsoup-quality-analysis/work/jsoup/src/main/java/org/jsoup/select/Evaluator.java,org.jsoup.select.Evaluator$IndexEvaluator,IndexEvaluator/1[int],true,734,0,0,0,0,1,0,3,0,0,1,0,0,0,0,0,0,0,0,0,1,0,0,0,0,0,3,1,0,false
/home/alison/jsoup-quality-analysis/work/jsoup/src/main/java/org/jsoup/select/Evaluator.java,org.jsoup.select.Evaluator$IsOnlyOfType,toString/0,false,703,0,0,0,0,1,0,3,1,0,0,0,0,0,0,0,0,0,1,0,0,0,0,0,0,0,3,1,0,false
/home/alison/jsoup-quality-analysis/work/jsoup/src/main/java/org/jsoup/select/Evaluator.java,org.jsoup.select.Evaluator$IsOnlyOfType,"matches/2[org.jsoup.nodes.Element,org.jsoup.nodes.Element]",false,687,2,4,0,4,7,5,12,2,3,2,5,0,0,1,3,0,0,0,3,4,0,2,0,0,0,9,1,0,false
/home/alison/jsoup-quality-analysis/work/jsoup/src/main/java/org/jsoup/select/Evaluator.java,org.jsoup.select.Evaluator$ContainsWholeText,"matches/2[org.jsoup.nodes.Element,org.jsoup.nodes.Element]",false,777,1,1,0,1,1,2,3,1,0,2,2,0,0,0,0,0,0,0,0,0,0,0,0,0,0,5,1,0,false
/home/alison/jsoup-quality-analysis/work/jsoup/src/main/java/org/jsoup/select/Evaluator.java,org.jsoup.select.Evaluator$ContainsWholeText,toString/0,false,786,0,0,0,0,1,1,3,1,0,0,1,0,0,0,0,0,0,1,0,0,0,0,0,0,0,2,1,0,false
/home/alison/jsoup-quality-analysis/work/jsoup/src/main/java/org/jsoup/select/Evaluator.java,org.jsoup.select.Evaluator$ContainsWholeText,ContainsWholeText/1[java.lang.String],true,772,0,1,1,0,1,0,3,0,0,1,0,0,0,0,0,0,0,0,0,1,0,0,0,0,0,4,1,0,false
/home/alison/jsoup-quality-analysis/work/jsoup/src/main/java/org/jsoup/select/Evaluator.java,org.jsoup.select.Evaluator$ContainsWholeText,cost/0,false,781,0,0,0,0,1,0,3,1,0,0,0,0,0,0,0,0,0,0,1,0,0,0,0,0,0,1,4,0,false
/home/alison/jsoup-quality-analysis/work/jsoup/src/main/java/org/jsoup/nodes/Entities.java,org.jsoup.nodes.Entities$CoreCharset,byName/1[java.lang.String],false,314,1,1,1,0,3,2,5,3,0,1,2,0,0,0,0,0,0,2,0,0,0,1,0,0,0,8,8,0,false
/home/alison/jsoup-quality-analysis/work/jsoup/src/main/java/org/jsoup/safety/Cleaner.java,org.jsoup.safety.Cleaner,isValidBodyHtml/1[java.lang.String],false,117,6,7,1,6,2,7,9,1,5,1,7,1,1,0,1,0,0,3,3,5,0,0,0,0,0,91,1,0,true
/home/alison/jsoup-quality-analysis/work/jsoup/src/main/java/org/jsoup/safety/Cleaner.java,org.jsoup.safety.Cleaner,isValid/1[org.jsoup.nodes.Document],false,87,5,7,0,7,2,8,6,1,2,1,8,1,1,0,1,0,0,0,1,2,0,0,0,0,0,86,1,0,true
/home/alison/jsoup-quality-analysis/work/jsoup/src/main/java/org/jsoup/safety/Cleaner.java,org.jsoup.safety.Cleaner,Cleaner/1[org.jsoup.safety.Safelist],true,43,2,4,3,1,1,1,4,0,0,1,1,0,0,0,0,0,0,0,0,1,0,0,0,0,0,16,1,0,true
/home/alison/jsoup-quality-analysis/work/jsoup/src/main/java/org/jsoup/safety/Cleaner.java,org.jsoup.safety.Cleaner,clean/1[org.jsoup.nodes.Document],false,55,5,10,2,8,1,8,7,1,1,1,8,1,1,0,0,0,0,0,0,1,0,0,0,0,0,32,1,0,true
/home/alison/jsoup-quality-analysis/work/jsoup/src/main/java/org/jsoup/safety/Cleaner.java,org.jsoup.safety.Cleaner,createSafeElement/1[org.jsoup.nodes.Element],false,180,7,18,1,17,5,14,16,1,6,1,14,0,0,1,0,0,0,0,1,6,0,2,0,0,0,15,2,0,false
/home/alison/jsoup-quality-analysis/work/jsoup/src/main/java/org/jsoup/safety/Cleaner.java,org.jsoup.safety.Cleaner,"copySafeNodes/2[org.jsoup.nodes.Element,org.jsoup.nodes.Element]",false,174,3,5,3,2,1,1,5,1,1,2,1,0,0,0,0,0,0,0,0,1,0,0,0,0,0,8,2,0,false
/home/alison/jsoup-quality-analysis/work/jsoup/src/main/java/org/jsoup/nodes/Element.java,org.jsoup.nodes.Element,hasChildNodes/0,false,104,0,0,0,0,2,0,3,1,0,0,0,0,0,0,1,0,0,0,0,0,0,0,0,0,0,13,4,0,true
/home/alison/jsoup-quality-analysis/work/jsoup/src/main/java/org/jsoup/nodes/Element.java,org.jsoup.nodes.Element,dataNodes/0,false,415,2,0,0,0,3,2,7,1,1,0,2,0,0,1,0,0,0,0,0,1,0,2,0,0,0,30,1,0,true
/home/alison/jsoup-quality-analysis/work/jsoup/src/main/java/org/jsoup/nodes/Element.java,org.jsoup.nodes.Element,Element/1[java.lang.String],true,68,1,1,0,1,1,1,3,0,0,1,1,0,0,0,0,0,0,1,0,0,0,0,0,0,0,13,1,0,true
/home/alison/jsoup-quality-analysis/work/jsoup/src/main/java/org/jsoup/nodes/Element.java,org.jsoup.nodes.Element,select/1[org.jsoup.select.Evaluator],false,453,3,1,0,1,1,1,3,1,0,1,1,0,0,0,0,0,0,0,0,0,0,0,0,0,0,43,1,0,true
/home/alison/jsoup-quality-analysis/work/jsoup/src/main/java/org/jsoup/nodes/Element.java,org.jsoup.nodes.Element,childElementsList/0,false,353,2,6,5,1,6,5,14,2,4,0,5,1,1,1,3,0,1,0,2,6,0,3,0,0,0,43,0,0,true
/home/alison/jsoup-quality-analysis/work/jsoup/src/main/java/org/jsoup/nodes/Element.java,org.jsoup.nodes.Element,parents/0,false,296,3,4,1,3,3,3,9,1,2,0,3,1,1,1,1,0,0,1,0,3,0,1,0,0,0,16,1,0,true
/home/alison/jsoup-quality-analysis/work/jsoup/src/main/java/org/jsoup/nodes/Element.java,org.jsoup.nodes.Element,appendTo/1[org.jsoup.nodes.Element],false,627,2,2,0,2,1,2,5,1,0,1,2,1,2,0,0,0,0,0,0,0,0,0,0,0,0,21,1,0,true
/home/alison/jsoup-quality-analysis/work/jsoup/src/main/java/org/jsoup/nodes/Element.java,org.jsoup.nodes.Element,"getElementsByAttributeValueMatching/2[java.lang.String,java.lang.String]",false,1209,2,1,0,1,2,2,10,1,1,2,2,1,1,0,0,1,0,1,0,1,1,1,0,0,0,48,1,0,true
/home/alison/jsoup-quality-analysis/work/jsoup/src/main/java/org/jsoup/nodes/Element.java,org.jsoup.nodes.Element,tagName/1[java.lang.String],false,185,2,3,1,2,1,2,3,1,0,1,2,1,1,0,0,0,0,0,0,0,0,0,0,0,0,15,1,0,true
/home/alison/jsoup-quality-analysis/work/jsoup/src/main/java/org/jsoup/nodes/Element.java,org.jsoup.nodes.Element,lastElementChild/0,false,1052,3,4,2,2,3,2,8,2,1,0,2,0,0,1,1,0,0,0,0,2,0,2,0,0,0,15,1,0,true
/home/alison/jsoup-quality-analysis/work/jsoup/src/main/java/org/jsoup/nodes/Element.java,org.jsoup.nodes.Element,lastElementSibling/0,false,1012,1,2,0,2,2,2,6,2,0,0,2,2,1,0,1,0,0,0,0,0,0,1,0,0,0,18,1,0,true
/home/alison/jsoup-quality-analysis/work/jsoup/src/main/java/org/jsoup/nodes/Element.java,org.jsoup.nodes.Element,"getElementsByAttributeValueStarting/2[java.lang.String,java.lang.String]",false,1166,3,2,0,2,1,1,3,1,0,2,1,0,0,0,0,0,0,0,0,0,0,0,0,0,0,22,1,0,true
/home/alison/jsoup-quality-analysis/work/jsoup/src/main/java/org/jsoup/nodes/Element.java,org.jsoup.nodes.Element,data/0,false,1525,7,7,1,6,4,7,19,1,6,0,7,1,1,0,0,0,0,0,0,4,0,2,0,0,1,39,1,0,true
/home/alison/jsoup-quality-analysis/work/jsoup/src/main/java/org/jsoup/nodes/Element.java,org.jsoup.nodes.Element,"insertChildren/2[int,org.jsoup.nodes.Node[]]",false,689,3,4,0,4,4,4,8,1,1,2,4,1,1,0,0,0,0,2,3,2,1,1,0,0,0,40,1,0,true
/home/alison/jsoup-quality-analysis/work/jsoup/src/main/java/org/jsoup/nodes/Element.java,org.jsoup.nodes.Element,getAllElements/0,false,1325,3,2,0,2,1,1,3,1,0,0,1,0,0,0,0,0,0,0,0,0,0,0,0,0,0,12,1,0,true
/home/alison/jsoup-quality-analysis/work/jsoup/src/main/java/org/jsoup/nodes/Element.java,org.jsoup.nodes.Element,prependText/1[java.lang.String],false,752,3,3,0,3,1,2,6,1,1,1,2,1,1,0,0,0,0,0,0,1,0,0,0,0,0,15,1,0,true
/home/alison/jsoup-quality-analysis/work/jsoup/src/main/java/org/jsoup/nodes/Element.java,org.jsoup.nodes.Element,"searchUpForAttribute/2[org.jsoup.nodes.Element,java.lang.String]",false,132,2,4,1,3,4,3,8,2,1,2,3,1,1,1,2,0,0,1,0,2,0,2,0,0,0,9,10,0,false
/home/alison/jsoup-quality-analysis/work/jsoup/src/main/java/org/jsoup/nodes/Element.java,org.jsoup.nodes.Element,hasAttributes/0,false,116,0,0,0,0,2,0,3,1,0,0,0,0,0,0,1,0,0,0,0,0,0,0,0,0,0,4,4,0,false
/home/alison/jsoup-quality-analysis/work/jsoup/src/main/java/org/jsoup/nodes/Element.java,org.jsoup.nodes.Element,"attr/2[java.lang.String,java.lang.String]",false,250,1,4,4,0,1,1,4,1,0,2,1,0,0,0,0,0,0,0,0,0,0,0,0,0,0,18,1,0,true
/home/alison/jsoup-quality-analysis/work/jsoup/src/main/java/org/jsoup/nodes/Element.java,org.jsoup.nodes.Element,"prependElement/2[java.lang.String,java.lang.String]",false,727,4,7,1,6,1,5,5,1,1,2,5,2,3,0,0,0,0,0,0,1,0,0,0,0,0,5,1,0,false
/home/alison/jsoup-quality-analysis/work/jsoup/src/main/java/org/jsoup/nodes/Element.java,org.jsoup.nodes.Element,prepend/1[java.lang.String],false,778,5,6,1,5,1,6,6,1,1,1,6,1,3,0,0,0,0,0,2,1,0,0,0,0,0,29,1,0,true
/home/alison/jsoup-quality-analysis/work/jsoup/src/main/java/org/jsoup/nodes/Element.java,org.jsoup.nodes.Element,id/0,false,229,1,3,2,1,2,1,3,1,0,0,1,0,0,0,1,0,0,2,0,0,0,0,0,0,0,12,1,0,true
/home/alison/jsoup-quality-analysis/work/jsoup/src/main/java/org/jsoup/nodes/Element.java,org.jsoup.nodes.Element,is/1[java.lang.String],false,508,2,2,0,2,1,2,3,1,0,1,2,1,2,0,0,0,0,0,0,0,0,0,0,0,0,17,1,0,true
/home/alison/jsoup-quality-analysis/work/jsoup/src/main/java/org/jsoup/nodes/Element.java,org.jsoup.nodes.Element,appendText/1[java.lang.String],false,739,3,3,0,3,1,2,6,1,1,1,2,1,2,0,0,0,0,0,0,1,0,0,0,0,0,16,1,0,true
/home/alison/jsoup-quality-analysis/work/jsoup/src/main/java/org/jsoup/nodes/Element.java,org.jsoup.nodes.Element,closest/1[org.jsoup.select.Evaluator],false,539,4,5,1,4,3,4,11,2,2,1,4,2,1,1,1,0,0,0,0,3,0,2,0,0,0,31,1,0,true
/home/alison/jsoup-quality-analysis/work/jsoup/src/main/java/org/jsoup/nodes/Element.java,org.jsoup.nodes.Element,getElementsByTag/1[java.lang.String],false,1068,5,4,0,4,1,3,5,1,0,1,3,0,0,0,0,0,0,0,0,1,0,0,0,0,0,32,1,0,true
/home/alison/jsoup-quality-analysis/work/jsoup/src/main/java/org/jsoup/nodes/Element.java,org.jsoup.nodes.Element,before/1[java.lang.String],false,793,1,1,1,0,1,1,3,1,0,1,1,0,0,0,0,0,0,0,0,0,0,0,0,0,0,21,1,0,true
/home/alison/jsoup-quality-analysis/work/jsoup/src/main/java/org/jsoup/nodes/Element.java,org.jsoup.nodes.Element,childNodeSize/0,false,148,0,9,9,0,1,1,3,1,0,0,1,0,0,0,0,0,0,0,0,0,0,0,0,0,0,3,1,0,false
/home/alison/jsoup-quality-analysis/work/jsoup/src/main/java/org/jsoup/nodes/Element.java,org.jsoup.nodes.Element,getElementsMatchingText/1[java.util.regex.Pattern],false,1274,3,3,1,2,1,1,3,1,0,1,1,0,0,0,0,0,0,0,0,0,0,0,0,0,0,19,1,0,true
/home/alison/jsoup-quality-analysis/work/jsoup/src/main/java/org/jsoup/nodes/Element.java,org.jsoup.nodes.Element,getElementsByIndexEquals/1[int],false,1242,3,2,0,2,1,1,3,1,0,1,1,0,0,0,0,0,0,0,0,0,0,0,0,0,0,16,1,0,true
/home/alison/jsoup-quality-analysis/work/jsoup/src/main/java/org/jsoup/nodes/Element.java,org.jsoup.nodes.Element,val/0,false,1686,2,5,2,3,2,4,4,2,0,0,4,2,1,0,0,0,0,2,0,0,0,1,0,0,0,17,1,0,true
/home/alison/jsoup-quality-analysis/work/jsoup/src/main/java/org/jsoup/nodes/Element.java,org.jsoup.nodes.Element,hasText/0,false,1501,4,4,2,2,3,4,15,3,4,0,4,1,1,0,0,0,0,0,0,2,0,3,0,0,1,24,1,0,true
/home/alison/jsoup-quality-analysis/work/jsoup/src/main/java/org/jsoup/nodes/Element.java,org.jsoup.nodes.Element,endSourceRange/0,false,1715,1,2,1,1,1,1,3,1,0,0,1,0,0,0,0,0,0,0,0,0,0,0,0,0,0,27,1,0,true
/home/alison/jsoup-quality-analysis/work/jsoup/src/main/java/org/jsoup/nodes/Element.java,org.jsoup.nodes.Element,nextElementSibling/0,false,939,3,8,7,1,3,1,7,2,1,0,1,0,0,1,1,0,1,0,0,2,0,2,0,0,0,29,1,0,true
/home/alison/jsoup-quality-analysis/work/jsoup/src/main/java/org/jsoup/nodes/Element.java,org.jsoup.nodes.Element,forEachNode/1[java.util.function.Consumer<? super org.jsoup.nodes.Node>],false,1842,1,0,0,0,1,1,3,1,0,1,1,0,0,0,0,0,0,0,0,0,0,0,0,0,0,5,1,0,false
/home/alison/jsoup-quality-analysis/work/jsoup/src/main/java/org/jsoup/nodes/Element.java,org.jsoup.nodes.Element,shouldIndent/1[org.jsoup.nodes.Document.OutputSettings],false,1719,2,6,2,4,1,4,3,1,0,1,4,3,4,0,0,0,0,0,0,0,0,0,0,0,0,12,0,0,false
/home/alison/jsoup-quality-analysis/work/jsoup/src/main/java/org/jsoup/nodes/Element.java,org.jsoup.nodes.Element,forEach/1[java.util.function.Consumer<? super org.jsoup.nodes.Element>],false,1853,4,2,0,2,2,3,8,1,2,1,3,0,0,0,0,0,0,0,0,0,0,2,0,0,1,28,1,0,true
/home/alison/jsoup-quality-analysis/work/jsoup/src/main/java/org/jsoup/nodes/Element.java,org.jsoup.nodes.Element,getElementsMatchingOwnText/1[java.util.regex.Pattern],false,1300,3,3,1,2,1,1,3,1,0,1,1,0,0,0,0,0,0,0,0,0,0,0,0,0,0,21,1,0,true
/home/alison/jsoup-quality-analysis/work/jsoup/src/main/java/org/jsoup/nodes/Element.java,org.jsoup.nodes.Element,"outerHtmlTail/3[java.lang.Appendable,int,org.jsoup.nodes.Document.OutputSettings]",false,1748,4,7,0,7,11,12,6,0,0,3,12,2,2,0,1,0,8,1,3,0,0,2,0,0,0,16,0,0,false
/home/alison/jsoup-quality-analysis/work/jsoup/src/main/java/org/jsoup/nodes/Element.java,org.jsoup.nodes.Element,nodeName/0,false,153,1,3,2,1,1,1,3,1,0,0,1,0,0,0,0,0,0,0,0,0,0,0,0,0,0,2,1,0,false
/home/alison/jsoup-quality-analysis/work/jsoup/src/main/java/org/jsoup/nodes/Element.java,org.jsoup.nodes.Element,nextElementSiblings/0,false,952,2,1,0,1,1,1,3,1,0,0,1,1,1,0,0,0,0,0,0,0,0,0,0,0,0,23,1,0,true
/home/alison/jsoup-quality-analysis/work/jsoup/src/main/java/org/jsoup/nodes/Element.java,org.jsoup.nodes.Element,dataset/0,false,283,2,2,0,2,1,2,3,1,0,0,2,1,1,0,0,0,0,0,0,0,0,0,0,0,0,44,1,0,true
/home/alison/jsoup-quality-analysis/work/jsoup/src/main/java/org/jsoup/nodes/Element.java,org.jsoup.nodes.Element,getElementsByIndexLessThan/1[int],false,1224,3,2,0,2,1,1,3,1,0,1,1,0,0,0,0,0,0,0,0,0,0,0,0,0,0,17,1,0,true
/home/alison/jsoup-quality-analysis/work/jsoup/src/main/java/org/jsoup/nodes/Element.java,org.jsoup.nodes.Element,root/0,false,1832,1,2,2,0,1,1,3,1,0,0,1,0,0,0,0,0,0,0,0,0,0,0,0,0,0,2,1,0,false
/home/alison/jsoup-quality-analysis/work/jsoup/src/main/java/org/jsoup/nodes/Element.java,org.jsoup.nodes.Element,doSetBaseUri/1[java.lang.String],false,143,2,2,0,2,1,2,3,0,0,1,2,1,1,0,0,0,0,0,0,0,0,0,0,0,0,6,4,0,false
/home/alison/jsoup-quality-analysis/work/jsoup/src/main/java/org/jsoup/nodes/Element.java,org.jsoup.nodes.Element,filter/1[org.jsoup.select.NodeFilter],false,1864,2,1,1,0,1,1,3,1,0,1,1,0,0,0,0,0,0,0,0,0,0,0,0,0,0,5,1,0,false
/home/alison/jsoup-quality-analysis/work/jsoup/src/main/java/org/jsoup/nodes/Element.java,org.jsoup.nodes.Element,is/1[org.jsoup.select.Evaluator],false,517,2,5,3,2,1,2,3,1,0,1,2,1,1,0,0,0,0,0,0,0,0,0,0,0,0,9,1,0,true
/home/alison/jsoup-quality-analysis/work/jsoup/src/main/java/org/jsoup/nodes/Element.java,org.jsoup.nodes.Element,baseUri/0,false,128,1,13,12,1,1,1,3,1,0,0,1,1,2,0,0,0,0,0,0,0,0,0,0,0,0,6,1,0,false
/home/alison/jsoup-quality-analysis/work/jsoup/src/main/java/org/jsoup/nodes/Element.java,org.jsoup.nodes.Element,"insertChildren/2[int,java.util.Collection<? extends org.jsoup.nodes.Node>]",false,668,3,8,4,4,4,5,10,1,3,2,5,1,1,0,0,0,0,2,4,4,1,1,0,0,0,42,1,0,true
/home/alison/jsoup-quality-analysis/work/jsoup/src/main/java/org/jsoup/nodes/Element.java,org.jsoup.nodes.Element,empty/0,false,837,1,3,3,0,2,1,7,1,0,0,1,0,0,1,0,0,0,0,0,1,0,1,0,0,0,22,1,0,true
/home/alison/jsoup-quality-analysis/work/jsoup/src/main/java/org/jsoup/nodes/Element.java,org.jsoup.nodes.Element,ensureChildNodes/0,false,108,2,4,3,1,2,0,6,1,0,0,0,0,0,0,1,0,0,0,1,1,0,1,0,0,0,7,4,0,false
/home/alison/jsoup-quality-analysis/work/jsoup/src/main/java/org/jsoup/nodes/Element.java,org.jsoup.nodes.Element,parent/0,false,288,2,29,29,0,1,0,3,1,0,0,0,0,0,0,0,0,0,0,0,0,0,0,0,0,0,3,17,0,false
/home/alison/jsoup-quality-analysis/work/jsoup/src/main/java/org/jsoup/nodes/Element.java,org.jsoup.nodes.Element,after/1[org.jsoup.nodes.Node],false,827,2,1,1,0,1,1,3,1,0,1,1,0,0,0,0,0,0,0,0,0,0,0,0,0,0,19,1,0,true
/home/alison/jsoup-quality-analysis/work/jsoup/src/main/java/org/jsoup/nodes/Element.java,org.jsoup.nodes.Element,previousElementSibling/0,false,961,3,3,2,1,3,1,7,2,1,0,1,0,0,1,1,0,1,0,0,2,0,2,0,0,0,15,1,0,true
/home/alison/jsoup-quality-analysis/work/jsoup/src/main/java/org/jsoup/nodes/Element.java,org.jsoup.nodes.Element,clone/0,false,1795,1,1,1,0,1,1,3,1,0,0,1,0,0,0,0,0,0,0,0,0,0,0,0,0,0,2,1,0,false
/home/alison/jsoup-quality-analysis/work/jsoup/src/main/java/org/jsoup/nodes/Element.java,org.jsoup.nodes.Element,prependElement/1[java.lang.String],false,723,2,3,1,2,1,2,3,1,0,1,2,1,4,0,0,0,0,0,0,0,0,0,0,0,0,21,1,0,true
/home/alison/jsoup-quality-analysis/work/jsoup/src/main/java/org/jsoup/nodes/Element.java,org.jsoup.nodes.Element,"Element/2[org.jsoup.parser.Tag,java.lang.String]",true,97,2,6,6,0,1,0,3,0,0,2,0,0,0,0,0,0,0,0,0,0,0,0,0,0,0,18,1,0,true
/home/alison/jsoup-quality-analysis/work/jsoup/src/main/java/org/jsoup/nodes/Element.java,org.jsoup.nodes.Element,nodelistChanged/0,false,376,0,1,1,0,1,1,4,0,0,0,1,0,0,0,0,0,0,0,0,1,0,0,0,0,0,10,0,0,true
/home/alison/jsoup-quality-analysis/work/jsoup/src/main/java/org/jsoup/nodes/Element.java,org.jsoup.nodes.Element,getElementsMatchingOwnText/1[java.lang.String],false,1310,2,1,0,1,2,2,10,1,1,1,2,1,1,0,0,1,0,1,0,1,1,1,0,0,0,41,1,0,true
/home/alison/jsoup-quality-analysis/work/jsoup/src/main/java/org/jsoup/nodes/Element.java,org.jsoup.nodes.Element,normalName/0,false,173,1,44,43,1,1,1,3,1,0,0,1,0,0,0,0,0,0,0,0,0,0,0,0,0,0,24,1,0,true
/home/alison/jsoup-quality-analysis/work/jsoup/src/main/java/org/jsoup/nodes/Element.java,org.jsoup.nodes.Element,isBlock/0,false,220,1,5,4,1,1,1,3,1,0,0,1,0,0,0,0,0,0,0,0,0,0,0,0,0,0,15,1,0,true
/home/alison/jsoup-quality-analysis/work/jsoup/src/main/java/org/jsoup/nodes/Element.java,org.jsoup.nodes.Element,traverse/1[org.jsoup.select.NodeVisitor],false,1837,2,1,1,0,1,1,3,1,0,1,1,0,0,0,0,0,0,0,0,0,0,0,0,0,0,5,1,0,false
/home/alison/jsoup-quality-analysis/work/jsoup/src/main/java/org/jsoup/nodes/Element.java,org.jsoup.nodes.Element,closest/1[java.lang.String],false,528,3,2,0,2,1,2,3,1,0,1,2,1,2,0,0,0,0,0,0,0,0,0,0,0,0,32,1,0,true
/home/alison/jsoup-quality-analysis/work/jsoup/src/main/java/org/jsoup/nodes/Element.java,org.jsoup.nodes.Element,children/0,false,344,2,2,0,2,1,1,3,1,0,0,1,1,2,0,0,0,0,0,0,0,0,0,0,0,0,22,1,0,true
/home/alison/jsoup-quality-analysis/work/jsoup/src/main/java/org/jsoup/nodes/Element.java,org.jsoup.nodes.Element,getElementsByAttribute/1[java.lang.String],false,1117,4,3,0,3,1,3,5,1,0,1,3,0,0,0,0,0,0,0,0,1,0,0,0,0,0,19,1,0,true
/home/alison/jsoup-quality-analysis/work/jsoup/src/main/java/org/jsoup/nodes/Element.java,org.jsoup.nodes.Element,removeClass/1[java.lang.String],false,1654,2,4,1,3,1,4,7,1,1,1,4,2,3,0,0,0,0,0,0,1,0,0,0,0,0,13,1,0,true
/home/alison/jsoup-quality-analysis/work/jsoup/src/main/java/org/jsoup/nodes/Element.java,org.jsoup.nodes.Element,appendElement/1[java.lang.String],false,706,2,7,5,2,1,2,3,1,0,1,2,1,5,0,0,0,0,0,0,0,0,0,0,0,0,21,1,0,true
/home/alison/jsoup-quality-analysis/work/jsoup/src/main/java/org/jsoup/nodes/Element.java,org.jsoup.nodes.Element,getElementsContainingOwnText/1[java.lang.String],false,1264,3,2,0,2,1,1,3,1,0,1,1,0,0,0,0,0,0,0,0,0,0,0,0,0,0,26,1,0,true
/home/alison/jsoup-quality-analysis/work/jsoup/src/main/java/org/jsoup/nodes/Element.java,org.jsoup.nodes.Element,attributes/0,false,121,1,14,13,1,2,0,4,1,0,0,0,0,0,0,1,0,0,0,0,1,0,1,0,0,0,3,1,0,false
/home/alison/jsoup-quality-analysis/work/jsoup/src/main/java/org/jsoup/nodes/Element.java,org.jsoup.nodes.Element,getElementsMatchingText/1[java.lang.String],false,1284,2,1,0,1,2,2,10,1,1,1,2,1,1,0,0,1,0,1,0,1,1,1,0,0,0,39,1,0,true
/home/alison/jsoup-quality-analysis/work/jsoup/src/main/java/org/jsoup/nodes/Element.java,org.jsoup.nodes.Element,wrap/1[java.lang.String],false,853,1,1,1,0,1,1,3,1,0,1,1,0,0,0,0,0,0,0,0,0,0,0,0,0,0,16,1,0,true
/home/alison/jsoup-quality-analysis/work/jsoup/src/main/java/org/jsoup/nodes/Element.java,org.jsoup.nodes.Element,"attr/2[java.lang.String,boolean]",false,265,2,2,0,2,1,2,4,1,0,2,2,1,1,0,0,0,0,0,0,0,0,0,0,0,0,28,1,0,true
/home/alison/jsoup-quality-analysis/work/jsoup/src/main/java/org/jsoup/nodes/Element.java,org.jsoup.nodes.Element,child/1[int],false,317,1,2,1,1,1,2,3,1,0,1,2,1,2,0,0,0,0,0,0,0,0,0,0,0,0,43,1,0,true
/home/alison/jsoup-quality-analysis/work/jsoup/src/main/java/org/jsoup/nodes/Element.java,org.jsoup.nodes.Element,firstElementSibling/0,false,990,1,3,1,2,2,2,6,2,0,0,2,2,1,0,1,0,0,0,0,0,0,1,0,0,0,18,1,0,true
/home/alison/jsoup-quality-analysis/work/jsoup/src/main/java/org/jsoup/nodes/Element.java,org.jsoup.nodes.Element,getElementById/1[java.lang.String],false,1084,6,3,0,3,2,4,6,2,1,1,4,0,0,0,0,0,0,0,2,1,0,1,0,0,0,43,1,0,true
/home/alison/jsoup-quality-analysis/work/jsoup/src/main/java/org/jsoup/nodes/Element.java,org.jsoup.nodes.Element,tag/0,false,210,1,22,22,0,1,0,3,1,0,0,0,0,0,0,0,0,0,0,0,0,0,0,0,0,0,5,1,0,true
/home/alison/jsoup-quality-analysis/work/jsoup/src/main/java/org/jsoup/nodes/Element.java,org.jsoup.nodes.Element,previousElementSiblings/0,false,974,2,1,0,1,1,1,3,1,0,0,1,1,1,0,0,0,0,0,0,0,0,0,0,0,0,19,1,0,true
/home/alison/jsoup-quality-analysis/work/jsoup/src/main/java/org/jsoup/nodes/Element.java,org.jsoup.nodes.Element,prependChild/1[org.jsoup.nodes.Node],false,639,3,5,3,2,1,2,5,1,0,1,2,0,0,0,0,0,0,0,1,0,0,0,0,0,0,21,1,0,true
/home/alison/jsoup-quality-analysis/work/jsoup/src/main/java/org/jsoup/nodes/Element.java,org.jsoup.nodes.Element,doClone/1[org.jsoup.nodes.Node],false,1806,5,2,0,2,2,4,7,1,1,1,4,0,0,0,1,0,0,0,0,3,0,0,0,0,0,11,4,0,false
/home/alison/jsoup-quality-analysis/work/jsoup/src/main/java/org/jsoup/nodes/Element.java,org.jsoup.nodes.Element,append/1[java.lang.String],false,765,5,7,2,5,1,6,6,1,1,1,6,1,3,0,0,0,0,0,1,1,0,0,0,0,0,28,1,0,true
/home/alison/jsoup-quality-analysis/work/jsoup/src/main/java/org/jsoup/nodes/Element.java,org.jsoup.nodes.Element,textNodes/0,false,397,2,1,1,0,3,2,7,1,1,0,2,0,0,1,0,0,0,0,0,1,0,2,0,0,0,39,1,0,true
/home/alison/jsoup-quality-analysis/work/jsoup/src/main/java/org/jsoup/nodes/Element.java,org.jsoup.nodes.Element,text/0,false,1345,3,11,7,4,1,4,5,1,1,0,4,0,0,0,0,0,0,0,0,1,0,0,0,0,0,61,1,0,true
/home/alison/jsoup-quality-analysis/work/jsoup/src/main/java/org/jsoup/nodes/Element.java,org.jsoup.nodes.Element,childrenSize/0,false,332,1,3,2,1,1,2,3,1,0,0,2,1,2,0,0,0,0,0,0,0,0,0,0,0,0,31,1,0,true
/home/alison/jsoup-quality-analysis/work/jsoup/src/main/java/org/jsoup/nodes/Element.java,org.jsoup.nodes.Element,selectFirst/1[java.lang.String],false,467,3,3,2,1,1,1,3,1,0,1,1,0,0,0,0,0,0,0,0,0,0,0,0,0,0,42,1,0,true
/home/alison/jsoup-quality-analysis/work/jsoup/src/main/java/org/jsoup/nodes/Element.java,org.jsoup.nodes.Element,getElementsByAttributeStarting/1[java.lang.String],false,1130,4,3,0,3,1,3,5,1,0,1,3,0,0,0,0,0,0,0,0,1,0,0,0,0,0,32,1,0,true
/home/alison/jsoup-quality-analysis/work/jsoup/src/main/java/org/jsoup/nodes/Element.java,org.jsoup.nodes.Element,prependChildren/1[java.util.Collection<? extends org.jsoup.nodes.Node>],false,653,1,1,0,1,1,1,4,1,0,1,1,1,2,0,0,0,0,0,1,0,0,0,0,0,0,15,1,0,true
/home/alison/jsoup-quality-analysis/work/jsoup/src/main/java/org/jsoup/nodes/Element.java,org.jsoup.nodes.Element,tagName/0,false,163,1,14,13,1,1,1,3,1,0,0,1,0,0,0,0,0,0,0,0,0,0,0,0,0,0,15,1,0,true
/home/alison/jsoup-quality-analysis/work/jsoup/src/main/java/org/jsoup/nodes/Element.java,org.jsoup.nodes.Element,getElementsByClass/1[java.lang.String],false,1105,4,3,0,3,1,2,4,1,0,1,2,0,0,0,0,0,0,0,0,0,0,0,0,0,0,35,1,0,true
/home/alison/jsoup-quality-analysis/work/jsoup/src/main/java/org/jsoup/nodes/Element.java,org.jsoup.nodes.Element,shallowClone/0,false,1800,2,3,0,3,2,2,3,1,0,0,2,1,3,0,1,0,0,0,0,0,0,0,0,0,0,4,1,0,false
/home/alison/jsoup-quality-analysis/work/jsoup/src/main/java/org/jsoup/nodes/Element.java,org.jsoup.nodes.Element,classNames/1[java.util.Set<java.lang.String>],false,1572,4,8,3,5,2,6,10,1,0,1,6,1,1,0,0,0,0,3,0,0,0,1,0,0,0,13,1,0,true
/home/alison/jsoup-quality-analysis/work/jsoup/src/main/java/org/jsoup/nodes/Element.java,org.jsoup.nodes.Element,before/1[org.jsoup.nodes.Node],false,804,2,1,1,0,1,1,3,1,0,1,1,0,0,0,0,0,0,0,0,0,0,0,0,0,0,19,1,0,true
/home/alison/jsoup-quality-analysis/work/jsoup/src/main/java/org/jsoup/nodes/Element.java,org.jsoup.nodes.Element,selectXpath/1[java.lang.String],false,569,3,2,0,2,1,1,3,1,0,1,1,0,0,0,0,0,0,0,0,0,0,0,0,0,0,59,1,0,true
/home/alison/jsoup-quality-analysis/work/jsoup/src/main/java/org/jsoup/nodes/Element.java,org.jsoup.nodes.Element,cssSelector/0,false,867,6,8,0,8,7,12,20,3,5,0,12,4,5,1,4,0,1,1,4,6,1,3,0,0,0,48,1,0,true
/home/alison/jsoup-quality-analysis/work/jsoup/src/main/java/org/jsoup/nodes/Element.java,org.jsoup.nodes.Element,html/1[T],false,1774,2,1,0,1,2,3,5,1,2,1,3,0,0,1,0,0,0,0,1,2,0,1,0,0,0,6,1,0,false
/home/alison/jsoup-quality-analysis/work/jsoup/src/main/java/org/jsoup/nodes/Element.java,org.jsoup.nodes.Element,"getElementsByAttributeValueNot/2[java.lang.String,java.lang.String]",false,1155,3,2,0,2,1,1,3,1,0,2,1,0,0,0,0,0,0,0,0,0,0,0,0,0,0,25,1,0,true
/home/alison/jsoup-quality-analysis/work/jsoup/src/main/java/org/jsoup/nodes/Element.java,org.jsoup.nodes.Element,"getElementsByAttributeValueMatching/2[java.lang.String,java.util.regex.Pattern]",false,1198,3,3,1,2,1,1,3,1,0,2,1,0,0,0,0,0,0,0,0,0,0,0,0,0,0,30,1,0,true
/home/alison/jsoup-quality-analysis/work/jsoup/src/main/java/org/jsoup/nodes/Element.java,org.jsoup.nodes.Element,appendChildren/1[java.util.Collection<? extends org.jsoup.nodes.Node>],false,616,1,2,1,1,1,1,4,1,0,1,1,1,2,0,0,0,0,0,1,0,0,0,0,0,0,15,1,0,true
/home/alison/jsoup-quality-analysis/work/jsoup/src/main/java/org/jsoup/nodes/Element.java,org.jsoup.nodes.Element,"appendWholeText/2[org.jsoup.nodes.Node,java.lang.StringBuilder]",false,1396,2,4,2,2,3,3,8,0,0,2,3,0,0,0,0,0,1,2,0,0,0,1,0,0,0,6,10,0,false
/home/alison/jsoup-quality-analysis/work/jsoup/src/main/java/org/jsoup/nodes/Element.java,org.jsoup.nodes.Element,clearAttributes/0,false,1817,1,0,0,0,2,1,7,1,0,0,1,0,0,0,1,0,0,0,0,1,0,1,0,0,0,5,1,0,false
/home/alison/jsoup-quality-analysis/work/jsoup/src/main/java/org/jsoup/nodes/Element.java,org.jsoup.nodes.Element,"Element/2[java.lang.String,java.lang.String]",true,59,1,1,0,1,1,1,3,0,0,2,1,0,0,0,0,0,0,0,0,0,0,0,0,0,0,11,1,0,true
/home/alison/jsoup-quality-analysis/work/jsoup/src/main/java/org/jsoup/nodes/Element.java,org.jsoup.nodes.Element,className/0,false,1549,1,2,1,1,1,2,3,1,0,0,2,0,0,0,0,0,0,1,0,0,0,0,0,0,0,25,1,0,true
/home/alison/jsoup-quality-analysis/work/jsoup/src/main/java/org/jsoup/nodes/Element.java,org.jsoup.nodes.Element,isFormatAsBlock/1[org.jsoup.nodes.Document.OutputSettings],false,1881,3,6,1,5,2,5,3,1,0,1,5,2,1,0,1,0,1,0,0,0,0,0,0,0,0,7,2,0,false
/home/alison/jsoup-quality-analysis/work/jsoup/src/main/java/org/jsoup/nodes/Element.java,org.jsoup.nodes.Element,"appendElement/2[java.lang.String,java.lang.String]",false,710,4,7,1,6,1,5,5,1,1,2,5,2,4,0,0,0,0,0,0,1,0,0,0,0,0,5,1,0,false
/home/alison/jsoup-quality-analysis/work/jsoup/src/main/java/org/jsoup/nodes/Element.java,org.jsoup.nodes.Element,"appendNormalisedText/2[java.lang.StringBuilder,org.jsoup.nodes.TextNode]",false,1453,4,6,2,4,3,5,5,0,1,2,5,1,2,0,0,0,0,0,0,1,0,1,0,0,0,12,10,0,false
/home/alison/jsoup-quality-analysis/work/jsoup/src/main/java/org/jsoup/nodes/Element.java,org.jsoup.nodes.Element,toggleClass/1[java.lang.String],false,1669,2,4,1,3,2,6,8,1,1,1,6,2,3,0,0,0,0,0,0,1,0,1,0,0,0,17,1,0,true
/home/alison/jsoup-quality-analysis/work/jsoup/src/main/java/org/jsoup/nodes/Element.java,org.jsoup.nodes.Element,val/1[java.lang.String],false,1698,1,4,1,3,2,4,5,1,0,1,4,3,3,0,0,0,0,2,0,0,0,1,0,0,0,17,1,0,true
/home/alison/jsoup-quality-analysis/work/jsoup/src/main/java/org/jsoup/nodes/Element.java,org.jsoup.nodes.Element,html/1[java.lang.String],false,1788,1,3,1,2,1,2,5,1,0,1,2,2,4,0,0,0,0,0,0,0,0,0,0,0,0,19,1,0,true
/home/alison/jsoup-quality-analysis/work/jsoup/src/main/java/org/jsoup/nodes/Element.java,org.jsoup.nodes.Element,wholeText/0,false,1390,3,6,2,4,1,4,5,1,3,0,4,1,1,0,0,0,0,0,0,1,0,0,0,0,1,25,1,0,true
/home/alison/jsoup-quality-analysis/work/jsoup/src/main/java/org/jsoup/nodes/Element.java,org.jsoup.nodes.Element,expectFirst/1[java.lang.String],false,491,3,4,0,4,2,4,3,1,0,1,4,2,1,0,1,0,0,2,0,0,0,0,0,0,0,40,1,0,true
/home/alison/jsoup-quality-analysis/work/jsoup/src/main/java/org/jsoup/nodes/Element.java,org.jsoup.nodes.Element,nextElementSiblings/1[boolean],false,978,1,5,2,3,3,3,6,2,1,1,3,0,0,0,1,0,0,0,0,1,0,1,0,0,0,8,2,0,false
/home/alison/jsoup-quality-analysis/work/jsoup/src/main/java/org/jsoup/nodes/Element.java,org.jsoup.nodes.Element,getElementsByIndexGreaterThan/1[int],false,1233,3,2,0,2,1,1,3,1,0,1,1,0,0,0,0,0,0,0,0,0,0,0,0,0,0,17,1,0,true
/home/alison/jsoup-quality-analysis/work/jsoup/src/main/java/org/jsoup/nodes/Element.java,org.jsoup.nodes.Element,selectFirst/1[org.jsoup.select.Evaluator],false,479,4,3,2,1,1,1,3,1,0,1,1,0,0,0,0,0,0,0,0,0,0,0,0,0,0,23,1,0,true
/home/alison/jsoup-quality-analysis/work/jsoup/src/main/java/org/jsoup/nodes/Element.java,org.jsoup.nodes.Element,"indexInList/2[org.jsoup.nodes.Element,java.util.List<E>]",false,1020,2,0,0,0,3,2,7,2,2,2,2,0,0,1,1,0,0,0,2,2,0,2,0,0,0,8,10,0,false
/home/alison/jsoup-quality-analysis/work/jsoup/src/main/java/org/jsoup/nodes/Element.java,org.jsoup.nodes.Element,"getElementsByAttributeValueContaining/2[java.lang.String,java.lang.String]",false,1188,3,2,0,2,1,1,3,1,0,2,1,0,0,0,0,0,0,0,0,0,0,0,0,0,0,26,1,0,true
/home/alison/jsoup-quality-analysis/work/jsoup/src/main/java/org/jsoup/nodes/Element.java,org.jsoup.nodes.Element,appendChild/1[org.jsoup.nodes.Node],false,598,3,19,15,4,1,6,8,1,0,1,6,1,1,0,0,0,0,0,1,0,1,0,0,0,0,21,1,0,true
/home/alison/jsoup-quality-analysis/work/jsoup/src/main/java/org/jsoup/nodes/Element.java,org.jsoup.nodes.Element,isInlineable/1[org.jsoup.nodes.Document.OutputSettings],false,1885,4,7,1,6,3,6,4,2,0,1,6,2,1,0,1,0,1,1,0,0,0,1,0,0,0,9,2,0,false
/home/alison/jsoup-quality-analysis/work/jsoup/src/main/java/org/jsoup/nodes/Element.java,org.jsoup.nodes.Element,siblingElements/0,false,918,2,4,1,3,4,4,7,2,2,0,4,2,2,1,2,0,0,0,2,2,1,2,0,0,0,29,1,0,true
/home/alison/jsoup-quality-analysis/work/jsoup/src/main/java/org/jsoup/nodes/Element.java,org.jsoup.nodes.Element,after/1[java.lang.String],false,816,1,1,1,0,1,1,3,1,0,1,1,0,0,0,0,0,0,0,0,0,0,0,0,0,0,21,1,0,true
/home/alison/jsoup-quality-analysis/work/jsoup/src/main/java/org/jsoup/nodes/Element.java,org.jsoup.nodes.Element,ownText/1[java.lang.StringBuilder],false,1441,3,5,1,4,5,6,12,0,3,1,6,2,3,1,0,0,0,2,1,3,0,2,0,0,0,16,2,0,false
/home/alison/jsoup-quality-analysis/work/jsoup/src/main/java/org/jsoup/nodes/Element.java,org.jsoup.nodes.Element,text/1[java.lang.String],false,1483,7,12,3,9,3,7,8,1,1,1,7,3,2,0,1,0,0,0,0,1,0,1,0,0,0,34,1,0,true
/home/alison/jsoup-quality-analysis/work/jsoup/src/main/java/org/jsoup/nodes/Element.java,org.jsoup.nodes.Element,removeAttr/1[java.lang.String],false,1827,1,1,1,0,1,1,3,1,0,1,1,0,0,0,0,0,0,0,0,0,0,0,0,0,0,5,1,0,false
/home/alison/jsoup-quality-analysis/work/jsoup/src/main/java/org/jsoup/nodes/Element.java,org.jsoup.nodes.Element,cssSelectorComponent/0,false,890,5,12,1,11,6,18,12,2,4,0,18,5,4,1,1,0,0,5,4,4,1,1,0,0,0,21,2,0,false
/home/alison/jsoup-quality-analysis/work/jsoup/src/main/java/org/jsoup/nodes/Element.java,org.jsoup.nodes.Element,elementSiblingIndex/0,false,1003,1,9,6,3,2,3,4,2,0,0,3,2,2,0,1,0,0,0,1,0,0,1,0,0,0,19,1,0,true
/home/alison/jsoup-quality-analysis/work/jsoup/src/main/java/org/jsoup/nodes/Element.java,org.jsoup.nodes.Element,addClass/1[java.lang.String],false,1639,2,4,1,3,1,4,7,1,1,1,4,2,3,0,0,0,0,0,0,1,0,0,0,0,0,12,1,0,true
/home/alison/jsoup-quality-analysis/work/jsoup/src/main/java/org/jsoup/nodes/Element.java,org.jsoup.nodes.Element,firstElementChild/0,false,1036,3,12,10,2,3,2,8,2,1,0,2,0,0,1,1,0,0,0,0,2,0,2,0,0,0,14,1,0,true
/home/alison/jsoup-quality-analysis/work/jsoup/src/main/java/org/jsoup/nodes/Element.java,org.jsoup.nodes.Element,hasClass/1[java.lang.String],false,1588,1,3,2,1,13,6,34,6,6,1,6,0,0,1,5,0,0,1,5,9,2,4,0,0,0,25,1,0,true
/home/alison/jsoup-quality-analysis/work/jsoup/src/main/java/org/jsoup/nodes/Element.java,org.jsoup.nodes.Element,"outerHtmlHead/3[java.lang.Appendable,int,org.jsoup.nodes.Document.OutputSettings]",false,1724,5,7,0,7,9,11,17,0,0,3,11,2,5,0,2,0,1,1,1,0,0,3,0,0,0,18,0,0,false
/home/alison/jsoup-quality-analysis/work/jsoup/src/main/java/org/jsoup/nodes/Element.java,org.jsoup.nodes.Element,id/1[java.lang.String],false,238,2,2,0,2,1,2,5,1,0,1,2,1,1,0,0,0,0,1,0,0,0,0,0,0,0,13,1,0,true
/home/alison/jsoup-quality-analysis/work/jsoup/src/main/java/org/jsoup/nodes/Element.java,org.jsoup.nodes.Element,"getElementsByAttributeValue/2[java.lang.String,java.lang.String]",false,1144,3,2,0,2,1,1,3,1,0,2,1,0,0,0,0,0,0,0,0,0,0,0,0,0,0,21,1,0,true
/home/alison/jsoup-quality-analysis/work/jsoup/src/main/java/org/jsoup/nodes/Element.java,org.jsoup.nodes.Element,"getElementsByAttributeValueEnding/2[java.lang.String,java.lang.String]",false,1177,3,2,0,2,1,1,3,1,0,2,1,0,0,0,0,0,0,0,0,0,0,0,0,0,0,22,1,0,true
/home/alison/jsoup-quality-analysis/work/jsoup/src/main/java/org/jsoup/nodes/Element.java,org.jsoup.nodes.Element,wholeOwnText/0,false,1413,3,6,2,4,2,5,9,1,4,0,5,2,1,1,0,0,0,0,1,4,0,1,0,0,0,37,1,0,true
/home/alison/jsoup-quality-analysis/work/jsoup/src/main/java/org/jsoup/nodes/Element.java,org.jsoup.nodes.Element,ownText/0,false,1435,2,5,2,3,1,4,5,1,1,0,4,1,4,0,0,0,0,0,0,1,0,0,0,0,0,45,1,0,true
/home/alison/jsoup-quality-analysis/work/jsoup/src/main/java/org/jsoup/nodes/Element.java,org.jsoup.nodes.Element,preserveWhitespace/1[org.jsoup.nodes.Node],false,1461,4,6,4,2,5,2,13,2,2,1,2,1,1,1,1,0,0,0,2,3,0,3,0,0,0,10,8,0,false
/home/alison/jsoup-quality-analysis/work/jsoup/src/main/java/org/jsoup/nodes/Element.java,org.jsoup.nodes.Element,select/1[java.lang.String],false,442,2,11,10,1,1,1,3,1,0,1,1,0,0,0,0,0,0,0,0,0,0,0,0,0,0,72,1,0,true
/home/alison/jsoup-quality-analysis/work/jsoup/src/main/java/org/jsoup/nodes/Element.java,org.jsoup.nodes.Element,html/0,false,1766,4,8,3,5,2,6,6,1,2,0,6,0,0,0,0,0,0,0,0,2,0,0,0,0,0,17,1,0,true
/home/alison/jsoup-quality-analysis/work/jsoup/src/main/java/org/jsoup/nodes/Element.java,org.jsoup.nodes.Element,classNames/0,false,1559,1,5,4,1,1,4,6,1,2,0,4,1,1,0,0,0,0,1,0,2,0,0,0,0,0,29,1,0,true
/home/alison/jsoup-quality-analysis/work/jsoup/src/main/java/org/jsoup/nodes/Element.java,org.jsoup.nodes.Element,"tagName/2[java.lang.String,java.lang.String]",false,198,5,5,1,4,1,4,6,1,0,2,4,0,0,0,0,0,0,2,0,1,0,0,0,0,0,16,1,0,true
/home/alison/jsoup-quality-analysis/work/jsoup/src/main/java/org/jsoup/nodes/Element.java,org.jsoup.nodes.Element,"selectXpath/2[java.lang.String,java.lang.Class<T>]",false,586,2,1,0,1,1,1,3,1,0,2,1,0,0,0,0,0,0,0,0,0,0,0,0,0,0,44,1,0,true
/home/alison/jsoup-quality-analysis/work/jsoup/src/main/java/org/jsoup/nodes/Element.java,org.jsoup.nodes.Element,getElementsContainingText/1[java.lang.String],false,1253,3,2,0,2,1,1,3,1,0,1,1,0,0,0,0,0,0,0,0,0,0,0,0,0,0,24,1,0,true
/home/alison/jsoup-quality-analysis/work/jsoup/src/main/java/org/jsoup/nodes/Element.java,org.jsoup.nodes.Element,"Element/3[org.jsoup.parser.Tag,java.lang.String,org.jsoup.nodes.Attributes]",true,81,5,9,7,2,2,2,7,0,0,3,2,0,0,0,1,0,0,0,0,3,0,1,0,0,0,35,1,0,true
/home/alison/jsoup-quality-analysis/work/jsoup/src/main/java/org/jsoup/helper/HttpConnection.java,org.jsoup.helper.HttpConnection,"cookies/1[java.util.Map<java.lang.String,java.lang.String>]",false,301,4,2,0,2,2,5,7,1,0,1,5,0,0,1,0,0,0,1,0,0,0,1,0,0,0,3,1,0,false
/home/alison/jsoup-quality-analysis/work/jsoup/src/main/java/org/jsoup/helper/HttpConnection.java,org.jsoup.helper.HttpConnection,request/1[org.jsoup.Connection.Request],false,355,4,0,0,0,1,0,4,1,0,1,0,0,0,0,0,0,0,0,0,1,0,0,0,0,0,3,1,0,false
/home/alison/jsoup-quality-analysis/work/jsoup/src/main/java/org/jsoup/helper/HttpConnection.java,org.jsoup.helper.HttpConnection,connect/1[java.net.URL],false,87,2,3,1,2,1,1,5,1,1,1,1,0,0,0,0,0,0,0,0,1,0,0,0,0,0,17,9,0,true
/home/alison/jsoup-quality-analysis/work/jsoup/src/main/java/org/jsoup/helper/HttpConnection.java,org.jsoup.helper.HttpConnection,"proxy/2[java.lang.String,int]",false,152,3,1,0,1,1,1,4,1,0,2,1,0,0,0,0,0,0,0,0,0,0,0,0,0,0,3,1,0,false
/home/alison/jsoup-quality-analysis/work/jsoup/src/main/java/org/jsoup/helper/HttpConnection.java,org.jsoup.helper.HttpConnection,data/1[java.lang.String],false,264,4,4,0,4,3,5,7,2,0,1,5,1,1,1,0,0,0,1,0,0,0,2,0,0,0,5,1,0,false
/home/alison/jsoup-quality-analysis/work/jsoup/src/main/java/org/jsoup/helper/HttpConnection.java,org.jsoup.helper.HttpConnection,cookieStore/0,false,317,0,0,0,0,1,1,3,1,0,0,1,0,0,0,0,0,0,0,0,0,0,0,0,0,0,3,1,0,false
/home/alison/jsoup-quality-analysis/work/jsoup/src/main/java/org/jsoup/helper/HttpConnection.java,org.jsoup.helper.HttpConnection,ignoreHttpErrors/1[boolean],false,196,3,1,0,1,1,1,4,1,0,1,1,0,0,0,0,0,0,0,0,0,0,0,0,0,0,4,1,0,false
/home/alison/jsoup-quality-analysis/work/jsoup/src/main/java/org/jsoup/helper/HttpConnection.java,org.jsoup.helper.HttpConnection,referrer/1[java.lang.String],false,183,4,2,0,2,1,2,5,1,0,1,2,0,0,0,0,0,0,2,0,0,0,0,0,0,0,2,1,0,false
/home/alison/jsoup-quality-analysis/work/jsoup/src/main/java/org/jsoup/helper/HttpConnection.java,org.jsoup.helper.HttpConnection,method/1[org.jsoup.Connection.Method],false,190,4,1,0,1,1,1,4,1,0,1,1,0,0,0,0,0,0,0,0,0,0,0,0,0,0,3,1,0,false
/home/alison/jsoup-quality-analysis/work/jsoup/src/main/java/org/jsoup/helper/HttpConnection.java,org.jsoup.helper.HttpConnection,"header/2[java.lang.String,java.lang.String]",false,280,3,1,0,1,1,1,4,1,0,2,1,0,0,0,0,0,0,0,0,0,0,0,0,0,0,3,1,0,false
/home/alison/jsoup-quality-analysis/work/jsoup/src/main/java/org/jsoup/helper/HttpConnection.java,org.jsoup.helper.HttpConnection,requestBody/1[java.lang.String],false,274,3,1,0,1,1,1,4,1,0,1,1,0,0,0,0,0,0,0,0,0,0,0,0,0,0,4,1,0,false
/home/alison/jsoup-quality-analysis/work/jsoup/src/main/java/org/jsoup/helper/HttpConnection.java,org.jsoup.helper.HttpConnection,"data/2[java.lang.String,java.lang.String]",false,208,4,2,0,2,1,2,4,1,0,2,2,0,0,0,0,0,0,0,0,0,0,0,0,0,0,3,1,0,false
/home/alison/jsoup-quality-analysis/work/jsoup/src/main/java/org/jsoup/helper/HttpConnection.java,org.jsoup.helper.HttpConnection,timeout/1[int],false,165,3,1,0,1,1,1,4,1,0,1,1,0,0,0,0,0,0,0,0,0,0,0,0,0,0,3,1,0,false
/home/alison/jsoup-quality-analysis/work/jsoup/src/main/java/org/jsoup/helper/HttpConnection.java,org.jsoup.helper.HttpConnection,sslSocketFactory/1[javax.net.ssl.SSLSocketFactory],false,214,3,1,0,1,1,1,4,1,0,1,1,0,0,0,0,0,0,0,0,0,0,0,0,0,0,6,1,0,false
/home/alison/jsoup-quality-analysis/work/jsoup/src/main/java/org/jsoup/helper/HttpConnection.java,org.jsoup.helper.HttpConnection,ignoreContentType/1[boolean],false,202,3,1,0,1,1,1,4,1,0,1,1,0,0,0,0,0,0,0,0,0,0,0,0,0,0,4,1,0,false
/home/alison/jsoup-quality-analysis/work/jsoup/src/main/java/org/jsoup/helper/HttpConnection.java,org.jsoup.helper.HttpConnection,response/1[org.jsoup.Connection.Response],false,369,3,0,0,0,1,0,4,1,0,1,0,0,0,0,0,0,0,0,0,1,0,0,0,0,0,3,1,0,false
/home/alison/jsoup-quality-analysis/work/jsoup/src/main/java/org/jsoup/helper/HttpConnection.java,org.jsoup.helper.HttpConnection,response/0,false,361,1,0,0,0,2,0,6,1,0,0,0,0,0,0,1,0,0,1,0,0,0,1,0,0,0,13,1,0,false
/home/alison/jsoup-quality-analysis/work/jsoup/src/main/java/org/jsoup/helper/HttpConnection.java,org.jsoup.helper.HttpConnection,"headers/1[java.util.Map<java.lang.String,java.lang.String>]",false,286,4,2,0,2,2,5,7,1,0,1,5,0,0,1,0,0,0,1,0,0,0,1,0,0,0,3,1,0,false
/home/alison/jsoup-quality-analysis/work/jsoup/src/main/java/org/jsoup/helper/HttpConnection.java,org.jsoup.helper.HttpConnection,maxBodySize/1[int],false,171,3,1,0,1,1,1,4,1,0,1,1,0,0,0,0,0,0,0,0,0,0,0,0,0,0,5,1,0,false
/home/alison/jsoup-quality-analysis/work/jsoup/src/main/java/org/jsoup/helper/HttpConnection.java,org.jsoup.helper.HttpConnection,"HttpConnection/2[org.jsoup.helper.HttpConnection.Request,org.jsoup.helper.HttpConnection.Response]",true,123,2,1,1,0,1,0,4,0,0,2,0,0,0,0,0,0,0,0,0,2,0,0,0,0,0,14,2,0,true
/home/alison/jsoup-quality-analysis/work/jsoup/src/main/java/org/jsoup/helper/HttpConnection.java,org.jsoup.helper.HttpConnection,"cookie/2[java.lang.String,java.lang.String]",false,295,3,1,0,1,1,1,4,1,0,2,1,0,0,0,0,0,0,0,0,0,0,0,0,0,0,3,1,0,false
/home/alison/jsoup-quality-analysis/work/jsoup/src/main/java/org/jsoup/helper/HttpConnection.java,org.jsoup.helper.HttpConnection,request/0,false,350,2,1,1,0,1,0,3,1,0,0,0,0,0,0,0,0,0,0,0,0,0,0,0,0,0,2,1,0,false
/home/alison/jsoup-quality-analysis/work/jsoup/src/main/java/org/jsoup/helper/HttpConnection.java,org.jsoup.helper.HttpConnection,post/0,false,336,5,4,0,4,1,4,6,1,0,0,4,1,1,0,0,0,0,0,0,0,0,0,0,0,0,7,1,0,false
/home/alison/jsoup-quality-analysis/work/jsoup/src/main/java/org/jsoup/helper/HttpConnection.java,org.jsoup.helper.HttpConnection,HttpConnection/0,true,96,1,4,3,1,1,0,3,0,0,0,0,0,0,0,0,0,0,0,0,1,0,0,0,0,0,7,1,0,true
/home/alison/jsoup-quality-analysis/work/jsoup/src/main/java/org/jsoup/helper/HttpConnection.java,org.jsoup.helper.HttpConnection,cookieStore/1[java.net.CookieStore],false,310,2,0,0,0,1,0,4,1,0,1,0,0,0,0,0,0,0,0,0,1,0,0,0,0,0,5,1,0,false
/home/alison/jsoup-quality-analysis/work/jsoup/src/main/java/org/jsoup/helper/HttpConnection.java,org.jsoup.helper.HttpConnection,HttpConnection/1[org.jsoup.helper.HttpConnection.Request],true,105,1,2,1,1,1,0,3,0,0,1,0,0,0,0,0,0,0,0,0,1,0,0,0,0,0,28,0,0,true
/home/alison/jsoup-quality-analysis/work/jsoup/src/main/java/org/jsoup/helper/HttpConnection.java,org.jsoup.helper.HttpConnection,followRedirects/1[boolean],false,177,3,1,0,1,1,1,4,1,0,1,1,0,0,0,0,0,0,0,0,0,0,0,0,0,0,3,1,0,false
/home/alison/jsoup-quality-analysis/work/jsoup/src/main/java/org/jsoup/helper/HttpConnection.java,org.jsoup.helper.HttpConnection,execute/0,false,344,2,3,2,1,1,1,4,1,0,0,1,0,0,0,0,0,0,0,0,1,0,0,0,0,0,6,1,0,false
/home/alison/jsoup-quality-analysis/work/jsoup/src/main/java/org/jsoup/helper/HttpConnection.java,org.jsoup.helper.HttpConnection,connect/1[java.lang.String],false,76,2,3,1,2,1,1,5,1,1,1,1,0,0,0,0,0,0,0,0,1,0,0,0,0,0,17,9,0,true
/home/alison/jsoup-quality-analysis/work/jsoup/src/main/java/org/jsoup/helper/HttpConnection.java,org.jsoup.helper.HttpConnection,encodeMimeName/1[java.lang.String],false,109,0,1,1,0,1,1,3,1,0,1,1,0,0,0,0,0,0,2,0,0,0,0,0,0,0,4,10,0,false
/home/alison/jsoup-quality-analysis/work/jsoup/src/main/java/org/jsoup/helper/HttpConnection.java,org.jsoup.helper.HttpConnection,userAgent/1[java.lang.String],false,158,4,2,0,2,1,2,5,1,0,1,2,0,0,0,0,0,0,1,0,0,0,0,0,0,0,3,1,0,false
/home/alison/jsoup-quality-analysis/work/jsoup/src/main/java/org/jsoup/helper/HttpConnection.java,org.jsoup.helper.HttpConnection,"data/3[java.lang.String,java.lang.String,java.io.InputStream]",false,220,4,2,0,2,1,2,4,1,0,3,2,0,0,0,0,0,0,0,0,0,0,0,0,0,0,4,1,0,false
/home/alison/jsoup-quality-analysis/work/jsoup/src/main/java/org/jsoup/helper/HttpConnection.java,org.jsoup.helper.HttpConnection,"data/4[java.lang.String,java.lang.String,java.io.InputStream,java.lang.String]",false,226,4,3,0,3,1,3,4,1,0,4,3,0,0,0,0,0,0,0,0,0,0,0,0,0,0,4,1,0,false
/home/alison/jsoup-quality-analysis/work/jsoup/src/main/java/org/jsoup/helper/HttpConnection.java,org.jsoup.helper.HttpConnection,postDataCharset/1[java.lang.String],false,375,3,1,0,1,1,1,4,1,0,1,1,0,0,0,0,0,0,0,0,0,0,0,0,0,0,5,1,0,false
/home/alison/jsoup-quality-analysis/work/jsoup/src/main/java/org/jsoup/helper/HttpConnection.java,org.jsoup.helper.HttpConnection,proxy/1[java.net.Proxy],false,146,4,1,0,1,1,1,4,1,0,1,1,0,0,0,0,0,0,0,0,0,0,0,0,0,0,3,1,0,false
/home/alison/jsoup-quality-analysis/work/jsoup/src/main/java/org/jsoup/helper/HttpConnection.java,org.jsoup.helper.HttpConnection,data/1[java.util.Collection<org.jsoup.Connection.KeyVal>],false,255,5,2,0,2,2,2,7,1,0,1,2,0,0,1,0,0,0,1,0,0,0,1,0,0,0,3,1,0,false
/home/alison/jsoup-quality-analysis/work/jsoup/src/main/java/org/jsoup/helper/HttpConnection.java,org.jsoup.helper.HttpConnection,parser/1[org.jsoup.parser.Parser],false,322,4,1,0,1,1,1,4,1,0,1,1,0,0,0,0,0,0,0,0,0,0,0,0,0,0,3,1,0,false
/home/alison/jsoup-quality-analysis/work/jsoup/src/main/java/org/jsoup/helper/HttpConnection.java,org.jsoup.helper.HttpConnection,get/0,false,328,5,4,0,4,1,4,6,1,0,0,4,1,1,0,0,0,0,0,0,0,0,0,0,0,0,7,1,0,false
/home/alison/jsoup-quality-analysis/work/jsoup/src/main/java/org/jsoup/helper/HttpConnection.java,org.jsoup.helper.HttpConnection,url/1[java.net.URL],false,129,3,1,0,1,1,1,4,1,0,1,1,0,0,0,0,0,0,0,0,0,0,0,0,0,0,5,1,0,false
/home/alison/jsoup-quality-analysis/work/jsoup/src/main/java/org/jsoup/helper/HttpConnection.java,org.jsoup.helper.HttpConnection,data/1[java.lang.String[]],false,241,5,6,0,6,3,6,12,1,3,1,6,0,0,1,1,0,0,4,5,4,2,1,0,0,0,14,1,0,false
/home/alison/jsoup-quality-analysis/work/jsoup/src/main/java/org/jsoup/helper/HttpConnection.java,org.jsoup.helper.HttpConnection,needsMultipart/1[org.jsoup.Connection.Request],false,1274,2,3,1,2,3,2,6,2,0,1,2,0,0,1,0,0,0,0,0,0,0,2,0,0,0,7,10,0,false
/home/alison/jsoup-quality-analysis/work/jsoup/src/main/java/org/jsoup/helper/HttpConnection.java,org.jsoup.helper.HttpConnection,"data/1[java.util.Map<java.lang.String,java.lang.String>]",false,232,5,3,0,3,2,6,7,1,0,1,6,0,0,1,0,0,0,1,0,0,0,1,0,0,0,3,1,0,false
/home/alison/jsoup-quality-analysis/work/jsoup/src/main/java/org/jsoup/helper/HttpConnection.java,org.jsoup.helper.HttpConnection,url/1[java.lang.String],false,135,4,2,0,2,2,3,10,1,0,1,3,0,0,0,0,1,0,2,0,0,0,1,0,0,0,26,1,0,false
/home/alison/jsoup-quality-analysis/work/jsoup/src/main/java/org/jsoup/helper/HttpConnection.java,org.jsoup.helper.HttpConnection,newRequest/0,false,117,2,1,0,1,1,0,3,1,0,0,0,0,0,0,0,0,0,0,0,0,0,0,0,0,0,5,1,0,false
/home/alison/jsoup-quality-analysis/work/jsoup/src/main/java/org/jsoup/helper/UrlBuilder.java,org.jsoup.helper.UrlBuilder,appendKeyVal/1[org.jsoup.Connection.KeyVal],false,65,2,4,1,3,2,7,5,0,0,1,7,0,0,0,1,0,0,0,0,1,0,1,0,0,0,9,0,0,false
/home/alison/jsoup-quality-analysis/work/jsoup/src/main/java/org/jsoup/helper/UrlBuilder.java,org.jsoup.helper.UrlBuilder,decodePart/1[java.lang.String],false,76,0,1,1,0,2,2,8,1,0,1,2,0,0,0,0,1,0,0,0,0,0,1,0,0,0,8,10,0,false
/home/alison/jsoup-quality-analysis/work/jsoup/src/main/java/org/jsoup/helper/UrlBuilder.java,org.jsoup.helper.UrlBuilder,build/0,false,33,3,7,2,5,4,16,21,2,2,0,16,2,1,0,2,1,0,0,0,3,0,2,0,0,0,25,0,0,false
/home/alison/jsoup-quality-analysis/work/jsoup/src/main/java/org/jsoup/helper/UrlBuilder.java,org.jsoup.helper.UrlBuilder,UrlBuilder/1[java.net.URL],true,27,1,3,2,1,2,3,4,0,0,1,3,0,0,0,1,0,0,0,0,2,0,1,0,0,0,8,0,0,false
/home/alison/jsoup-quality-analysis/work/jsoup/src/main/java/org/jsoup/helper/UrlBuilder.java,org.jsoup.helper.UrlBuilder,"appendToAscii/3[java.lang.String,boolean,java.lang.StringBuilder]",false,84,0,1,1,0,6,9,15,0,2,3,9,0,0,1,2,0,0,1,3,2,0,3,0,0,0,12,10,0,false
/home/alison/jsoup-quality-analysis/work/jsoup/src/main/java/org/jsoup/select/NodeTraversor.java,org.jsoup.select.NodeTraversor,"traverse/2[org.jsoup.select.NodeVisitor,org.jsoup.nodes.Node]",false,20,3,20,11,9,12,9,41,0,5,2,9,0,0,2,8,0,1,0,5,11,0,4,0,0,0,24,9,0,true
/home/alison/jsoup-quality-analysis/work/jsoup/src/main/java/org/jsoup/select/NodeTraversor.java,org.jsoup.select.NodeTraversor,"filter/2[org.jsoup.select.NodeFilter,org.jsoup.select.Elements]",false,135,4,3,1,2,3,2,5,0,0,2,2,1,1,1,1,0,0,0,0,0,0,2,0,0,0,15,9,0,true
/home/alison/jsoup-quality-analysis/work/jsoup/src/main/java/org/jsoup/select/NodeTraversor.java,org.jsoup.select.NodeTraversor,"filter/2[org.jsoup.select.NodeFilter,org.jsoup.nodes.Node]",false,82,3,10,3,7,17,7,35,5,5,2,7,0,0,2,14,0,1,0,4,11,0,4,0,0,0,25,9,0,true
/home/alison/jsoup-quality-analysis/work/jsoup/src/main/java/org/jsoup/select/NodeTraversor.java,org.jsoup.select.NodeTraversor,"traverse/2[org.jsoup.select.NodeVisitor,org.jsoup.select.Elements]",false,69,4,3,1,2,2,2,5,0,0,2,2,1,1,1,0,0,0,0,0,0,0,1,0,0,0,15,9,0,true
/home/alison/jsoup-quality-analysis/work/jsoup/src/main/java/org/jsoup/safety/Safelist.java,org.jsoup.safety.Safelist$AttributeKey,AttributeKey/1[java.lang.String],true,630,0,1,1,0,1,0,3,0,0,1,0,0,0,0,0,0,0,0,0,0,0,0,0,0,0,3,0,0,false
/home/alison/jsoup-quality-analysis/work/jsoup/src/main/java/org/jsoup/safety/Safelist.java,org.jsoup.safety.Safelist$AttributeKey,valueOf/1[java.lang.String],false,634,1,8,7,1,1,0,3,1,0,1,0,0,0,0,0,0,0,0,0,0,0,0,0,0,0,4,8,0,false
/home/alison/jsoup-quality-analysis/work/jsoup/src/main/java/org/jsoup/select/Evaluator.java,org.jsoup.select.Evaluator$MatchesOwn,cost/0,false,898,0,0,0,0,1,0,3,1,0,0,0,0,0,0,0,0,0,0,1,0,0,0,0,0,0,1,4,0,false
/home/alison/jsoup-quality-analysis/work/jsoup/src/main/java/org/jsoup/select/Evaluator.java,org.jsoup.select.Evaluator$MatchesOwn,toString/0,false,903,0,0,0,0,1,1,3,1,0,0,1,0,0,0,0,0,0,1,0,0,0,0,0,0,0,2,1,0,false
/home/alison/jsoup-quality-analysis/work/jsoup/src/main/java/org/jsoup/select/Evaluator.java,org.jsoup.select.Evaluator$MatchesOwn,"matches/2[org.jsoup.nodes.Element,org.jsoup.nodes.Element]",false,893,1,1,0,1,1,3,4,1,1,2,3,0,0,0,0,0,0,0,0,1,0,0,0,0,0,5,1,0,false
/home/alison/jsoup-quality-analysis/work/jsoup/src/main/java/org/jsoup/select/Evaluator.java,org.jsoup.select.Evaluator$MatchesOwn,MatchesOwn/1[java.util.regex.Pattern],true,888,0,2,2,0,1,0,3,0,0,1,0,0,0,0,0,0,0,0,0,1,0,0,0,0,0,4,1,0,false
/home/alison/jsoup-quality-analysis/work/jsoup/src/main/java/org/jsoup/select/CombiningEvaluator.java,org.jsoup.select.CombiningEvaluator$And,And/1[org.jsoup.select.Evaluator[]],true,76,1,1,1,0,1,1,3,0,0,1,1,0,0,0,0,0,0,0,0,0,0,0,0,0,0,2,0,0,false
/home/alison/jsoup-quality-analysis/work/jsoup/src/main/java/org/jsoup/select/CombiningEvaluator.java,org.jsoup.select.CombiningEvaluator$And,And/1[java.util.Collection<org.jsoup.select.Evaluator>],true,72,1,3,3,0,1,0,3,0,0,1,0,0,0,0,0,0,0,0,0,0,0,0,0,0,0,2,0,0,false
/home/alison/jsoup-quality-analysis/work/jsoup/src/main/java/org/jsoup/select/CombiningEvaluator.java,org.jsoup.select.CombiningEvaluator$And,"matches/2[org.jsoup.nodes.Element,org.jsoup.nodes.Element]",false,81,2,1,0,1,3,2,7,2,2,2,2,0,0,1,0,0,0,0,1,2,0,2,0,0,0,9,1,0,false
/home/alison/jsoup-quality-analysis/work/jsoup/src/main/java/org/jsoup/select/CombiningEvaluator.java,org.jsoup.select.CombiningEvaluator$And,toString/0,false,91,1,1,0,1,1,1,3,1,0,0,1,0,0,0,0,0,0,1,0,0,0,0,0,0,0,2,1,0,false
/home/alison/jsoup-quality-analysis/work/jsoup/src/main/java/org/jsoup/parser/Token.java,org.jsoup.parser.Token$EndTag,toString/0,false,334,1,1,0,1,1,1,3,1,0,0,1,0,0,0,0,0,0,2,0,0,1,0,0,0,0,3,1,0,false
/home/alison/jsoup-quality-analysis/work/jsoup/src/main/java/org/jsoup/parser/Token.java,org.jsoup.parser.Token$EndTag,EndTag/0,true,328,0,2,2,0,1,0,4,0,0,0,0,0,0,0,0,0,0,0,0,1,0,0,0,0,0,3,0,0,false
/home/alison/jsoup-quality-analysis/work/jsoup/src/main/java/org/jsoup/helper/HttpConnection.java,org.jsoup.helper.HttpConnection$Request,requestBody/1[java.lang.String],false,729,3,2,2,0,1,0,4,1,0,1,0,0,0,0,0,0,0,0,0,1,0,0,0,0,0,3,1,0,false
/home/alison/jsoup-quality-analysis/work/jsoup/src/main/java/org/jsoup/helper/HttpConnection.java,org.jsoup.helper.HttpConnection$Request,followRedirects/0,false,674,0,1,1,0,1,0,3,1,0,0,0,0,0,0,0,0,0,0,0,0,0,0,0,0,0,2,1,0,false
/home/alison/jsoup-quality-analysis/work/jsoup/src/main/java/org/jsoup/helper/HttpConnection.java,org.jsoup.helper.HttpConnection$Request,ignoreContentType/1[boolean],false,711,2,1,1,0,1,0,4,1,0,1,0,0,0,0,0,0,0,0,0,1,0,0,0,0,0,3,1,0,false
/home/alison/jsoup-quality-analysis/work/jsoup/src/main/java/org/jsoup/helper/HttpConnection.java,org.jsoup.helper.HttpConnection$Request,requestBody/0,false,735,0,1,1,0,1,0,3,1,0,0,0,0,0,0,0,0,0,0,0,0,0,0,0,0,0,3,1,0,false
/home/alison/jsoup-quality-analysis/work/jsoup/src/main/java/org/jsoup/helper/HttpConnection.java,org.jsoup.helper.HttpConnection$Request,Request/0,true,601,3,4,2,2,1,2,12,0,0,0,2,0,0,0,0,0,0,2,4,7,1,0,0,0,0,18,0,0,false
/home/alison/jsoup-quality-analysis/work/jsoup/src/main/java/org/jsoup/helper/HttpConnection.java,org.jsoup.helper.HttpConnection$Request,proxy/0,false,633,0,1,1,0,1,0,3,1,0,0,0,0,0,0,0,0,0,0,0,0,0,0,0,0,0,2,1,0,false
/home/alison/jsoup-quality-analysis/work/jsoup/src/main/java/org/jsoup/helper/HttpConnection.java,org.jsoup.helper.HttpConnection$Request,ignoreHttpErrors/0,false,685,0,1,1,0,1,0,3,1,0,0,0,0,0,0,0,0,0,0,0,0,0,0,0,0,0,3,1,0,false
/home/alison/jsoup-quality-analysis/work/jsoup/src/main/java/org/jsoup/helper/HttpConnection.java,org.jsoup.helper.HttpConnection$Request,ignoreHttpErrors/1[boolean],false,700,2,1,1,0,1,0,4,1,0,1,0,0,0,0,0,0,0,0,0,1,0,0,0,0,0,3,1,0,false
/home/alison/jsoup-quality-analysis/work/jsoup/src/main/java/org/jsoup/helper/HttpConnection.java,org.jsoup.helper.HttpConnection$Request,Request/1[org.jsoup.helper.HttpConnection.Request],true,614,3,2,1,1,1,1,16,0,0,1,1,0,0,0,0,0,0,0,0,13,0,0,0,0,0,29,0,0,false
/home/alison/jsoup-quality-analysis/work/jsoup/src/main/java/org/jsoup/helper/HttpConnection.java,org.jsoup.helper.HttpConnection$Request,parser/1[org.jsoup.parser.Parser],false,740,2,2,2,0,1,0,5,1,0,1,0,0,0,0,0,0,0,0,0,2,0,0,0,0,0,5,1,0,false
/home/alison/jsoup-quality-analysis/work/jsoup/src/main/java/org/jsoup/helper/HttpConnection.java,org.jsoup.helper.HttpConnection$Request,timeout/0,false,650,0,2,2,0,1,0,3,1,0,0,0,0,0,0,0,0,0,0,0,0,0,0,0,0,0,2,1,0,false
/home/alison/jsoup-quality-analysis/work/jsoup/src/main/java/org/jsoup/helper/HttpConnection.java,org.jsoup.helper.HttpConnection$Request,sslSocketFactory/0,false,690,0,1,1,0,1,0,3,1,0,0,0,0,0,0,0,0,0,0,0,0,0,0,0,0,0,5,1,0,false
/home/alison/jsoup-quality-analysis/work/jsoup/src/main/java/org/jsoup/helper/HttpConnection.java,org.jsoup.helper.HttpConnection$Request,(initializer 2),false,581,0,1,0,1,1,1,3,0,0,0,1,0,0,0,0,0,0,2,0,0,0,0,0,0,0,0,8,0,false
/home/alison/jsoup-quality-analysis/work/jsoup/src/main/java/org/jsoup/helper/HttpConnection.java,org.jsoup.helper.HttpConnection$Request,proxy/1[java.net.Proxy],false,638,2,1,1,0,1,0,4,1,0,1,0,0,0,0,0,0,0,0,0,1,0,0,0,0,0,3,1,0,false
/home/alison/jsoup-quality-analysis/work/jsoup/src/main/java/org/jsoup/helper/HttpConnection.java,org.jsoup.helper.HttpConnection$Request,data/1[org.jsoup.Connection.KeyVal],false,717,3,7,6,1,1,2,5,1,0,1,2,0,0,0,0,0,0,1,0,0,0,0,0,0,0,3,1,0,false
/home/alison/jsoup-quality-analysis/work/jsoup/src/main/java/org/jsoup/helper/HttpConnection.java,org.jsoup.helper.HttpConnection$Request,ignoreContentType/0,false,706,0,1,1,0,1,0,3,1,0,0,0,0,0,0,0,0,0,0,0,0,0,0,0,0,0,3,1,0,false
/home/alison/jsoup-quality-analysis/work/jsoup/src/main/java/org/jsoup/helper/HttpConnection.java,org.jsoup.helper.HttpConnection$Request,maxBodySize/0,false,662,0,3,3,0,1,0,3,1,0,0,0,0,0,0,0,0,0,0,0,0,0,0,0,0,0,4,1,0,false
/home/alison/jsoup-quality-analysis/work/jsoup/src/main/java/org/jsoup/helper/HttpConnection.java,org.jsoup.helper.HttpConnection$Request,parser/0,false,747,1,1,1,0,1,0,3,1,0,0,0,0,0,0,0,0,0,0,0,0,0,0,0,0,0,2,1,0,false
/home/alison/jsoup-quality-analysis/work/jsoup/src/main/java/org/jsoup/helper/HttpConnection.java,org.jsoup.helper.HttpConnection$Request,timeout/1[int],false,655,2,2,1,1,2,1,5,1,0,1,1,0,0,0,0,0,0,1,1,1,0,0,0,0,0,9,1,0,false
/home/alison/jsoup-quality-analysis/work/jsoup/src/main/java/org/jsoup/helper/HttpConnection.java,org.jsoup.helper.HttpConnection$Request,maxBodySize/1[int],false,667,3,2,1,1,2,1,5,1,0,1,1,0,0,0,0,0,0,1,1,1,0,0,0,0,0,9,1,0,false
/home/alison/jsoup-quality-analysis/work/jsoup/src/main/java/org/jsoup/helper/HttpConnection.java,org.jsoup.helper.HttpConnection$Request,postDataCharset/1[java.lang.String],false,752,3,2,1,1,2,2,6,1,0,1,2,0,0,0,0,0,0,1,0,1,0,1,0,0,0,7,1,0,false
/home/alison/jsoup-quality-analysis/work/jsoup/src/main/java/org/jsoup/helper/HttpConnection.java,org.jsoup.helper.HttpConnection$Request,cookieManager/0,false,764,0,2,2,0,1,0,3,1,0,0,0,0,0,0,0,0,0,0,0,0,0,0,0,0,0,3,0,0,false
/home/alison/jsoup-quality-analysis/work/jsoup/src/main/java/org/jsoup/helper/HttpConnection.java,org.jsoup.helper.HttpConnection$Request,sslSocketFactory/1[javax.net.ssl.SSLSocketFactory],false,695,0,1,1,0,1,0,3,0,0,1,0,0,0,0,0,0,0,0,0,1,0,0,0,0,0,5,1,0,false
/home/alison/jsoup-quality-analysis/work/jsoup/src/main/java/org/jsoup/helper/HttpConnection.java,org.jsoup.helper.HttpConnection$Request,followRedirects/1[boolean],false,679,2,1,1,0,1,0,4,1,0,1,0,0,0,0,0,0,0,0,0,1,0,0,0,0,0,2,1,0,false
/home/alison/jsoup-quality-analysis/work/jsoup/src/main/java/org/jsoup/helper/HttpConnection.java,org.jsoup.helper.HttpConnection$Request,data/0,false,724,1,1,1,0,1,0,3,1,0,0,0,0,0,0,0,0,0,0,0,0,0,0,0,0,0,1,1,0,false
/home/alison/jsoup-quality-analysis/work/jsoup/src/main/java/org/jsoup/helper/HttpConnection.java,org.jsoup.helper.HttpConnection$Request,"proxy/2[java.lang.String,int]",false,644,1,1,1,0,1,1,4,1,0,2,1,0,0,0,0,0,0,0,0,1,0,0,0,0,0,4,1,0,false
/home/alison/jsoup-quality-analysis/work/jsoup/src/main/java/org/jsoup/helper/HttpConnection.java,org.jsoup.helper.HttpConnection$Request,postDataCharset/0,false,760,0,0,0,0,1,0,3,1,0,0,0,0,0,0,0,0,0,0,0,0,0,0,0,0,0,3,1,0,false
/home/alison/jsoup-quality-analysis/work/jsoup/src/main/java/org/jsoup/nodes/Document.java,org.jsoup.nodes.Document,charset/0,false,283,1,2,1,1,1,1,3,1,0,0,1,0,0,0,0,0,0,0,0,0,0,0,0,0,0,12,1,0,true
/home/alison/jsoup-quality-analysis/work/jsoup/src/main/java/org/jsoup/nodes/Document.java,org.jsoup.nodes.Document,head/0,false,132,2,9,4,5,3,6,9,2,2,0,6,1,1,1,1,0,0,2,0,3,0,2,0,0,0,26,1,0,true
/home/alison/jsoup-quality-analysis/work/jsoup/src/main/java/org/jsoup/nodes/Document.java,org.jsoup.nodes.Document,text/1[java.lang.String],false,235,2,2,0,2,1,2,4,1,0,1,2,1,2,0,0,0,0,0,0,0,0,0,0,0,0,14,1,0,true
/home/alison/jsoup-quality-analysis/work/jsoup/src/main/java/org/jsoup/nodes/Document.java,org.jsoup.nodes.Document,outputSettings/0,false,596,1,9,9,0,1,0,3,1,0,0,0,0,0,0,0,0,0,0,0,0,0,0,0,0,0,6,1,0,true
/home/alison/jsoup-quality-analysis/work/jsoup/src/main/java/org/jsoup/nodes/Document.java,org.jsoup.nodes.Document,outputSettings/1[org.jsoup.nodes.Document.OutputSettings],false,605,3,3,2,1,1,1,5,1,0,1,1,0,0,0,0,0,0,0,0,1,0,0,0,0,0,6,1,0,true
/home/alison/jsoup-quality-analysis/work/jsoup/src/main/java/org/jsoup/nodes/Document.java,org.jsoup.nodes.Document,quirksMode/1[org.jsoup.nodes.Document.QuirksMode],false,619,2,2,2,0,1,0,4,1,0,1,0,0,0,0,0,0,0,0,0,1,0,0,0,0,0,4,1,0,false
/home/alison/jsoup-quality-analysis/work/jsoup/src/main/java/org/jsoup/nodes/Document.java,org.jsoup.nodes.Document,parser/1[org.jsoup.parser.Parser],false,638,2,1,1,0,1,0,4,1,0,1,0,0,0,0,0,0,0,0,0,1,0,0,0,0,0,19,1,0,true
/home/alison/jsoup-quality-analysis/work/jsoup/src/main/java/org/jsoup/nodes/Document.java,org.jsoup.nodes.Document,quirksMode/0,false,615,1,2,2,0,1,0,3,1,0,0,0,0,0,0,0,0,0,0,0,0,0,0,0,0,0,3,1,0,false
/home/alison/jsoup-quality-analysis/work/jsoup/src/main/java/org/jsoup/nodes/Document.java,org.jsoup.nodes.Document,title/1[java.lang.String],false,207,3,5,0,5,2,5,6,0,1,1,5,1,2,0,1,0,0,1,0,2,0,1,0,0,0,18,1,0,true
/home/alison/jsoup-quality-analysis/work/jsoup/src/main/java/org/jsoup/nodes/Document.java,org.jsoup.nodes.Document,charset/1[java.nio.charset.Charset],false,269,2,4,1,3,1,3,5,0,0,1,3,2,3,0,0,0,0,0,0,0,0,0,0,0,0,46,1,0,true
/home/alison/jsoup-quality-analysis/work/jsoup/src/main/java/org/jsoup/nodes/Document.java,org.jsoup.nodes.Document,location/0,false,78,0,1,1,0,1,0,3,1,0,0,0,0,0,0,0,0,0,0,0,0,0,0,0,0,0,23,1,0,true
/home/alison/jsoup-quality-analysis/work/jsoup/src/main/java/org/jsoup/nodes/Document.java,org.jsoup.nodes.Document,connection/0,false,88,2,2,1,1,2,1,4,2,0,0,1,0,0,0,1,0,0,0,0,0,0,1,0,0,0,28,1,0,true
/home/alison/jsoup-quality-analysis/work/jsoup/src/main/java/org/jsoup/nodes/Document.java,org.jsoup.nodes.Document,forms/0,false,170,3,2,0,2,1,2,3,1,0,0,2,0,0,0,0,0,0,1,0,0,0,0,0,0,0,19,1,0,true
/home/alison/jsoup-quality-analysis/work/jsoup/src/main/java/org/jsoup/nodes/Document.java,org.jsoup.nodes.Document,createShell/1[java.lang.String],false,60,3,8,4,4,1,3,9,1,2,1,3,1,1,0,0,0,0,3,0,3,0,0,0,0,0,21,9,0,true
/home/alison/jsoup-quality-analysis/work/jsoup/src/main/java/org/jsoup/nodes/Document.java,org.jsoup.nodes.Document,connection/1[org.jsoup.Connection],false,652,3,2,1,1,1,1,5,1,0,1,1,0,0,0,0,0,0,0,0,1,0,0,0,0,0,23,1,0,true
/home/alison/jsoup-quality-analysis/work/jsoup/src/main/java/org/jsoup/nodes/Document.java,org.jsoup.nodes.Document,clone/0,false,317,2,1,0,1,1,2,5,1,1,0,2,0,0,0,0,0,0,0,0,2,0,0,0,0,0,2,1,0,false
/home/alison/jsoup-quality-analysis/work/jsoup/src/main/java/org/jsoup/nodes/Document.java,org.jsoup.nodes.Document,shallowClone/0,false,324,5,7,1,6,2,5,6,1,1,0,5,0,0,0,1,0,0,0,0,3,0,1,0,0,0,6,1,0,false
/home/alison/jsoup-quality-analysis/work/jsoup/src/main/java/org/jsoup/nodes/Document.java,org.jsoup.nodes.Document,ensureMetaCharsetElement/0,false,351,8,16,1,15,8,17,37,0,5,0,17,3,2,0,3,0,0,18,1,6,0,5,0,0,0,63,2,0,true
/home/alison/jsoup-quality-analysis/work/jsoup/src/main/java/org/jsoup/nodes/Document.java,org.jsoup.nodes.Document,expectForm/1[java.lang.String],false,182,4,2,0,2,3,2,8,2,1,1,2,0,0,1,0,0,0,1,0,1,0,2,0,0,0,37,1,0,true
/home/alison/jsoup-quality-analysis/work/jsoup/src/main/java/org/jsoup/nodes/Document.java,org.jsoup.nodes.Document,title/0,false,195,3,5,1,4,2,5,4,1,1,0,5,1,2,0,1,0,0,1,0,1,0,0,0,0,0,15,1,0,true
/home/alison/jsoup-quality-analysis/work/jsoup/src/main/java/org/jsoup/nodes/Document.java,org.jsoup.nodes.Document,outerHtml/0,false,225,0,0,0,0,1,1,3,1,0,0,1,0,0,0,0,0,0,0,0,0,0,0,0,0,0,2,1,0,false
/home/alison/jsoup-quality-analysis/work/jsoup/src/main/java/org/jsoup/nodes/Document.java,org.jsoup.nodes.Document,updateMetaCharsetElement/0,false,312,0,0,0,0,1,0,3,1,0,0,0,0,0,0,0,0,0,0,0,0,0,0,0,0,0,21,1,0,true
/home/alison/jsoup-quality-analysis/work/jsoup/src/main/java/org/jsoup/nodes/Document.java,org.jsoup.nodes.Document,htmlEl/0,false,114,1,6,2,4,3,5,8,2,1,0,5,0,0,1,1,0,0,2,0,2,0,2,0,0,0,18,2,0,true
/home/alison/jsoup-quality-analysis/work/jsoup/src/main/java/org/jsoup/nodes/Document.java,org.jsoup.nodes.Document,"Document/2[java.lang.String,java.lang.String]",true,39,2,4,2,2,1,2,5,0,0,2,2,0,0,0,0,0,0,1,0,2,0,0,0,0,0,16,1,0,true
/home/alison/jsoup-quality-analysis/work/jsoup/src/main/java/org/jsoup/nodes/Document.java,org.jsoup.nodes.Document,documentType/0,false,99,4,1,1,0,4,0,7,2,0,0,0,0,0,1,0,0,1,0,0,0,0,3,0,0,0,13,1,0,true
/home/alison/jsoup-quality-analysis/work/jsoup/src/main/java/org/jsoup/nodes/Document.java,org.jsoup.nodes.Document,nodeName/0,false,241,0,0,0,0,1,0,3,1,0,0,0,0,0,0,0,0,0,1,0,0,0,0,0,0,0,2,1,0,false
/home/alison/jsoup-quality-analysis/work/jsoup/src/main/java/org/jsoup/nodes/Document.java,org.jsoup.nodes.Document,Document/1[java.lang.String],true,51,0,5,5,0,1,0,3,0,0,1,0,0,0,0,0,0,0,0,0,0,0,0,0,0,0,17,1,0,true
/home/alison/jsoup-quality-analysis/work/jsoup/src/main/java/org/jsoup/nodes/Document.java,org.jsoup.nodes.Document,body/0,false,152,2,14,9,5,4,6,9,2,2,0,6,1,1,1,1,0,0,3,0,3,0,2,0,0,0,37,1,0,true
/home/alison/jsoup-quality-analysis/work/jsoup/src/main/java/org/jsoup/nodes/Document.java,org.jsoup.nodes.Document,updateMetaCharsetElement/1[boolean],false,300,0,1,1,0,1,0,3,0,0,1,0,0,0,0,0,0,0,0,0,1,0,0,0,0,0,30,1,0,true
/home/alison/jsoup-quality-analysis/work/jsoup/src/main/java/org/jsoup/nodes/Document.java,org.jsoup.nodes.Document,createElement/1[java.lang.String],false,220,3,4,0,4,1,3,3,1,0,1,3,0,0,0,0,0,0,0,0,0,0,0,0,0,0,16,1,0,true
/home/alison/jsoup-quality-analysis/work/jsoup/src/main/java/org/jsoup/nodes/Document.java,org.jsoup.nodes.Document,parser/0,false,628,1,4,4,0,1,0,3,1,0,0,0,0,0,0,0,0,0,0,0,0,0,0,0,0,0,9,1,0,true
/home/alison/jsoup-quality-analysis/work/jsoup/src/main/java/org/jsoup/Jsoup.java,org.jsoup.Jsoup,"parse/3[java.lang.String,java.lang.String,org.jsoup.parser.Parser]",false,49,2,1,0,1,1,1,3,1,0,3,1,0,0,0,0,0,0,0,0,0,0,0,0,0,0,43,9,0,true
/home/alison/jsoup-quality-analysis/work/jsoup/src/main/java/org/jsoup/Jsoup.java,org.jsoup.Jsoup,"parse/4[java.io.InputStream,java.lang.String,java.lang.String,org.jsoup.parser.Parser]",false,216,4,1,0,1,1,1,3,1,0,4,1,0,0,0,0,0,0,0,0,0,0,0,0,0,0,72,9,0,true
/home/alison/jsoup-quality-analysis/work/jsoup/src/main/java/org/jsoup/Jsoup.java,org.jsoup.Jsoup,"parse/3[java.io.File,java.lang.String,java.lang.String]",false,135,3,1,0,1,1,1,3,1,0,3,1,0,0,0,0,0,0,0,0,0,0,0,0,0,0,59,9,0,true
/home/alison/jsoup-quality-analysis/work/jsoup/src/main/java/org/jsoup/Jsoup.java,org.jsoup.Jsoup,"parse/2[java.lang.String,org.jsoup.parser.Parser]",false,63,2,1,0,1,1,1,3,1,0,2,1,0,0,0,0,0,0,1,0,0,0,0,0,0,0,40,9,0,true
/home/alison/jsoup-quality-analysis/work/jsoup/src/main/java/org/jsoup/Jsoup.java,org.jsoup.Jsoup,"parse/3[java.io.InputStream,java.lang.String,java.lang.String]",false,199,4,1,0,1,1,1,3,1,0,3,1,0,0,0,0,0,0,0,0,0,0,0,0,0,0,61,9,0,true
/home/alison/jsoup-quality-analysis/work/jsoup/src/main/java/org/jsoup/Jsoup.java,org.jsoup.Jsoup,"parseBodyFragment/2[java.lang.String,java.lang.String]",false,229,2,3,2,1,1,1,3,1,0,2,1,0,0,0,0,0,0,0,0,0,0,0,0,0,0,30,9,0,true
/home/alison/jsoup-quality-analysis/work/jsoup/src/main/java/org/jsoup/Jsoup.java,org.jsoup.Jsoup,Jsoup/0,true,25,0,0,0,0,1,0,2,0,0,0,0,0,0,0,0,0,0,0,0,0,0,0,0,0,0,1,2,0,false
/home/alison/jsoup-quality-analysis/work/jsoup/src/main/java/org/jsoup/Jsoup.java,org.jsoup.Jsoup,"parse/4[java.io.File,java.lang.String,java.lang.String,org.jsoup.parser.Parser]",false,184,4,1,0,1,1,1,3,1,0,4,1,0,0,0,0,0,0,0,0,0,0,0,0,0,0,61,9,0,true
/home/alison/jsoup-quality-analysis/work/jsoup/src/main/java/org/jsoup/Jsoup.java,org.jsoup.Jsoup,"clean/2[java.lang.String,org.jsoup.safety.Safelist]",false,316,2,1,0,1,1,1,3,1,0,2,1,1,2,0,0,0,0,1,0,0,0,0,0,0,0,87,9,0,true
/home/alison/jsoup-quality-analysis/work/jsoup/src/main/java/org/jsoup/Jsoup.java,org.jsoup.Jsoup,"parse/2[java.io.File,java.lang.String]",false,150,3,1,0,1,1,2,3,1,0,2,2,0,0,0,0,0,0,0,0,0,0,0,0,0,0,57,9,0,true
/home/alison/jsoup-quality-analysis/work/jsoup/src/main/java/org/jsoup/Jsoup.java,org.jsoup.Jsoup,newSession/0,false,120,2,3,2,1,1,0,3,1,0,0,0,0,0,0,0,0,0,0,0,0,0,0,0,0,0,50,9,0,true
/home/alison/jsoup-quality-analysis/work/jsoup/src/main/java/org/jsoup/Jsoup.java,org.jsoup.Jsoup,"parse/2[java.net.URL,int]",false,262,3,3,0,3,1,3,5,1,1,2,3,0,0,0,0,0,0,0,0,1,0,0,0,0,0,80,9,0,true
/home/alison/jsoup-quality-analysis/work/jsoup/src/main/java/org/jsoup/Jsoup.java,org.jsoup.Jsoup,connect/1[java.lang.String],false,93,2,4,3,1,1,1,3,1,0,1,1,0,0,0,0,0,0,0,0,0,0,0,0,0,0,41,9,0,true
/home/alison/jsoup-quality-analysis/work/jsoup/src/main/java/org/jsoup/Jsoup.java,org.jsoup.Jsoup,parse/1[java.io.File],false,167,2,1,0,1,1,2,3,1,0,1,2,0,0,0,0,0,0,0,0,0,0,0,0,0,0,55,9,0,true
/home/alison/jsoup-quality-analysis/work/jsoup/src/main/java/org/jsoup/Jsoup.java,org.jsoup.Jsoup,"clean/3[java.lang.String,java.lang.String,org.jsoup.safety.Safelist]",false,279,5,6,1,5,1,4,6,1,3,3,4,1,1,0,0,0,0,0,0,3,0,0,0,0,0,43,9,0,true
/home/alison/jsoup-quality-analysis/work/jsoup/src/main/java/org/jsoup/Jsoup.java,org.jsoup.Jsoup,"clean/4[java.lang.String,java.lang.String,org.jsoup.safety.Safelist,org.jsoup.nodes.Document.OutputSettings]",false,334,6,6,0,6,1,5,7,1,3,4,5,1,1,0,0,0,0,0,0,3,0,0,0,0,0,73,9,0,true
/home/alison/jsoup-quality-analysis/work/jsoup/src/main/java/org/jsoup/Jsoup.java,org.jsoup.Jsoup,parseBodyFragment/1[java.lang.String],false,241,2,1,0,1,1,1,3,1,0,1,1,0,0,0,0,0,0,1,0,0,0,0,0,0,0,22,9,0,true
/home/alison/jsoup-quality-analysis/work/jsoup/src/main/java/org/jsoup/Jsoup.java,org.jsoup.Jsoup,"isValid/2[java.lang.String,org.jsoup.safety.Safelist]",false,363,2,2,0,2,1,1,3,1,0,2,1,0,0,0,0,0,0,0,0,0,0,0,0,0,0,81,9,0,true
/home/alison/jsoup-quality-analysis/work/jsoup/src/main/java/org/jsoup/Jsoup.java,org.jsoup.Jsoup,parse/1[java.lang.String],false,76,2,1,0,1,1,1,3,1,0,1,1,0,0,0,0,0,0,1,0,0,0,0,0,0,0,25,9,0,true
/home/alison/jsoup-quality-analysis/work/jsoup/src/main/java/org/jsoup/Jsoup.java,org.jsoup.Jsoup,"parse/2[java.lang.String,java.lang.String]",false,35,2,1,0,1,1,1,3,1,0,2,1,0,0,0,0,0,0,0,0,0,0,0,0,0,0,39,9,0,true
/home/alison/jsoup-quality-analysis/work/jsoup/src/main/java/org/jsoup/parser/HtmlTreeBuilder.java,org.jsoup.parser.HtmlTreeBuilder,push/1[org.jsoup.nodes.Element],false,461,1,1,1,0,1,1,3,0,0,1,1,0,0,0,0,0,0,0,0,0,0,0,0,0,0,3,0,0,false
/home/alison/jsoup-quality-analysis/work/jsoup/src/main/java/org/jsoup/parser/HtmlTreeBuilder.java,org.jsoup.parser.HtmlTreeBuilder,"replaceActiveFormattingElement/2[org.jsoup.nodes.Element,org.jsoup.nodes.Element]",false,1011,2,2,1,1,1,1,3,0,0,2,1,1,1,0,0,0,0,0,0,0,0,0,0,0,0,7,0,0,false
/home/alison/jsoup-quality-analysis/work/jsoup/src/main/java/org/jsoup/parser/HtmlTreeBuilder.java,org.jsoup.parser.HtmlTreeBuilder,isHtmlIntegration/1[org.jsoup.nodes.Element],false,230,5,8,1,7,7,8,8,3,1,1,8,0,0,0,0,0,0,4,0,1,0,2,0,0,0,9,0,0,false
/home/alison/jsoup-quality-analysis/work/jsoup/src/main/java/org/jsoup/parser/HtmlTreeBuilder.java,org.jsoup.parser.HtmlTreeBuilder,aboveOnStack/1[org.jsoup.nodes.Element],false,583,3,4,3,1,3,3,10,2,2,1,3,1,2,1,1,0,0,0,3,2,2,2,0,0,0,10,0,0,false
/home/alison/jsoup-quality-analysis/work/jsoup/src/main/java/org/jsoup/parser/HtmlTreeBuilder.java,org.jsoup.parser.HtmlTreeBuilder,isSpecial/1[org.jsoup.nodes.Element],false,865,2,5,3,2,1,2,4,1,1,1,2,0,0,0,0,0,0,0,0,1,0,0,0,0,0,7,0,0,false
/home/alison/jsoup-quality-analysis/work/jsoup/src/main/java/org/jsoup/parser/HtmlTreeBuilder.java,org.jsoup.parser.HtmlTreeBuilder,clearStackToTableBodyContext/0,false,563,1,3,2,1,1,1,3,0,0,0,1,1,1,0,0,0,0,4,0,0,0,0,0,0,0,6,0,0,false
/home/alison/jsoup-quality-analysis/work/jsoup/src/main/java/org/jsoup/parser/HtmlTreeBuilder.java,org.jsoup.parser.HtmlTreeBuilder,generateImpliedEndTags/1[boolean],false,851,5,8,2,6,4,7,6,0,1,1,7,1,1,1,0,0,0,0,0,1,0,1,0,0,0,36,0,0,true
/home/alison/jsoup-quality-analysis/work/jsoup/src/main/java/org/jsoup/parser/HtmlTreeBuilder.java,org.jsoup.parser.HtmlTreeBuilder,insert/1[org.jsoup.nodes.Element],false,353,2,3,2,1,1,2,4,0,0,1,2,1,5,0,0,0,0,0,0,0,0,0,0,0,0,4,0,0,false
/home/alison/jsoup-quality-analysis/work/jsoup/src/main/java/org/jsoup/parser/HtmlTreeBuilder.java,org.jsoup.parser.HtmlTreeBuilder,getFromStack/1[java.lang.String],false,493,3,8,5,3,5,6,11,2,4,1,6,0,0,1,0,0,0,0,2,4,2,2,0,0,0,27,0,0,true
/home/alison/jsoup-quality-analysis/work/jsoup/src/main/java/org/jsoup/parser/HtmlTreeBuilder.java,org.jsoup.parser.HtmlTreeBuilder,getActiveFormattingElement/1[java.lang.String],false,1000,2,3,2,1,4,4,8,2,2,1,4,0,0,1,1,0,0,0,2,2,1,3,0,0,0,9,0,0,false
/home/alison/jsoup-quality-analysis/work/jsoup/src/main/java/org/jsoup/parser/HtmlTreeBuilder.java,org.jsoup.parser.HtmlTreeBuilder,"inScope/2[java.lang.String,java.lang.String[]]",false,741,1,4,3,1,1,1,3,1,0,2,1,1,2,0,0,0,0,0,0,0,0,0,0,0,0,4,0,0,false
/home/alison/jsoup-quality-analysis/work/jsoup/src/main/java/org/jsoup/parser/HtmlTreeBuilder.java,org.jsoup.parser.HtmlTreeBuilder,originalState/0,false,269,1,1,1,0,1,0,3,1,0,0,0,0,0,0,0,0,0,0,0,0,0,0,0,0,0,5,0,0,false
/home/alison/jsoup-quality-analysis/work/jsoup/src/main/java/org/jsoup/parser/HtmlTreeBuilder.java,org.jsoup.parser.HtmlTreeBuilder,onStack/1[org.jsoup.nodes.Element],false,469,2,4,3,1,1,1,3,1,0,1,1,1,1,0,0,0,0,0,0,0,0,0,0,0,0,4,0,0,false
/home/alison/jsoup-quality-analysis/work/jsoup/src/main/java/org/jsoup/parser/HtmlTreeBuilder.java,org.jsoup.parser.HtmlTreeBuilder,inButtonScope/1[java.lang.String],false,751,1,3,2,1,1,1,3,1,0,1,1,1,3,0,0,0,0,0,0,0,0,0,0,0,0,5,0,0,false
/home/alison/jsoup-quality-analysis/work/jsoup/src/main/java/org/jsoup/parser/HtmlTreeBuilder.java,org.jsoup.parser.HtmlTreeBuilder,addPendingTableCharacters/1[org.jsoup.parser.Token.Character],false,818,1,2,1,1,1,2,4,0,1,1,2,0,0,0,0,0,0,0,0,1,0,0,0,0,0,6,0,0,false
/home/alison/jsoup-quality-analysis/work/jsoup/src/main/java/org/jsoup/parser/HtmlTreeBuilder.java,org.jsoup.parser.HtmlTreeBuilder,isInActiveFormattingElements/1[org.jsoup.nodes.Element],false,995,2,2,1,1,1,1,3,1,0,1,1,1,1,0,0,0,0,0,0,0,0,0,0,0,0,9,0,0,false
/home/alison/jsoup-quality-analysis/work/jsoup/src/main/java/org/jsoup/parser/HtmlTreeBuilder.java,org.jsoup.parser.HtmlTreeBuilder,insertStartTag/1[java.lang.String],false,347,3,4,1,3,1,2,5,1,1,1,2,1,6,0,0,0,0,0,0,1,0,0,0,0,0,9,0,0,false
/home/alison/jsoup-quality-analysis/work/jsoup/src/main/java/org/jsoup/parser/HtmlTreeBuilder.java,org.jsoup.parser.HtmlTreeBuilder,resetPendingTableCharacters/0,false,810,1,1,1,0,1,0,3,0,0,0,0,0,0,0,0,0,0,0,0,1,0,0,0,0,0,5,0,0,false
/home/alison/jsoup-quality-analysis/work/jsoup/src/main/java/org/jsoup/parser/HtmlTreeBuilder.java,org.jsoup.parser.HtmlTreeBuilder,isContentForTagData/1[java.lang.String],false,1071,0,1,1,0,1,1,3,1,0,1,1,0,0,0,0,0,1,2,0,0,0,0,0,0,0,7,4,0,false
/home/alison/jsoup-quality-analysis/work/jsoup/src/main/java/org/jsoup/parser/HtmlTreeBuilder.java,org.jsoup.parser.HtmlTreeBuilder,"isSameFormattingElement/2[org.jsoup.nodes.Element,org.jsoup.nodes.Element]",false,928,2,4,1,3,1,4,3,1,0,2,4,0,0,0,0,0,0,0,0,0,0,0,0,0,0,5,2,0,false
/home/alison/jsoup-quality-analysis/work/jsoup/src/main/java/org/jsoup/parser/HtmlTreeBuilder.java,org.jsoup.parser.HtmlTreeBuilder,state/0,false,261,1,4,4,0,1,0,3,1,0,0,0,0,0,0,0,0,0,0,0,0,0,0,0,0,0,5,0,0,false
/home/alison/jsoup-quality-analysis/work/jsoup/src/main/java/org/jsoup/parser/HtmlTreeBuilder.java,org.jsoup.parser.HtmlTreeBuilder,isMathmlTextIntegration/1[org.jsoup.nodes.Element],false,217,3,5,1,4,1,5,3,1,0,1,5,0,0,0,0,0,1,0,0,0,0,0,0,0,0,6,0,0,false
/home/alison/jsoup-quality-analysis/work/jsoup/src/main/java/org/jsoup/parser/HtmlTreeBuilder.java,org.jsoup.parser.HtmlTreeBuilder,onStackNot/1[java.lang.String[]],false,773,2,4,2,2,4,4,9,2,4,1,4,0,0,1,0,0,0,0,2,4,2,2,0,0,0,28,0,0,true
/home/alison/jsoup-quality-analysis/work/jsoup/src/main/java/org/jsoup/parser/HtmlTreeBuilder.java,org.jsoup.parser.HtmlTreeBuilder,lastFormattingElement/0,false,872,1,1,1,0,2,2,3,1,0,0,2,0,0,0,0,0,0,0,2,0,1,0,0,0,0,4,0,0,false
/home/alison/jsoup-quality-analysis/work/jsoup/src/main/java/org/jsoup/parser/HtmlTreeBuilder.java,org.jsoup.parser.HtmlTreeBuilder,popStackToClose/1[java.lang.String[]],false,547,6,6,1,5,5,9,10,0,2,1,9,0,0,1,0,0,0,0,2,2,1,3,0,0,0,28,0,0,true
/home/alison/jsoup-quality-analysis/work/jsoup/src/main/java/org/jsoup/parser/HtmlTreeBuilder.java,org.jsoup.parser.HtmlTreeBuilder,isFosterInserts/0,false,794,0,1,1,0,1,0,3,1,0,0,0,0,0,0,0,0,0,0,0,0,0,0,0,0,0,4,0,0,false
/home/alison/jsoup-quality-analysis/work/jsoup/src/main/java/org/jsoup/parser/HtmlTreeBuilder.java,org.jsoup.parser.HtmlTreeBuilder,pushActiveFormattingElements/1[org.jsoup.nodes.Element],false,893,2,2,1,1,1,2,4,0,0,1,2,1,2,0,0,0,0,0,0,0,0,0,0,0,0,7,0,0,false
/home/alison/jsoup-quality-analysis/work/jsoup/src/main/java/org/jsoup/parser/HtmlTreeBuilder.java,org.jsoup.parser.HtmlTreeBuilder,"replaceOnStack/2[org.jsoup.nodes.Element,org.jsoup.nodes.Element]",false,600,2,2,1,1,1,1,3,0,0,2,1,1,1,0,0,0,0,0,0,0,0,0,0,0,0,7,0,0,false
/home/alison/jsoup-quality-analysis/work/jsoup/src/main/java/org/jsoup/parser/HtmlTreeBuilder.java,org.jsoup.parser.HtmlTreeBuilder,framesetOk/0,false,277,0,2,2,0,1,0,3,1,0,0,0,0,0,0,0,0,0,0,0,0,0,0,0,0,0,2,0,0,false
/home/alison/jsoup-quality-analysis/work/jsoup/src/main/java/org/jsoup/parser/HtmlTreeBuilder.java,org.jsoup.parser.HtmlTreeBuilder,getPendingTableCharacters/0,false,814,1,1,1,0,1,0,3,1,0,0,0,0,0,0,0,0,0,0,0,0,0,0,0,0,0,5,0,0,false
/home/alison/jsoup-quality-analysis/work/jsoup/src/main/java/org/jsoup/parser/HtmlTreeBuilder.java,org.jsoup.parser.HtmlTreeBuilder,"insert/2[org.jsoup.parser.Token.Character,org.jsoup.nodes.Element]",false,409,9,11,2,9,3,6,10,0,3,2,6,1,1,0,0,0,0,0,0,5,0,2,0,0,0,22,0,0,true
/home/alison/jsoup-quality-analysis/work/jsoup/src/main/java/org/jsoup/parser/HtmlTreeBuilder.java,org.jsoup.parser.HtmlTreeBuilder,clearFormattingElementsToLastMarker/0,false,977,2,3,2,1,3,2,6,0,1,0,2,1,1,1,1,0,0,0,0,1,0,2,0,0,0,10,0,0,false
/home/alison/jsoup-quality-analysis/work/jsoup/src/main/java/org/jsoup/parser/HtmlTreeBuilder.java,org.jsoup.parser.HtmlTreeBuilder,error/1[org.jsoup.parser.HtmlTreeBuilderState],false,305,5,12,8,4,2,4,3,0,0,1,4,0,0,0,0,0,0,1,0,0,0,1,0,0,0,11,0,0,false
/home/alison/jsoup-quality-analysis/work/jsoup/src/main/java/org/jsoup/parser/HtmlTreeBuilder.java,org.jsoup.parser.HtmlTreeBuilder,setFosterInserts/1[boolean],false,798,0,2,2,0,1,0,3,0,0,1,0,0,0,0,0,0,0,0,0,1,0,0,0,0,0,4,0,0,false
/home/alison/jsoup-quality-analysis/work/jsoup/src/main/java/org/jsoup/parser/HtmlTreeBuilder.java,org.jsoup.parser.HtmlTreeBuilder,resetBody/0,false,696,2,4,1,3,2,4,6,0,0,0,4,2,2,0,0,0,0,1,0,0,0,1,0,0,0,21,0,0,true
/home/alison/jsoup-quality-analysis/work/jsoup/src/main/java/org/jsoup/parser/HtmlTreeBuilder.java,org.jsoup.parser.HtmlTreeBuilder,positionOfElement/1[org.jsoup.nodes.Element],false,876,1,1,1,0,3,2,6,2,1,1,2,0,0,1,1,0,0,0,2,1,0,2,0,0,0,5,0,0,false
/home/alison/jsoup-quality-analysis/work/jsoup/src/main/java/org/jsoup/parser/HtmlTreeBuilder.java,org.jsoup.parser.HtmlTreeBuilder,templateModeSize/0,false,1054,0,1,1,0,1,1,3,1,0,0,1,0,0,0,0,0,0,0,0,0,0,0,0,0,0,3,0,0,false
/home/alison/jsoup-quality-analysis/work/jsoup/src/main/java/org/jsoup/parser/HtmlTreeBuilder.java,org.jsoup.parser.HtmlTreeBuilder,newInstance/0,false,74,1,1,0,1,1,0,3,1,0,0,0,0,0,0,0,0,0,0,0,0,0,0,0,0,0,5,0,0,false
/home/alison/jsoup-quality-analysis/work/jsoup/src/main/java/org/jsoup/parser/HtmlTreeBuilder.java,org.jsoup.parser.HtmlTreeBuilder,"pushWithBookmark/2[org.jsoup.nodes.Element,int]",false,898,2,2,1,1,2,3,9,0,0,2,3,1,2,0,0,1,0,0,0,0,0,1,0,0,0,16,0,0,false
/home/alison/jsoup-quality-analysis/work/jsoup/src/main/java/org/jsoup/parser/HtmlTreeBuilder.java,org.jsoup.parser.HtmlTreeBuilder,"insertOnStackAfter/2[org.jsoup.nodes.Element,org.jsoup.nodes.Element]",false,594,2,2,1,1,2,3,5,0,1,2,3,0,0,0,1,0,0,0,2,1,1,0,0,0,0,8,0,0,false
/home/alison/jsoup-quality-analysis/work/jsoup/src/main/java/org/jsoup/parser/HtmlTreeBuilder.java,org.jsoup.parser.HtmlTreeBuilder,"parseFragment/4[java.lang.String,org.jsoup.nodes.Element,java.lang.String,org.jsoup.parser.Parser]",false,98,9,18,2,16,17,17,44,2,4,4,17,3,2,1,4,0,0,10,1,10,0,3,0,0,0,30,0,0,false
/home/alison/jsoup-quality-analysis/work/jsoup/src/main/java/org/jsoup/parser/HtmlTreeBuilder.java,org.jsoup.parser.HtmlTreeBuilder,popStackToClose/1[java.lang.String],false,518,6,9,5,4,5,8,11,2,2,1,8,0,0,1,0,0,0,0,2,2,1,3,0,0,0,25,0,0,true
/home/alison/jsoup-quality-analysis/work/jsoup/src/main/java/org/jsoup/parser/HtmlTreeBuilder.java,org.jsoup.parser.HtmlTreeBuilder,resetInsertionMode/0,false,615,5,8,2,6,28,9,57,1,8,0,9,2,1,1,5,0,0,17,3,10,2,3,0,0,0,54,0,0,true
/home/alison/jsoup-quality-analysis/work/jsoup/src/main/java/org/jsoup/parser/HtmlTreeBuilder.java,org.jsoup.parser.HtmlTreeBuilder,"insertForm/3[org.jsoup.parser.Token.StartTag,boolean,boolean]",false,380,7,10,2,8,4,8,12,1,2,3,8,4,6,0,0,0,0,1,0,2,0,2,0,0,0,16,0,0,false
/home/alison/jsoup-quality-analysis/work/jsoup/src/main/java/org/jsoup/parser/HtmlTreeBuilder.java,org.jsoup.parser.HtmlTreeBuilder,inTableScope/1[java.lang.String],false,755,1,4,3,1,1,1,3,1,0,1,1,1,2,0,0,0,0,0,0,0,0,0,0,0,0,6,0,0,false
/home/alison/jsoup-quality-analysis/work/jsoup/src/main/java/org/jsoup/parser/HtmlTreeBuilder.java,org.jsoup.parser.HtmlTreeBuilder,"initialiseParse/3[java.io.Reader,java.lang.String,org.jsoup.parser.Parser]",false,79,6,2,1,1,1,1,16,0,0,3,1,0,0,0,0,0,0,0,0,13,0,0,0,0,0,35,4,0,false
/home/alison/jsoup-quality-analysis/work/jsoup/src/main/java/org/jsoup/parser/HtmlTreeBuilder.java,org.jsoup.parser.HtmlTreeBuilder,"onStack/2[java.util.ArrayList<org.jsoup.nodes.Element>,org.jsoup.nodes.Element]",false,479,1,2,2,0,4,2,11,2,4,2,2,0,0,1,1,0,0,0,2,4,2,2,0,0,0,13,10,0,false
/home/alison/jsoup-quality-analysis/work/jsoup/src/main/java/org/jsoup/parser/HtmlTreeBuilder.java,org.jsoup.parser.HtmlTreeBuilder,clearStackToTableContext/0,false,559,1,2,1,1,1,1,3,0,0,0,1,1,1,0,0,0,0,2,0,0,0,0,0,0,0,5,0,0,false
/home/alison/jsoup-quality-analysis/work/jsoup/src/main/java/org/jsoup/parser/HtmlTreeBuilder.java,org.jsoup.parser.HtmlTreeBuilder,markInsertionMode/0,false,265,0,4,4,0,1,0,3,0,0,0,0,0,0,0,0,0,0,0,0,1,0,0,0,0,0,6,0,0,false
/home/alison/jsoup-quality-analysis/work/jsoup/src/main/java/org/jsoup/parser/HtmlTreeBuilder.java,org.jsoup.parser.HtmlTreeBuilder,checkActiveFormattingElements/1[org.jsoup.nodes.Element],false,908,2,3,2,1,6,4,15,0,5,1,4,1,1,1,2,0,0,0,5,6,2,2,0,0,0,17,0,0,false
/home/alison/jsoup-quality-analysis/work/jsoup/src/main/java/org/jsoup/parser/HtmlTreeBuilder.java,org.jsoup.parser.HtmlTreeBuilder,transition/1[org.jsoup.parser.HtmlTreeBuilderState],false,257,1,8,8,0,1,0,3,0,0,1,0,0,0,0,0,0,0,0,0,1,0,0,0,0,0,6,0,0,false
/home/alison/jsoup-quality-analysis/work/jsoup/src/main/java/org/jsoup/parser/HtmlTreeBuilder.java,org.jsoup.parser.HtmlTreeBuilder,"insertNode/2[org.jsoup.nodes.Node,org.jsoup.parser.Token]",false,425,9,20,5,15,9,17,11,0,1,2,17,2,4,0,1,0,0,4,0,1,0,2,0,0,0,24,2,0,true
/home/alison/jsoup-quality-analysis/work/jsoup/src/main/java/org/jsoup/parser/HtmlTreeBuilder.java,org.jsoup.parser.HtmlTreeBuilder,inListItemScope/1[java.lang.String],false,747,1,2,1,1,1,1,3,1,0,1,1,1,3,0,0,0,0,0,0,0,0,0,0,0,0,6,0,0,false
/home/alison/jsoup-quality-analysis/work/jsoup/src/main/java/org/jsoup/parser/HtmlTreeBuilder.java,org.jsoup.parser.HtmlTreeBuilder,getBaseUri/0,false,285,0,1,1,0,1,0,3,1,0,0,0,0,0,0,0,0,0,0,0,0,0,0,0,0,0,4,0,0,false
/home/alison/jsoup-quality-analysis/work/jsoup/src/main/java/org/jsoup/parser/HtmlTreeBuilder.java,org.jsoup.parser.HtmlTreeBuilder,removeFromStack/1[org.jsoup.nodes.Element],false,505,1,4,4,0,3,3,10,2,2,1,3,0,0,1,1,0,0,0,2,2,1,2,0,0,0,9,0,0,false
/home/alison/jsoup-quality-analysis/work/jsoup/src/main/java/org/jsoup/parser/HtmlTreeBuilder.java,org.jsoup.parser.HtmlTreeBuilder,"replaceInQueue/3[java.util.ArrayList<org.jsoup.nodes.Element>,org.jsoup.nodes.Element,org.jsoup.nodes.Element]",false,604,2,3,2,1,2,3,5,0,1,3,3,0,0,0,1,0,0,0,1,1,0,0,0,0,0,6,2,0,false
/home/alison/jsoup-quality-analysis/work/jsoup/src/main/java/org/jsoup/parser/HtmlTreeBuilder.java,org.jsoup.parser.HtmlTreeBuilder,onStack/1[java.lang.String],false,474,1,6,5,1,2,1,3,1,0,1,1,1,1,0,1,0,0,0,0,0,0,0,0,0,0,20,0,0,true
/home/alison/jsoup-quality-analysis/work/jsoup/src/main/java/org/jsoup/parser/HtmlTreeBuilder.java,org.jsoup.parser.HtmlTreeBuilder,toString/0,false,1063,1,1,0,1,1,1,3,1,0,0,1,0,0,0,0,0,0,4,0,0,2,0,0,0,0,6,1,0,false
/home/alison/jsoup-quality-analysis/work/jsoup/src/main/java/org/jsoup/parser/HtmlTreeBuilder.java,org.jsoup.parser.HtmlTreeBuilder,"insert/2[org.jsoup.nodes.Element,org.jsoup.parser.Token]",false,358,4,3,2,1,1,2,4,0,0,2,2,1,5,0,0,0,0,0,0,0,0,0,0,0,0,6,2,0,false
/home/alison/jsoup-quality-analysis/work/jsoup/src/main/java/org/jsoup/parser/HtmlTreeBuilder.java,org.jsoup.parser.HtmlTreeBuilder,isFragmentParsing/0,false,301,0,1,1,0,1,0,3,1,0,0,0,0,0,0,0,0,0,0,0,0,0,0,0,0,0,4,0,0,false
/home/alison/jsoup-quality-analysis/work/jsoup/src/main/java/org/jsoup/parser/HtmlTreeBuilder.java,org.jsoup.parser.HtmlTreeBuilder,"inSpecificScope/3[java.lang.String,java.lang.String[],java.lang.String[]]",false,706,1,3,2,1,1,1,4,1,0,3,1,1,1,0,0,0,0,0,1,1,0,0,0,0,0,7,2,0,false
/home/alison/jsoup-quality-analysis/work/jsoup/src/main/java/org/jsoup/parser/HtmlTreeBuilder.java,org.jsoup.parser.HtmlTreeBuilder,maybeSetBaseUri/1[org.jsoup.nodes.Element],false,289,2,3,1,2,3,3,9,1,1,1,3,0,0,0,1,0,0,1,1,3,0,1,0,0,0,10,0,0,false
/home/alison/jsoup-quality-analysis/work/jsoup/src/main/java/org/jsoup/parser/HtmlTreeBuilder.java,org.jsoup.parser.HtmlTreeBuilder,inSelectScope/1[java.lang.String],false,759,3,4,1,3,4,6,10,3,3,1,6,0,0,1,0,0,0,1,2,3,1,2,0,0,0,13,0,0,false
/home/alison/jsoup-quality-analysis/work/jsoup/src/main/java/org/jsoup/parser/HtmlTreeBuilder.java,org.jsoup.parser.HtmlTreeBuilder,insertInFosterParent/1[org.jsoup.nodes.Node],false,1019,4,8,2,6,4,7,20,0,3,1,7,2,3,0,2,0,0,1,1,6,0,2,0,0,0,20,0,0,false
/home/alison/jsoup-quality-analysis/work/jsoup/src/main/java/org/jsoup/parser/HtmlTreeBuilder.java,org.jsoup.parser.HtmlTreeBuilder,inScope/1[java.lang.String],false,737,1,5,4,1,1,1,3,1,0,1,1,1,3,0,0,0,0,0,0,0,0,0,0,0,0,4,0,0,false
/home/alison/jsoup-quality-analysis/work/jsoup/src/main/java/org/jsoup/parser/HtmlTreeBuilder.java,org.jsoup.parser.HtmlTreeBuilder,reconstructFormattingElements/0,false,936,5,11,2,9,12,11,28,2,7,0,11,3,6,2,4,0,0,0,4,12,3,2,0,0,0,24,0,0,false
/home/alison/jsoup-quality-analysis/work/jsoup/src/main/java/org/jsoup/parser/HtmlTreeBuilder.java,org.jsoup.parser.HtmlTreeBuilder,pop/0,false,456,1,6,6,0,1,2,4,1,1,0,2,0,0,0,0,0,0,0,1,1,1,0,0,0,0,3,0,0,false
/home/alison/jsoup-quality-analysis/work/jsoup/src/main/java/org/jsoup/parser/HtmlTreeBuilder.java,org.jsoup.parser.HtmlTreeBuilder,generateImpliedEndTags/0,false,843,1,4,3,1,1,1,3,0,0,0,1,1,2,0,0,0,0,0,0,0,0,0,0,0,0,5,0,0,false
/home/alison/jsoup-quality-analysis/work/jsoup/src/main/java/org/jsoup/parser/HtmlTreeBuilder.java,org.jsoup.parser.HtmlTreeBuilder,currentTemplateMode/0,false,1058,2,1,1,0,2,2,3,1,0,0,2,0,0,0,0,0,1,0,2,0,1,0,0,0,0,8,0,0,false
/home/alison/jsoup-quality-analysis/work/jsoup/src/main/java/org/jsoup/parser/HtmlTreeBuilder.java,org.jsoup.parser.HtmlTreeBuilder,insertMarkerToFormattingElements/0,false,1015,0,2,2,0,1,1,3,0,0,0,1,0,0,0,0,0,0,0,0,0,0,0,0,0,0,6,0,0,false
/home/alison/jsoup-quality-analysis/work/jsoup/src/main/java/org/jsoup/parser/HtmlTreeBuilder.java,org.jsoup.parser.HtmlTreeBuilder,popStackToCloseAnyNamespace/1[java.lang.String],false,533,5,3,1,2,4,6,11,2,2,1,6,0,0,1,0,0,0,0,2,2,1,3,0,0,0,28,0,0,true
/home/alison/jsoup-quality-analysis/work/jsoup/src/main/java/org/jsoup/parser/HtmlTreeBuilder.java,org.jsoup.parser.HtmlTreeBuilder,getHeadElement/0,false,790,1,1,1,0,1,0,3,1,0,0,0,0,0,0,0,0,0,0,0,0,0,0,0,0,0,4,0,0,false
/home/alison/jsoup-quality-analysis/work/jsoup/src/main/java/org/jsoup/parser/HtmlTreeBuilder.java,org.jsoup.parser.HtmlTreeBuilder,getStack/0,false,465,1,4,4,0,1,0,3,1,0,0,0,0,0,0,0,0,0,0,0,0,0,0,0,0,0,3,0,0,false
/home/alison/jsoup-quality-analysis/work/jsoup/src/main/java/org/jsoup/parser/HtmlTreeBuilder.java,org.jsoup.parser.HtmlTreeBuilder,setFormElement/1[org.jsoup.nodes.FormElement],false,806,1,2,2,0,1,0,3,0,0,1,0,0,0,0,0,0,0,0,0,1,0,0,0,0,0,4,0,0,false
/home/alison/jsoup-quality-analysis/work/jsoup/src/main/java/org/jsoup/parser/HtmlTreeBuilder.java,org.jsoup.parser.HtmlTreeBuilder,framesetOk/1[boolean],false,273,0,3,3,0,1,0,3,0,0,1,0,0,0,0,0,0,0,0,0,1,0,0,0,0,0,2,0,0,false
/home/alison/jsoup-quality-analysis/work/jsoup/src/main/java/org/jsoup/parser/HtmlTreeBuilder.java,org.jsoup.parser.HtmlTreeBuilder,"process/2[org.jsoup.parser.Token,org.jsoup.parser.HtmlTreeBuilderState]",false,252,2,5,4,1,1,1,4,1,0,2,1,0,0,0,0,0,0,0,0,1,0,0,0,0,0,5,0,0,false
/home/alison/jsoup-quality-analysis/work/jsoup/src/main/java/org/jsoup/parser/HtmlTreeBuilder.java,org.jsoup.parser.HtmlTreeBuilder,"insertForeign/2[org.jsoup.parser.Token.StartTag,java.lang.String]",false,333,7,11,2,9,2,8,11,1,2,2,8,3,6,0,0,0,0,0,0,2,0,1,0,0,0,20,0,0,true
/home/alison/jsoup-quality-analysis/work/jsoup/src/main/java/org/jsoup/parser/HtmlTreeBuilder.java,org.jsoup.parser.HtmlTreeBuilder,insertEmpty/1[org.jsoup.parser.Token.StartTag],false,363,8,15,3,12,4,11,13,1,2,1,11,2,5,0,0,0,0,1,0,2,0,3,0,0,0,17,0,1,false
/home/alison/jsoup-quality-analysis/work/jsoup/src/main/java/org/jsoup/parser/HtmlTreeBuilder.java,org.jsoup.parser.HtmlTreeBuilder,closeElement/1[java.lang.String],false,859,3,7,1,6,2,7,5,0,0,1,7,4,2,0,0,0,0,0,0,0,0,1,0,0,0,14,0,0,false
/home/alison/jsoup-quality-analysis/work/jsoup/src/main/java/org/jsoup/parser/HtmlTreeBuilder.java,org.jsoup.parser.HtmlTreeBuilder,defaultSettings/0,false,69,1,0,0,0,1,0,3,1,0,0,0,0,0,0,0,0,0,0,0,0,0,0,0,0,0,3,0,0,false
/home/alison/jsoup-quality-analysis/work/jsoup/src/main/java/org/jsoup/parser/HtmlTreeBuilder.java,org.jsoup.parser.HtmlTreeBuilder,removeLastFormattingElement/0,false,884,1,1,1,0,2,2,5,2,1,0,2,0,0,0,0,0,0,0,2,1,1,1,0,0,0,6,0,0,false
/home/alison/jsoup-quality-analysis/work/jsoup/src/main/java/org/jsoup/parser/HtmlTreeBuilder.java,org.jsoup.parser.HtmlTreeBuilder,generateImpliedEndTags/1[java.lang.String],false,835,4,9,4,5,4,5,6,0,0,1,5,1,1,1,1,0,0,0,0,0,0,2,0,0,0,70,0,0,true
/home/alison/jsoup-quality-analysis/work/jsoup/src/main/java/org/jsoup/parser/HtmlTreeBuilder.java,org.jsoup.parser.HtmlTreeBuilder,dedupeAttributes/1[org.jsoup.parser.Token.StartTag],false,447,4,8,4,4,4,4,8,0,1,1,4,0,0,0,0,0,0,1,1,1,0,2,0,0,0,14,2,0,true
/home/alison/jsoup-quality-analysis/work/jsoup/src/main/java/org/jsoup/parser/HtmlTreeBuilder.java,org.jsoup.parser.HtmlTreeBuilder,pushTemplateMode/1[org.jsoup.parser.HtmlTreeBuilderState],false,1042,1,2,2,0,1,1,3,0,0,1,1,0,0,0,0,0,0,0,0,0,0,0,0,0,0,8,0,0,false
/home/alison/jsoup-quality-analysis/work/jsoup/src/main/java/org/jsoup/parser/HtmlTreeBuilder.java,org.jsoup.parser.HtmlTreeBuilder,setHeadElement/1[org.jsoup.nodes.Element],false,786,1,1,1,0,1,0,3,0,0,1,0,0,0,0,0,0,0,0,0,1,0,0,0,0,0,4,0,0,false
/home/alison/jsoup-quality-analysis/work/jsoup/src/main/java/org/jsoup/parser/HtmlTreeBuilder.java,org.jsoup.parser.HtmlTreeBuilder,insert/1[org.jsoup.parser.Token.Comment],false,397,3,4,1,3,1,2,4,0,1,1,2,1,5,0,0,0,0,0,0,1,0,0,0,0,0,5,0,0,false
/home/alison/jsoup-quality-analysis/work/jsoup/src/main/java/org/jsoup/parser/HtmlTreeBuilder.java,org.jsoup.parser.HtmlTreeBuilder,insert/1[org.jsoup.parser.Token.Character],false,403,4,4,2,2,1,2,4,0,1,1,2,1,2,0,0,0,0,0,0,1,0,0,0,0,0,11,0,0,true
/home/alison/jsoup-quality-analysis/work/jsoup/src/main/java/org/jsoup/parser/HtmlTreeBuilder.java,org.jsoup.parser.HtmlTreeBuilder,getDocument/0,false,281,1,2,2,0,1,0,3,1,0,0,0,0,0,0,0,0,0,0,0,0,0,0,0,0,0,3,0,0,false
/home/alison/jsoup-quality-analysis/work/jsoup/src/main/java/org/jsoup/parser/HtmlTreeBuilder.java,org.jsoup.parser.HtmlTreeBuilder,clearStackToTableRowContext/0,false,567,1,2,1,1,1,1,3,0,0,0,1,1,1,0,0,0,0,2,0,0,0,0,0,0,0,6,0,0,false
/home/alison/jsoup-quality-analysis/work/jsoup/src/main/java/org/jsoup/parser/HtmlTreeBuilder.java,org.jsoup.parser.HtmlTreeBuilder,getFormElement/0,false,802,2,3,3,0,1,0,3,1,0,0,0,0,0,0,0,0,0,0,0,0,0,0,0,0,0,4,0,0,false
/home/alison/jsoup-quality-analysis/work/jsoup/src/main/java/org/jsoup/parser/HtmlTreeBuilder.java,org.jsoup.parser.HtmlTreeBuilder,popTemplateMode/0,false,1046,2,1,1,0,2,2,8,2,0,0,2,0,0,0,0,0,0,0,2,0,1,1,0,0,0,8,0,0,false
/home/alison/jsoup-quality-analysis/work/jsoup/src/main/java/org/jsoup/parser/HtmlTreeBuilder.java,org.jsoup.parser.HtmlTreeBuilder,clearStackToContext/1[java.lang.String[]],false,572,3,7,3,4,5,8,7,0,2,1,8,0,0,1,0,0,1,1,2,2,1,2,0,0,0,23,2,0,true
/home/alison/jsoup-quality-analysis/work/jsoup/src/main/java/org/jsoup/parser/HtmlTreeBuilder.java,org.jsoup.parser.HtmlTreeBuilder,inScope/1[java.lang.String[]],false,733,1,2,1,1,1,1,3,1,0,1,1,1,1,0,0,0,0,0,0,0,0,0,0,0,0,5,0,0,false
/home/alison/jsoup-quality-analysis/work/jsoup/src/main/java/org/jsoup/parser/HtmlTreeBuilder.java,org.jsoup.parser.HtmlTreeBuilder,removeFromActiveFormattingElements/1[org.jsoup.nodes.Element],false,985,1,2,2,0,3,3,9,0,2,1,3,0,0,1,1,0,0,0,2,2,1,2,0,0,0,9,0,0,false
/home/alison/jsoup-quality-analysis/work/jsoup/src/main/java/org/jsoup/parser/HtmlTreeBuilder.java,org.jsoup.parser.HtmlTreeBuilder,"inSpecificScope/3[java.lang.String[],java.lang.String[],java.lang.String[]]",false,711,4,6,2,4,8,7,13,4,5,3,7,0,0,1,1,0,0,0,2,5,2,2,0,0,0,20,2,0,false
/home/alison/jsoup-quality-analysis/work/jsoup/src/main/java/org/jsoup/parser/HtmlTreeBuilder.java,org.jsoup.parser.HtmlTreeBuilder,shouldDispatchToCurrentInsertionMode/1[org.jsoup.parser.Token],false,178,5,11,1,10,15,12,13,7,2,1,12,2,1,0,0,0,1,4,0,2,0,2,0,0,0,18,0,0,false
/home/alison/jsoup-quality-analysis/work/jsoup/src/main/java/org/jsoup/parser/HtmlTreeBuilder.java,org.jsoup.parser.HtmlTreeBuilder,insert/1[org.jsoup.parser.Token.StartTag],false,312,7,17,4,13,2,13,13,2,2,1,13,3,7,0,0,0,0,0,0,2,0,1,0,0,0,19,0,0,true
/home/alison/jsoup-quality-analysis/work/jsoup/src/main/java/org/jsoup/parser/HtmlTreeBuilder.java,org.jsoup.parser.HtmlTreeBuilder,process/1[org.jsoup.parser.Token],false,168,3,7,5,2,2,2,9,2,0,1,2,1,2,0,0,0,0,0,0,1,0,1,0,0,0,10,4,0,false
/home/alison/jsoup-quality-analysis/work/jsoup/src/main/java/org/jsoup/nodes/FormElement.java,org.jsoup.nodes.FormElement,clone/0,false,122,1,0,0,0,1,1,3,1,0,0,1,0,0,0,0,0,0,0,0,0,0,0,0,0,0,3,1,0,false
/home/alison/jsoup-quality-analysis/work/jsoup/src/main/java/org/jsoup/nodes/FormElement.java,org.jsoup.nodes.FormElement,elements/0,false,35,1,0,0,0,1,0,3,1,0,0,0,0,0,0,0,0,0,0,0,0,0,0,0,0,0,11,1,0,true
/home/alison/jsoup-quality-analysis/work/jsoup/src/main/java/org/jsoup/nodes/FormElement.java,org.jsoup.nodes.FormElement,"FormElement/3[org.jsoup.parser.Tag,java.lang.String,org.jsoup.nodes.Attributes]",true,27,2,1,1,0,1,0,3,0,0,3,0,0,0,0,0,0,0,0,0,0,0,0,0,0,0,18,1,0,true
/home/alison/jsoup-quality-analysis/work/jsoup/src/main/java/org/jsoup/nodes/FormElement.java,org.jsoup.nodes.FormElement,formData/0,false,83,6,10,1,9,15,13,33,1,7,0,13,0,0,2,2,0,0,12,2,8,0,4,0,0,0,37,1,0,true
/home/alison/jsoup-quality-analysis/work/jsoup/src/main/java/org/jsoup/nodes/FormElement.java,org.jsoup.nodes.FormElement,removeChild/1[org.jsoup.nodes.Node],false,50,1,0,0,0,1,2,4,0,0,1,2,0,0,0,0,0,0,0,0,0,0,0,0,0,0,4,4,0,false
/home/alison/jsoup-quality-analysis/work/jsoup/src/main/java/org/jsoup/nodes/FormElement.java,org.jsoup.nodes.FormElement,submit/0,false,65,8,13,0,13,4,14,8,1,4,0,14,1,1,0,1,0,0,5,0,4,0,0,0,0,0,76,1,0,true
/home/alison/jsoup-quality-analysis/work/jsoup/src/main/java/org/jsoup/nodes/FormElement.java,org.jsoup.nodes.FormElement,addElement/1[org.jsoup.nodes.Element],false,44,2,1,1,0,1,1,4,1,0,1,1,0,0,0,0,0,0,0,0,0,0,0,0,0,0,10,1,0,true
/home/alison/jsoup-quality-analysis/work/jsoup/src/main/java/org/jsoup/UnsupportedMimeTypeException.java,org.jsoup.UnsupportedMimeTypeException,getMimeType/0,false,18,0,0,0,0,1,0,3,1,0,0,0,0,0,0,0,0,0,0,0,0,0,0,0,0,0,4,1,0,false
/home/alison/jsoup-quality-analysis/work/jsoup/src/main/java/org/jsoup/UnsupportedMimeTypeException.java,org.jsoup.UnsupportedMimeTypeException,getUrl/0,false,22,0,0,0,0,1,0,3,1,0,0,0,0,0,0,0,0,0,0,0,0,0,0,0,0,0,3,1,0,false
/home/alison/jsoup-quality-analysis/work/jsoup/src/main/java/org/jsoup/UnsupportedMimeTypeException.java,org.jsoup.UnsupportedMimeTypeException,"UnsupportedMimeTypeException/3[java.lang.String,java.lang.String,java.lang.String]",true,12,0,1,1,0,1,0,5,0,0,3,0,0,0,0,0,0,0,0,0,2,0,0,0,0,0,7,1,0,false
/home/alison/jsoup-quality-analysis/work/jsoup/src/main/java/org/jsoup/UnsupportedMimeTypeException.java,org.jsoup.UnsupportedMimeTypeException,toString/0,false,27,0,0,0,0,1,1,3,1,0,0,1,0,0,0,0,0,0,2,0,0,1,0,0,0,0,9,1,0,false
/home/alison/jsoup-quality-analysis/work/jsoup/src/main/java/org/jsoup/select/StructuralEvaluator.java,org.jsoup.select.StructuralEvaluator,reset/0,false,41,0,0,0,0,1,3,4,0,0,0,3,0,0,0,0,0,0,0,0,0,0,0,0,0,0,1,4,0,false
/home/alison/jsoup-quality-analysis/work/jsoup/src/main/java/org/jsoup/select/StructuralEvaluator.java,org.jsoup.select.StructuralEvaluator,StructuralEvaluator/1[org.jsoup.select.Evaluator],true,16,1,0,0,0,1,0,3,0,0,1,0,0,0,0,0,0,0,0,0,1,0,0,0,0,0,3,1,0,false
/home/alison/jsoup-quality-analysis/work/jsoup/src/main/java/org/jsoup/select/StructuralEvaluator.java,org.jsoup.select.StructuralEvaluator,"memoMatches/2[org.jsoup.nodes.Element,org.jsoup.nodes.Element]",false,25,2,6,5,1,3,6,14,1,3,2,6,0,0,0,2,0,0,0,0,5,0,1,0,0,0,9,0,0,false
/home/alison/jsoup-quality-analysis/work/jsoup/src/main/java/org/jsoup/nodes/EntitiesData.java,org.jsoup.nodes.EntitiesData,(initializer 1),false,13,0,1,0,1,1,0,5,0,0,0,0,0,0,0,0,0,0,3,0,3,0,0,0,0,0,4751,8,0,false
/home/alison/jsoup-quality-analysis/work/jsoup/src/main/java/org/jsoup/select/Evaluator.java,org.jsoup.select.Evaluator$IndexEquals,IndexEquals/1[int],true,444,0,2,2,0,1,0,3,0,0,1,0,0,0,0,0,0,0,0,0,0,0,0,0,0,0,3,1,0,false
/home/alison/jsoup-quality-analysis/work/jsoup/src/main/java/org/jsoup/select/Evaluator.java,org.jsoup.select.Evaluator$IndexEquals,toString/0,false,454,0,0,0,0,1,1,3,1,0,0,1,0,0,0,0,0,0,1,0,0,0,0,0,0,0,2,1,0,false
/home/alison/jsoup-quality-analysis/work/jsoup/src/main/java/org/jsoup/select/Evaluator.java,org.jsoup.select.Evaluator$IndexEquals,"matches/2[org.jsoup.nodes.Element,org.jsoup.nodes.Element]",false,449,1,1,0,1,2,1,3,1,0,2,1,0,0,0,1,0,0,0,0,0,0,0,0,0,0,4,1,0,false
/home/alison/jsoup-quality-analysis/work/jsoup/src/main/java/org/jsoup/select/Selector.java,org.jsoup.select.Selector$SelectorParseException,"SelectorParseException/2[java.lang.String,java.lang.Object[]]",true,172,0,5,5,0,1,1,3,0,0,2,1,0,0,0,0,0,0,0,0,0,0,0,0,0,0,5,1,0,false
/home/alison/jsoup-quality-analysis/work/jsoup/src/main/java/org/jsoup/select/Selector.java,org.jsoup.select.Selector$SelectorParseException,SelectorParseException/1[java.lang.String],true,168,0,1,1,0,1,0,3,0,0,1,0,0,0,0,0,0,0,0,0,0,0,0,0,0,0,4,1,0,false
/home/alison/jsoup-quality-analysis/work/jsoup/src/main/java/org/jsoup/select/Selector.java,org.jsoup.select.Selector$SelectorParseException,"SelectorParseException/3[java.lang.Throwable,java.lang.String,java.lang.Object[]]",true,176,0,1,1,0,1,1,3,0,0,3,1,0,0,0,0,0,0,0,0,0,0,0,0,0,0,6,1,0,false
/home/alison/jsoup-quality-analysis/work/jsoup/src/main/java/org/jsoup/parser/Token.java,org.jsoup.parser.Token$Tag,appendAttributeValue/1[int[]],false,264,2,2,1,1,2,2,6,0,0,1,2,1,1,1,0,0,0,0,0,0,0,1,0,0,0,7,16,0,false
/home/alison/jsoup-quality-analysis/work/jsoup/src/main/java/org/jsoup/parser/Token.java,org.jsoup.parser.Token$Tag,setEmptyAttributeValue/0,false,271,0,1,1,0,1,0,3,0,0,0,0,0,0,0,0,0,0,0,0,1,0,0,0,0,0,7,16,0,false
/home/alison/jsoup-quality-analysis/work/jsoup/src/main/java/org/jsoup/parser/Token.java,org.jsoup.parser.Token$Tag,ensureAttrValue/0,false,284,0,4,4,0,2,1,7,0,0,0,1,0,0,0,1,0,0,0,0,2,0,1,0,0,0,8,2,0,false
/home/alison/jsoup-quality-analysis/work/jsoup/src/main/java/org/jsoup/parser/Token.java,org.jsoup.parser.Token$Tag,finaliseTag/0,false,184,1,2,1,1,2,1,5,0,0,0,1,1,1,0,0,0,0,0,0,0,0,1,0,0,0,7,16,0,false
/home/alison/jsoup-quality-analysis/work/jsoup/src/main/java/org/jsoup/parser/Token.java,org.jsoup.parser.Token$Tag,appendAttributeName/1[char],false,240,1,2,1,1,1,2,4,0,0,1,2,1,1,0,0,0,0,0,0,0,0,0,0,0,0,5,16,0,false
/home/alison/jsoup-quality-analysis/work/jsoup/src/main/java/org/jsoup/parser/Token.java,org.jsoup.parser.Token$Tag,name/1[java.lang.String],false,206,2,6,5,1,1,1,5,1,0,1,1,0,0,0,0,0,0,0,0,2,0,0,0,0,0,5,16,0,false
/home/alison/jsoup-quality-analysis/work/jsoup/src/main/java/org/jsoup/parser/Token.java,org.jsoup.parser.Token$Tag,hasAttribute/1[java.lang.String],false,176,1,2,1,1,2,1,3,1,0,1,1,0,0,0,1,0,0,0,0,0,0,0,0,0,0,8,16,0,true
/home/alison/jsoup-quality-analysis/work/jsoup/src/main/java/org/jsoup/parser/Token.java,org.jsoup.parser.Token$Tag,appendAttributeValue/1[java.lang.String],false,245,1,2,1,1,2,3,9,0,0,1,3,1,1,0,1,0,0,0,1,1,0,1,0,0,0,7,16,0,false
/home/alison/jsoup-quality-analysis/work/jsoup/src/main/java/org/jsoup/parser/Token.java,org.jsoup.parser.Token$Tag,normalName/0,false,198,0,5,5,0,1,0,3,1,0,0,0,0,0,0,0,0,0,0,0,0,0,0,0,0,0,3,16,0,true
/home/alison/jsoup-quality-analysis/work/jsoup/src/main/java/org/jsoup/parser/Token.java,org.jsoup.parser.Token$Tag,appendTagName/1[java.lang.String],false,217,1,4,3,1,2,3,5,0,0,1,3,0,0,0,1,0,0,0,0,3,0,0,0,0,0,6,16,0,false
/home/alison/jsoup-quality-analysis/work/jsoup/src/main/java/org/jsoup/parser/Token.java,org.jsoup.parser.Token$Tag,hasAttributes/0,false,171,0,6,6,0,2,0,3,1,0,0,0,0,0,0,1,0,0,0,0,0,0,0,0,0,0,4,16,0,false
/home/alison/jsoup-quality-analysis/work/jsoup/src/main/java/org/jsoup/parser/Token.java,org.jsoup.parser.Token$Tag,toStringName/0,false,202,0,2,2,0,2,0,3,1,0,0,0,0,0,0,1,0,0,1,0,0,0,0,0,0,0,5,16,0,false
/home/alison/jsoup-quality-analysis/work/jsoup/src/main/java/org/jsoup/parser/Token.java,org.jsoup.parser.Token$Tag,appendAttributeValue/1[char],false,254,1,2,1,1,1,2,4,0,0,1,2,1,1,0,0,0,0,0,0,0,0,0,0,0,0,5,16,0,false
/home/alison/jsoup-quality-analysis/work/jsoup/src/main/java/org/jsoup/parser/Token.java,org.jsoup.parser.Token$Tag,newAttribute/0,false,141,2,6,2,4,9,7,21,0,2,0,7,0,0,0,1,0,0,1,3,11,0,4,0,0,0,17,16,0,false
/home/alison/jsoup-quality-analysis/work/jsoup/src/main/java/org/jsoup/parser/Token.java,org.jsoup.parser.Token$Tag,ensureAttrName/0,false,275,0,2,2,0,2,1,7,0,0,0,1,0,0,0,1,0,0,0,0,2,0,1,0,0,0,8,2,0,false
/home/alison/jsoup-quality-analysis/work/jsoup/src/main/java/org/jsoup/parser/Token.java,org.jsoup.parser.Token$Tag,reset/0,false,120,2,4,3,1,1,2,15,1,0,0,2,0,0,0,0,0,0,0,0,9,0,0,0,0,0,16,0,0,false
/home/alison/jsoup-quality-analysis/work/jsoup/src/main/java/org/jsoup/parser/Token.java,org.jsoup.parser.Token$Tag,isSelfClosing/0,false,212,0,6,6,0,1,0,3,1,0,0,0,0,0,0,0,0,0,0,0,0,0,0,0,0,0,4,16,0,false
/home/alison/jsoup-quality-analysis/work/jsoup/src/main/java/org/jsoup/parser/Token.java,org.jsoup.parser.Token$Tag,hasAttributeIgnoreCase/1[java.lang.String],false,180,1,2,1,1,2,1,3,1,0,1,1,0,0,0,1,0,0,0,0,0,0,0,0,0,0,7,16,0,false
/home/alison/jsoup-quality-analysis/work/jsoup/src/main/java/org/jsoup/parser/Token.java,org.jsoup.parser.Token$Tag,appendAttributeName/1[java.lang.String],false,228,1,2,1,1,2,4,10,0,0,1,4,1,1,0,1,0,0,0,1,2,0,1,0,0,0,7,16,0,false
/home/alison/jsoup-quality-analysis/work/jsoup/src/main/java/org/jsoup/parser/Token.java,org.jsoup.parser.Token$Tag,name/0,false,192,1,7,6,1,3,2,4,1,0,0,2,0,0,0,2,0,0,0,1,0,0,0,0,0,0,5,16,0,true
/home/alison/jsoup-quality-analysis/work/jsoup/src/main/java/org/jsoup/parser/Token.java,org.jsoup.parser.Token$Tag,appendAttributeValue/1[char[]],false,259,2,1,0,1,1,2,4,0,0,1,2,1,1,0,0,0,0,0,0,0,0,0,0,0,0,5,16,0,false
/home/alison/jsoup-quality-analysis/work/jsoup/src/main/java/org/jsoup/parser/Token.java,org.jsoup.parser.Token$Tag,appendTagName/1[char],false,224,1,2,1,1,1,2,3,0,0,1,2,1,1,0,0,0,0,0,0,0,0,0,0,0,0,3,16,0,false
/home/alison/jsoup-quality-analysis/work/jsoup/src/main/java/org/jsoup/parser/Token.java,org.jsoup.parser.Token$Tag,toString/0,false,293,0,0,0,0,1,0,1,0,0,0,0,0,0,0,0,0,0,0,0,0,0,0,0,0,0,2,1025,0,false
/home/alison/jsoup-quality-analysis/work/jsoup/src/main/java/org/jsoup/nodes/XmlDeclaration.java,org.jsoup.nodes.XmlDeclaration,getWholeDeclaration/0,false,43,4,5,0,5,2,4,10,1,1,0,4,1,2,0,0,1,0,0,0,1,0,1,0,0,0,18,1,0,true
/home/alison/jsoup-quality-analysis/work/jsoup/src/main/java/org/jsoup/nodes/XmlDeclaration.java,org.jsoup.nodes.XmlDeclaration,clone/0,false,92,1,0,0,0,1,1,3,1,0,0,1,0,0,0,0,0,0,0,0,0,0,0,0,0,0,3,1,0,false
/home/alison/jsoup-quality-analysis/work/jsoup/src/main/java/org/jsoup/nodes/XmlDeclaration.java,org.jsoup.nodes.XmlDeclaration,"outerHtmlHead/3[java.lang.Appendable,int,org.jsoup.nodes.Document.OutputSettings]",false,71,3,2,0,2,3,3,5,0,0,3,3,1,2,0,0,0,0,6,0,0,0,0,0,0,0,16,0,0,false
/home/alison/jsoup-quality-analysis/work/jsoup/src/main/java/org/jsoup/nodes/XmlDeclaration.java,org.jsoup.nodes.XmlDeclaration,"outerHtmlTail/3[java.lang.Appendable,int,org.jsoup.nodes.Document.OutputSettings]",false,83,1,0,0,0,1,0,2,0,0,3,0,0,0,0,0,0,0,0,0,0,0,0,0,0,0,5,0,0,false
/home/alison/jsoup-quality-analysis/work/jsoup/src/main/java/org/jsoup/nodes/XmlDeclaration.java,org.jsoup.nodes.XmlDeclaration,"XmlDeclaration/2[java.lang.String,boolean]",true,21,1,3,2,1,1,1,5,0,0,2,1,0,0,0,0,0,0,0,0,2,0,0,0,0,0,16,1,0,true
/home/alison/jsoup-quality-analysis/work/jsoup/src/main/java/org/jsoup/nodes/XmlDeclaration.java,org.jsoup.nodes.XmlDeclaration,nodeName/0,false,27,0,1,1,0,1,0,3,1,0,0,0,0,0,0,0,0,0,1,0,0,0,0,0,0,0,2,1,0,false
/home/alison/jsoup-quality-analysis/work/jsoup/src/main/java/org/jsoup/nodes/XmlDeclaration.java,org.jsoup.nodes.XmlDeclaration,toString/0,false,87,1,1,0,1,1,1,3,1,0,0,1,0,0,0,0,0,0,0,0,0,0,0,0,0,0,4,1,0,false
/home/alison/jsoup-quality-analysis/work/jsoup/src/main/java/org/jsoup/nodes/XmlDeclaration.java,org.jsoup.nodes.XmlDeclaration,name/0,false,35,1,3,2,1,1,1,3,1,0,0,1,0,0,0,0,0,0,0,0,0,0,0,0,0,0,6,1,0,true
/home/alison/jsoup-quality-analysis/work/jsoup/src/main/java/org/jsoup/nodes/XmlDeclaration.java,org.jsoup.nodes.XmlDeclaration,"getWholeDeclaration/2[java.lang.Appendable,org.jsoup.nodes.Document.OutputSettings]",false,53,5,7,2,5,4,9,15,0,2,2,9,1,1,1,0,0,0,1,0,2,0,3,0,0,0,15,2,0,false
/home/alison/jsoup-quality-analysis/work/jsoup/src/main/java/org/jsoup/parser/Token.java,org.jsoup.parser.Token$Doctype,getPublicIdentifier/0,false,85,0,2,2,0,1,1,3,1,0,0,1,0,0,0,0,0,0,0,0,0,0,0,0,0,0,3,0,0,false
/home/alison/jsoup-quality-analysis/work/jsoup/src/main/java/org/jsoup/parser/Token.java,org.jsoup.parser.Token$Doctype,getSystemIdentifier/0,false,89,0,2,2,0,1,1,3,1,0,0,1,0,0,0,0,0,0,0,0,0,0,0,0,0,0,3,1,0,false
/home/alison/jsoup-quality-analysis/work/jsoup/src/main/java/org/jsoup/parser/Token.java,org.jsoup.parser.Token$Doctype,getName/0,false,77,0,3,3,0,1,1,3,1,0,0,1,0,0,0,0,0,0,0,0,0,0,0,0,0,0,2,0,0,false
/home/alison/jsoup-quality-analysis/work/jsoup/src/main/java/org/jsoup/parser/Token.java,org.jsoup.parser.Token$Doctype,getPubSysKey/0,false,81,0,2,2,0,1,0,3,1,0,0,0,0,0,0,0,0,0,0,0,0,0,0,0,0,0,5,0,0,false
/home/alison/jsoup-quality-analysis/work/jsoup/src/main/java/org/jsoup/parser/Token.java,org.jsoup.parser.Token$Doctype,Doctype/0,true,62,0,0,0,0,1,0,3,0,0,0,0,0,0,0,0,0,0,0,0,1,0,0,0,0,0,2,0,0,false
/home/alison/jsoup-quality-analysis/work/jsoup/src/main/java/org/jsoup/parser/Token.java,org.jsoup.parser.Token$Doctype,toString/0,false,98,1,1,0,1,1,1,3,1,0,0,1,1,1,0,0,0,0,2,0,0,1,0,0,0,0,5,1,0,false
/home/alison/jsoup-quality-analysis/work/jsoup/src/main/java/org/jsoup/parser/Token.java,org.jsoup.parser.Token$Doctype,isForceQuirks/0,false,93,0,1,1,0,1,0,3,1,0,0,0,0,0,0,0,0,0,0,0,0,0,0,0,0,0,4,1,0,false
/home/alison/jsoup-quality-analysis/work/jsoup/src/main/java/org/jsoup/parser/Token.java,org.jsoup.parser.Token$Doctype,reset/0,false,67,2,2,1,1,1,2,9,1,0,0,2,0,0,0,0,0,0,0,0,2,0,0,0,0,0,13,0,0,false
/home/alison/jsoup-quality-analysis/work/jsoup/src/main/java/org/jsoup/select/Evaluator.java,org.jsoup.select.Evaluator$TagEndsWith,"matches/2[org.jsoup.nodes.Element,org.jsoup.nodes.Element]",false,91,1,1,0,1,1,2,3,1,0,2,2,0,0,0,0,0,1,0,0,0,0,0,0,0,0,5,1,0,false
/home/alison/jsoup-quality-analysis/work/jsoup/src/main/java/org/jsoup/select/Evaluator.java,org.jsoup.select.Evaluator$TagEndsWith,toString/0,false,96,0,0,0,0,1,1,3,1,0,0,1,0,0,0,0,0,0,1,0,0,0,0,0,0,0,2,1,0,false
/home/alison/jsoup-quality-analysis/work/jsoup/src/main/java/org/jsoup/select/Evaluator.java,org.jsoup.select.Evaluator$TagEndsWith,TagEndsWith/1[java.lang.String],true,86,0,1,1,0,1,0,3,0,0,1,0,0,0,0,0,0,0,0,0,1,0,0,0,0,0,5,1,0,false
/home/alison/jsoup-quality-analysis/work/jsoup/src/main/java/org/jsoup/helper/CookieUtil.java,org.jsoup.helper.CookieUtil,"storeCookies/3[org.jsoup.helper.HttpConnection.Request,java.net.URL,java.util.Map<java.lang.String,java.util.List<java.lang.String>>]",false,86,2,3,1,2,1,3,3,0,0,3,3,1,1,0,0,0,0,0,0,0,0,0,0,0,0,8,8,0,false
/home/alison/jsoup-quality-analysis/work/jsoup/src/main/java/org/jsoup/helper/CookieUtil.java,org.jsoup.helper.CookieUtil,requestCookieSet/1[org.jsoup.Connection.Request],false,67,2,2,1,1,2,5,7,1,1,1,5,0,0,1,0,0,0,1,0,1,1,1,0,0,0,6,10,0,false
/home/alison/jsoup-quality-analysis/work/jsoup/src/main/java/org/jsoup/helper/CookieUtil.java,org.jsoup.helper.CookieUtil,asUri/1[java.net.URL],false,76,0,2,2,0,2,3,10,1,1,1,3,0,0,0,0,1,0,0,0,1,0,1,0,0,0,13,8,0,false
/home/alison/jsoup-quality-analysis/work/jsoup/src/main/java/org/jsoup/helper/CookieUtil.java,org.jsoup.helper.CookieUtil,"applyCookiesToRequest/2[org.jsoup.helper.HttpConnection.Request,java.net.HttpURLConnection]",false,35,3,5,1,4,9,13,22,0,6,2,13,2,1,1,3,0,0,0,3,8,0,3,0,0,0,43,8,0,true
/home/alison/jsoup-quality-analysis/work/jsoup/src/main/java/org/jsoup/nodes/Element.java,org.jsoup.nodes.Element$TextAccumulator,TextAccumulator/1[java.lang.StringBuilder],true,1354,0,1,1,0,1,0,3,0,0,1,0,0,0,0,0,0,0,0,0,1,0,0,0,0,0,5,1,0,false
/home/alison/jsoup-quality-analysis/work/jsoup/src/main/java/org/jsoup/nodes/Element.java,org.jsoup.nodes.Element$TextAccumulator,"head/2[org.jsoup.nodes.Node,int]",false,1358,3,4,0,4,7,6,10,0,2,2,6,0,0,0,0,0,1,1,1,2,0,2,0,0,0,15,1,0,false
/home/alison/jsoup-quality-analysis/work/jsoup/src/main/java/org/jsoup/nodes/Element.java,org.jsoup.nodes.Element$TextAccumulator,"tail/2[org.jsoup.nodes.Node,int]",false,1371,4,4,0,4,7,5,7,0,2,2,5,0,0,0,0,0,2,0,0,2,0,2,0,0,0,13,1,0,false
/home/alison/jsoup-quality-analysis/work/jsoup/src/main/java/org/jsoup/select/Evaluator.java,org.jsoup.select.Evaluator$Tag,Tag/1[java.lang.String],true,60,0,2,2,0,1,0,3,0,0,1,0,0,0,0,0,0,0,0,0,1,0,0,0,0,0,3,1,0,false
/home/alison/jsoup-quality-analysis/work/jsoup/src/main/java/org/jsoup/select/Evaluator.java,org.jsoup.select.Evaluator$Tag,cost/0,false,69,0,0,0,0,1,0,3,1,0,0,0,0,0,0,0,0,0,0,1,0,0,0,0,0,0,1,4,0,false
/home/alison/jsoup-quality-analysis/work/jsoup/src/main/java/org/jsoup/select/Evaluator.java,org.jsoup.select.Evaluator$Tag,"matches/2[org.jsoup.nodes.Element,org.jsoup.nodes.Element]",false,65,1,1,0,1,1,2,3,1,0,2,2,0,0,0,0,0,1,0,0,0,0,0,0,0,0,5,1,0,false
/home/alison/jsoup-quality-analysis/work/jsoup/src/main/java/org/jsoup/select/Evaluator.java,org.jsoup.select.Evaluator$Tag,toString/0,false,74,0,0,0,0,1,1,3,1,0,0,1,0,0,0,0,0,0,1,0,0,0,0,0,0,0,2,1,0,false
/home/alison/jsoup-quality-analysis/work/jsoup/src/main/java/org/jsoup/internal/StringUtil.java,org.jsoup.internal.StringUtil,releaseBuilder/1[java.lang.StringBuilder],false,360,1,25,24,1,3,8,12,1,2,1,8,0,0,1,0,0,0,0,1,3,0,1,0,0,0,40,9,0,true
/home/alison/jsoup-quality-analysis/work/jsoup/src/main/java/org/jsoup/internal/StringUtil.java,org.jsoup.internal.StringUtil,"in/2[java.lang.String,java.lang.String[]]",false,255,0,6,6,0,3,1,7,2,2,2,1,0,0,1,0,0,0,0,1,2,0,2,0,0,0,7,9,0,false
/home/alison/jsoup-quality-analysis/work/jsoup/src/main/java/org/jsoup/internal/StringUtil.java,org.jsoup.internal.StringUtil,isActuallyWhitespace/1[int],false,205,0,1,1,0,7,0,3,1,0,1,0,0,0,0,6,0,0,0,1,0,0,0,0,0,0,20,9,0,true
/home/alison/jsoup-quality-analysis/work/jsoup/src/main/java/org/jsoup/internal/StringUtil.java,org.jsoup.internal.StringUtil,isNumeric/1[java.lang.String],false,178,0,1,1,0,5,3,8,3,2,1,3,0,0,1,2,0,0,0,2,2,0,2,0,0,0,20,9,0,true
/home/alison/jsoup-quality-analysis/work/jsoup/src/main/java/org/jsoup/internal/StringUtil.java,org.jsoup.internal.StringUtil,"inSorted/2[java.lang.String,java.lang.String[]]",false,264,0,13,13,0,2,1,3,1,0,2,1,0,0,0,0,0,0,0,1,0,0,0,0,0,0,3,9,0,false
/home/alison/jsoup-quality-analysis/work/jsoup/src/main/java/org/jsoup/internal/StringUtil.java,org.jsoup.internal.StringUtil,padding/1[int],false,122,1,1,0,1,1,1,3,1,0,1,1,1,1,0,0,0,0,0,1,0,0,0,0,0,0,17,9,0,true
/home/alison/jsoup-quality-analysis/work/jsoup/src/main/java/org/jsoup/internal/StringUtil.java,org.jsoup.internal.StringUtil,"resolve/2[java.net.URL,java.lang.String]",false,292,1,3,2,1,3,10,10,1,2,2,10,1,1,0,1,0,0,3,0,5,2,1,0,0,0,37,9,0,true
/home/alison/jsoup-quality-analysis/work/jsoup/src/main/java/org/jsoup/internal/StringUtil.java,org.jsoup.internal.StringUtil,"resolve/2[java.lang.String,java.lang.String]",false,312,1,3,1,2,4,5,18,3,2,2,5,2,2,0,0,2,0,1,0,4,0,2,0,0,0,38,9,0,true
/home/alison/jsoup-quality-analysis/work/jsoup/src/main/java/org/jsoup/internal/StringUtil.java,org.jsoup.internal.StringUtil,isBlank/1[java.lang.String],false,150,1,6,5,1,5,3,8,3,2,1,3,1,1,1,2,0,0,0,2,2,0,2,0,0,0,17,9,0,true
/home/alison/jsoup-quality-analysis/work/jsoup/src/main/java/org/jsoup/internal/StringUtil.java,org.jsoup.internal.StringUtil,"join/2[java.util.Iterator<?>,java.lang.String]",false,40,1,4,1,3,4,5,11,3,2,2,5,0,0,1,0,0,0,1,0,2,0,1,0,0,0,20,9,0,true
/home/alison/jsoup-quality-analysis/work/jsoup/src/main/java/org/jsoup/internal/StringUtil.java,org.jsoup.internal.StringUtil,stripControlChars/1[java.lang.String],false,334,0,2,2,0,1,2,3,1,0,1,2,0,0,0,0,0,0,1,0,0,0,0,0,0,0,4,10,0,false
/home/alison/jsoup-quality-analysis/work/jsoup/src/main/java/org/jsoup/internal/StringUtil.java,org.jsoup.internal.StringUtil,"appendNormalisedWhitespace/3[java.lang.StringBuilder,java.lang.String,boolean]",false,233,1,4,2,2,7,7,19,0,5,3,7,2,1,1,0,0,1,0,1,9,0,3,0,0,0,40,9,0,true
/home/alison/jsoup-quality-analysis/work/jsoup/src/main/java/org/jsoup/internal/StringUtil.java,org.jsoup.internal.StringUtil,"padding/2[int,int]",false,132,2,4,2,2,6,4,9,2,2,2,4,0,0,1,1,0,0,1,4,4,0,1,0,0,0,21,9,0,true
/home/alison/jsoup-quality-analysis/work/jsoup/src/main/java/org/jsoup/internal/StringUtil.java,org.jsoup.internal.StringUtil,isAscii/1[java.lang.String],false,273,1,1,0,1,3,3,10,2,2,1,3,0,0,1,0,0,0,0,2,2,0,2,0,0,0,22,9,0,true
/home/alison/jsoup-quality-analysis/work/jsoup/src/main/java/org/jsoup/internal/StringUtil.java,org.jsoup.internal.StringUtil,borrowBuilder/0,false,347,0,25,25,0,2,3,4,1,1,0,3,0,0,0,0,0,0,0,0,1,0,0,0,0,0,36,9,0,true
/home/alison/jsoup-quality-analysis/work/jsoup/src/main/java/org/jsoup/internal/StringUtil.java,org.jsoup.internal.StringUtil,isInvisibleChar/1[int],false,210,0,1,1,0,3,0,3,1,0,1,0,0,0,0,2,0,0,0,2,0,0,0,0,0,0,4,9,0,false
/home/alison/jsoup-quality-analysis/work/jsoup/src/main/java/org/jsoup/internal/StringUtil.java,org.jsoup.internal.StringUtil,isWhitespace/1[int],false,196,0,3,3,0,6,0,3,1,0,1,0,0,0,0,5,0,0,0,0,0,0,0,0,0,0,22,9,0,true
/home/alison/jsoup-quality-analysis/work/jsoup/src/main/java/org/jsoup/internal/StringUtil.java,org.jsoup.internal.StringUtil,startsWithNewline/1[java.lang.String],false,167,0,0,0,0,4,2,4,2,0,1,2,0,0,0,3,0,0,0,2,0,0,1,0,0,0,16,9,0,true
/home/alison/jsoup-quality-analysis/work/jsoup/src/main/java/org/jsoup/internal/StringUtil.java,org.jsoup.internal.StringUtil,"join/2[java.lang.String[],java.lang.String]",false,62,1,1,0,1,1,2,3,1,0,2,2,1,2,0,0,0,0,0,0,0,0,0,0,0,0,17,9,0,true
/home/alison/jsoup-quality-analysis/work/jsoup/src/main/java/org/jsoup/internal/StringUtil.java,org.jsoup.internal.StringUtil,normaliseWhitespace/1[java.lang.String],false,221,1,8,5,3,1,3,5,1,1,1,3,3,2,0,0,0,0,0,0,1,0,0,0,0,0,25,9,0,true
/home/alison/jsoup-quality-analysis/work/jsoup/src/main/java/org/jsoup/internal/StringUtil.java,org.jsoup.internal.StringUtil,"join/2[java.util.Collection<?>,java.lang.String]",false,30,1,8,7,1,1,2,3,1,0,2,2,1,1,0,0,0,0,0,0,0,0,0,0,0,0,15,9,0,true
/home/alison/jsoup-quality-analysis/work/jsoup/src/main/java/org/jsoup/parser/TokeniserState.java,org.jsoup.parser.TokeniserState$Anonymous24,"read/2[org.jsoup.parser.Tokeniser,org.jsoup.parser.CharacterReader]",false,391,2,60,0,60,6,6,23,1,1,2,6,0,0,0,0,0,0,0,0,1,0,1,0,0,0,11,0,1,false
/home/alison/jsoup-quality-analysis/work/jsoup/src/main/java/org/jsoup/parser/TokeniserState.java,org.jsoup.parser.TokeniserState$Anonymous25,"read/2[org.jsoup.parser.Tokeniser,org.jsoup.parser.CharacterReader]",false,422,2,60,0,60,3,9,17,0,0,2,9,0,0,0,0,0,0,1,0,0,0,1,0,0,0,12,0,0,false
/home/alison/jsoup-quality-analysis/work/jsoup/src/main/java/org/jsoup/parser/TokeniserState.java,org.jsoup.parser.TokeniserState$Anonymous26,"read/2[org.jsoup.parser.Tokeniser,org.jsoup.parser.CharacterReader]",false,439,3,60,0,60,2,8,12,0,0,2,8,0,0,0,0,0,0,1,0,0,0,1,0,0,0,10,0,0,false
/home/alison/jsoup-quality-analysis/work/jsoup/src/main/java/org/jsoup/parser/TokeniserState.java,org.jsoup.parser.TokeniserState$Anonymous27,"read/2[org.jsoup.parser.Tokeniser,org.jsoup.parser.CharacterReader]",false,452,3,60,0,60,1,1,3,0,0,2,1,0,0,0,0,0,0,0,0,0,0,0,0,0,0,7,0,0,false
/home/alison/jsoup-quality-analysis/work/jsoup/src/main/java/org/jsoup/parser/TokeniserState.java,org.jsoup.parser.TokeniserState$Anonymous20,"read/2[org.jsoup.parser.Tokeniser,org.jsoup.parser.CharacterReader]",false,316,2,60,0,60,2,4,9,0,0,2,4,0,0,0,0,0,0,0,0,0,0,1,0,0,0,8,0,0,false
/home/alison/jsoup-quality-analysis/work/jsoup/src/main/java/org/jsoup/parser/TokeniserState.java,org.jsoup.parser.TokeniserState$Anonymous21,"read/2[org.jsoup.parser.Tokeniser,org.jsoup.parser.CharacterReader]",false,326,2,60,0,60,2,4,9,0,0,2,4,0,0,0,0,0,0,0,0,0,0,1,0,0,0,7,0,0,false
/home/alison/jsoup-quality-analysis/work/jsoup/src/main/java/org/jsoup/parser/TokeniserState.java,org.jsoup.parser.TokeniserState$Anonymous22,"read/2[org.jsoup.parser.Tokeniser,org.jsoup.parser.CharacterReader]",false,336,2,60,0,60,5,10,20,1,1,2,10,0,0,0,0,0,0,0,0,1,0,1,0,0,0,12,0,1,false
/home/alison/jsoup-quality-analysis/work/jsoup/src/main/java/org/jsoup/parser/TokeniserState.java,org.jsoup.parser.TokeniserState$Anonymous23,"read/2[org.jsoup.parser.Tokeniser,org.jsoup.parser.CharacterReader]",false,363,2,60,0,60,5,6,21,1,1,2,6,0,0,0,0,0,0,0,0,1,0,1,0,0,0,12,0,1,false
/home/alison/jsoup-quality-analysis/work/jsoup/src/main/java/org/jsoup/parser/Tokeniser.java,org.jsoup.parser.Tokeniser,emitDoctypePending/0,false,284,1,2,1,1,1,1,3,0,0,0,1,1,2,0,0,0,0,0,0,0,0,0,0,0,0,4,0,0,false
/home/alison/jsoup-quality-analysis/work/jsoup/src/main/java/org/jsoup/parser/Tokeniser.java,org.jsoup.parser.Tokeniser,read/0,false,60,3,3,1,2,4,5,23,3,4,0,5,0,0,1,3,0,0,0,2,7,0,1,0,0,0,15,0,0,false
/home/alison/jsoup-quality-analysis/work/jsoup/src/main/java/org/jsoup/parser/Tokeniser.java,org.jsoup.parser.Tokeniser,"Tokeniser/2[org.jsoup.parser.CharacterReader,org.jsoup.parser.ParseErrorList]",true,55,2,2,2,0,1,0,4,0,0,2,0,0,0,0,0,0,0,0,0,2,0,0,0,0,0,5,0,0,false
/home/alison/jsoup-quality-analysis/work/jsoup/src/main/java/org/jsoup/parser/Tokeniser.java,org.jsoup.parser.Tokeniser,emit/1[java.lang.String],false,104,2,11,8,3,3,5,13,0,0,1,5,0,0,0,2,0,0,0,1,1,0,2,0,0,0,8,0,0,false
/home/alison/jsoup-quality-analysis/work/jsoup/src/main/java/org/jsoup/parser/Tokeniser.java,org.jsoup.parser.Tokeniser,emitCommentPending/0,false,271,1,2,1,1,1,1,3,0,0,0,1,1,2,0,0,0,0,0,0,0,0,0,0,0,0,4,0,0,false
/home/alison/jsoup-quality-analysis/work/jsoup/src/main/java/org/jsoup/parser/Tokeniser.java,org.jsoup.parser.Tokeniser,emitTagPending/0,false,262,2,4,2,2,1,2,4,0,0,0,2,1,2,0,0,0,0,0,0,0,0,0,0,0,0,4,0,0,false
/home/alison/jsoup-quality-analysis/work/jsoup/src/main/java/org/jsoup/parser/Tokeniser.java,org.jsoup.parser.Tokeniser,emit/1[java.lang.StringBuilder],false,120,2,5,2,3,3,7,13,0,0,1,7,0,0,0,2,0,0,0,1,1,0,2,0,0,0,9,0,0,false
/home/alison/jsoup-quality-analysis/work/jsoup/src/main/java/org/jsoup/parser/Tokeniser.java,org.jsoup.parser.Tokeniser,createTempBuffer/0,false,288,1,2,1,1,1,1,3,0,0,0,1,0,0,0,0,0,0,0,0,0,0,0,0,0,0,4,0,0,false
/home/alison/jsoup-quality-analysis/work/jsoup/src/main/java/org/jsoup/parser/Tokeniser.java,org.jsoup.parser.Tokeniser,currentNodeInHtmlNS/0,false,332,0,0,0,0,1,0,3,1,0,0,0,0,0,0,0,0,0,0,0,0,0,0,0,0,0,7,0,0,false
/home/alison/jsoup-quality-analysis/work/jsoup/src/main/java/org/jsoup/parser/Tokeniser.java,org.jsoup.parser.Tokeniser,eofError/1[org.jsoup.parser.TokeniserState],false,312,3,3,1,2,2,2,3,0,0,1,2,0,0,0,0,0,0,1,0,0,0,1,0,0,0,15,0,0,false
/home/alison/jsoup-quality-analysis/work/jsoup/src/main/java/org/jsoup/parser/Tokeniser.java,org.jsoup.parser.Tokeniser,createDoctypePending/0,false,280,1,2,1,1,1,1,3,0,0,0,1,0,0,0,0,0,0,0,0,0,0,0,0,0,0,3,0,0,false
/home/alison/jsoup-quality-analysis/work/jsoup/src/main/java/org/jsoup/parser/Tokeniser.java,org.jsoup.parser.Tokeniser,createCommentPending/0,false,267,1,2,1,1,1,1,3,0,0,0,1,0,0,0,0,0,0,0,0,0,0,0,0,0,0,3,0,0,false
/home/alison/jsoup-quality-analysis/work/jsoup/src/main/java/org/jsoup/parser/Tokeniser.java,org.jsoup.parser.Tokeniser,"error/2[java.lang.String,java.lang.Object[]]",false,327,2,4,2,2,2,2,3,0,0,2,2,0,0,0,0,0,0,0,0,0,0,1,0,0,0,4,0,0,false
/home/alison/jsoup-quality-analysis/work/jsoup/src/main/java/org/jsoup/parser/Tokeniser.java,org.jsoup.parser.Tokeniser,"consumeCharacterReference/2[java.lang.Character,boolean]",false,179,6,23,3,20,26,22,65,10,9,2,22,1,1,0,6,1,4,11,14,14,3,3,0,0,0,55,0,0,false
/home/alison/jsoup-quality-analysis/work/jsoup/src/main/java/org/jsoup/parser/Tokeniser.java,org.jsoup.parser.Tokeniser,emit/1[char],false,133,2,7,4,3,3,7,13,0,0,1,7,0,0,0,2,0,0,0,1,1,0,2,0,0,0,8,0,0,false
/home/alison/jsoup-quality-analysis/work/jsoup/src/main/java/org/jsoup/parser/Tokeniser.java,org.jsoup.parser.Tokeniser,createTagPending/1[boolean],false,257,2,4,2,2,2,2,4,1,0,1,2,0,0,0,0,0,0,0,0,1,0,0,0,0,0,5,0,0,false
/home/alison/jsoup-quality-analysis/work/jsoup/src/main/java/org/jsoup/parser/Tokeniser.java,org.jsoup.parser.Tokeniser,"characterReferenceError/2[java.lang.String,java.lang.Object[]]",false,317,2,3,1,2,2,3,3,0,0,2,3,0,0,0,0,0,0,1,0,0,1,1,0,0,0,5,2,0,false
/home/alison/jsoup-quality-analysis/work/jsoup/src/main/java/org/jsoup/parser/Tokeniser.java,org.jsoup.parser.Tokeniser,createBogusCommentPending/0,false,275,1,2,1,1,1,1,4,0,0,0,1,0,0,0,0,0,0,0,0,1,0,0,0,0,0,5,0,0,false
/home/alison/jsoup-quality-analysis/work/jsoup/src/main/java/org/jsoup/parser/Tokeniser.java,org.jsoup.parser.Tokeniser,unescapeEntities/1[boolean],false,344,4,8,1,7,7,10,16,1,2,1,10,1,2,1,3,0,0,0,4,2,0,5,0,0,0,28,0,0,true
/home/alison/jsoup-quality-analysis/work/jsoup/src/main/java/org/jsoup/parser/Tokeniser.java,org.jsoup.parser.Tokeniser,emit/1[org.jsoup.parser.Token],false,84,7,13,6,7,4,7,17,0,2,1,7,1,1,0,2,0,0,1,0,7,0,2,0,0,0,24,0,0,false
/home/alison/jsoup-quality-analysis/work/jsoup/src/main/java/org/jsoup/parser/Tokeniser.java,org.jsoup.parser.Tokeniser,advanceTransition/1[org.jsoup.parser.TokeniserState],false,172,3,4,2,2,1,2,4,0,0,1,2,1,1,0,0,0,0,0,0,0,0,0,0,0,0,6,0,0,false
/home/alison/jsoup-quality-analysis/work/jsoup/src/main/java/org/jsoup/parser/Tokeniser.java,org.jsoup.parser.Tokeniser,error/1[org.jsoup.parser.TokeniserState],false,307,4,5,2,3,2,3,3,0,0,1,3,0,0,0,0,0,0,1,0,0,0,1,0,0,0,9,0,0,false
/home/alison/jsoup-quality-analysis/work/jsoup/src/main/java/org/jsoup/parser/Tokeniser.java,org.jsoup.parser.Tokeniser,getState/0,false,154,1,0,0,0,1,0,3,1,0,0,0,0,0,0,0,0,0,0,0,0,0,0,0,0,0,4,0,0,false
/home/alison/jsoup-quality-analysis/work/jsoup/src/main/java/org/jsoup/parser/Tokeniser.java,org.jsoup.parser.Tokeniser,isAppropriateEndTagToken/0,false,292,1,3,2,1,2,2,3,1,0,0,2,0,0,0,1,0,0,0,0,0,0,0,0,0,0,8,0,0,false
/home/alison/jsoup-quality-analysis/work/jsoup/src/main/java/org/jsoup/parser/Tokeniser.java,org.jsoup.parser.Tokeniser,(initializer 1),false,29,0,1,0,1,1,1,3,0,0,0,1,0,0,0,0,0,0,0,0,0,0,0,0,0,0,5,8,0,false
/home/alison/jsoup-quality-analysis/work/jsoup/src/main/java/org/jsoup/parser/Tokeniser.java,org.jsoup.parser.Tokeniser,error/1[java.lang.String],false,322,2,2,0,2,2,2,3,0,0,1,2,0,0,0,0,0,0,0,0,0,0,1,0,0,0,4,0,0,false
/home/alison/jsoup-quality-analysis/work/jsoup/src/main/java/org/jsoup/parser/Tokeniser.java,org.jsoup.parser.Tokeniser,appropriateEndTagSeq/0,false,301,0,1,1,0,2,0,4,1,0,0,0,0,0,0,1,0,0,1,0,1,1,1,0,0,0,12,0,0,true
/home/alison/jsoup-quality-analysis/work/jsoup/src/main/java/org/jsoup/parser/Tokeniser.java,org.jsoup.parser.Tokeniser,emit/1[char[]],false,146,2,1,0,1,1,2,3,0,0,1,2,1,1,0,0,0,0,0,0,0,0,0,0,0,0,2,0,0,false
/home/alison/jsoup-quality-analysis/work/jsoup/src/main/java/org/jsoup/parser/Tokeniser.java,org.jsoup.parser.Tokeniser,transition/1[org.jsoup.parser.TokeniserState],false,158,2,14,13,1,4,1,8,0,0,1,1,0,0,0,1,0,0,0,0,3,0,2,0,0,0,9,0,0,false
/home/alison/jsoup-quality-analysis/work/jsoup/src/main/java/org/jsoup/parser/Tokeniser.java,org.jsoup.parser.Tokeniser,emit/1[int[]],false,150,2,2,1,1,1,1,3,0,0,1,1,1,1,0,0,0,0,0,1,0,0,0,0,0,0,2,0,0,false
/home/alison/jsoup-quality-analysis/work/jsoup/src/main/java/org/jsoup/parser/Tokeniser.java,org.jsoup.parser.Tokeniser,appropriateEndTagName/0,false,296,1,1,1,0,1,0,3,1,0,0,0,0,0,0,0,0,0,0,0,0,0,0,0,0,0,6,0,0,false
/home/alison/jsoup-quality-analysis/work/jsoup/src/main/java/org/jsoup/nodes/Comment.java,org.jsoup.nodes.Comment,nodeName/0,false,22,0,0,0,0,1,0,3,1,0,0,0,0,0,0,0,0,0,1,0,0,0,0,0,0,0,2,1,0,false
/home/alison/jsoup-quality-analysis/work/jsoup/src/main/java/org/jsoup/nodes/Comment.java,org.jsoup.nodes.Comment,Comment/1[java.lang.String],true,18,0,2,2,0,1,0,3,0,0,1,0,0,0,0,0,0,0,0,0,1,0,0,0,0,0,10,1,0,true
/home/alison/jsoup-quality-analysis/work/jsoup/src/main/java/org/jsoup/nodes/Comment.java,org.jsoup.nodes.Comment,clone/0,false,58,1,0,0,0,1,1,3,1,0,0,1,0,0,0,0,0,0,0,0,0,0,0,0,0,0,2,1,0,false
/home/alison/jsoup-quality-analysis/work/jsoup/src/main/java/org/jsoup/nodes/Comment.java,org.jsoup.nodes.Comment,"outerHtmlHead/3[java.lang.Appendable,int,org.jsoup.nodes.Document.OutputSettings]",false,40,5,7,0,7,6,8,4,0,0,3,8,1,1,0,0,0,4,2,0,0,0,1,0,0,0,17,0,0,false
/home/alison/jsoup-quality-analysis/work/jsoup/src/main/java/org/jsoup/nodes/Comment.java,org.jsoup.nodes.Comment,asXmlDeclaration/0,false,79,10,19,2,17,3,19,14,2,6,0,19,2,1,0,0,0,0,3,4,7,2,1,0,0,0,28,1,0,true
/home/alison/jsoup-quality-analysis/work/jsoup/src/main/java/org/jsoup/nodes/Comment.java,org.jsoup.nodes.Comment,"outerHtmlTail/3[java.lang.Appendable,int,org.jsoup.nodes.Document.OutputSettings]",false,50,1,0,0,0,1,0,2,0,0,3,0,0,0,0,0,0,0,0,0,0,0,0,0,0,0,5,0,0,false
/home/alison/jsoup-quality-analysis/work/jsoup/src/main/java/org/jsoup/nodes/Comment.java,org.jsoup.nodes.Comment,isXmlDeclaration/0,false,66,1,4,2,2,1,2,4,1,1,0,2,2,1,0,0,0,0,0,0,1,0,0,0,0,0,16,1,0,true
/home/alison/jsoup-quality-analysis/work/jsoup/src/main/java/org/jsoup/nodes/Comment.java,org.jsoup.nodes.Comment,toString/0,false,53,1,1,0,1,1,1,3,1,0,0,1,0,0,0,0,0,0,0,0,0,0,0,0,0,0,4,1,0,false
/home/alison/jsoup-quality-analysis/work/jsoup/src/main/java/org/jsoup/nodes/Comment.java,org.jsoup.nodes.Comment,isXmlDeclarationData/1[java.lang.String],false,71,0,2,2,0,2,2,3,1,0,1,2,0,0,0,0,0,2,2,1,0,0,0,0,0,0,5,10,0,false
/home/alison/jsoup-quality-analysis/work/jsoup/src/main/java/org/jsoup/nodes/Comment.java,org.jsoup.nodes.Comment,setData/1[java.lang.String],false,34,2,1,0,1,1,1,4,1,0,1,1,0,0,0,0,0,0,0,0,0,0,0,0,0,0,6,1,0,false
/home/alison/jsoup-quality-analysis/work/jsoup/src/main/java/org/jsoup/nodes/Comment.java,org.jsoup.nodes.Comment,getData/0,false,30,1,6,5,1,1,1,3,1,0,0,1,0,0,0,0,0,0,0,0,0,0,0,0,0,0,10,1,0,true
/home/alison/jsoup-quality-analysis/work/jsoup/src/main/java/org/jsoup/select/Evaluator.java,org.jsoup.select.Evaluator$IndexGreaterThan,toString/0,false,434,0,0,0,0,1,1,3,1,0,0,1,0,0,0,0,0,0,1,0,0,0,0,0,0,0,2,1,0,false
/home/alison/jsoup-quality-analysis/work/jsoup/src/main/java/org/jsoup/select/Evaluator.java,org.jsoup.select.Evaluator$IndexGreaterThan,IndexGreaterThan/1[int],true,424,0,2,2,0,1,0,3,0,0,1,0,0,0,0,0,0,0,0,0,0,0,0,0,0,0,4,1,0,false
/home/alison/jsoup-quality-analysis/work/jsoup/src/main/java/org/jsoup/select/Evaluator.java,org.jsoup.select.Evaluator$IndexGreaterThan,"matches/2[org.jsoup.nodes.Element,org.jsoup.nodes.Element]",false,429,1,1,0,1,2,1,3,1,0,2,1,0,0,0,0,0,0,0,0,0,0,0,0,0,0,4,1,0,false
/home/alison/jsoup-quality-analysis/work/jsoup/src/main/java/org/jsoup/nodes/LeafNode.java,org.jsoup.nodes.LeafNode,absUrl/1[java.lang.String],false,68,1,1,0,1,1,2,4,1,0,1,2,1,2,0,0,0,0,0,0,0,0,0,0,0,0,5,1,0,false
/home/alison/jsoup-quality-analysis/work/jsoup/src/main/java/org/jsoup/nodes/LeafNode.java,org.jsoup.nodes.LeafNode,ensureChildNodes/0,false,94,1,0,0,0,1,0,3,1,0,0,0,0,0,0,0,0,0,0,0,0,0,0,0,0,0,4,4,0,false
/home/alison/jsoup-quality-analysis/work/jsoup/src/main/java/org/jsoup/nodes/LeafNode.java,org.jsoup.nodes.LeafNode,hasAttributes/0,false,8,1,4,4,0,1,0,3,1,0,0,0,0,0,0,0,0,0,0,0,0,0,0,0,0,0,3,20,0,false
/home/alison/jsoup-quality-analysis/work/jsoup/src/main/java/org/jsoup/nodes/LeafNode.java,org.jsoup.nodes.LeafNode,attr/1[java.lang.String],false,37,2,9,7,2,3,4,6,2,0,1,4,1,1,0,0,0,0,0,0,0,0,1,0,0,0,9,1,0,false
/home/alison/jsoup-quality-analysis/work/jsoup/src/main/java/org/jsoup/nodes/LeafNode.java,org.jsoup.nodes.LeafNode,hasAttr/1[java.lang.String],false,56,1,2,1,1,1,2,4,1,0,1,2,1,2,0,0,0,0,0,0,0,0,0,0,0,0,5,1,0,false
/home/alison/jsoup-quality-analysis/work/jsoup/src/main/java/org/jsoup/nodes/LeafNode.java,org.jsoup.nodes.LeafNode,baseUri/0,false,74,1,4,1,3,2,3,3,1,0,0,3,0,0,0,0,0,0,1,0,0,0,0,0,0,0,5,1,0,false
/home/alison/jsoup-quality-analysis/work/jsoup/src/main/java/org/jsoup/nodes/LeafNode.java,org.jsoup.nodes.LeafNode,doSetBaseUri/1[java.lang.String],false,79,0,0,0,0,1,0,2,0,0,1,0,0,0,0,0,0,0,0,0,0,0,0,0,0,0,5,4,0,false
/home/alison/jsoup-quality-analysis/work/jsoup/src/main/java/org/jsoup/nodes/LeafNode.java,org.jsoup.nodes.LeafNode,doClone/1[org.jsoup.nodes.Node],false,99,3,2,0,2,2,3,5,1,1,1,3,1,1,0,0,0,1,0,0,2,0,1,0,0,0,9,4,0,false
/home/alison/jsoup-quality-analysis/work/jsoup/src/main/java/org/jsoup/nodes/LeafNode.java,org.jsoup.nodes.LeafNode,childNodeSize/0,false,84,0,0,0,0,1,0,3,1,0,0,0,0,0,0,0,0,0,0,1,0,0,0,0,0,0,3,1,0,false
/home/alison/jsoup-quality-analysis/work/jsoup/src/main/java/org/jsoup/nodes/LeafNode.java,org.jsoup.nodes.LeafNode,"attr/2[java.lang.String,java.lang.String]",false,45,2,8,5,3,3,5,10,1,0,2,5,2,2,0,0,0,0,0,0,1,0,1,0,0,0,8,1,0,false
/home/alison/jsoup-quality-analysis/work/jsoup/src/main/java/org/jsoup/nodes/LeafNode.java,org.jsoup.nodes.LeafNode,coreValue/0,false,28,2,10,8,2,1,2,3,1,0,0,2,1,2,0,0,0,0,0,0,0,0,0,0,0,0,5,0,0,false
/home/alison/jsoup-quality-analysis/work/jsoup/src/main/java/org/jsoup/nodes/LeafNode.java,org.jsoup.nodes.LeafNode,removeAttr/1[java.lang.String],false,62,2,1,0,1,1,2,4,1,0,1,2,1,2,0,0,0,0,0,0,0,0,0,0,0,0,6,1,0,false
/home/alison/jsoup-quality-analysis/work/jsoup/src/main/java/org/jsoup/nodes/LeafNode.java,org.jsoup.nodes.LeafNode,coreValue/1[java.lang.String],false,32,2,5,3,2,1,2,3,0,0,1,2,1,3,0,0,0,0,0,0,0,0,0,0,0,0,6,0,0,false
/home/alison/jsoup-quality-analysis/work/jsoup/src/main/java/org/jsoup/nodes/LeafNode.java,org.jsoup.nodes.LeafNode,attributes/0,false,13,2,3,2,1,1,1,4,1,0,0,1,1,2,0,0,0,0,0,0,0,0,0,0,0,0,4,17,0,false
/home/alison/jsoup-quality-analysis/work/jsoup/src/main/java/org/jsoup/nodes/LeafNode.java,org.jsoup.nodes.LeafNode,empty/0,false,89,2,0,0,0,1,0,3,1,0,0,0,0,0,0,0,0,0,0,0,0,0,0,0,0,0,2,1,0,false
/home/alison/jsoup-quality-analysis/work/jsoup/src/main/java/org/jsoup/nodes/LeafNode.java,org.jsoup.nodes.LeafNode,ensureAttributes/0,false,18,3,9,5,4,3,3,8,0,2,0,3,1,1,0,1,0,0,0,0,3,0,2,0,0,0,11,2,0,false
/home/alison/jsoup-quality-analysis/work/jsoup/src/main/java/org/jsoup/parser/TokeniserState.java,org.jsoup.parser.TokeniserState$Anonymous28,"read/2[org.jsoup.parser.Tokeniser,org.jsoup.parser.CharacterReader]",false,457,3,60,0,60,1,1,3,0,0,2,1,0,0,0,0,0,0,0,0,0,0,0,0,0,0,8,0,0,false
/home/alison/jsoup-quality-analysis/work/jsoup/src/main/java/org/jsoup/parser/TokeniserState.java,org.jsoup.parser.TokeniserState$Anonymous29,"read/2[org.jsoup.parser.Tokeniser,org.jsoup.parser.CharacterReader]",false,462,2,60,0,60,5,9,20,0,2,2,9,0,0,0,0,0,0,0,0,2,0,1,0,0,0,14,0,1,false
/home/alison/jsoup-quality-analysis/work/jsoup/src/main/java/org/jsoup/select/Selector.java,org.jsoup.select.Selector,"select/2[org.jsoup.select.Evaluator,org.jsoup.nodes.Element]",false,107,5,5,3,2,1,2,5,1,0,2,2,0,0,0,0,0,0,0,0,0,0,0,0,0,0,17,9,0,true
/home/alison/jsoup-quality-analysis/work/jsoup/src/main/java/org/jsoup/select/Selector.java,org.jsoup.select.Selector,"filterOut/2[java.util.Collection<org.jsoup.nodes.Element>,java.util.Collection<org.jsoup.nodes.Element>]",false,140,3,3,1,2,5,2,14,1,2,2,2,0,0,2,0,0,0,0,0,3,0,3,0,0,0,12,8,0,false
/home/alison/jsoup-quality-analysis/work/jsoup/src/main/java/org/jsoup/select/Selector.java,org.jsoup.select.Selector,Selector/0,true,85,0,0,0,0,1,0,2,0,0,0,0,0,0,0,0,0,0,0,0,0,0,0,0,0,0,1,2,0,false
/home/alison/jsoup-quality-analysis/work/jsoup/src/main/java/org/jsoup/select/Selector.java,org.jsoup.select.Selector,"selectFirst/2[java.lang.String,org.jsoup.nodes.Element]",false,162,5,5,2,3,1,3,4,1,0,2,3,0,0,0,0,0,0,0,0,0,0,0,0,0,0,21,9,0,true
/home/alison/jsoup-quality-analysis/work/jsoup/src/main/java/org/jsoup/select/Selector.java,org.jsoup.select.Selector,"select/2[java.lang.String,org.jsoup.nodes.Element]",false,95,5,4,1,3,1,3,4,1,0,2,3,1,1,0,0,0,0,0,0,0,0,0,0,0,0,20,9,0,true
/home/alison/jsoup-quality-analysis/work/jsoup/src/main/java/org/jsoup/select/Selector.java,org.jsoup.select.Selector,"select/2[java.lang.String,java.lang.Iterable<org.jsoup.nodes.Element>]",false,120,6,7,2,5,4,6,16,1,4,2,6,1,1,2,1,0,0,0,0,4,0,3,0,0,0,23,9,0,true
/home/alison/jsoup-quality-analysis/work/jsoup/src/main/java/org/jsoup/select/Evaluator.java,org.jsoup.select.Evaluator$AttributeWithValueEnding,"AttributeWithValueEnding/2[java.lang.String,java.lang.String]",true,283,0,2,2,0,1,0,3,0,0,2,0,0,0,0,0,0,0,0,0,0,0,0,0,0,0,5,1,0,false
/home/alison/jsoup-quality-analysis/work/jsoup/src/main/java/org/jsoup/select/Evaluator.java,org.jsoup.select.Evaluator$AttributeWithValueEnding,cost/0,false,292,0,0,0,0,1,0,3,1,0,0,0,0,0,0,0,0,0,0,1,0,0,0,0,0,0,1,4,0,false
/home/alison/jsoup-quality-analysis/work/jsoup/src/main/java/org/jsoup/select/Evaluator.java,org.jsoup.select.Evaluator$AttributeWithValueEnding,"matches/2[org.jsoup.nodes.Element,org.jsoup.nodes.Element]",false,288,3,3,0,3,1,4,3,1,0,2,4,0,0,0,0,0,0,0,0,0,0,0,0,0,0,7,1,0,false
/home/alison/jsoup-quality-analysis/work/jsoup/src/main/java/org/jsoup/select/Evaluator.java,org.jsoup.select.Evaluator$AttributeWithValueEnding,toString/0,false,297,0,0,0,0,1,1,3,1,0,0,1,0,0,0,0,0,0,1,0,0,0,0,0,0,0,2,1,0,false
/home/alison/jsoup-quality-analysis/work/jsoup/src/main/java/org/jsoup/select/StructuralEvaluator.java,org.jsoup.select.StructuralEvaluator$ImmediatePreviousSibling,"matches/2[org.jsoup.nodes.Element,org.jsoup.nodes.Element]",false,249,2,2,0,2,3,2,5,2,1,2,2,0,0,0,2,0,0,0,0,1,0,1,0,0,0,9,1,0,false
/home/alison/jsoup-quality-analysis/work/jsoup/src/main/java/org/jsoup/select/StructuralEvaluator.java,org.jsoup.select.StructuralEvaluator$ImmediatePreviousSibling,cost/0,false,257,1,1,0,1,1,1,3,1,0,0,1,0,0,0,0,0,0,0,1,0,1,0,0,0,0,1,4,0,false
/home/alison/jsoup-quality-analysis/work/jsoup/src/main/java/org/jsoup/select/StructuralEvaluator.java,org.jsoup.select.StructuralEvaluator$ImmediatePreviousSibling,toString/0,false,262,0,0,0,0,1,1,3,1,0,0,1,0,0,0,0,0,0,1,0,0,0,0,0,0,0,2,1,0,false
/home/alison/jsoup-quality-analysis/work/jsoup/src/main/java/org/jsoup/select/StructuralEvaluator.java,org.jsoup.select.StructuralEvaluator$ImmediatePreviousSibling,ImmediatePreviousSibling/1[org.jsoup.select.Evaluator],true,244,1,1,1,0,1,0,3,0,0,1,0,0,0,0,0,0,0,0,0,0,0,0,0,0,0,5,1,0,false
/home/alison/jsoup-quality-analysis/work/jsoup/src/main/java/org/jsoup/select/Collector.java,org.jsoup.select.Collector$FirstFinder,FirstFinder/1[org.jsoup.select.Evaluator],true,57,1,2,2,0,1,0,3,0,0,1,0,0,0,0,0,0,0,0,0,1,0,0,0,0,0,4,0,0,false
/home/alison/jsoup-quality-analysis/work/jsoup/src/main/java/org/jsoup/select/Collector.java,org.jsoup.select.Collector$FirstFinder,"find/2[org.jsoup.nodes.Element,org.jsoup.nodes.Element]",false,61,3,3,2,1,1,1,6,1,0,2,1,0,0,0,0,0,0,0,0,2,0,0,0,0,0,8,0,0,false
/home/alison/jsoup-quality-analysis/work/jsoup/src/main/java/org/jsoup/select/Collector.java,org.jsoup.select.Collector$FirstFinder,"head/2[org.jsoup.nodes.Node,int]",false,69,4,1,0,1,3,1,10,2,1,2,1,0,0,0,0,0,0,0,0,2,0,2,0,0,0,18,1,0,false
/home/alison/jsoup-quality-analysis/work/jsoup/src/main/java/org/jsoup/parser/TokeniserState.java,org.jsoup.parser.TokeniserState$Anonymous30,"read/2[org.jsoup.parser.Tokeniser,org.jsoup.parser.CharacterReader]",false,489,2,60,0,60,5,5,20,0,1,2,5,0,0,0,0,0,0,0,0,1,0,1,0,0,0,13,0,1,false
/home/alison/jsoup-quality-analysis/work/jsoup/src/main/java/org/jsoup/safety/Safelist.java,org.jsoup.safety.Safelist$AttributeValue,AttributeValue/1[java.lang.String],true,640,0,1,1,0,1,0,3,0,0,1,0,0,0,0,0,0,0,0,0,0,0,0,0,0,0,3,0,0,false
/home/alison/jsoup-quality-analysis/work/jsoup/src/main/java/org/jsoup/safety/Safelist.java,org.jsoup.safety.Safelist$AttributeValue,valueOf/1[java.lang.String],false,644,1,2,1,1,1,0,3,1,0,1,0,0,0,0,0,0,0,0,0,0,0,0,0,0,0,4,8,0,false
/home/alison/jsoup-quality-analysis/work/jsoup/src/main/java/org/jsoup/helper/HttpConnection.java,org.jsoup.helper.HttpConnection$KeyVal,toString/0,false,1358,0,0,0,0,1,0,3,1,0,0,0,0,0,0,0,0,0,1,0,0,1,0,0,0,0,4,1,0,false
/home/alison/jsoup-quality-analysis/work/jsoup/src/main/java/org/jsoup/helper/HttpConnection.java,org.jsoup.helper.HttpConnection$KeyVal,hasInputStream/0,false,1341,0,0,0,0,2,0,3,1,0,0,0,0,0,0,1,0,0,0,0,0,0,0,0,0,0,5,1,0,false
/home/alison/jsoup-quality-analysis/work/jsoup/src/main/java/org/jsoup/helper/HttpConnection.java,org.jsoup.helper.HttpConnection$KeyVal,inputStream/0,false,1336,0,0,0,0,1,0,3,1,0,0,0,0,0,0,0,0,0,0,0,0,0,0,0,0,0,4,1,0,false
/home/alison/jsoup-quality-analysis/work/jsoup/src/main/java/org/jsoup/helper/HttpConnection.java,org.jsoup.helper.HttpConnection$KeyVal,contentType/0,false,1353,0,0,0,0,1,0,3,1,0,0,0,0,0,0,0,0,0,0,0,0,0,0,0,0,0,2,1,0,false
/home/alison/jsoup-quality-analysis/work/jsoup/src/main/java/org/jsoup/helper/HttpConnection.java,org.jsoup.helper.HttpConnection$KeyVal,"KeyVal/2[java.lang.String,java.lang.String]",true,1298,1,4,2,2,1,2,6,0,0,2,2,0,0,0,0,0,0,2,0,2,0,0,0,0,0,4,2,0,false
/home/alison/jsoup-quality-analysis/work/jsoup/src/main/java/org/jsoup/helper/HttpConnection.java,org.jsoup.helper.HttpConnection$KeyVal,contentType/1[java.lang.String],false,1346,3,2,1,1,1,1,5,1,0,1,1,0,0,0,0,0,0,0,0,1,0,0,0,0,0,2,1,0,false
/home/alison/jsoup-quality-analysis/work/jsoup/src/main/java/org/jsoup/helper/HttpConnection.java,org.jsoup.helper.HttpConnection$KeyVal,"create/3[java.lang.String,java.lang.String,java.io.InputStream]",false,1293,1,4,2,2,1,1,3,1,0,3,1,1,1,0,0,0,0,0,0,0,0,0,0,0,0,4,9,0,false
/home/alison/jsoup-quality-analysis/work/jsoup/src/main/java/org/jsoup/helper/HttpConnection.java,org.jsoup.helper.HttpConnection$KeyVal,key/1[java.lang.String],false,1306,2,1,0,1,1,1,5,1,0,1,1,0,0,0,0,0,0,1,0,1,0,0,0,0,0,3,1,0,false
/home/alison/jsoup-quality-analysis/work/jsoup/src/main/java/org/jsoup/helper/HttpConnection.java,org.jsoup.helper.HttpConnection$KeyVal,value/0,false,1325,0,0,0,0,1,0,3,1,0,0,0,0,0,0,0,0,0,0,0,0,0,0,0,0,0,1,1,0,false
/home/alison/jsoup-quality-analysis/work/jsoup/src/main/java/org/jsoup/helper/HttpConnection.java,org.jsoup.helper.HttpConnection$KeyVal,value/1[java.lang.String],false,1318,2,1,0,1,1,1,5,1,0,1,1,0,0,0,0,0,0,1,0,1,0,0,0,0,0,3,1,0,false
/home/alison/jsoup-quality-analysis/work/jsoup/src/main/java/org/jsoup/helper/HttpConnection.java,org.jsoup.helper.HttpConnection$KeyVal,"create/2[java.lang.String,java.lang.String]",false,1289,1,5,4,1,1,0,3,1,0,2,0,0,0,0,0,0,0,0,0,0,0,0,0,0,0,4,9,0,false
/home/alison/jsoup-quality-analysis/work/jsoup/src/main/java/org/jsoup/helper/HttpConnection.java,org.jsoup.helper.HttpConnection$KeyVal,inputStream/1[java.io.InputStream],false,1329,2,2,1,1,1,1,5,1,0,1,1,0,0,0,0,0,0,1,0,1,0,0,0,0,0,5,1,0,false
/home/alison/jsoup-quality-analysis/work/jsoup/src/main/java/org/jsoup/helper/HttpConnection.java,org.jsoup.helper.HttpConnection$KeyVal,key/0,false,1313,0,0,0,0,1,0,3,1,0,0,0,0,0,0,0,0,0,0,0,0,0,0,0,0,0,1,1,0,false
/home/alison/jsoup-quality-analysis/work/jsoup/src/main/java/org/jsoup/parser/HtmlTreeBuilderState.java,org.jsoup.parser.HtmlTreeBuilderState$Anonymous5,"process/2[org.jsoup.parser.Token,org.jsoup.parser.HtmlTreeBuilder]",false,193,6,102,0,102,15,15,26,6,0,2,15,1,1,0,0,0,2,3,0,0,0,1,0,0,0,14,0,2,false
/home/alison/jsoup-quality-analysis/work/jsoup/src/main/java/org/jsoup/parser/HtmlTreeBuilderState.java,org.jsoup.parser.HtmlTreeBuilderState$Anonymous5,"anythingElse/2[org.jsoup.parser.Token,org.jsoup.parser.HtmlTreeBuilder]",false,215,3,14,1,13,1,4,5,1,0,2,4,0,0,0,0,0,0,0,0,0,0,0,0,0,0,5,2,1,false
/home/alison/jsoup-quality-analysis/work/jsoup/src/main/java/org/jsoup/parser/TokeniserState.java,org.jsoup.parser.TokeniserState$Anonymous35,"read/2[org.jsoup.parser.Tokeniser,org.jsoup.parser.CharacterReader]",false,610,3,60,0,60,13,8,23,0,2,2,8,0,0,0,0,0,0,0,0,2,0,1,0,0,0,18,0,1,false
/home/alison/jsoup-quality-analysis/work/jsoup/src/main/java/org/jsoup/parser/HtmlTreeBuilderState.java,org.jsoup.parser.HtmlTreeBuilderState$Anonymous4,"process/2[org.jsoup.parser.Token,org.jsoup.parser.HtmlTreeBuilder]",false,104,12,102,0,102,22,33,84,9,4,2,33,1,1,0,0,0,0,11,0,5,0,4,0,0,0,27,0,5,false
/home/alison/jsoup-quality-analysis/work/jsoup/src/main/java/org/jsoup/parser/HtmlTreeBuilderState.java,org.jsoup.parser.HtmlTreeBuilderState$Anonymous4,"anythingElse/2[org.jsoup.parser.Token,org.jsoup.parser.TreeBuilder]",false,187,2,3,1,2,1,2,4,1,0,2,2,0,0,0,0,0,0,1,0,0,0,0,0,0,0,5,2,0,false
/home/alison/jsoup-quality-analysis/work/jsoup/src/main/java/org/jsoup/parser/TokeniserState.java,org.jsoup.parser.TokeniserState$Anonymous36,"read/2[org.jsoup.parser.Tokeniser,org.jsoup.parser.CharacterReader]",false,649,3,60,0,60,14,8,28,0,1,2,8,0,0,0,0,0,0,0,0,1,0,1,0,0,0,15,0,2,false
/home/alison/jsoup-quality-analysis/work/jsoup/src/main/java/org/jsoup/parser/HtmlTreeBuilderState.java,org.jsoup.parser.HtmlTreeBuilderState$Anonymous7,"anyOtherEndTag/2[org.jsoup.parser.Token,org.jsoup.parser.HtmlTreeBuilder]",false,845,4,11,2,9,6,12,25,3,5,2,12,0,0,1,1,0,0,0,2,5,1,3,0,0,0,17,0,3,false
/home/alison/jsoup-quality-analysis/work/jsoup/src/main/java/org/jsoup/parser/HtmlTreeBuilderState.java,org.jsoup.parser.HtmlTreeBuilderState$Anonymous7,"process/2[org.jsoup.parser.Token,org.jsoup.parser.HtmlTreeBuilder]",false,280,5,102,0,102,12,16,35,6,1,2,16,2,3,0,0,0,0,0,1,1,0,2,0,0,0,18,0,3,false
/home/alison/jsoup-quality-analysis/work/jsoup/src/main/java/org/jsoup/parser/HtmlTreeBuilderState.java,org.jsoup.parser.HtmlTreeBuilderState$Anonymous7,"inBodyEndTagAdoption/2[org.jsoup.parser.Token,org.jsoup.parser.HtmlTreeBuilder]",false,875,10,36,1,35,22,36,81,5,17,2,36,1,1,3,10,0,0,0,9,25,2,4,0,0,0,36,2,3,false
/home/alison/jsoup-quality-analysis/work/jsoup/src/main/java/org/jsoup/parser/HtmlTreeBuilderState.java,org.jsoup.parser.HtmlTreeBuilderState$Anonymous7,"inBodyEndTag/2[org.jsoup.parser.Token,org.jsoup.parser.HtmlTreeBuilder]",false,700,8,26,1,25,44,25,122,16,3,2,25,2,2,0,1,0,0,22,0,3,0,4,0,0,0,22,2,21,false
/home/alison/jsoup-quality-analysis/work/jsoup/src/main/java/org/jsoup/parser/HtmlTreeBuilderState.java,org.jsoup.parser.HtmlTreeBuilderState$Anonymous7,"inBodyStartTag/2[org.jsoup.parser.Token,org.jsoup.parser.HtmlTreeBuilder]",false,321,16,61,1,60,132,64,284,10,17,2,64,0,0,6,11,0,3,120,15,26,4,5,0,0,0,55,2,12,false
/home/alison/jsoup-quality-analysis/work/jsoup/src/main/java/org/jsoup/parser/TokeniserState.java,org.jsoup.parser.TokeniserState$Anonymous37,"read/2[org.jsoup.parser.Tokeniser,org.jsoup.parser.CharacterReader]",false,694,3,60,0,60,15,7,31,0,1,2,7,0,0,0,0,0,0,0,0,1,0,1,0,0,0,13,0,3,false
/home/alison/jsoup-quality-analysis/work/jsoup/src/main/java/org/jsoup/parser/HtmlTreeBuilderState.java,org.jsoup.parser.HtmlTreeBuilderState$Anonymous6,"anythingElse/2[org.jsoup.parser.Token,org.jsoup.parser.HtmlTreeBuilder]",false,273,3,14,1,13,1,3,5,1,0,2,3,0,0,0,0,0,0,1,0,0,0,0,0,0,0,6,2,0,false
/home/alison/jsoup-quality-analysis/work/jsoup/src/main/java/org/jsoup/parser/HtmlTreeBuilderState.java,org.jsoup.parser.HtmlTreeBuilderState$Anonymous6,"process/2[org.jsoup.parser.Token,org.jsoup.parser.HtmlTreeBuilder]",false,225,8,102,0,102,13,23,58,4,4,2,23,1,1,0,0,0,0,5,0,4,0,2,0,0,0,20,0,4,false
/home/alison/jsoup-quality-analysis/work/jsoup/src/main/java/org/jsoup/parser/TokeniserState.java,org.jsoup.parser.TokeniserState$Anonymous38,"read/2[org.jsoup.parser.Tokeniser,org.jsoup.parser.CharacterReader]",false,743,4,60,0,60,7,11,21,0,3,2,11,0,0,0,1,0,0,0,1,3,0,2,0,0,0,15,0,1,false
/home/alison/jsoup-quality-analysis/work/jsoup/src/main/java/org/jsoup/parser/HtmlTreeBuilderState.java,org.jsoup.parser.HtmlTreeBuilderState$Anonymous1,"process/2[org.jsoup.parser.Token,org.jsoup.parser.HtmlTreeBuilder]",false,21,9,102,0,102,5,19,22,3,2,2,19,0,0,0,0,0,0,0,0,2,0,2,0,0,0,13,0,0,false
/home/alison/jsoup-quality-analysis/work/jsoup/src/main/java/org/jsoup/parser/TokeniserState.java,org.jsoup.parser.TokeniserState$Anonymous31,"read/2[org.jsoup.parser.Tokeniser,org.jsoup.parser.CharacterReader]",false,516,2,60,0,60,6,5,22,0,1,2,5,0,0,0,0,0,0,0,0,1,0,1,0,0,0,12,0,1,false
/home/alison/jsoup-quality-analysis/work/jsoup/src/main/java/org/jsoup/parser/TokeniserState.java,org.jsoup.parser.TokeniserState$Anonymous32,"read/2[org.jsoup.parser.Tokeniser,org.jsoup.parser.CharacterReader]",false,546,2,60,0,60,2,5,10,0,0,2,5,0,0,0,0,0,0,0,0,0,0,1,0,0,0,9,0,0,false
/home/alison/jsoup-quality-analysis/work/jsoup/src/main/java/org/jsoup/parser/HtmlTreeBuilderState.java,org.jsoup.parser.HtmlTreeBuilderState$Anonymous3,"process/2[org.jsoup.parser.Token,org.jsoup.parser.HtmlTreeBuilder]",false,76,7,102,0,102,11,21,33,6,1,2,21,0,0,0,0,0,1,4,0,1,0,1,0,0,0,14,0,2,false
/home/alison/jsoup-quality-analysis/work/jsoup/src/main/java/org/jsoup/parser/TokeniserState.java,org.jsoup.parser.TokeniserState$Anonymous33,"read/2[org.jsoup.parser.Tokeniser,org.jsoup.parser.CharacterReader]",false,557,3,60,0,60,1,1,3,0,0,2,1,0,0,0,0,0,0,0,0,0,0,0,0,0,0,8,0,0,false
/home/alison/jsoup-quality-analysis/work/jsoup/src/main/java/org/jsoup/parser/HtmlTreeBuilderState.java,org.jsoup.parser.HtmlTreeBuilderState$Anonymous2,"process/2[org.jsoup.parser.Token,org.jsoup.parser.HtmlTreeBuilder]",false,47,6,102,0,102,9,18,27,5,0,2,18,1,1,0,0,0,1,1,0,0,0,1,0,0,0,14,0,2,false
/home/alison/jsoup-quality-analysis/work/jsoup/src/main/java/org/jsoup/parser/HtmlTreeBuilderState.java,org.jsoup.parser.HtmlTreeBuilderState$Anonymous2,"anythingElse/2[org.jsoup.parser.Token,org.jsoup.parser.HtmlTreeBuilder]",false,69,2,14,1,13,1,3,5,1,0,2,3,0,0,0,0,0,0,1,0,0,0,0,0,0,0,7,2,0,false
/home/alison/jsoup-quality-analysis/work/jsoup/src/main/java/org/jsoup/parser/TokeniserState.java,org.jsoup.parser.TokeniserState$Anonymous34,"read/2[org.jsoup.parser.Tokeniser,org.jsoup.parser.CharacterReader]",false,563,3,60,0,60,14,8,29,0,1,2,8,0,0,0,0,0,0,0,0,1,0,1,0,0,0,11,0,3,false
/home/alison/jsoup-quality-analysis/work/jsoup/src/main/java/org/jsoup/parser/HtmlTreeBuilderState.java,org.jsoup.parser.HtmlTreeBuilderState$Anonymous9,"anythingElse/2[org.jsoup.parser.Token,org.jsoup.parser.HtmlTreeBuilder]",false,1091,2,14,1,13,1,3,7,1,0,2,3,0,0,0,0,0,0,0,0,0,0,0,0,0,0,6,0,1,false
/home/alison/jsoup-quality-analysis/work/jsoup/src/main/java/org/jsoup/parser/HtmlTreeBuilderState.java,org.jsoup.parser.HtmlTreeBuilderState$Anonymous9,"process/2[org.jsoup.parser.Token,org.jsoup.parser.HtmlTreeBuilder]",false,994,10,102,0,102,28,37,112,19,4,2,37,1,1,0,1,0,1,15,0,4,0,4,0,0,0,22,0,6,false
/home/alison/jsoup-quality-analysis/work/jsoup/src/main/java/org/jsoup/parser/TokeniserState.java,org.jsoup.parser.TokeniserState$Anonymous39,"read/2[org.jsoup.parser.Tokeniser,org.jsoup.parser.CharacterReader]",false,776,4,60,0,60,7,11,21,0,3,2,11,0,0,0,1,0,0,0,1,3,0,2,0,0,0,15,0,1,false
/home/alison/jsoup-quality-analysis/work/jsoup/src/main/java/org/jsoup/parser/HtmlTreeBuilderState.java,org.jsoup.parser.HtmlTreeBuilderState$Anonymous8,"process/2[org.jsoup.parser.Token,org.jsoup.parser.HtmlTreeBuilder]",false,976,2,102,0,102,4,10,16,2,0,2,10,0,0,0,0,0,0,0,0,0,0,1,0,0,0,5,0,1,false
/home/alison/jsoup-quality-analysis/work/jsoup/src/main/java/org/jsoup/nodes/Node.java,org.jsoup.nodes.Node,Node/0,true,33,0,0,0,0,1,0,2,0,0,0,0,0,0,0,0,0,0,0,0,0,0,0,0,0,0,9,4,0,true
/home/alison/jsoup-quality-analysis/work/jsoup/src/main/java/org/jsoup/nodes/Node.java,org.jsoup.nodes.Node,"addChildren/2[int,org.jsoup.nodes.Node[]]",false,522,2,17,9,8,11,11,36,2,6,2,11,6,5,3,6,0,1,0,7,9,0,3,0,0,0,23,4,0,false
/home/alison/jsoup-quality-analysis/work/jsoup/src/main/java/org/jsoup/nodes/Node.java,org.jsoup.nodes.Node,isEffectivelyFirst/0,false,759,2,4,2,2,3,2,8,3,1,0,2,1,2,0,2,0,2,0,2,1,0,1,0,0,0,19,16,0,true
/home/alison/jsoup-quality-analysis/work/jsoup/src/main/java/org/jsoup/nodes/Node.java,org.jsoup.nodes.Node,siblingNodes/0,false,582,1,3,2,1,4,4,7,2,2,0,4,1,1,1,2,0,0,0,1,2,1,2,0,0,0,26,1,0,true
/home/alison/jsoup-quality-analysis/work/jsoup/src/main/java/org/jsoup/nodes/Node.java,org.jsoup.nodes.Node,attributes/0,false,94,1,10,10,0,1,0,1,0,0,0,0,0,0,0,0,0,0,0,0,0,0,0,0,0,0,17,1025,0,true
/home/alison/jsoup-quality-analysis/work/jsoup/src/main/java/org/jsoup/nodes/Node.java,org.jsoup.nodes.Node,sourceRange/0,false,744,1,2,1,1,1,1,3,1,0,0,1,0,0,0,0,0,0,0,0,0,0,0,0,0,0,28,1,0,true
/home/alison/jsoup-quality-analysis/work/jsoup/src/main/java/org/jsoup/nodes/Node.java,org.jsoup.nodes.Node,shallowClone/0,false,857,1,1,0,1,1,1,3,1,0,0,1,1,3,0,0,0,0,0,0,0,0,0,0,0,0,26,1,0,true
/home/alison/jsoup-quality-analysis/work/jsoup/src/main/java/org/jsoup/nodes/Node.java,org.jsoup.nodes.Node,removeAttr/1[java.lang.String],false,146,3,4,0,4,2,4,5,1,0,1,4,2,1,0,0,0,0,0,0,0,0,1,0,0,0,14,1,0,true
/home/alison/jsoup-quality-analysis/work/jsoup/src/main/java/org/jsoup/nodes/Node.java,org.jsoup.nodes.Node,after/1[org.jsoup.nodes.Node],false,371,2,3,0,3,2,3,7,1,0,1,3,2,6,0,1,0,0,0,1,0,1,1,0,0,0,19,1,0,true
/home/alison/jsoup-quality-analysis/work/jsoup/src/main/java/org/jsoup/nodes/Node.java,org.jsoup.nodes.Node,reparentChild/1[org.jsoup.nodes.Node],false,564,1,4,3,1,1,1,3,0,0,1,1,1,4,0,0,0,0,0,0,0,0,0,0,0,0,4,4,0,false
/home/alison/jsoup-quality-analysis/work/jsoup/src/main/java/org/jsoup/nodes/Node.java,org.jsoup.nodes.Node,setParentNode/1[org.jsoup.nodes.Node],false,481,2,3,1,2,2,2,5,0,0,1,2,1,3,0,1,0,0,0,0,1,0,1,0,0,0,5,4,0,false
/home/alison/jsoup-quality-analysis/work/jsoup/src/main/java/org/jsoup/nodes/Node.java,org.jsoup.nodes.Node,attr/1[java.lang.String],false,81,3,23,18,5,4,8,8,4,1,1,8,3,2,0,0,0,0,3,1,1,0,2,0,0,0,50,1,0,true
/home/alison/jsoup-quality-analysis/work/jsoup/src/main/java/org/jsoup/nodes/Node.java,org.jsoup.nodes.Node,setSiblingIndex/1[int],false,634,0,4,4,0,1,0,3,0,0,1,0,0,0,0,0,0,0,0,0,1,0,0,0,0,0,4,4,0,false
/home/alison/jsoup-quality-analysis/work/jsoup/src/main/java/org/jsoup/nodes/Node.java,org.jsoup.nodes.Node,firstChild/0,false,646,2,4,2,2,2,3,4,2,0,0,3,2,1,0,1,0,0,0,2,0,0,1,0,0,0,27,1,0,true
/home/alison/jsoup-quality-analysis/work/jsoup/src/main/java/org/jsoup/nodes/Node.java,org.jsoup.nodes.Node,"outerHtmlHead/3[java.lang.Appendable,int,org.jsoup.nodes.Document.OutputSettings]",false,716,1,1,1,0,1,0,1,0,0,3,0,0,0,0,0,0,0,0,0,0,0,0,0,0,0,22,1024,0,true
/home/alison/jsoup-quality-analysis/work/jsoup/src/main/java/org/jsoup/nodes/Node.java,org.jsoup.nodes.Node,clone/0,false,829,1,4,1,3,3,8,16,1,7,0,8,3,3,2,0,0,0,1,1,7,0,2,0,0,0,54,1,0,true
/home/alison/jsoup-quality-analysis/work/jsoup/src/main/java/org/jsoup/nodes/Node.java,org.jsoup.nodes.Node,equals/1[java.lang.Object],false,789,1,1,1,0,2,0,3,1,0,1,0,0,0,0,1,0,0,0,0,0,0,0,0,0,0,26,1,0,true
/home/alison/jsoup-quality-analysis/work/jsoup/src/main/java/org/jsoup/nodes/Node.java,org.jsoup.nodes.Node,"attr/2[java.lang.String,java.lang.String]",false,117,5,5,0,5,1,5,5,1,0,2,5,1,1,0,0,0,0,0,0,1,0,0,0,0,0,27,1,0,true
/home/alison/jsoup-quality-analysis/work/jsoup/src/main/java/org/jsoup/nodes/Node.java,org.jsoup.nodes.Node,nextSibling/0,false,598,2,7,6,1,3,3,7,3,2,0,3,1,1,0,1,0,0,0,1,2,1,1,0,0,0,15,1,0,true
/home/alison/jsoup-quality-analysis/work/jsoup/src/main/java/org/jsoup/nodes/Node.java,org.jsoup.nodes.Node,getDeepChild/1[org.jsoup.nodes.Element],false,458,1,2,1,1,2,1,8,1,1,1,1,0,0,1,1,0,0,0,0,3,0,1,0,0,0,7,2,0,false
/home/alison/jsoup-quality-analysis/work/jsoup/src/main/java/org/jsoup/nodes/Node.java,org.jsoup.nodes.Node,filter/1[org.jsoup.select.NodeFilter],false,694,4,2,0,2,1,2,5,1,0,1,2,0,0,0,0,0,0,0,0,0,0,0,0,0,0,19,1,0,true
/home/alison/jsoup-quality-analysis/work/jsoup/src/main/java/org/jsoup/nodes/Node.java,org.jsoup.nodes.Node,setBaseUri/1[java.lang.String],false,187,2,4,2,2,1,2,4,0,0,1,2,1,1,0,0,0,0,0,0,0,0,0,0,0,0,17,1,0,true
/home/alison/jsoup-quality-analysis/work/jsoup/src/main/java/org/jsoup/nodes/Node.java,org.jsoup.nodes.Node,doSetBaseUri/1[java.lang.String],false,177,0,1,1,0,1,0,1,0,0,1,0,0,0,0,0,0,0,0,0,0,0,0,0,0,0,16,1028,0,true
/home/alison/jsoup-quality-analysis/work/jsoup/src/main/java/org/jsoup/nodes/Node.java,org.jsoup.nodes.Node,doClone/1[org.jsoup.nodes.Node],false,865,4,5,2,3,6,5,20,1,3,1,5,1,2,0,3,1,1,0,1,6,0,2,0,0,0,16,4,0,false
/home/alison/jsoup-quality-analysis/work/jsoup/src/main/java/org/jsoup/nodes/Node.java,org.jsoup.nodes.Node,html/1[T],false,731,2,1,0,1,1,1,4,1,0,1,1,1,1,0,0,0,0,0,0,0,0,0,0,0,0,16,1,0,true
/home/alison/jsoup-quality-analysis/work/jsoup/src/main/java/org/jsoup/nodes/Node.java,org.jsoup.nodes.Node,forEachNode/1[java.util.function.Consumer<? super org.jsoup.nodes.Node>],false,683,3,2,0,2,1,3,5,1,2,1,3,0,0,0,0,0,0,0,0,0,0,0,0,0,1,26,1,0,true
/home/alison/jsoup-quality-analysis/work/jsoup/src/main/java/org/jsoup/nodes/Node.java,org.jsoup.nodes.Node,empty/0,false,273,1,1,1,0,1,0,1,0,0,0,0,0,0,0,0,0,0,0,0,0,0,0,0,0,0,5,1025,0,true
/home/alison/jsoup-quality-analysis/work/jsoup/src/main/java/org/jsoup/nodes/Node.java,org.jsoup.nodes.Node,absUrl/1[java.lang.String],false,215,4,14,7,7,3,7,5,2,0,1,7,3,1,0,0,0,1,1,0,0,0,1,0,0,0,67,1,0,true
/home/alison/jsoup-quality-analysis/work/jsoup/src/main/java/org/jsoup/nodes/Node.java,org.jsoup.nodes.Node,childNodeSize/0,false,263,0,8,8,0,1,0,1,0,0,0,0,0,0,0,0,0,0,0,0,0,0,0,0,0,0,10,1025,0,true
/home/alison/jsoup-quality-analysis/work/jsoup/src/main/java/org/jsoup/nodes/Node.java,org.jsoup.nodes.Node,after/1[java.lang.String],false,360,1,1,0,1,1,1,4,1,0,1,1,1,7,0,0,0,0,0,1,0,1,0,0,0,0,24,1,0,true
/home/alison/jsoup-quality-analysis/work/jsoup/src/main/java/org/jsoup/nodes/Node.java,org.jsoup.nodes.Node,wrap/1[java.lang.String],false,398,5,9,0,9,10,11,20,2,7,1,11,5,6,1,4,0,1,0,3,7,0,3,0,0,0,39,1,0,true
/home/alison/jsoup-quality-analysis/work/jsoup/src/main/java/org/jsoup/nodes/Node.java,org.jsoup.nodes.Node,nodelistChanged/0,false,467,0,0,0,0,1,0,2,0,0,0,0,0,0,0,0,0,0,0,0,0,0,0,0,0,0,2,0,0,false
/home/alison/jsoup-quality-analysis/work/jsoup/src/main/java/org/jsoup/nodes/Node.java,org.jsoup.nodes.Node,toString/0,false,773,1,1,0,1,1,1,3,1,0,0,1,1,2,0,0,0,0,0,0,0,0,0,0,0,0,5,1,0,true
/home/alison/jsoup-quality-analysis/work/jsoup/src/main/java/org/jsoup/nodes/Node.java,org.jsoup.nodes.Node,hasAttr/1[java.lang.String],false,128,3,21,16,5,5,9,9,3,1,1,9,3,2,0,0,0,0,2,0,1,0,2,0,0,0,19,1,0,true
/home/alison/jsoup-quality-analysis/work/jsoup/src/main/java/org/jsoup/nodes/Node.java,org.jsoup.nodes.Node,childNodesAsArray/0,false,269,1,2,1,1,1,2,3,1,0,0,2,1,1,0,0,0,0,0,1,0,0,0,0,0,0,6,4,0,false
/home/alison/jsoup-quality-analysis/work/jsoup/src/main/java/org/jsoup/nodes/Node.java,org.jsoup.nodes.Node,previousSibling/0,false,614,2,5,4,1,3,2,5,3,0,0,2,1,1,0,1,0,0,0,2,0,1,1,0,0,0,13,1,0,true
/home/alison/jsoup-quality-analysis/work/jsoup/src/main/java/org/jsoup/nodes/Node.java,org.jsoup.nodes.Node,outerHtml/0,false,706,2,10,7,3,1,3,5,1,1,0,3,1,1,0,0,0,0,0,0,1,0,0,0,0,0,17,1,0,true
/home/alison/jsoup-quality-analysis/work/jsoup/src/main/java/org/jsoup/nodes/Node.java,org.jsoup.nodes.Node,"indent/3[java.lang.Appendable,int,org.jsoup.nodes.Document.OutputSettings]",false,777,2,7,4,3,1,5,3,0,0,3,5,0,0,0,0,0,0,0,0,0,1,0,0,0,0,7,4,0,false
/home/alison/jsoup-quality-analysis/work/jsoup/src/main/java/org/jsoup/nodes/Node.java,org.jsoup.nodes.Node,ensureChildNodes/0,false,223,1,15,15,0,1,0,1,0,0,0,0,0,0,0,0,0,0,0,0,0,0,0,0,0,0,3,1028,0,false
/home/alison/jsoup-quality-analysis/work/jsoup/src/main/java/org/jsoup/nodes/Node.java,org.jsoup.nodes.Node,reindexChildren/1[int],false,568,1,5,2,3,3,4,8,1,3,1,4,3,1,1,1,0,0,0,1,3,0,1,0,0,0,11,2,0,false
/home/alison/jsoup-quality-analysis/work/jsoup/src/main/java/org/jsoup/nodes/Node.java,org.jsoup.nodes.Node,"outerHtmlTail/3[java.lang.Appendable,int,org.jsoup.nodes.Document.OutputSettings]",false,723,1,1,1,0,1,0,1,0,0,3,0,0,0,0,0,0,0,0,0,0,0,0,0,0,0,8,1024,0,false
/home/alison/jsoup-quality-analysis/work/jsoup/src/main/java/org/jsoup/nodes/Node.java,org.jsoup.nodes.Node,replaceWith/1[org.jsoup.nodes.Node],false,475,2,3,1,2,1,2,5,0,0,1,2,1,4,0,0,0,0,0,0,0,0,0,0,0,0,16,1,0,true
/home/alison/jsoup-quality-analysis/work/jsoup/src/main/java/org/jsoup/nodes/Node.java,org.jsoup.nodes.Node,"addSiblingHtml/2[int,java.lang.String]",false,382,5,8,2,6,2,7,7,0,2,2,7,3,6,0,0,0,0,0,1,2,0,0,0,0,0,10,2,0,false
/home/alison/jsoup-quality-analysis/work/jsoup/src/main/java/org/jsoup/nodes/Node.java,org.jsoup.nodes.Node,root/0,false,301,1,1,1,0,2,0,5,1,1,0,0,0,0,1,1,0,0,0,0,2,0,1,0,0,0,13,1,0,true
/home/alison/jsoup-quality-analysis/work/jsoup/src/main/java/org/jsoup/nodes/Node.java,org.jsoup.nodes.Node,clearAttributes/0,false,157,3,3,0,3,3,6,10,1,1,0,6,2,1,1,0,0,0,0,0,1,0,2,0,0,0,13,1,0,true
/home/alison/jsoup-quality-analysis/work/jsoup/src/main/java/org/jsoup/nodes/Node.java,org.jsoup.nodes.Node,"replaceChild/2[org.jsoup.nodes.Node,org.jsoup.nodes.Node]",false,488,2,7,2,5,4,6,11,1,1,2,6,3,3,0,3,0,0,0,0,3,0,1,0,0,0,9,4,0,false
/home/alison/jsoup-quality-analysis/work/jsoup/src/main/java/org/jsoup/nodes/Node.java,org.jsoup.nodes.Node,remove/0,false,321,1,9,8,1,2,1,3,0,0,0,1,1,3,0,1,0,0,0,0,0,0,1,0,0,0,20,1,0,true
/home/alison/jsoup-quality-analysis/work/jsoup/src/main/java/org/jsoup/nodes/Node.java,org.jsoup.nodes.Node,siblingIndex/0,false,630,0,2,2,0,1,0,3,1,0,0,0,0,0,0,0,0,0,0,0,0,0,0,0,0,0,14,1,0,true
/home/alison/jsoup-quality-analysis/work/jsoup/src/main/java/org/jsoup/nodes/Node.java,org.jsoup.nodes.Node,parent/0,false,285,2,4,4,0,1,0,3,1,0,0,0,0,0,0,0,0,0,0,0,0,0,0,0,0,0,7,1,0,true
/home/alison/jsoup-quality-analysis/work/jsoup/src/main/java/org/jsoup/nodes/Node.java,org.jsoup.nodes.Node,hasAttributes/0,false,52,0,6,6,0,1,0,1,0,0,0,0,0,0,0,0,0,0,0,0,0,0,0,0,0,0,6,1028,0,true
/home/alison/jsoup-quality-analysis/work/jsoup/src/main/java/org/jsoup/nodes/Node.java,org.jsoup.nodes.Node,traverse/1[org.jsoup.select.NodeVisitor],false,670,4,2,0,2,1,2,5,1,0,1,2,0,0,0,0,0,0,0,0,0,0,0,0,0,0,20,1,0,true
/home/alison/jsoup-quality-analysis/work/jsoup/src/main/java/org/jsoup/nodes/Node.java,org.jsoup.nodes.Node,isNode/1[java.lang.String],false,754,1,7,6,1,1,2,3,1,0,1,2,1,2,0,0,0,0,0,0,0,0,0,0,0,0,9,16,0,true
/home/alison/jsoup-quality-analysis/work/jsoup/src/main/java/org/jsoup/nodes/Node.java,org.jsoup.nodes.Node,hasSameValue/1[java.lang.Object],false,811,2,1,0,1,4,3,5,3,0,1,3,1,2,0,3,0,1,0,0,0,0,1,0,0,0,37,1,0,true
/home/alison/jsoup-quality-analysis/work/jsoup/src/main/java/org/jsoup/nodes/Node.java,org.jsoup.nodes.Node,nodeName/0,false,36,0,11,11,0,1,0,1,0,0,0,0,0,0,0,0,0,0,0,0,0,0,0,0,0,0,14,1025,0,true
/home/alison/jsoup-quality-analysis/work/jsoup/src/main/java/org/jsoup/nodes/Node.java,org.jsoup.nodes.Node,unwrap/0,false,449,3,6,1,5,1,5,7,1,1,0,5,4,8,0,0,0,0,0,0,1,0,0,0,0,0,46,1,0,true
/home/alison/jsoup-quality-analysis/work/jsoup/src/main/java/org/jsoup/nodes/Node.java,org.jsoup.nodes.Node,attributesSize/0,false,105,2,3,0,3,2,3,3,1,0,0,3,2,1,0,0,0,0,0,1,0,0,0,0,0,0,10,1,0,true
/home/alison/jsoup-quality-analysis/work/jsoup/src/main/java/org/jsoup/nodes/Node.java,org.jsoup.nodes.Node,removeChild/1[org.jsoup.nodes.Node],false,503,2,7,4,3,2,4,7,0,1,1,4,2,2,0,1,0,0,0,0,2,0,0,0,0,0,10,4,0,false
/home/alison/jsoup-quality-analysis/work/jsoup/src/main/java/org/jsoup/nodes/Node.java,org.jsoup.nodes.Node,normalName/0,false,48,1,4,3,1,1,1,3,1,0,0,1,1,1,0,0,0,0,0,0,0,0,0,0,0,0,21,1,0,true
/home/alison/jsoup-quality-analysis/work/jsoup/src/main/java/org/jsoup/nodes/Node.java,org.jsoup.nodes.Node,childNode/1[int],false,230,1,7,6,1,1,2,3,1,0,1,2,1,1,0,0,0,0,0,0,0,0,0,0,0,0,23,1,0,true
/home/alison/jsoup-quality-analysis/work/jsoup/src/main/java/org/jsoup/nodes/Node.java,org.jsoup.nodes.Node,baseUri/0,false,168,0,4,4,0,1,0,1,0,0,0,0,0,0,0,0,0,0,0,0,0,0,0,0,0,0,19,1025,0,true
/home/alison/jsoup-quality-analysis/work/jsoup/src/main/java/org/jsoup/nodes/Node.java,org.jsoup.nodes.Node,outerHtml/1[java.lang.Appendable],false,712,3,6,3,3,1,2,3,0,0,1,2,0,0,0,0,0,0,0,0,0,0,0,0,0,0,6,4,0,false
/home/alison/jsoup-quality-analysis/work/jsoup/src/main/java/org/jsoup/nodes/Node.java,org.jsoup.nodes.Node,childNodes/0,false,239,1,7,5,2,2,5,7,2,2,0,5,2,1,0,1,0,0,0,1,2,0,1,0,0,0,27,1,0,true
/home/alison/jsoup-quality-analysis/work/jsoup/src/main/java/org/jsoup/nodes/Node.java,org.jsoup.nodes.Node,hashCode/0,false,800,0,0,0,0,1,1,3,1,0,0,1,0,0,0,0,0,0,0,0,0,0,0,0,0,0,19,1,0,true
/home/alison/jsoup-quality-analysis/work/jsoup/src/main/java/org/jsoup/nodes/Node.java,org.jsoup.nodes.Node,childNodesCopy/0,false,254,1,2,0,2,2,4,8,1,2,0,4,2,4,1,0,0,0,0,0,2,0,1,0,0,0,25,1,0,true
/home/alison/jsoup-quality-analysis/work/jsoup/src/main/java/org/jsoup/nodes/Node.java,org.jsoup.nodes.Node,addChildren/1[org.jsoup.nodes.Node[]],false,511,1,5,2,3,2,5,8,0,1,1,5,3,5,1,0,0,0,0,1,1,1,1,0,0,0,10,4,0,false
/home/alison/jsoup-quality-analysis/work/jsoup/src/main/java/org/jsoup/nodes/Node.java,org.jsoup.nodes.Node,lastChild/0,false,658,2,3,1,2,2,3,6,2,2,0,3,2,1,0,1,0,0,0,2,2,1,1,0,0,0,19,1,0,true
/home/alison/jsoup-quality-analysis/work/jsoup/src/main/java/org/jsoup/nodes/Node.java,org.jsoup.nodes.Node,hasParent/0,false,62,0,2,2,0,2,0,3,1,0,0,0,0,0,0,1,0,0,0,0,0,0,0,0,0,0,27,1,0,true
/home/alison/jsoup-quality-analysis/work/jsoup/src/main/java/org/jsoup/nodes/Node.java,org.jsoup.nodes.Node,"isNode/2[org.jsoup.nodes.Node,java.lang.String]",false,749,2,2,1,1,2,2,3,1,0,2,2,1,2,0,1,0,0,0,0,0,0,0,0,0,0,12,8,0,true
/home/alison/jsoup-quality-analysis/work/jsoup/src/main/java/org/jsoup/nodes/Node.java,org.jsoup.nodes.Node,ownerDocument/0,false,312,3,11,10,1,2,1,4,1,1,0,1,1,1,0,0,0,1,0,0,1,0,0,0,0,0,14,1,0,true
/home/alison/jsoup-quality-analysis/work/jsoup/src/main/java/org/jsoup/nodes/Node.java,org.jsoup.nodes.Node,parentNode/0,false,293,2,2,2,0,1,0,3,1,0,0,0,0,0,0,0,0,0,0,0,0,0,0,0,0,0,18,17,0,true
/home/alison/jsoup-quality-analysis/work/jsoup/src/main/java/org/jsoup/nodes/Node.java,org.jsoup.nodes.Node,before/1[java.lang.String],false,332,1,1,0,1,1,1,4,1,0,1,1,1,7,0,0,0,0,0,0,0,0,0,0,0,0,23,1,0,true
/home/alison/jsoup-quality-analysis/work/jsoup/src/main/java/org/jsoup/nodes/Node.java,org.jsoup.nodes.Node,before/1[org.jsoup.nodes.Node],false,343,2,3,0,3,2,3,7,1,0,1,3,2,6,0,1,0,0,0,0,0,0,1,0,0,0,18,1,0,true
/home/alison/jsoup-quality-analysis/work/jsoup/src/main/java/org/jsoup/safety/Safelist.java,org.jsoup.safety.Safelist$TypedValue,equals/1[java.lang.Object],false,676,1,0,0,0,5,2,10,5,1,1,2,0,0,0,5,0,0,0,0,1,0,1,0,0,0,12,1,0,false
/home/alison/jsoup-quality-analysis/work/jsoup/src/main/java/org/jsoup/safety/Safelist.java,org.jsoup.safety.Safelist$TypedValue,toString/0,false,687,0,2,2,0,1,0,3,1,0,0,0,0,0,0,0,0,0,0,0,0,0,0,0,0,0,3,1,0,false
/home/alison/jsoup-quality-analysis/work/jsoup/src/main/java/org/jsoup/safety/Safelist.java,org.jsoup.safety.Safelist$TypedValue,TypedValue/1[java.lang.String],true,662,1,1,0,1,1,1,4,0,0,1,1,0,0,0,0,0,0,0,0,1,0,0,0,0,0,3,0,0,false
/home/alison/jsoup-quality-analysis/work/jsoup/src/main/java/org/jsoup/safety/Safelist.java,org.jsoup.safety.Safelist$TypedValue,hashCode/0,false,668,0,0,0,0,2,1,6,1,2,0,1,0,0,0,1,0,2,0,3,3,2,0,0,0,0,6,1,0,false
/home/alison/jsoup-quality-analysis/work/jsoup/src/main/java/org/jsoup/helper/DataUtil.java,org.jsoup.helper.DataUtil$BomCharset,"BomCharset/2[java.lang.String,boolean]",true,326,0,1,1,0,1,0,4,0,0,2,0,0,0,0,0,0,0,0,0,2,0,0,0,0,0,4,1,0,false
/home/alison/jsoup-quality-analysis/work/jsoup/src/main/java/org/jsoup/parser/HtmlTreeBuilderState.java,org.jsoup.parser.HtmlTreeBuilderState,"process/2[org.jsoup.parser.Token,org.jsoup.parser.HtmlTreeBuilder]",false,1835,2,4,4,0,1,0,1,0,0,2,0,0,0,0,0,0,0,0,0,0,0,0,0,0,0,3,1024,0,false
/home/alison/jsoup-quality-analysis/work/jsoup/src/main/java/org/jsoup/parser/HtmlTreeBuilderState.java,org.jsoup.parser.HtmlTreeBuilderState,"handleRawtext/2[org.jsoup.parser.Token.StartTag,org.jsoup.parser.HtmlTreeBuilder]",false,1852,3,6,2,4,1,4,6,0,0,2,4,0,0,0,0,0,0,0,0,0,0,0,0,0,0,6,10,0,false
/home/alison/jsoup-quality-analysis/work/jsoup/src/main/java/org/jsoup/parser/HtmlTreeBuilderState.java,org.jsoup.parser.HtmlTreeBuilderState,"handleRcData/2[org.jsoup.parser.Token.StartTag,org.jsoup.parser.HtmlTreeBuilder]",false,1845,3,5,1,4,1,4,6,0,0,2,4,0,0,0,0,0,0,0,0,0,0,0,0,0,0,7,10,0,false
/home/alison/jsoup-quality-analysis/work/jsoup/src/main/java/org/jsoup/parser/HtmlTreeBuilderState.java,org.jsoup.parser.HtmlTreeBuilderState,isWhitespace/1[org.jsoup.parser.Token],false,1837,3,5,1,4,2,4,7,2,1,1,4,0,0,0,0,0,0,0,0,1,0,1,0,0,0,6,10,0,false
/home/alison/jsoup-quality-analysis/work/jsoup/src/main/java/org/jsoup/select/Evaluator.java,org.jsoup.select.Evaluator$AttributeStarting,"matches/2[org.jsoup.nodes.Element,org.jsoup.nodes.Element]",false,188,4,4,0,4,3,5,7,2,1,2,5,0,0,1,0,0,0,0,0,1,0,2,0,0,0,11,1,0,false
/home/alison/jsoup-quality-analysis/work/jsoup/src/main/java/org/jsoup/select/Evaluator.java,org.jsoup.select.Evaluator$AttributeStarting,cost/0,false,197,0,0,0,0,1,0,3,1,0,0,0,0,0,0,0,0,0,0,1,0,0,0,0,0,0,1,4,0,false
/home/alison/jsoup-quality-analysis/work/jsoup/src/main/java/org/jsoup/select/Evaluator.java,org.jsoup.select.Evaluator$AttributeStarting,AttributeStarting/1[java.lang.String],true,182,2,4,2,2,1,2,4,0,0,1,2,0,0,0,0,0,0,0,0,1,0,0,0,0,0,6,1,0,false
/home/alison/jsoup-quality-analysis/work/jsoup/src/main/java/org/jsoup/select/Evaluator.java,org.jsoup.select.Evaluator$AttributeStarting,toString/0,false,202,0,0,0,0,1,1,3,1,0,0,1,0,0,0,0,0,0,1,0,0,0,0,0,0,0,2,1,0,false
/home/alison/jsoup-quality-analysis/work/jsoup/src/main/java/org/jsoup/parser/TokeniserState.java,org.jsoup.parser.TokeniserState$Anonymous40,"read/2[org.jsoup.parser.Tokeniser,org.jsoup.parser.CharacterReader]",false,809,4,60,0,60,17,11,26,0,3,2,11,0,0,0,1,0,0,0,1,3,0,2,0,0,0,16,0,2,false
/home/alison/jsoup-quality-analysis/work/jsoup/src/main/java/org/jsoup/nodes/DataNode.java,org.jsoup.nodes.DataNode,DataNode/1[java.lang.String],true,15,0,3,3,0,1,0,3,0,0,1,0,0,0,0,0,0,0,0,0,1,0,0,0,0,0,7,1,0,true
/home/alison/jsoup-quality-analysis/work/jsoup/src/main/java/org/jsoup/nodes/DataNode.java,org.jsoup.nodes.DataNode,toString/0,false,50,1,1,0,1,1,1,3,1,0,0,1,0,0,0,0,0,0,0,0,0,0,0,0,0,0,4,1,0,false
/home/alison/jsoup-quality-analysis/work/jsoup/src/main/java/org/jsoup/nodes/DataNode.java,org.jsoup.nodes.DataNode,clone/0,false,55,1,0,0,0,1,1,3,1,0,0,1,0,0,0,0,0,0,0,0,0,0,0,0,0,0,3,1,0,false
/home/alison/jsoup-quality-analysis/work/jsoup/src/main/java/org/jsoup/nodes/DataNode.java,org.jsoup.nodes.DataNode,getWholeData/0,false,27,1,5,4,1,1,1,3,1,0,0,1,0,0,0,0,0,0,0,0,0,0,0,0,0,0,17,1,0,true
/home/alison/jsoup-quality-analysis/work/jsoup/src/main/java/org/jsoup/nodes/DataNode.java,org.jsoup.nodes.DataNode,setWholeData/1[java.lang.String],false,36,2,1,0,1,1,1,4,1,0,1,1,0,0,0,0,0,0,0,0,0,0,0,0,0,0,13,1,0,true
/home/alison/jsoup-quality-analysis/work/jsoup/src/main/java/org/jsoup/nodes/DataNode.java,org.jsoup.nodes.DataNode,"outerHtmlTail/3[java.lang.Appendable,int,org.jsoup.nodes.Document.OutputSettings]",false,47,1,0,0,0,1,0,2,0,0,3,0,0,0,0,0,0,0,0,0,0,0,0,0,0,0,5,0,0,false
/home/alison/jsoup-quality-analysis/work/jsoup/src/main/java/org/jsoup/nodes/DataNode.java,org.jsoup.nodes.DataNode,"outerHtmlHead/3[java.lang.Appendable,int,org.jsoup.nodes.Document.OutputSettings]",false,42,2,1,0,1,1,2,3,0,0,3,2,1,1,0,0,0,0,0,0,0,0,0,0,0,0,11,0,0,false
/home/alison/jsoup-quality-analysis/work/jsoup/src/main/java/org/jsoup/nodes/DataNode.java,org.jsoup.nodes.DataNode,nodeName/0,false,19,0,0,0,0,1,0,3,1,0,0,0,0,0,0,0,0,0,1,0,0,0,0,0,0,0,2,1,0,false
/home/alison/jsoup-quality-analysis/work/jsoup/src/main/java/org/jsoup/parser/TokeniserState.java,org.jsoup.parser.TokeniserState$Anonymous41,"read/2[org.jsoup.parser.Tokeniser,org.jsoup.parser.CharacterReader]",false,858,2,60,0,60,9,6,18,0,1,2,6,0,0,0,0,0,0,0,0,1,0,1,0,0,0,12,0,1,false
/home/alison/jsoup-quality-analysis/work/jsoup/src/main/java/org/jsoup/nodes/Attributes.java,org.jsoup.nodes.Attributes,removeIgnoreCase/1[java.lang.String],false,243,1,3,1,2,2,2,4,0,1,1,2,2,1,0,1,0,0,0,0,1,0,1,0,0,0,16,1,0,true
/home/alison/jsoup-quality-analysis/work/jsoup/src/main/java/org/jsoup/nodes/Attributes.java,org.jsoup.nodes.Attributes,hasKey/1[java.lang.String],false,254,1,4,3,1,2,1,3,1,0,1,1,1,1,0,1,0,0,0,0,0,0,0,0,0,0,20,1,0,true
/home/alison/jsoup-quality-analysis/work/jsoup/src/main/java/org/jsoup/nodes/Attributes.java,org.jsoup.nodes.Attributes,getUserData/1[java.lang.String],false,120,3,5,1,4,3,4,6,1,1,1,4,3,1,0,1,0,0,0,0,2,0,1,0,0,0,30,0,0,true
/home/alison/jsoup-quality-analysis/work/jsoup/src/main/java/org/jsoup/nodes/Attributes.java,org.jsoup.nodes.Attributes,isEmpty/0,false,299,0,2,2,0,2,0,3,1,0,0,0,0,0,0,1,0,0,0,1,0,0,0,0,0,0,7,1,0,true
/home/alison/jsoup-quality-analysis/work/jsoup/src/main/java/org/jsoup/nodes/Attributes.java,org.jsoup.nodes.Attributes,isInternalKey/1[java.lang.String],false,568,0,5,5,0,4,2,3,1,0,1,2,0,0,0,2,0,0,0,2,0,0,0,0,0,0,6,2,0,false
/home/alison/jsoup-quality-analysis/work/jsoup/src/main/java/org/jsoup/nodes/Attributes.java,org.jsoup.nodes.Attributes,"add/2[java.lang.String,java.lang.String]",false,131,2,5,4,1,1,1,4,1,0,2,1,1,2,0,0,0,0,0,0,0,0,0,0,0,0,12,1,0,true
/home/alison/jsoup-quality-analysis/work/jsoup/src/main/java/org/jsoup/nodes/Attributes.java,org.jsoup.nodes.Attributes,hashCode/0,false,448,0,0,0,0,1,1,6,1,1,0,1,0,0,0,0,0,0,0,2,3,4,0,0,0,0,19,1,0,true
/home/alison/jsoup-quality-analysis/work/jsoup/src/main/java/org/jsoup/nodes/Attributes.java,org.jsoup.nodes.Attributes,toString/0,false,410,1,2,1,1,1,1,3,1,0,0,1,1,3,0,0,0,0,0,0,0,0,0,0,0,0,3,1,0,false
/home/alison/jsoup-quality-analysis/work/jsoup/src/main/java/org/jsoup/nodes/Attributes.java,org.jsoup.nodes.Attributes,iterator/0,false,322,2,2,1,1,1,0,28,1,0,0,0,0,0,0,0,0,0,0,0,0,0,0,1,0,0,22,1,0,false
/home/alison/jsoup-quality-analysis/work/jsoup/src/main/java/org/jsoup/nodes/Attributes.java,org.jsoup.nodes.Attributes,"putIgnoreCase/2[java.lang.String,java.lang.String]",false,178,2,4,2,2,3,3,8,0,1,2,3,2,3,0,1,0,0,0,0,3,0,2,0,0,0,12,0,0,false
/home/alison/jsoup-quality-analysis/work/jsoup/src/main/java/org/jsoup/nodes/Attributes.java,org.jsoup.nodes.Attributes,html/0,false,388,4,7,1,6,2,4,10,1,1,0,4,1,2,0,0,1,1,1,0,1,0,1,0,0,0,19,1,0,true
/home/alison/jsoup-quality-analysis/work/jsoup/src/main/java/org/jsoup/nodes/Attributes.java,org.jsoup.nodes.Attributes,addAll/1[org.jsoup.nodes.Attributes],false,307,2,9,3,6,5,6,9,1,1,1,6,4,5,1,2,0,0,0,2,1,1,2,0,0,0,20,1,0,true
/home/alison/jsoup-quality-analysis/work/jsoup/src/main/java/org/jsoup/nodes/Attributes.java,org.jsoup.nodes.Attributes,clone/0,false,456,1,5,5,0,2,3,13,1,1,0,3,0,0,0,0,1,0,0,0,4,0,1,0,0,0,9,1,0,false
/home/alison/jsoup-quality-analysis/work/jsoup/src/main/java/org/jsoup/nodes/Attributes.java,org.jsoup.nodes.Attributes,dataKey/1[java.lang.String],false,560,0,1,1,0,1,0,3,1,0,1,0,0,0,0,0,0,0,0,0,0,1,0,0,0,0,4,10,0,false
/home/alison/jsoup-quality-analysis/work/jsoup/src/main/java/org/jsoup/nodes/Attributes.java,org.jsoup.nodes.Attributes,remove/1[java.lang.String],false,233,1,5,3,2,2,2,4,0,1,1,2,2,1,0,1,0,0,0,0,1,0,1,0,0,0,15,1,0,true
/home/alison/jsoup-quality-analysis/work/jsoup/src/main/java/org/jsoup/nodes/Attributes.java,org.jsoup.nodes.Attributes,hasDeclaredValueForKeyIgnoreCase/1[java.lang.String],false,282,1,1,0,1,3,1,4,1,1,1,1,1,1,0,2,0,0,0,0,1,0,0,0,0,0,29,1,0,true
/home/alison/jsoup-quality-analysis/work/jsoup/src/main/java/org/jsoup/nodes/Attributes.java,org.jsoup.nodes.Attributes,asList/0,false,364,2,3,1,2,3,3,9,1,3,0,3,1,1,1,0,0,0,0,1,3,0,2,0,0,0,18,1,0,true
/home/alison/jsoup-quality-analysis/work/jsoup/src/main/java/org/jsoup/nodes/Attributes.java,org.jsoup.nodes.Attributes,get/1[java.lang.String],false,99,1,7,5,2,2,2,4,1,1,1,2,2,1,0,1,0,0,0,0,1,0,0,0,0,0,25,1,0,true
/home/alison/jsoup-quality-analysis/work/jsoup/src/main/java/org/jsoup/nodes/Attributes.java,org.jsoup.nodes.Attributes,"put/2[java.lang.String,boolean]",false,195,1,3,1,2,2,2,5,1,0,2,2,2,5,0,0,0,0,0,0,0,0,1,0,0,0,14,1,0,true
/home/alison/jsoup-quality-analysis/work/jsoup/src/main/java/org/jsoup/nodes/Attributes.java,org.jsoup.nodes.Attributes,indexOfKey/1[java.lang.String],false,69,1,10,9,1,3,2,7,2,1,1,2,0,0,1,0,0,0,0,1,1,0,2,0,0,0,8,0,0,false
/home/alison/jsoup-quality-analysis/work/jsoup/src/main/java/org/jsoup/nodes/Attributes.java,org.jsoup.nodes.Attributes,put/1[org.jsoup.nodes.Attribute],false,208,3,7,3,4,1,4,6,1,0,1,4,1,4,0,0,0,0,0,0,1,0,0,0,0,0,17,1,0,true
/home/alison/jsoup-quality-analysis/work/jsoup/src/main/java/org/jsoup/nodes/Attributes.java,org.jsoup.nodes.Attributes,"put/2[java.lang.String,java.lang.String]",false,149,3,10,7,3,2,3,7,1,1,2,3,2,3,0,1,0,0,0,0,2,0,1,0,0,0,29,1,0,true
/home/alison/jsoup-quality-analysis/work/jsoup/src/main/java/org/jsoup/nodes/Attributes.java,org.jsoup.nodes.Attributes,dataset/0,false,380,1,2,1,1,1,0,3,1,0,0,0,0,0,0,0,0,0,0,0,0,0,0,0,0,0,20,1,0,true
/home/alison/jsoup-quality-analysis/work/jsoup/src/main/java/org/jsoup/nodes/Attributes.java,org.jsoup.nodes.Attributes,"putUserData/2[java.lang.String,java.lang.Object]",false,166,2,6,1,5,3,5,9,1,1,2,5,4,2,0,1,0,0,0,0,3,0,1,0,0,0,36,0,0,true
/home/alison/jsoup-quality-analysis/work/jsoup/src/main/java/org/jsoup/nodes/Attributes.java,org.jsoup.nodes.Attributes,checkCapacity/1[int],false,56,1,3,2,1,5,3,9,1,2,1,3,0,0,0,0,0,0,0,0,5,1,1,0,0,0,14,2,0,false
/home/alison/jsoup-quality-analysis/work/jsoup/src/main/java/org/jsoup/nodes/Attributes.java,org.jsoup.nodes.Attributes,checkNotNull/1[java.lang.Object],false,89,1,5,5,0,2,0,3,1,0,1,0,0,0,0,1,0,0,0,0,0,0,0,0,0,0,8,8,0,false
/home/alison/jsoup-quality-analysis/work/jsoup/src/main/java/org/jsoup/nodes/Attributes.java,org.jsoup.nodes.Attributes,internalKey/1[java.lang.String],false,564,0,2,2,0,1,0,3,1,0,1,0,0,0,0,0,0,0,0,0,0,1,0,0,0,0,5,8,0,false
/home/alison/jsoup-quality-analysis/work/jsoup/src/main/java/org/jsoup/nodes/Attributes.java,org.jsoup.nodes.Attributes,getIgnoreCase/1[java.lang.String],false,109,1,7,5,2,2,2,4,1,1,1,2,2,1,0,1,0,0,0,0,1,0,0,0,0,0,30,1,0,true
/home/alison/jsoup-quality-analysis/work/jsoup/src/main/java/org/jsoup/nodes/Attributes.java,org.jsoup.nodes.Attributes,"addObject/2[java.lang.String,java.lang.Object]",false,136,2,3,2,1,1,1,6,0,0,2,1,1,1,0,0,0,0,0,1,2,1,0,0,0,0,7,2,0,false
/home/alison/jsoup-quality-analysis/work/jsoup/src/main/java/org/jsoup/nodes/Attributes.java,org.jsoup.nodes.Attributes,normalize/0,false,472,1,2,1,1,2,1,5,0,1,0,1,0,0,1,0,0,0,0,1,2,0,1,0,0,0,8,1,0,true
/home/alison/jsoup-quality-analysis/work/jsoup/src/main/java/org/jsoup/nodes/Attributes.java,org.jsoup.nodes.Attributes,equals/1[java.lang.Object],false,421,2,2,1,1,10,3,18,7,6,1,3,1,1,1,7,0,0,0,1,6,0,3,0,0,0,47,1,0,true
/home/alison/jsoup-quality-analysis/work/jsoup/src/main/java/org/jsoup/nodes/Attributes.java,org.jsoup.nodes.Attributes,hasKeyIgnoreCase/1[java.lang.String],false,263,1,5,4,1,2,1,3,1,0,1,1,1,1,0,1,0,0,0,0,0,0,0,0,0,0,21,1,0,true
/home/alison/jsoup-quality-analysis/work/jsoup/src/main/java/org/jsoup/nodes/Attributes.java,org.jsoup.nodes.Attributes,hasDeclaredValueForKey/1[java.lang.String],false,272,1,1,0,1,3,1,4,1,1,1,1,1,1,0,2,0,0,0,0,1,0,0,0,0,0,26,1,0,true
/home/alison/jsoup-quality-analysis/work/jsoup/src/main/java/org/jsoup/nodes/Attributes.java,org.jsoup.nodes.Attributes,indexOfKeyIgnoreCase/1[java.lang.String],false,78,1,7,6,1,3,2,7,2,1,1,2,0,0,1,0,0,0,0,1,1,0,2,0,0,0,10,2,0,false
/home/alison/jsoup-quality-analysis/work/jsoup/src/main/java/org/jsoup/nodes/Attributes.java,org.jsoup.nodes.Attributes,deduplicate/1[org.jsoup.parser.ParseSettings],false,483,2,5,2,3,9,5,16,2,4,1,5,2,1,2,1,0,2,0,4,4,1,3,0,0,0,27,1,0,true
/home/alison/jsoup-quality-analysis/work/jsoup/src/main/java/org/jsoup/nodes/Attributes.java,org.jsoup.nodes.Attributes,size/0,false,292,0,4,4,0,1,0,3,1,0,0,0,0,0,0,0,0,0,0,0,0,0,0,0,0,0,17,1,0,true
/home/alison/jsoup-quality-analysis/work/jsoup/src/main/java/org/jsoup/nodes/Attributes.java,org.jsoup.nodes.Attributes,remove/1[int],false,217,1,5,4,1,3,2,11,0,1,1,2,0,0,0,0,0,0,1,4,3,3,1,0,0,0,5,2,0,false
/home/alison/jsoup-quality-analysis/work/jsoup/src/main/java/org/jsoup/nodes/Attributes.java,org.jsoup.nodes.Attributes,"html/2[java.lang.Appendable,org.jsoup.nodes.Document.OutputSettings]",false,398,3,6,2,4,4,5,8,0,3,2,5,1,1,1,1,0,0,0,1,3,0,2,0,0,0,14,16,0,false
/home/alison/jsoup-quality-analysis/work/jsoup/src/main/java/org/jsoup/helper/W3CDom.java,org.jsoup.helper.W3CDom,convert/1[org.jsoup.nodes.Document],false,99,3,2,0,2,1,1,3,1,0,1,1,1,3,0,0,0,1,0,0,0,0,0,0,0,0,13,9,0,true
/home/alison/jsoup-quality-analysis/work/jsoup/src/main/java/org/jsoup/helper/W3CDom.java,org.jsoup.helper.W3CDom,OutputHtml/0,false,161,1,1,0,1,1,1,3,1,0,0,1,1,1,0,0,0,0,1,0,0,0,0,0,0,0,9,9,0,true
/home/alison/jsoup-quality-analysis/work/jsoup/src/main/java/org/jsoup/helper/W3CDom.java,org.jsoup.helper.W3CDom,asString/1[org.w3c.dom.Document],false,335,2,1,0,1,1,1,3,1,0,1,1,1,2,0,0,0,0,0,0,0,0,0,0,0,0,27,1,0,true
/home/alison/jsoup-quality-analysis/work/jsoup/src/main/java/org/jsoup/helper/W3CDom.java,org.jsoup.helper.W3CDom,"convert/2[org.jsoup.nodes.Element,org.w3c.dom.Document]",false,245,8,11,2,9,4,8,13,0,3,2,8,0,0,0,1,0,0,0,0,5,0,2,0,0,0,31,1,0,true
/home/alison/jsoup-quality-analysis/work/jsoup/src/main/java/org/jsoup/helper/W3CDom.java,org.jsoup.helper.W3CDom,"sourceNodes/2[org.w3c.dom.NodeList,java.lang.Class<T>]",false,304,4,5,1,4,3,7,11,1,4,2,7,0,0,1,0,0,0,0,1,4,0,2,0,0,0,31,1,0,true
/home/alison/jsoup-quality-analysis/work/jsoup/src/main/java/org/jsoup/helper/W3CDom.java,org.jsoup.helper.W3CDom,namespaceAware/1[boolean],false,87,1,1,1,0,1,1,5,1,0,1,1,0,0,0,0,0,0,0,0,1,0,0,0,0,0,34,1,0,true
/home/alison/jsoup-quality-analysis/work/jsoup/src/main/java/org/jsoup/helper/W3CDom.java,org.jsoup.helper.W3CDom,methodMap/1[java.lang.String],false,170,0,2,2,0,1,1,5,1,1,1,1,0,0,0,0,0,0,0,0,1,0,0,0,0,0,3,10,0,false
/home/alison/jsoup-quality-analysis/work/jsoup/src/main/java/org/jsoup/helper/W3CDom.java,org.jsoup.helper.W3CDom,contextNode/1[org.w3c.dom.Document],false,324,2,2,1,1,1,1,3,1,0,1,1,0,0,0,0,0,0,0,0,0,0,0,0,0,0,24,1,0,true
/home/alison/jsoup-quality-analysis/work/jsoup/src/main/java/org/jsoup/helper/W3CDom.java,org.jsoup.helper.W3CDom,W3CDom/0,true,66,0,2,2,0,1,2,4,0,0,0,2,0,0,0,0,0,0,0,0,1,0,0,0,0,0,5,1,0,false
/home/alison/jsoup-quality-analysis/work/jsoup/src/main/java/org/jsoup/helper/W3CDom.java,org.jsoup.helper.W3CDom,"selectXpath/2[java.lang.String,org.w3c.dom.Node]",false,275,4,6,2,4,3,10,16,1,4,2,10,0,0,0,1,1,0,4,0,4,0,1,0,0,0,31,1,0,true
/home/alison/jsoup-quality-analysis/work/jsoup/src/main/java/org/jsoup/helper/W3CDom.java,org.jsoup.helper.W3CDom,"asString/2[org.w3c.dom.Document,java.util.Map<java.lang.String,java.lang.String>]",false,123,5,7,1,6,9,13,21,1,6,2,13,1,1,0,2,1,0,2,0,6,0,4,0,0,0,63,9,0,true
/home/alison/jsoup-quality-analysis/work/jsoup/src/main/java/org/jsoup/helper/W3CDom.java,org.jsoup.helper.W3CDom,namespaceAware/0,false,76,0,0,0,0,1,0,3,1,0,0,0,0,0,0,0,0,0,0,0,0,0,0,0,0,0,25,1,0,true
/home/alison/jsoup-quality-analysis/work/jsoup/src/main/java/org/jsoup/helper/W3CDom.java,org.jsoup.helper.W3CDom,OutputXml/0,false,166,1,1,0,1,1,1,3,1,0,0,1,1,1,0,0,0,0,1,0,0,0,0,0,0,0,8,9,0,true
/home/alison/jsoup-quality-analysis/work/jsoup/src/main/java/org/jsoup/helper/W3CDom.java,org.jsoup.helper.W3CDom,"convert/2[org.jsoup.nodes.Document,org.w3c.dom.Document]",false,232,4,1,0,1,1,1,3,0,0,2,1,1,1,0,0,0,0,0,0,0,0,0,0,0,0,22,1,0,true
/home/alison/jsoup-quality-analysis/work/jsoup/src/main/java/org/jsoup/helper/W3CDom.java,org.jsoup.helper.W3CDom,fromJsoup/1[org.jsoup.nodes.Document],false,184,4,2,1,1,1,1,3,1,0,1,1,1,2,0,0,0,0,0,0,0,0,0,0,0,0,35,1,0,true
/home/alison/jsoup-quality-analysis/work/jsoup/src/main/java/org/jsoup/helper/W3CDom.java,org.jsoup.helper.W3CDom,"selectXpath/2[java.lang.String,org.w3c.dom.Document]",false,265,4,1,0,1,1,1,3,1,0,2,1,1,1,0,0,0,0,0,0,0,0,0,0,0,0,20,1,0,true
/home/alison/jsoup-quality-analysis/work/jsoup/src/main/java/org/jsoup/helper/W3CDom.java,org.jsoup.helper.W3CDom,"propertiesFromMap/1[java.util.Map<java.lang.String,java.lang.String>]",false,154,0,1,1,0,1,1,5,1,1,1,1,0,0,0,0,0,0,0,0,1,0,0,0,0,0,6,8,0,false
/home/alison/jsoup-quality-analysis/work/jsoup/src/main/java/org/jsoup/helper/W3CDom.java,org.jsoup.helper.W3CDom,fromJsoup/1[org.jsoup.nodes.Element],false,200,10,14,2,12,6,15,23,1,7,1,15,1,1,0,3,1,1,0,0,7,0,2,0,0,0,67,1,0,true
/home/alison/jsoup-quality-analysis/work/jsoup/src/main/java/org/jsoup/parser/XmlTreeBuilder.java,org.jsoup.parser.XmlTreeBuilder,defaultNamespace/0,false,56,0,0,0,0,1,0,3,1,0,0,0,0,0,0,0,0,0,0,0,0,0,0,0,0,0,3,1,0,false
/home/alison/jsoup-quality-analysis/work/jsoup/src/main/java/org/jsoup/parser/XmlTreeBuilder.java,org.jsoup.parser.XmlTreeBuilder,process/1[org.jsoup.parser.Token],false,61,3,11,0,11,7,11,17,1,0,1,11,5,5,0,0,0,0,1,0,0,1,1,0,0,0,5,4,0,false
/home/alison/jsoup-quality-analysis/work/jsoup/src/main/java/org/jsoup/parser/XmlTreeBuilder.java,org.jsoup.parser.XmlTreeBuilder,insert/1[org.jsoup.parser.Token.Doctype],false,130,4,9,1,8,1,7,5,0,1,1,7,1,1,0,0,0,0,0,0,1,0,0,0,0,0,6,0,0,false
/home/alison/jsoup-quality-analysis/work/jsoup/src/main/java/org/jsoup/parser/XmlTreeBuilder.java,org.jsoup.parser.XmlTreeBuilder,"parseFragment/3[java.lang.String,java.lang.String,org.jsoup.parser.Parser]",false,173,4,5,2,3,1,3,5,1,0,3,3,1,1,0,0,0,0,0,0,0,0,0,0,0,0,10,0,0,false
/home/alison/jsoup-quality-analysis/work/jsoup/src/main/java/org/jsoup/parser/XmlTreeBuilder.java,org.jsoup.parser.XmlTreeBuilder,"parse/2[java.lang.String,java.lang.String]",false,47,3,2,0,2,1,1,3,1,0,2,1,0,0,0,0,0,0,0,0,0,0,0,0,0,0,8,0,0,false
/home/alison/jsoup-quality-analysis/work/jsoup/src/main/java/org/jsoup/parser/XmlTreeBuilder.java,org.jsoup.parser.XmlTreeBuilder,defaultSettings/0,false,29,1,0,0,0,1,0,3,1,0,0,0,0,0,0,0,0,0,0,0,0,0,0,0,0,0,3,0,0,false
/home/alison/jsoup-quality-analysis/work/jsoup/src/main/java/org/jsoup/parser/XmlTreeBuilder.java,org.jsoup.parser.XmlTreeBuilder,popStackToClose/1[org.jsoup.parser.Token.EndTag],false,142,4,4,1,3,7,7,22,1,8,1,7,0,0,2,2,0,0,0,5,9,4,2,0,0,0,35,4,0,true
/home/alison/jsoup-quality-analysis/work/jsoup/src/main/java/org/jsoup/parser/XmlTreeBuilder.java,org.jsoup.parser.XmlTreeBuilder,"insertNode/2[org.jsoup.nodes.Node,org.jsoup.parser.Token]",false,92,4,7,4,3,1,3,4,0,0,2,3,0,0,0,0,0,0,0,0,0,0,0,0,0,0,8,4,0,false
/home/alison/jsoup-quality-analysis/work/jsoup/src/main/java/org/jsoup/parser/XmlTreeBuilder.java,org.jsoup.parser.XmlTreeBuilder,newInstance/0,false,52,1,1,0,1,1,0,3,1,0,0,0,0,0,0,0,0,0,0,0,0,0,0,0,0,0,5,0,0,false
/home/alison/jsoup-quality-analysis/work/jsoup/src/main/java/org/jsoup/parser/XmlTreeBuilder.java,org.jsoup.parser.XmlTreeBuilder,insert/1[org.jsoup.parser.Token.Character],false,125,5,6,1,5,2,3,4,0,1,1,3,1,1,0,0,0,0,0,0,1,0,0,0,0,0,7,0,0,false
/home/alison/jsoup-quality-analysis/work/jsoup/src/main/java/org/jsoup/parser/XmlTreeBuilder.java,org.jsoup.parser.XmlTreeBuilder,insert/1[org.jsoup.parser.Token.StartTag],false,97,8,10,1,9,3,9,13,1,2,1,9,1,1,0,0,0,0,0,0,2,0,1,0,0,0,9,0,0,false
/home/alison/jsoup-quality-analysis/work/jsoup/src/main/java/org/jsoup/parser/XmlTreeBuilder.java,org.jsoup.parser.XmlTreeBuilder,"parseFragment/4[java.lang.String,org.jsoup.nodes.Element,java.lang.String,org.jsoup.parser.Parser]",false,179,4,1,0,1,1,1,3,1,0,4,1,1,2,0,0,0,0,0,0,0,0,0,0,0,0,3,0,0,false
/home/alison/jsoup-quality-analysis/work/jsoup/src/main/java/org/jsoup/parser/XmlTreeBuilder.java,org.jsoup.parser.XmlTreeBuilder,insertNode/1[org.jsoup.nodes.Node],false,87,3,3,0,3,1,3,4,0,0,1,3,0,0,0,0,0,0,0,0,0,0,0,0,0,0,7,4,0,false
/home/alison/jsoup-quality-analysis/work/jsoup/src/main/java/org/jsoup/parser/XmlTreeBuilder.java,org.jsoup.parser.XmlTreeBuilder,"parse/2[java.io.Reader,java.lang.String]",false,43,3,2,0,2,1,1,3,1,0,2,1,0,0,0,0,0,0,0,0,0,0,0,0,0,0,6,0,0,false
/home/alison/jsoup-quality-analysis/work/jsoup/src/main/java/org/jsoup/parser/XmlTreeBuilder.java,org.jsoup.parser.XmlTreeBuilder,"initialiseParse/3[java.io.Reader,java.lang.String,org.jsoup.parser.Parser]",false,34,4,5,1,4,1,6,5,0,0,3,6,0,0,0,0,0,0,0,0,0,0,0,0,0,0,6,4,0,false
/home/alison/jsoup-quality-analysis/work/jsoup/src/main/java/org/jsoup/parser/XmlTreeBuilder.java,org.jsoup.parser.XmlTreeBuilder,insert/1[org.jsoup.parser.Token.Comment],false,112,5,6,1,5,4,4,9,0,3,1,4,1,1,0,1,0,0,0,0,4,0,2,0,0,0,9,0,0,false
/home/alison/jsoup-quality-analysis/work/jsoup/src/main/java/org/jsoup/nodes/Document.java,org.jsoup.nodes.Document$OutputSettings,maxPaddingWidth/0,false,561,0,1,1,0,1,0,3,1,0,0,0,0,0,0,0,0,0,0,0,0,0,0,0,0,0,20,1,0,true
/home/alison/jsoup-quality-analysis/work/jsoup/src/main/java/org/jsoup/nodes/Document.java,org.jsoup.nodes.Document$OutputSettings,charset/0,false,443,0,2,2,0,1,0,3,1,0,0,0,0,0,0,0,0,0,0,0,0,0,0,0,0,0,41,1,0,true
/home/alison/jsoup-quality-analysis/work/jsoup/src/main/java/org/jsoup/nodes/Document.java,org.jsoup.nodes.Document$OutputSettings,prepareEncoder/0,false,468,0,2,2,0,1,2,5,1,1,0,2,0,0,0,0,0,0,0,0,1,0,0,0,0,0,4,0,0,false
/home/alison/jsoup-quality-analysis/work/jsoup/src/main/java/org/jsoup/nodes/Document.java,org.jsoup.nodes.Document$OutputSettings,charset/1[java.lang.String],false,463,1,2,1,1,1,2,4,1,0,1,2,1,1,0,0,0,0,0,0,0,0,0,0,0,0,10,1,0,true
/home/alison/jsoup-quality-analysis/work/jsoup/src/main/java/org/jsoup/nodes/Document.java,org.jsoup.nodes.Document$OutputSettings,indentAmount/0,false,541,0,1,1,0,1,0,3,1,0,0,0,0,0,0,0,0,0,0,0,0,0,0,0,0,0,10,1,0,true
/home/alison/jsoup-quality-analysis/work/jsoup/src/main/java/org/jsoup/nodes/Document.java,org.jsoup.nodes.Document$OutputSettings,escapeMode/0,false,420,1,1,1,0,1,0,3,1,0,0,0,0,0,0,0,0,0,0,0,0,0,0,0,0,0,32,1,0,true
/home/alison/jsoup-quality-analysis/work/jsoup/src/main/java/org/jsoup/nodes/Document.java,org.jsoup.nodes.Document$OutputSettings,maxPaddingWidth/1[int],false,571,2,1,0,1,2,1,5,1,0,1,1,0,0,0,0,0,0,0,1,1,0,0,0,0,0,32,1,0,true
/home/alison/jsoup-quality-analysis/work/jsoup/src/main/java/org/jsoup/nodes/Document.java,org.jsoup.nodes.Document$OutputSettings,OutputSettings/0,true,408,1,3,2,1,1,1,3,0,0,0,1,1,1,0,0,0,0,0,0,0,0,0,0,0,0,3,1,0,false
/home/alison/jsoup-quality-analysis/work/jsoup/src/main/java/org/jsoup/nodes/Document.java,org.jsoup.nodes.Document$OutputSettings,prettyPrint/0,false,504,0,6,6,0,1,0,3,1,0,0,0,0,0,0,0,0,0,0,0,0,0,0,0,0,0,22,1,0,true
/home/alison/jsoup-quality-analysis/work/jsoup/src/main/java/org/jsoup/nodes/Document.java,org.jsoup.nodes.Document$OutputSettings,encoder/0,false,475,1,2,1,1,2,2,4,1,1,0,2,1,1,0,1,0,0,0,0,1,0,0,0,0,0,5,0,0,false
/home/alison/jsoup-quality-analysis/work/jsoup/src/main/java/org/jsoup/nodes/Document.java,org.jsoup.nodes.Document$OutputSettings,prettyPrint/1[boolean],false,513,1,1,1,0,1,0,4,1,0,1,0,0,0,0,0,0,0,0,0,1,0,0,0,0,0,10,1,0,true
/home/alison/jsoup-quality-analysis/work/jsoup/src/main/java/org/jsoup/nodes/Document.java,org.jsoup.nodes.Document$OutputSettings,indentAmount/1[int],false,550,2,1,0,1,2,1,5,1,0,1,1,0,0,0,0,0,0,0,1,1,0,0,0,0,0,19,1,0,true
/home/alison/jsoup-quality-analysis/work/jsoup/src/main/java/org/jsoup/nodes/Document.java,org.jsoup.nodes.Document$OutputSettings,outline/1[boolean],false,532,1,0,0,0,1,0,4,1,0,1,0,0,0,0,0,0,0,0,0,1,0,0,0,0,0,13,1,0,true
/home/alison/jsoup-quality-analysis/work/jsoup/src/main/java/org/jsoup/nodes/Document.java,org.jsoup.nodes.Document$OutputSettings,charset/1[java.nio.charset.Charset],false,452,2,5,4,1,1,2,5,1,0,1,2,0,0,0,0,0,0,0,0,2,0,0,0,0,0,10,1,0,true
/home/alison/jsoup-quality-analysis/work/jsoup/src/main/java/org/jsoup/nodes/Document.java,org.jsoup.nodes.Document$OutputSettings,escapeMode/1[org.jsoup.nodes.Entities.EscapeMode],false,430,2,1,1,0,1,0,4,1,0,1,0,0,0,0,0,0,0,0,0,1,0,0,0,0,0,30,1,0,true
/home/alison/jsoup-quality-analysis/work/jsoup/src/main/java/org/jsoup/nodes/Document.java,org.jsoup.nodes.Document$OutputSettings,syntax/0,false,484,1,8,8,0,1,0,3,1,0,0,0,0,0,0,0,0,0,0,0,0,0,0,0,0,0,6,1,0,true
/home/alison/jsoup-quality-analysis/work/jsoup/src/main/java/org/jsoup/nodes/Document.java,org.jsoup.nodes.Document$OutputSettings,outline/0,false,523,0,5,5,0,1,0,3,1,0,0,0,0,0,0,0,0,0,0,0,0,0,0,0,0,0,18,1,0,true
/home/alison/jsoup-quality-analysis/work/jsoup/src/main/java/org/jsoup/nodes/Document.java,org.jsoup.nodes.Document$OutputSettings,syntax/1[org.jsoup.nodes.Document.OutputSettings.Syntax],false,494,2,1,1,0,1,0,4,1,0,1,0,0,0,0,0,0,0,0,0,1,0,0,0,0,0,21,1,0,true
/home/alison/jsoup-quality-analysis/work/jsoup/src/main/java/org/jsoup/nodes/Document.java,org.jsoup.nodes.Document$OutputSettings,clone/0,false,578,2,5,3,2,2,5,12,1,1,0,5,1,2,0,0,1,0,0,0,2,0,1,0,0,0,9,1,0,false
/home/alison/jsoup-quality-analysis/work/jsoup/src/main/java/org/jsoup/select/CombiningEvaluator.java,org.jsoup.select.CombiningEvaluator,cost/0,false,41,0,0,0,0,1,0,3,1,0,0,0,0,0,0,0,0,0,0,0,0,0,0,0,0,0,1,4,0,false
/home/alison/jsoup-quality-analysis/work/jsoup/src/main/java/org/jsoup/select/CombiningEvaluator.java,org.jsoup.select.CombiningEvaluator,CombiningEvaluator/1[java.util.Collection<org.jsoup.select.Evaluator>],true,28,2,1,0,1,1,2,5,0,0,1,2,1,1,0,0,0,0,0,0,0,0,0,0,0,0,5,0,0,false
/home/alison/jsoup-quality-analysis/work/jsoup/src/main/java/org/jsoup/select/CombiningEvaluator.java,org.jsoup.select.CombiningEvaluator,updateEvaluators/0,false,54,1,5,4,1,2,5,10,0,0,0,5,0,0,1,0,0,0,0,1,3,0,1,0,0,0,7,0,0,false
/home/alison/jsoup-quality-analysis/work/jsoup/src/main/java/org/jsoup/select/CombiningEvaluator.java,org.jsoup.select.CombiningEvaluator,reset/0,false,34,1,1,0,1,2,1,6,0,0,0,1,0,0,1,0,0,0,0,0,0,0,1,0,0,0,4,4,0,false
/home/alison/jsoup-quality-analysis/work/jsoup/src/main/java/org/jsoup/select/CombiningEvaluator.java,org.jsoup.select.CombiningEvaluator,replaceRightMostEvaluator/1[org.jsoup.select.Evaluator],false,49,2,2,1,1,1,2,4,0,0,1,2,1,1,0,0,0,0,0,1,0,1,0,0,0,0,8,0,0,false
/home/alison/jsoup-quality-analysis/work/jsoup/src/main/java/org/jsoup/select/CombiningEvaluator.java,org.jsoup.select.CombiningEvaluator,CombiningEvaluator/0,true,22,1,0,0,0,1,0,5,0,0,0,0,0,0,0,0,0,0,0,0,2,0,0,0,0,0,5,0,0,false
/home/alison/jsoup-quality-analysis/work/jsoup/src/main/java/org/jsoup/select/CombiningEvaluator.java,org.jsoup.select.CombiningEvaluator,rightMostEvaluator/0,false,45,2,1,1,0,2,1,3,1,0,0,1,0,0,0,0,0,0,0,2,0,1,0,0,0,0,5,0,0,false
/home/alison/jsoup-quality-analysis/work/jsoup/src/main/java/org/jsoup/select/Evaluator.java,org.jsoup.select.Evaluator$ContainsData,toString/0,false,830,0,0,0,0,1,1,3,1,0,0,1,0,0,0,0,0,0,1,0,0,0,0,0,0,0,2,1,0,false
/home/alison/jsoup-quality-analysis/work/jsoup/src/main/java/org/jsoup/select/Evaluator.java,org.jsoup.select.Evaluator$ContainsData,"matches/2[org.jsoup.nodes.Element,org.jsoup.nodes.Element]",false,825,2,2,0,2,1,3,3,1,0,2,3,0,0,0,0,0,0,0,0,0,0,0,0,0,0,7,1,0,false
/home/alison/jsoup-quality-analysis/work/jsoup/src/main/java/org/jsoup/select/Evaluator.java,org.jsoup.select.Evaluator$ContainsData,ContainsData/1[java.lang.String],true,820,1,2,1,1,1,1,3,0,0,1,1,0,0,0,0,0,0,0,0,1,0,0,0,0,0,6,1,0,false
/home/alison/jsoup-quality-analysis/work/jsoup/src/main/java/org/jsoup/internal/Normalizer.java,org.jsoup.internal.Normalizer,"normalize/2[java.lang.String,boolean]",false,21,1,3,1,2,2,2,3,1,0,2,2,2,2,0,0,0,0,0,0,0,0,0,0,0,0,14,9,0,true
/home/alison/jsoup-quality-analysis/work/jsoup/src/main/java/org/jsoup/internal/Normalizer.java,org.jsoup.internal.Normalizer,lowerCase/1[java.lang.String],false,11,0,23,23,0,2,1,3,1,0,1,1,0,0,0,1,0,0,1,0,0,0,0,0,0,0,8,9,0,true
/home/alison/jsoup-quality-analysis/work/jsoup/src/main/java/org/jsoup/internal/Normalizer.java,org.jsoup.internal.Normalizer,normalize/1[java.lang.String],false,16,1,8,7,1,1,2,3,1,0,1,2,1,1,0,0,0,0,0,0,0,0,0,0,0,0,9,9,0,true
/home/alison/jsoup-quality-analysis/work/jsoup/src/main/java/org/jsoup/nodes/Attributes.java,org.jsoup.nodes.Attributes$Dataset$EntrySet,iterator/0,false,525,1,1,0,1,1,0,3,1,0,0,0,0,0,0,0,0,0,0,0,0,0,0,0,0,0,3,1,0,false
/home/alison/jsoup-quality-analysis/work/jsoup/src/main/java/org/jsoup/nodes/Attributes.java,org.jsoup.nodes.Attributes$Dataset$EntrySet,size/0,false,530,1,1,0,1,2,1,6,1,2,0,1,0,0,1,0,0,0,0,1,2,0,1,0,0,0,5,1,0,false
/home/alison/jsoup-quality-analysis/work/jsoup/src/main/java/org/jsoup/nodes/Attributes.java,org.jsoup.nodes.Attributes$Dataset,entrySet/0,false,510,1,1,0,1,1,0,3,1,0,0,0,0,0,0,0,0,0,0,0,0,0,0,0,0,0,3,1,0,false
/home/alison/jsoup-quality-analysis/work/jsoup/src/main/java/org/jsoup/nodes/Attributes.java,org.jsoup.nodes.Attributes$Dataset,"put/2[java.lang.String,java.lang.String]",false,515,1,4,0,4,2,4,6,1,2,2,4,0,0,0,0,0,0,0,0,2,0,0,0,0,0,8,1,0,false
/home/alison/jsoup-quality-analysis/work/jsoup/src/main/java/org/jsoup/nodes/Attributes.java,org.jsoup.nodes.Attributes$Dataset,Dataset/1[org.jsoup.nodes.Attributes],true,505,1,1,1,0,1,0,3,0,0,1,0,0,0,0,0,0,0,0,0,1,0,0,0,0,0,3,2,0,false
/home/alison/jsoup-quality-analysis/work/jsoup/src/main/java/org/jsoup/parser/TokeniserState.java,org.jsoup.parser.TokeniserState$Anonymous13,"read/2[org.jsoup.parser.Tokeniser,org.jsoup.parser.CharacterReader]",false,215,4,60,0,60,12,9,24,1,2,2,9,1,1,0,0,0,0,0,0,2,0,2,0,0,0,15,0,0,false
/home/alison/jsoup-quality-analysis/work/jsoup/src/main/java/org/jsoup/parser/TokeniserState.java,org.jsoup.parser.TokeniserState$Anonymous13,"anythingElse/2[org.jsoup.parser.Tokeniser,org.jsoup.parser.CharacterReader]",false,254,2,5,1,4,1,4,6,0,0,2,4,0,0,0,0,0,0,1,0,0,0,0,0,0,0,5,2,0,false
/home/alison/jsoup-quality-analysis/work/jsoup/src/main/java/org/jsoup/parser/TokeniserState.java,org.jsoup.parser.TokeniserState$Anonymous14,"read/2[org.jsoup.parser.Tokeniser,org.jsoup.parser.CharacterReader]",false,262,2,60,0,60,2,5,10,0,0,2,5,0,0,0,0,0,0,0,0,0,0,1,0,0,0,7,0,0,false
/home/alison/jsoup-quality-analysis/work/jsoup/src/main/java/org/jsoup/helper/Validate.java,org.jsoup.helper.Validate,notNull/1[java.lang.Object],false,17,2,81,80,1,2,0,3,0,0,1,0,0,0,0,1,0,0,1,0,0,0,1,0,0,0,16,9,0,true
/home/alison/jsoup-quality-analysis/work/jsoup/src/main/java/org/jsoup/helper/Validate.java,org.jsoup.helper.Validate,wtf/1[java.lang.String],false,173,0,1,1,0,1,0,3,0,0,1,0,0,0,0,0,0,0,0,0,0,0,0,0,0,0,16,9,0,true
/home/alison/jsoup-quality-analysis/work/jsoup/src/main/java/org/jsoup/helper/Validate.java,org.jsoup.helper.Validate,"fail/2[java.lang.String,java.lang.Object[]]",false,203,1,2,1,1,1,1,3,0,0,2,1,0,0,0,0,0,0,0,0,0,0,0,0,0,0,17,9,0,true
/home/alison/jsoup-quality-analysis/work/jsoup/src/main/java/org/jsoup/helper/Validate.java,org.jsoup.helper.Validate,"noNullElements/2[java.lang.Object[],java.lang.String]",false,130,1,2,1,1,3,0,3,0,0,2,0,0,0,1,1,0,0,0,0,0,0,2,0,0,0,25,9,0,true
/home/alison/jsoup-quality-analysis/work/jsoup/src/main/java/org/jsoup/helper/Validate.java,org.jsoup.helper.Validate,"notEmptyParam/2[java.lang.String,java.lang.String]",false,152,2,16,15,1,3,2,3,0,0,2,2,0,0,0,2,0,0,1,1,0,0,1,0,0,0,25,9,0,true
/home/alison/jsoup-quality-analysis/work/jsoup/src/main/java/org/jsoup/helper/Validate.java,org.jsoup.helper.Validate,notEmpty/1[java.lang.String],false,141,2,33,32,1,3,1,3,0,0,1,1,0,0,0,2,0,0,1,1,0,0,1,0,0,0,17,9,0,true
/home/alison/jsoup-quality-analysis/work/jsoup/src/main/java/org/jsoup/helper/Validate.java,org.jsoup.helper.Validate,"notNull/2[java.lang.Object,java.lang.String]",false,40,2,6,5,1,2,0,3,0,0,2,0,0,0,0,1,0,0,0,0,0,0,1,0,0,0,20,9,0,true
/home/alison/jsoup-quality-analysis/work/jsoup/src/main/java/org/jsoup/helper/Validate.java,org.jsoup.helper.Validate,isTrue/1[boolean],false,78,1,13,12,1,2,0,3,0,0,1,0,0,0,0,0,0,0,1,0,0,0,1,0,0,0,15,9,0,true
/home/alison/jsoup-quality-analysis/work/jsoup/src/main/java/org/jsoup/helper/Validate.java,org.jsoup.helper.Validate,"notEmpty/2[java.lang.String,java.lang.String]",false,163,2,11,10,1,3,1,3,0,0,2,1,0,0,0,2,0,0,0,1,0,0,1,0,0,0,21,9,0,true
/home/alison/jsoup-quality-analysis/work/jsoup/src/main/java/org/jsoup/helper/Validate.java,org.jsoup.helper.Validate,"isTrue/2[boolean,java.lang.String]",false,89,1,20,19,1,2,0,3,0,0,2,0,0,0,0,0,0,0,0,0,0,0,1,0,0,0,20,9,0,true
/home/alison/jsoup-quality-analysis/work/jsoup/src/main/java/org/jsoup/helper/Validate.java,org.jsoup.helper.Validate,assertFail/1[java.lang.String],false,192,1,2,1,1,1,1,4,1,0,1,1,1,1,0,0,0,0,0,0,0,0,0,0,0,0,24,8,0,true
/home/alison/jsoup-quality-analysis/work/jsoup/src/main/java/org/jsoup/helper/Validate.java,org.jsoup.helper.Validate,ensureNotNull/1[java.lang.Object],false,52,2,2,1,1,2,0,4,1,0,1,0,0,0,0,1,0,0,1,0,0,0,1,0,0,0,35,9,0,true
/home/alison/jsoup-quality-analysis/work/jsoup/src/main/java/org/jsoup/helper/Validate.java,org.jsoup.helper.Validate,"ensureNotNull/3[java.lang.Object,java.lang.String,java.lang.Object[]]",false,67,2,2,1,1,2,1,4,1,0,3,1,0,0,0,1,0,0,0,0,0,0,1,0,0,0,42,9,0,true
/home/alison/jsoup-quality-analysis/work/jsoup/src/main/java/org/jsoup/helper/Validate.java,org.jsoup.helper.Validate,noNullElements/1[java.lang.Object[]],false,120,1,2,1,1,1,1,3,0,0,1,1,1,1,0,0,0,0,1,0,0,0,0,0,0,0,21,9,0,true
/home/alison/jsoup-quality-analysis/work/jsoup/src/main/java/org/jsoup/helper/Validate.java,org.jsoup.helper.Validate,fail/1[java.lang.String],false,182,1,6,5,1,1,0,3,0,0,1,0,0,0,0,0,0,0,0,0,0,0,0,0,0,0,13,9,0,true
/home/alison/jsoup-quality-analysis/work/jsoup/src/main/java/org/jsoup/helper/Validate.java,org.jsoup.helper.Validate,isFalse/1[boolean],false,99,1,4,3,1,2,0,3,0,0,1,0,0,0,0,0,0,0,1,0,0,0,1,0,0,0,15,9,0,true
/home/alison/jsoup-quality-analysis/work/jsoup/src/main/java/org/jsoup/helper/Validate.java,org.jsoup.helper.Validate,"notNullParam/2[java.lang.Object,java.lang.String]",false,29,2,20,19,1,2,1,3,0,0,2,1,0,0,0,1,0,0,1,0,0,0,1,0,0,0,24,9,0,true
/home/alison/jsoup-quality-analysis/work/jsoup/src/main/java/org/jsoup/helper/Validate.java,org.jsoup.helper.Validate,Validate/0,true,10,0,0,0,0,1,0,2,0,0,0,0,0,0,0,0,0,0,0,0,0,0,0,0,0,0,1,2,0,false
/home/alison/jsoup-quality-analysis/work/jsoup/src/main/java/org/jsoup/helper/Validate.java,org.jsoup.helper.Validate,"isFalse/2[boolean,java.lang.String]",false,110,1,7,6,1,2,0,3,0,0,2,0,0,0,0,0,0,0,0,0,0,0,1,0,0,0,20,9,0,true
/home/alison/jsoup-quality-analysis/work/jsoup/src/main/java/org/jsoup/parser/TokeniserState.java,org.jsoup.parser.TokeniserState$Anonymous15,"read/2[org.jsoup.parser.Tokeniser,org.jsoup.parser.CharacterReader]",false,273,3,60,0,60,1,1,3,0,0,2,1,0,0,0,0,0,0,0,0,0,0,0,0,0,0,5,0,0,false
/home/alison/jsoup-quality-analysis/work/jsoup/src/main/java/org/jsoup/parser/TokeniserState.java,org.jsoup.parser.TokeniserState$Anonymous16,"read/2[org.jsoup.parser.Tokeniser,org.jsoup.parser.CharacterReader]",false,278,3,60,0,60,1,1,3,0,0,2,1,0,0,0,0,0,0,0,0,0,0,0,0,0,0,7,0,0,false
/home/alison/jsoup-quality-analysis/work/jsoup/src/main/java/org/jsoup/select/StructuralEvaluator.java,org.jsoup.select.StructuralEvaluator$ImmediateParentRun,ImmediateParentRun/1[org.jsoup.select.Evaluator],true,180,1,2,1,1,1,2,4,0,0,1,2,0,0,0,0,0,0,0,0,1,0,0,0,0,0,6,1,0,false
/home/alison/jsoup-quality-analysis/work/jsoup/src/main/java/org/jsoup/select/StructuralEvaluator.java,org.jsoup.select.StructuralEvaluator$ImmediateParentRun,cost/0,false,204,0,0,0,0,1,0,3,1,0,0,0,0,0,0,0,0,0,0,0,0,0,0,0,0,0,1,4,0,false
/home/alison/jsoup-quality-analysis/work/jsoup/src/main/java/org/jsoup/select/StructuralEvaluator.java,org.jsoup.select.StructuralEvaluator$ImmediateParentRun,toString/0,false,209,1,1,0,1,1,1,3,1,0,0,1,0,0,0,0,0,0,1,0,0,0,0,0,0,0,2,1,0,false
/home/alison/jsoup-quality-analysis/work/jsoup/src/main/java/org/jsoup/select/StructuralEvaluator.java,org.jsoup.select.StructuralEvaluator$ImmediateParentRun,add/1[org.jsoup.select.Evaluator],false,185,1,2,1,1,1,2,4,0,0,1,2,0,0,0,0,0,0,0,0,1,0,0,0,0,0,4,0,0,false
/home/alison/jsoup-quality-analysis/work/jsoup/src/main/java/org/jsoup/select/StructuralEvaluator.java,org.jsoup.select.StructuralEvaluator$ImmediateParentRun,"matches/2[org.jsoup.nodes.Element,org.jsoup.nodes.Element]",false,191,2,2,0,2,4,4,9,3,2,2,4,0,0,1,1,0,0,0,2,3,1,2,0,0,0,9,1,0,false
/home/alison/jsoup-quality-analysis/work/jsoup/src/main/java/org/jsoup/parser/TokeniserState.java,org.jsoup.parser.TokeniserState$Anonymous10,"read/2[org.jsoup.parser.Tokeniser,org.jsoup.parser.CharacterReader]",false,146,3,60,0,60,11,9,22,0,2,2,9,0,0,0,0,0,0,0,0,2,0,1,0,0,0,15,0,1,false
/home/alison/jsoup-quality-analysis/work/jsoup/src/main/java/org/jsoup/parser/TokeniserState.java,org.jsoup.parser.TokeniserState$Anonymous11,"read/2[org.jsoup.parser.Tokeniser,org.jsoup.parser.CharacterReader]",false,185,3,60,0,60,6,13,15,0,0,2,13,0,0,0,1,0,0,1,0,1,0,1,0,0,0,14,0,0,false
/home/alison/jsoup-quality-analysis/work/jsoup/src/main/java/org/jsoup/parser/TokeniserState.java,org.jsoup.parser.TokeniserState$Anonymous12,"read/2[org.jsoup.parser.Tokeniser,org.jsoup.parser.CharacterReader]",false,202,3,60,0,60,2,8,12,0,0,2,8,0,0,0,0,0,0,1,0,0,0,1,0,0,0,13,0,0,false
/home/alison/jsoup-quality-analysis/work/jsoup/src/main/java/org/jsoup/parser/TokeniserState.java,org.jsoup.parser.TokeniserState$Anonymous17,"read/2[org.jsoup.parser.Tokeniser,org.jsoup.parser.CharacterReader]",false,283,2,60,0,60,4,6,17,0,0,2,6,0,0,0,0,0,0,3,0,0,0,1,0,0,0,10,0,0,false
/home/alison/jsoup-quality-analysis/work/jsoup/src/main/java/org/jsoup/parser/TokeniserState.java,org.jsoup.parser.TokeniserState$Anonymous18,"read/2[org.jsoup.parser.Tokeniser,org.jsoup.parser.CharacterReader]",false,306,3,60,0,60,1,1,3,0,0,2,1,0,0,0,0,0,0,0,0,0,0,0,0,0,0,5,0,0,false
/home/alison/jsoup-quality-analysis/work/jsoup/src/main/java/org/jsoup/parser/TokeniserState.java,org.jsoup.parser.TokeniserState$Anonymous19,"read/2[org.jsoup.parser.Tokeniser,org.jsoup.parser.CharacterReader]",false,311,3,60,0,60,1,1,3,0,0,2,1,0,0,0,0,0,0,0,0,0,0,0,0,0,0,7,0,0,false
/home/alison/jsoup-quality-analysis/work/jsoup/src/main/java/org/jsoup/select/Evaluator.java,org.jsoup.select.Evaluator$CssNthEvaluator,"calculatePosition/2[org.jsoup.nodes.Element,org.jsoup.nodes.Element]",false,529,1,1,1,0,1,0,1,0,0,2,0,0,0,0,0,0,0,0,0,0,0,0,0,0,0,4,1028,0,false
/home/alison/jsoup-quality-analysis/work/jsoup/src/main/java/org/jsoup/select/Evaluator.java,org.jsoup.select.Evaluator$CssNthEvaluator,CssNthEvaluator/1[int],true,504,0,0,0,0,1,0,3,0,0,1,0,0,0,0,0,0,0,0,1,0,0,0,0,0,0,4,1,0,false
/home/alison/jsoup-quality-analysis/work/jsoup/src/main/java/org/jsoup/select/Evaluator.java,org.jsoup.select.Evaluator$CssNthEvaluator,"CssNthEvaluator/2[int,int]",true,500,0,0,0,0,1,0,4,0,0,2,0,0,0,0,0,0,0,0,0,2,0,0,0,0,0,5,1,0,false
/home/alison/jsoup-quality-analysis/work/jsoup/src/main/java/org/jsoup/select/Evaluator.java,org.jsoup.select.Evaluator$CssNthEvaluator,"matches/2[org.jsoup.nodes.Element,org.jsoup.nodes.Element]",false,509,3,2,0,2,6,2,7,3,2,2,2,1,1,0,4,0,3,0,3,2,4,1,0,0,0,12,1,0,false
/home/alison/jsoup-quality-analysis/work/jsoup/src/main/java/org/jsoup/select/Evaluator.java,org.jsoup.select.Evaluator$CssNthEvaluator,toString/0,false,520,1,1,0,1,3,2,5,3,0,0,2,1,1,0,2,0,0,3,2,0,0,1,0,0,0,5,1,0,false
/home/alison/jsoup-quality-analysis/work/jsoup/src/main/java/org/jsoup/select/Evaluator.java,org.jsoup.select.Evaluator$CssNthEvaluator,getPseudoClass/0,false,528,0,1,1,0,1,0,1,0,0,0,0,0,0,0,0,0,0,0,0,0,0,0,0,0,0,3,1028,0,false
/home/alison/jsoup-quality-analysis/work/jsoup/src/main/java/org/jsoup/parser/Token.java,org.jsoup.parser.Token$Comment,append/1[java.lang.String],false,361,1,2,1,1,2,3,10,1,0,1,3,1,1,0,1,0,0,0,1,1,0,1,0,0,0,6,16,0,false
/home/alison/jsoup-quality-analysis/work/jsoup/src/main/java/org/jsoup/parser/Token.java,org.jsoup.parser.Token$Comment,ensureData/0,false,377,0,2,2,0,2,1,6,0,0,0,1,0,0,0,1,0,0,0,0,1,0,1,0,0,0,5,2,0,false
/home/alison/jsoup-quality-analysis/work/jsoup/src/main/java/org/jsoup/parser/Token.java,org.jsoup.parser.Token$Comment,getData/0,false,357,0,3,3,0,2,1,3,1,0,0,1,0,0,0,1,0,0,0,0,0,0,0,0,0,0,5,0,0,false
/home/alison/jsoup-quality-analysis/work/jsoup/src/main/java/org/jsoup/parser/Token.java,org.jsoup.parser.Token$Comment,toString/0,false,386,1,1,0,1,1,1,3,1,0,0,1,1,1,0,0,0,0,2,0,0,1,0,0,0,0,4,1,0,false
/home/alison/jsoup-quality-analysis/work/jsoup/src/main/java/org/jsoup/parser/Token.java,org.jsoup.parser.Token$Comment,reset/0,false,345,2,3,2,1,1,2,7,1,0,0,2,0,0,0,0,0,0,0,0,2,0,0,0,0,0,7,0,0,false
/home/alison/jsoup-quality-analysis/work/jsoup/src/main/java/org/jsoup/parser/Token.java,org.jsoup.parser.Token$Comment,Comment/0,true,353,0,0,0,0,1,0,3,0,0,0,0,0,0,0,0,0,0,0,0,1,0,0,0,0,0,2,0,0,false
/home/alison/jsoup-quality-analysis/work/jsoup/src/main/java/org/jsoup/parser/Token.java,org.jsoup.parser.Token$Comment,append/1[char],false,371,1,2,1,1,1,2,5,1,0,1,2,1,1,0,0,0,0,0,0,0,0,0,0,0,0,4,16,0,false
/home/alison/jsoup-quality-analysis/work/jsoup/src/main/java/org/jsoup/select/Evaluator.java,org.jsoup.select.Evaluator$IsFirstOfType,toString/0,false,481,0,0,0,0,1,0,3,1,0,0,0,0,0,0,0,0,0,1,0,0,0,0,0,0,0,3,1,0,false
/home/alison/jsoup-quality-analysis/work/jsoup/src/main/java/org/jsoup/select/Evaluator.java,org.jsoup.select.Evaluator$IsFirstOfType,IsFirstOfType/0,true,477,0,1,1,0,1,0,3,0,0,0,0,0,0,0,0,0,0,0,2,0,0,0,0,0,0,4,1,0,false
/home/alison/jsoup-quality-analysis/work/jsoup/src/main/java/org/jsoup/nodes/Element.java,org.jsoup.nodes.Element$NodeList,"NodeList/2[org.jsoup.nodes.Element,int]",true,1871,1,2,2,0,1,0,4,0,0,2,0,0,0,0,0,0,0,0,0,1,0,0,0,0,0,6,0,0,false
/home/alison/jsoup-quality-analysis/work/jsoup/src/main/java/org/jsoup/nodes/Element.java,org.jsoup.nodes.Element$NodeList,onContentsChanged/0,false,1876,1,1,0,1,1,1,3,0,0,0,1,0,0,0,0,0,0,0,0,0,0,0,0,0,0,3,1,0,false
/home/alison/jsoup-quality-analysis/work/jsoup/src/main/java/org/jsoup/examples/Wikipedia.java,org.jsoup.examples.Wikipedia,main/1[java.lang.String[]],false,14,7,7,0,7,2,7,8,0,2,1,7,1,1,1,0,0,0,5,0,2,0,1,0,0,0,15,9,0,false
/home/alison/jsoup-quality-analysis/work/jsoup/src/main/java/org/jsoup/examples/Wikipedia.java,org.jsoup.examples.Wikipedia,"log/2[java.lang.String,java.lang.String[]]",false,24,0,1,1,0,1,2,3,0,0,2,2,0,0,0,0,0,0,0,0,0,0,0,0,0,0,2,10,0,false
/home/alison/jsoup-quality-analysis/work/jsoup/src/main/java/org/jsoup/parser/ParseError.java,org.jsoup.parser.ParseError,toString/0,false,60,0,0,0,0,1,0,3,1,0,0,0,0,0,0,0,0,0,2,0,0,1,0,0,0,0,6,1,0,false
/home/alison/jsoup-quality-analysis/work/jsoup/src/main/java/org/jsoup/parser/ParseError.java,org.jsoup.parser.ParseError,"ParseError/3[org.jsoup.parser.CharacterReader,java.lang.String,java.lang.Object[]]",true,17,1,7,5,2,1,3,5,0,0,3,3,0,0,0,0,0,0,0,0,3,0,0,0,0,0,8,0,0,false
/home/alison/jsoup-quality-analysis/work/jsoup/src/main/java/org/jsoup/parser/ParseError.java,org.jsoup.parser.ParseError,"ParseError/2[int,java.lang.String]",true,23,0,0,0,0,1,1,5,0,0,2,1,0,0,0,0,0,0,0,0,3,0,0,0,0,0,7,0,0,false
/home/alison/jsoup-quality-analysis/work/jsoup/src/main/java/org/jsoup/parser/ParseError.java,org.jsoup.parser.ParseError,getPosition/0,false,47,0,0,0,0,1,0,3,1,0,0,0,0,0,0,0,0,0,0,0,0,0,0,0,0,0,10,1,0,true
/home/alison/jsoup-quality-analysis/work/jsoup/src/main/java/org/jsoup/parser/ParseError.java,org.jsoup.parser.ParseError,getCursorPos/0,false,55,0,0,0,0,1,0,3,1,0,0,0,0,0,0,0,0,0,0,0,0,0,0,0,0,0,10,1,0,true
/home/alison/jsoup-quality-analysis/work/jsoup/src/main/java/org/jsoup/parser/ParseError.java,org.jsoup.parser.ParseError,"ParseError/3[int,java.lang.String,java.lang.Object[]]",true,29,0,0,0,0,1,2,5,0,0,3,2,0,0,0,0,0,0,0,0,3,0,0,0,0,0,6,0,0,false
/home/alison/jsoup-quality-analysis/work/jsoup/src/main/java/org/jsoup/parser/ParseError.java,org.jsoup.parser.ParseError,getErrorMessage/0,false,39,0,0,0,0,1,0,3,1,0,0,0,0,0,0,0,0,0,0,0,0,0,0,0,0,0,7,1,0,true
/home/alison/jsoup-quality-analysis/work/jsoup/src/main/java/org/jsoup/parser/ParseError.java,org.jsoup.parser.ParseError,"ParseError/2[org.jsoup.parser.CharacterReader,java.lang.String]",true,11,1,4,2,2,1,2,5,0,0,2,2,0,0,0,0,0,0,0,0,3,0,0,0,0,0,9,0,0,false
/home/alison/jsoup-quality-analysis/work/jsoup/src/main/java/org/jsoup/safety/Safelist.java,org.jsoup.safety.Safelist,getEnforcedAttributes/1[java.lang.String],false,605,5,6,2,4,3,8,11,1,3,1,8,0,0,1,0,0,0,0,0,3,0,2,0,0,0,24,1,0,true
/home/alison/jsoup-quality-analysis/work/jsoup/src/main/java/org/jsoup/safety/Safelist.java,org.jsoup.safety.Safelist,"removeProtocols/3[java.lang.String,java.lang.String,java.lang.String[]]",false,496,5,6,0,6,4,15,20,1,4,3,15,0,0,1,0,0,0,2,0,4,0,2,0,0,0,36,1,0,true
/home/alison/jsoup-quality-analysis/work/jsoup/src/main/java/org/jsoup/safety/Safelist.java,org.jsoup.safety.Safelist,relaxed/0,false,170,1,4,0,4,1,3,3,1,0,0,3,3,1,0,0,0,0,105,0,0,0,0,0,0,0,26,9,0,true
/home/alison/jsoup-quality-analysis/work/jsoup/src/main/java/org/jsoup/safety/Safelist.java,org.jsoup.safety.Safelist,"removeAttributes/2[java.lang.String,java.lang.String[]]",false,331,4,5,0,5,9,19,26,1,6,2,19,0,0,2,0,0,0,1,1,6,0,3,0,0,0,44,1,0,true
/home/alison/jsoup-quality-analysis/work/jsoup/src/main/java/org/jsoup/safety/Safelist.java,org.jsoup.safety.Safelist,Safelist/0,true,209,1,4,4,0,1,0,7,0,0,0,0,0,0,0,0,0,0,0,0,5,0,0,0,0,0,24,1,0,true
/home/alison/jsoup-quality-analysis/work/jsoup/src/main/java/org/jsoup/safety/Safelist.java,org.jsoup.safety.Safelist,"testValidProtocol/3[org.jsoup.nodes.Element,org.jsoup.nodes.Attribute,java.util.Set<org.jsoup.safety.Safelist.Protocol>]",false,567,7,8,1,7,7,10,21,3,2,3,10,1,1,1,1,0,0,2,1,4,0,3,0,0,0,17,2,0,false
/home/alison/jsoup-quality-analysis/work/jsoup/src/main/java/org/jsoup/safety/Safelist.java,org.jsoup.safety.Safelist,basicWithImages/0,false,152,1,4,0,4,1,4,3,1,0,0,4,4,2,0,0,0,0,12,0,0,0,0,0,0,0,20,9,0,true
/home/alison/jsoup-quality-analysis/work/jsoup/src/main/java/org/jsoup/safety/Safelist.java,org.jsoup.safety.Safelist,"addEnforcedAttribute/3[java.lang.String,java.lang.String,java.lang.String]",false,375,5,5,1,4,2,9,18,1,4,3,9,0,0,0,0,0,0,0,0,4,0,1,0,0,0,49,1,0,true
/home/alison/jsoup-quality-analysis/work/jsoup/src/main/java/org/jsoup/safety/Safelist.java,org.jsoup.safety.Safelist,isSafeTag/1[java.lang.String],false,529,1,3,2,1,1,2,3,1,0,1,2,0,0,0,0,0,0,0,0,0,0,0,0,0,0,11,1,0,true
/home/alison/jsoup-quality-analysis/work/jsoup/src/main/java/org/jsoup/safety/Safelist.java,org.jsoup.safety.Safelist,simpleText/0,false,105,1,2,0,2,1,1,3,1,0,0,1,1,1,0,0,0,0,5,0,0,0,0,0,0,0,20,9,0,true
/home/alison/jsoup-quality-analysis/work/jsoup/src/main/java/org/jsoup/safety/Safelist.java,org.jsoup.safety.Safelist,"addProtocols/3[java.lang.String,java.lang.String,java.lang.String[]]",false,454,5,8,3,5,4,12,29,1,5,3,12,0,0,1,0,0,0,0,0,7,0,1,0,0,0,49,1,0,true
/home/alison/jsoup-quality-analysis/work/jsoup/src/main/java/org/jsoup/safety/Safelist.java,org.jsoup.safety.Safelist,basic/0,false,126,1,6,1,5,1,4,3,1,0,0,4,4,1,0,0,0,0,47,0,0,0,0,0,0,0,26,9,0,true
/home/alison/jsoup-quality-analysis/work/jsoup/src/main/java/org/jsoup/safety/Safelist.java,org.jsoup.safety.Safelist,isValidAnchor/1[java.lang.String],false,596,0,1,1,0,1,2,3,1,0,1,2,0,0,0,0,0,0,2,0,0,0,0,0,0,0,4,2,0,false
/home/alison/jsoup-quality-analysis/work/jsoup/src/main/java/org/jsoup/safety/Safelist.java,org.jsoup.safety.Safelist,none/0,false,95,1,1,0,1,1,0,3,1,0,0,0,0,0,0,0,0,0,0,0,0,0,0,0,0,0,58,9,0,true
/home/alison/jsoup-quality-analysis/work/jsoup/src/main/java/org/jsoup/safety/Safelist.java,org.jsoup.safety.Safelist,"removeEnforcedAttribute/2[java.lang.String,java.lang.String]",false,402,5,3,0,3,4,9,12,1,3,2,9,0,0,0,0,0,0,0,0,3,0,2,0,0,0,22,1,0,true
/home/alison/jsoup-quality-analysis/work/jsoup/src/main/java/org/jsoup/safety/Safelist.java,org.jsoup.safety.Safelist,"isSafeAttribute/3[java.lang.String,org.jsoup.nodes.Element,org.jsoup.nodes.Attribute]",false,540,8,11,2,9,6,17,23,4,7,3,17,3,2,0,2,0,0,0,0,7,0,2,0,0,0,39,1,0,true
/home/alison/jsoup-quality-analysis/work/jsoup/src/main/java/org/jsoup/safety/Safelist.java,org.jsoup.safety.Safelist,removeTags/1[java.lang.String[]],false,264,3,3,0,3,3,7,13,1,1,1,7,0,0,1,0,0,0,0,0,1,0,2,0,0,0,26,1,0,true
/home/alison/jsoup-quality-analysis/work/jsoup/src/main/java/org/jsoup/safety/Safelist.java,org.jsoup.safety.Safelist,Safelist/1[org.jsoup.safety.Safelist],true,221,5,0,0,0,5,17,18,0,1,1,17,0,0,4,0,0,0,0,0,2,0,2,0,0,0,19,1,0,true
/home/alison/jsoup-quality-analysis/work/jsoup/src/main/java/org/jsoup/safety/Safelist.java,org.jsoup.safety.Safelist,"addAttributes/2[java.lang.String,java.lang.String[]]",false,295,4,8,3,5,4,11,20,1,3,2,11,0,0,1,0,0,0,1,1,3,0,1,0,0,0,43,1,0,true
/home/alison/jsoup-quality-analysis/work/jsoup/src/main/java/org/jsoup/safety/Safelist.java,org.jsoup.safety.Safelist,addTags/1[java.lang.String[]],false,246,3,8,4,4,2,6,9,1,0,1,6,0,0,1,0,0,0,2,0,0,0,1,0,0,0,36,1,0,true
/home/alison/jsoup-quality-analysis/work/jsoup/src/main/java/org/jsoup/safety/Safelist.java,org.jsoup.safety.Safelist,preserveRelativeLinks/1[boolean],false,433,1,0,0,0,1,0,4,1,0,1,0,0,0,0,0,0,0,0,0,1,0,0,0,0,0,58,1,0,true
/home/alison/jsoup-quality-analysis/work/jsoup/src/main/java/org/jsoup/parser/TokeniserState.java,org.jsoup.parser.TokeniserState$Anonymous64,"read/2[org.jsoup.parser.Tokeniser,org.jsoup.parser.CharacterReader]",false,1538,2,60,0,60,5,6,21,0,1,2,6,0,0,0,0,0,0,0,0,3,0,1,0,0,0,12,0,2,false
/home/alison/jsoup-quality-analysis/work/jsoup/src/main/java/org/jsoup/parser/TokeniserState.java,org.jsoup.parser.TokeniserState$Anonymous65,"read/2[org.jsoup.parser.Tokeniser,org.jsoup.parser.CharacterReader]",false,1566,2,60,0,60,8,5,16,0,1,2,5,0,0,0,0,0,0,0,0,2,0,1,0,0,0,8,0,1,false
/home/alison/jsoup-quality-analysis/work/jsoup/src/main/java/org/jsoup/parser/TreeBuilder.java,org.jsoup.parser.TreeBuilder,"onNodeClosed/2[org.jsoup.nodes.Node,org.jsoup.parser.Token]",false,229,3,5,4,1,1,1,3,0,0,2,1,1,1,0,0,0,0,0,0,0,0,0,0,0,0,31,4,0,true
/home/alison/jsoup-quality-analysis/work/jsoup/src/main/java/org/jsoup/parser/TreeBuilder.java,org.jsoup.parser.TreeBuilder,currentElement/0,false,131,1,15,15,0,2,2,4,1,1,0,2,0,0,0,0,0,0,0,2,1,1,0,0,0,0,29,4,0,true
/home/alison/jsoup-quality-analysis/work/jsoup/src/main/java/org/jsoup/parser/TreeBuilder.java,org.jsoup.parser.TreeBuilder,"processStartTag/2[java.lang.String,org.jsoup.nodes.Attributes]",false,108,3,5,1,4,2,3,9,2,1,2,3,1,1,0,1,0,0,0,0,1,0,1,0,0,0,7,1,0,false
/home/alison/jsoup-quality-analysis/work/jsoup/src/main/java/org/jsoup/parser/TreeBuilder.java,org.jsoup.parser.TreeBuilder,runParser/0,false,83,4,6,3,3,3,3,10,0,3,0,3,1,1,1,1,0,0,0,0,3,0,2,0,0,0,9,4,0,false
/home/alison/jsoup-quality-analysis/work/jsoup/src/main/java/org/jsoup/parser/TreeBuilder.java,org.jsoup.parser.TreeBuilder,newInstance/0,false,75,1,1,1,0,1,0,1,0,0,0,0,0,0,0,0,0,0,0,0,0,0,0,0,0,0,10,1024,0,true
/home/alison/jsoup-quality-analysis/work/jsoup/src/main/java/org/jsoup/parser/TreeBuilder.java,org.jsoup.parser.TreeBuilder,"tagFor/2[java.lang.String,org.jsoup.parser.ParseSettings]",false,201,3,10,8,2,1,2,3,1,0,2,2,2,1,0,0,0,0,0,0,0,0,0,0,0,0,4,4,0,false
/home/alison/jsoup-quality-analysis/work/jsoup/src/main/java/org/jsoup/parser/TreeBuilder.java,org.jsoup.parser.TreeBuilder,defaultNamespace/0,false,209,0,2,2,0,1,0,3,1,0,0,0,0,0,0,0,0,0,0,0,0,0,0,0,0,0,8,4,0,true
/home/alison/jsoup-quality-analysis/work/jsoup/src/main/java/org/jsoup/parser/TreeBuilder.java,org.jsoup.parser.TreeBuilder,error/1[java.lang.String],false,167,1,1,0,1,1,1,3,0,0,1,1,1,1,0,0,0,0,0,0,0,0,0,0,0,0,13,4,0,true
/home/alison/jsoup-quality-analysis/work/jsoup/src/main/java/org/jsoup/parser/TreeBuilder.java,org.jsoup.parser.TreeBuilder,"error/2[java.lang.String,java.lang.Object[]]",false,176,3,6,3,3,2,3,4,0,1,2,3,0,0,0,0,0,0,0,0,1,0,1,0,0,0,19,4,0,true
/home/alison/jsoup-quality-analysis/work/jsoup/src/main/java/org/jsoup/parser/TreeBuilder.java,org.jsoup.parser.TreeBuilder,processStartTag/1[java.lang.String],false,99,3,8,4,4,2,3,7,2,1,1,3,1,1,0,1,0,0,0,0,1,0,1,0,0,0,7,4,0,false
/home/alison/jsoup-quality-analysis/work/jsoup/src/main/java/org/jsoup/parser/TreeBuilder.java,org.jsoup.parser.TreeBuilder,"tagFor/3[java.lang.String,java.lang.String,org.jsoup.parser.ParseSettings]",false,190,2,4,2,2,3,5,9,2,2,3,5,0,0,0,1,0,0,0,0,2,0,1,0,0,0,8,4,0,false
/home/alison/jsoup-quality-analysis/work/jsoup/src/main/java/org/jsoup/parser/TreeBuilder.java,org.jsoup.parser.TreeBuilder,defaultSettings/0,false,36,1,1,1,0,1,0,1,0,0,0,0,0,0,0,0,0,0,0,0,0,0,0,0,0,0,3,1024,0,false
/home/alison/jsoup-quality-analysis/work/jsoup/src/main/java/org/jsoup/parser/TreeBuilder.java,org.jsoup.parser.TreeBuilder,"parse/3[java.io.Reader,java.lang.String,org.jsoup.parser.Parser]",false,61,5,8,5,3,1,3,10,1,0,3,3,2,2,0,0,0,0,0,0,4,0,0,0,0,0,15,0,0,false
/home/alison/jsoup-quality-analysis/work/jsoup/src/main/java/org/jsoup/parser/TreeBuilder.java,org.jsoup.parser.TreeBuilder,"trackNodePosition/3[org.jsoup.nodes.Node,org.jsoup.parser.Token,boolean]",false,233,6,9,2,7,4,5,11,1,5,3,5,0,0,0,2,0,0,0,0,5,0,2,0,0,0,12,2,0,false
/home/alison/jsoup-quality-analysis/work/jsoup/src/main/java/org/jsoup/parser/TreeBuilder.java,org.jsoup.parser.TreeBuilder,isContentForTagData/1[java.lang.String],false,186,0,1,1,0,1,0,3,1,0,1,0,0,0,0,0,0,0,0,0,0,0,0,0,0,0,26,4,0,true
/home/alison/jsoup-quality-analysis/work/jsoup/src/main/java/org/jsoup/parser/TreeBuilder.java,org.jsoup.parser.TreeBuilder,"onNodeInserted/2[org.jsoup.nodes.Node,org.jsoup.parser.Token]",false,219,4,6,5,1,1,1,3,0,0,2,1,1,1,0,0,0,0,0,0,0,0,0,0,0,0,32,4,0,true
/home/alison/jsoup-quality-analysis/work/jsoup/src/main/java/org/jsoup/parser/TreeBuilder.java,org.jsoup.parser.TreeBuilder,"initialiseParse/3[java.io.Reader,java.lang.String,org.jsoup.parser.Parser]",false,41,8,13,1,12,1,9,17,0,0,3,9,0,0,0,0,0,0,2,1,10,0,0,0,0,0,23,4,0,false
/home/alison/jsoup-quality-analysis/work/jsoup/src/main/java/org/jsoup/parser/TreeBuilder.java,org.jsoup.parser.TreeBuilder,"currentElementIs/2[java.lang.String,java.lang.String]",false,155,3,5,1,4,3,6,5,2,1,2,6,1,1,0,2,0,0,0,1,1,0,1,0,0,0,26,4,0,true
/home/alison/jsoup-quality-analysis/work/jsoup/src/main/java/org/jsoup/parser/TreeBuilder.java,org.jsoup.parser.TreeBuilder,process/1[org.jsoup.parser.Token],false,97,1,5,5,0,1,0,1,0,0,1,0,0,0,0,0,0,0,0,0,0,0,0,0,0,0,3,1028,0,false
/home/alison/jsoup-quality-analysis/work/jsoup/src/main/java/org/jsoup/parser/TreeBuilder.java,org.jsoup.parser.TreeBuilder,processEndTag/1[java.lang.String],false,118,3,9,5,4,2,3,6,2,0,1,3,1,1,0,1,0,0,0,0,0,0,1,0,0,0,7,4,0,false
/home/alison/jsoup-quality-analysis/work/jsoup/src/main/java/org/jsoup/parser/TreeBuilder.java,org.jsoup.parser.TreeBuilder,currentElementIs/1[java.lang.String],false,141,3,10,6,4,3,6,5,2,1,1,6,1,1,0,2,0,0,0,1,1,0,1,0,0,0,30,4,0,true
/home/alison/jsoup-quality-analysis/work/jsoup/src/main/java/org/jsoup/parser/TreeBuilder.java,org.jsoup.parser.TreeBuilder,"parseFragment/4[java.lang.String,org.jsoup.nodes.Element,java.lang.String,org.jsoup.parser.Parser]",false,81,3,1,1,0,1,0,1,0,0,4,0,0,0,0,0,0,0,0,0,0,0,0,0,0,0,3,1024,0,false
/home/alison/jsoup-quality-analysis/work/jsoup/src/main/java/org/jsoup/parser/TokeniserState.java,org.jsoup.parser.TokeniserState$Anonymous66,"read/2[org.jsoup.parser.Tokeniser,org.jsoup.parser.CharacterReader]",false,1593,2,60,0,60,3,3,12,0,1,2,3,0,0,0,0,0,0,0,0,1,0,1,0,0,0,5,0,0,false
/home/alison/jsoup-quality-analysis/work/jsoup/src/main/java/org/jsoup/parser/TokeniserState.java,org.jsoup.parser.TokeniserState$Anonymous67,"read/2[org.jsoup.parser.Tokeniser,org.jsoup.parser.CharacterReader]",false,1611,3,60,0,60,3,7,8,0,1,2,7,0,0,0,0,0,0,2,0,1,0,1,0,0,0,5,0,0,false
/home/alison/jsoup-quality-analysis/work/jsoup/src/main/java/org/jsoup/nodes/PseudoTextElement.java,org.jsoup.nodes.PseudoTextElement,"outerHtmlTail/3[java.lang.Appendable,int,org.jsoup.nodes.Document.OutputSettings]",false,20,1,0,0,0,1,0,2,0,0,3,0,0,0,0,0,0,0,0,0,0,0,0,0,0,0,5,0,0,false
/home/alison/jsoup-quality-analysis/work/jsoup/src/main/java/org/jsoup/nodes/PseudoTextElement.java,org.jsoup.nodes.PseudoTextElement,"PseudoTextElement/3[org.jsoup.parser.Tag,java.lang.String,org.jsoup.nodes.Attributes]",true,11,2,1,1,0,1,0,3,0,0,3,0,0,0,0,0,0,0,0,0,0,0,0,0,0,0,5,1,0,false
/home/alison/jsoup-quality-analysis/work/jsoup/src/main/java/org/jsoup/nodes/PseudoTextElement.java,org.jsoup.nodes.PseudoTextElement,"outerHtmlHead/3[java.lang.Appendable,int,org.jsoup.nodes.Document.OutputSettings]",false,16,1,0,0,0,1,0,2,0,0,3,0,0,0,0,0,0,0,0,0,0,0,0,0,0,0,5,0,0,false
/home/alison/jsoup-quality-analysis/work/jsoup/src/main/java/org/jsoup/parser/TokeniserState.java,org.jsoup.parser.TokeniserState$Anonymous1,"read/2[org.jsoup.parser.Tokeniser,org.jsoup.parser.CharacterReader]",false,11,3,60,0,60,5,8,16,0,1,2,8,0,0,0,0,0,0,0,0,1,0,1,0,0,0,10,0,1,false
/home/alison/jsoup-quality-analysis/work/jsoup/src/main/java/org/jsoup/parser/Parser.java,org.jsoup.parser.Parser,Parser/1[org.jsoup.parser.TreeBuilder],true,31,2,11,9,2,1,2,5,0,0,1,2,0,0,0,0,0,0,0,0,3,0,0,0,0,0,16,1,0,true
/home/alison/jsoup-quality-analysis/work/jsoup/src/main/java/org/jsoup/parser/Parser.java,org.jsoup.parser.Parser,"parseBodyFragment/2[java.lang.String,java.lang.String]",false,227,4,7,2,5,3,6,13,1,5,2,6,1,1,2,0,0,0,0,3,5,1,1,0,0,0,38,9,0,true
/home/alison/jsoup-quality-analysis/work/jsoup/src/main/java/org/jsoup/parser/Parser.java,org.jsoup.parser.Parser,newInstance/0,false,41,1,2,1,1,1,0,3,1,0,0,0,0,0,0,0,0,0,0,0,0,0,0,0,0,0,17,1,0,true
/home/alison/jsoup-quality-analysis/work/jsoup/src/main/java/org/jsoup/parser/Parser.java,org.jsoup.parser.Parser,"parseInput/2[java.io.Reader,java.lang.String]",false,56,2,2,1,1,1,1,3,1,0,2,1,0,0,0,0,0,0,0,0,0,0,0,0,0,0,6,1,0,false
/home/alison/jsoup-quality-analysis/work/jsoup/src/main/java/org/jsoup/parser/Parser.java,org.jsoup.parser.Parser,htmlParser/0,false,259,2,7,5,2,1,0,3,1,0,0,0,0,0,0,0,0,0,0,0,0,0,0,0,0,0,27,9,0,true
/home/alison/jsoup-quality-analysis/work/jsoup/src/main/java/org/jsoup/parser/Parser.java,org.jsoup.parser.Parser,settings/0,false,144,1,6,6,0,1,0,3,1,0,0,0,0,0,0,0,0,0,0,0,0,0,0,0,0,0,7,1,0,true
/home/alison/jsoup-quality-analysis/work/jsoup/src/main/java/org/jsoup/parser/Parser.java,org.jsoup.parser.Parser,isTrackPosition/0,false,115,0,1,1,0,1,0,3,1,0,0,0,0,0,0,0,0,0,0,0,0,0,0,0,0,0,27,1,0,true
/home/alison/jsoup-quality-analysis/work/jsoup/src/main/java/org/jsoup/parser/Parser.java,org.jsoup.parser.Parser,"parseFragmentInput/3[java.lang.String,org.jsoup.nodes.Element,java.lang.String]",false,60,3,5,4,1,1,1,3,1,0,3,1,0,0,0,0,0,0,0,0,0,0,0,0,0,0,5,1,0,false
/home/alison/jsoup-quality-analysis/work/jsoup/src/main/java/org/jsoup/parser/Parser.java,org.jsoup.parser.Parser,"parseInput/2[java.lang.String,java.lang.String]",false,52,2,5,4,1,1,1,3,1,0,2,1,0,0,0,0,0,0,0,0,0,0,0,0,0,0,8,1,0,false
/home/alison/jsoup-quality-analysis/work/jsoup/src/main/java/org/jsoup/parser/Parser.java,org.jsoup.parser.Parser,isTrackErrors/0,false,87,1,2,1,1,2,1,3,1,0,0,1,0,0,0,0,0,0,0,1,0,0,0,0,0,0,9,1,0,true
/home/alison/jsoup-quality-analysis/work/jsoup/src/main/java/org/jsoup/parser/Parser.java,org.jsoup.parser.Parser,setTrackErrors/1[int],false,96,2,2,0,2,2,2,4,1,0,1,2,0,0,0,0,0,0,0,1,1,0,0,0,0,0,20,1,0,true
/home/alison/jsoup-quality-analysis/work/jsoup/src/main/java/org/jsoup/parser/Parser.java,org.jsoup.parser.Parser,settings/1[org.jsoup.parser.ParseSettings],false,135,2,1,1,0,1,0,4,1,0,1,0,0,0,0,0,0,0,0,0,1,0,0,0,0,0,12,1,0,true
/home/alison/jsoup-quality-analysis/work/jsoup/src/main/java/org/jsoup/parser/Parser.java,org.jsoup.parser.Parser,"parseFragment/3[java.lang.String,org.jsoup.nodes.Element,java.lang.String]",false,184,4,4,1,3,1,1,4,1,1,3,1,0,0,0,0,0,0,0,0,1,0,0,0,0,0,50,9,0,true
/home/alison/jsoup-quality-analysis/work/jsoup/src/main/java/org/jsoup/parser/Parser.java,org.jsoup.parser.Parser,setTreeBuilder/1[org.jsoup.parser.TreeBuilder],false,77,2,0,0,0,1,0,5,1,0,1,0,0,0,0,0,0,0,0,0,2,0,0,0,0,0,11,1,0,true
/home/alison/jsoup-quality-analysis/work/jsoup/src/main/java/org/jsoup/parser/Parser.java,org.jsoup.parser.Parser,"parseFragment/4[java.lang.String,org.jsoup.nodes.Element,java.lang.String,org.jsoup.parser.ParseErrorList]",false,200,5,4,1,3,1,1,6,1,2,4,1,0,0,0,0,0,0,0,0,3,0,0,0,0,0,55,9,0,true
/home/alison/jsoup-quality-analysis/work/jsoup/src/main/java/org/jsoup/parser/Parser.java,org.jsoup.parser.Parser,"unescapeEntities/2[java.lang.String,boolean]",false,247,3,5,1,4,1,2,4,1,1,2,2,0,0,0,0,0,0,0,0,1,0,0,0,0,0,30,9,0,true
/home/alison/jsoup-quality-analysis/work/jsoup/src/main/java/org/jsoup/parser/Parser.java,org.jsoup.parser.Parser,setTrackPosition/1[boolean],false,125,1,0,0,0,1,0,4,1,0,1,0,0,0,0,0,0,0,0,0,1,0,0,0,0,0,29,1,0,true
/home/alison/jsoup-quality-analysis/work/jsoup/src/main/java/org/jsoup/parser/Parser.java,org.jsoup.parser.Parser,defaultNamespace/0,false,156,2,4,2,2,1,2,3,1,0,0,2,1,1,0,0,0,0,0,0,0,0,0,0,0,0,5,1,0,false
/home/alison/jsoup-quality-analysis/work/jsoup/src/main/java/org/jsoup/parser/Parser.java,org.jsoup.parser.Parser,getTreeBuilder/0,false,68,1,3,3,0,1,0,3,1,0,0,0,0,0,0,0,0,0,0,0,0,0,0,0,0,0,9,1,0,true
/home/alison/jsoup-quality-analysis/work/jsoup/src/main/java/org/jsoup/parser/Parser.java,org.jsoup.parser.Parser,"parse/2[java.lang.String,java.lang.String]",false,169,4,5,2,3,1,1,4,1,1,2,1,0,0,0,0,0,0,0,0,1,0,0,0,0,0,31,9,0,true
/home/alison/jsoup-quality-analysis/work/jsoup/src/main/java/org/jsoup/parser/Parser.java,org.jsoup.parser.Parser,xmlParser/0,false,268,2,3,1,2,1,0,3,1,0,0,0,0,0,0,0,0,0,0,0,0,0,0,0,0,0,31,9,0,true
/home/alison/jsoup-quality-analysis/work/jsoup/src/main/java/org/jsoup/parser/Parser.java,org.jsoup.parser.Parser,Parser/1[org.jsoup.parser.Parser],true,45,4,4,1,3,1,1,6,0,0,1,1,0,0,0,0,0,0,0,0,4,0,0,0,0,0,12,2,0,false
/home/alison/jsoup-quality-analysis/work/jsoup/src/main/java/org/jsoup/parser/Parser.java,org.jsoup.parser.Parser,isContentForTagData/1[java.lang.String],false,152,2,3,1,2,1,2,3,1,0,1,2,1,1,0,0,0,0,0,0,0,0,0,0,0,0,28,1,0,true
/home/alison/jsoup-quality-analysis/work/jsoup/src/main/java/org/jsoup/parser/Parser.java,org.jsoup.parser.Parser,getErrors/0,false,106,1,3,3,0,1,0,3,1,0,0,0,0,0,0,0,0,0,0,0,0,0,0,0,0,0,17,1,0,true
/home/alison/jsoup-quality-analysis/work/jsoup/src/main/java/org/jsoup/parser/Parser.java,org.jsoup.parser.Parser,"parseXmlFragment/2[java.lang.String,java.lang.String]",false,214,3,3,0,3,1,1,4,1,1,2,1,0,0,0,0,0,0,0,0,1,0,0,0,0,0,33,9,0,true
/home/alison/jsoup-quality-analysis/work/jsoup/src/main/java/org/jsoup/select/Evaluator.java,org.jsoup.select.Evaluator$IsEmpty,"matches/2[org.jsoup.nodes.Element,org.jsoup.nodes.Element]",false,710,6,2,0,2,6,2,8,3,1,2,2,0,0,1,0,0,2,0,0,1,0,2,0,0,0,14,1,0,false
/home/alison/jsoup-quality-analysis/work/jsoup/src/main/java/org/jsoup/select/Evaluator.java,org.jsoup.select.Evaluator$IsEmpty,toString/0,false,721,0,0,0,0,1,0,3,1,0,0,0,0,0,0,0,0,0,1,0,0,0,0,0,0,0,2,1,0,false
/home/alison/jsoup-quality-analysis/work/jsoup/src/main/java/org/jsoup/parser/TokeniserState.java,org.jsoup.parser.TokeniserState$Anonymous7,"read/2[org.jsoup.parser.Tokeniser,org.jsoup.parser.CharacterReader]",false,80,3,60,0,60,3,7,13,0,1,2,7,0,0,0,0,0,0,0,0,1,0,1,0,0,0,7,0,1,false
/home/alison/jsoup-quality-analysis/work/jsoup/src/main/java/org/jsoup/parser/TokeniserState.java,org.jsoup.parser.TokeniserState$Anonymous6,"read/2[org.jsoup.parser.Tokeniser,org.jsoup.parser.CharacterReader]",false,75,3,60,0,60,1,1,3,0,0,2,1,0,0,0,0,0,0,0,0,0,0,0,0,0,0,5,0,0,false
/home/alison/jsoup-quality-analysis/work/jsoup/src/main/java/org/jsoup/parser/TokeniserState.java,org.jsoup.parser.TokeniserState$Anonymous9,"read/2[org.jsoup.parser.Tokeniser,org.jsoup.parser.CharacterReader]",false,125,3,60,0,60,4,11,21,0,0,2,11,0,0,0,0,0,0,1,0,0,0,1,0,0,0,9,0,2,false
/home/alison/jsoup-quality-analysis/work/jsoup/src/main/java/org/jsoup/select/Evaluator.java,org.jsoup.select.Evaluator$AttributeWithValueMatching,toString/0,false,348,0,0,0,0,1,2,3,1,0,0,2,0,0,0,0,0,0,1,0,0,0,0,0,0,0,2,1,0,false
/home/alison/jsoup-quality-analysis/work/jsoup/src/main/java/org/jsoup/select/Evaluator.java,org.jsoup.select.Evaluator$AttributeWithValueMatching,"AttributeWithValueMatching/2[java.lang.String,java.util.regex.Pattern]",true,333,1,3,2,1,1,1,4,0,0,2,1,0,0,0,0,0,0,0,0,2,0,0,0,0,0,7,1,0,false
/home/alison/jsoup-quality-analysis/work/jsoup/src/main/java/org/jsoup/select/Evaluator.java,org.jsoup.select.Evaluator$AttributeWithValueMatching,cost/0,false,343,0,0,0,0,1,0,3,1,0,0,0,0,0,0,0,0,0,0,1,0,0,0,0,0,0,1,4,0,false
/home/alison/jsoup-quality-analysis/work/jsoup/src/main/java/org/jsoup/select/Evaluator.java,org.jsoup.select.Evaluator$AttributeWithValueMatching,"matches/2[org.jsoup.nodes.Element,org.jsoup.nodes.Element]",false,339,2,2,0,2,1,4,3,1,0,2,4,0,0,0,0,0,0,0,0,0,0,0,0,0,0,4,1,0,false
/home/alison/jsoup-quality-analysis/work/jsoup/src/main/java/org/jsoup/parser/TokeniserState.java,org.jsoup.parser.TokeniserState$Anonymous8,"read/2[org.jsoup.parser.Tokeniser,org.jsoup.parser.CharacterReader]",false,99,2,60,0,60,5,8,21,0,0,2,8,0,0,0,0,0,0,0,0,0,0,2,0,0,0,13,0,1,false
/home/alison/jsoup-quality-analysis/work/jsoup/src/main/java/org/jsoup/nodes/Range.java,org.jsoup.nodes.Range$Position,pos/0,false,130,0,0,0,0,1,0,3,1,0,0,0,0,0,0,0,0,0,0,0,0,0,0,0,0,0,24,1,0,true
/home/alison/jsoup-quality-analysis/work/jsoup/src/main/java/org/jsoup/nodes/Range.java,org.jsoup.nodes.Range$Position,isTracked/0,false,155,0,0,0,0,2,0,3,1,0,0,0,0,0,0,1,0,0,0,0,0,0,0,0,0,0,17,1,0,true
/home/alison/jsoup-quality-analysis/work/jsoup/src/main/java/org/jsoup/nodes/Range.java,org.jsoup.nodes.Range$Position,"Position/3[int,int,int]",true,119,0,1,1,0,1,0,5,0,0,3,0,0,0,0,0,0,0,0,0,3,0,0,0,0,0,18,1,0,true
/home/alison/jsoup-quality-analysis/work/jsoup/src/main/java/org/jsoup/nodes/Range.java,org.jsoup.nodes.Range$Position,lineNumber/0,false,138,0,0,0,0,1,0,3,1,0,0,0,0,0,0,0,0,0,0,0,0,0,0,0,0,0,15,1,0,true
/home/alison/jsoup-quality-analysis/work/jsoup/src/main/java/org/jsoup/nodes/Range.java,org.jsoup.nodes.Range$Position,columnNumber/0,false,147,0,0,0,0,1,0,3,1,0,0,0,0,0,0,0,0,0,0,0,0,0,0,0,0,0,21,1,0,true
/home/alison/jsoup-quality-analysis/work/jsoup/src/main/java/org/jsoup/nodes/Range.java,org.jsoup.nodes.Range$Position,hashCode/0,false,179,0,1,1,0,1,0,6,1,1,0,0,0,0,0,0,0,0,0,2,3,4,0,0,0,0,7,1,0,false
/home/alison/jsoup-quality-analysis/work/jsoup/src/main/java/org/jsoup/nodes/Range.java,org.jsoup.nodes.Range$Position,toString/0,false,164,0,0,0,0,1,0,3,1,0,0,0,0,0,0,0,0,0,2,0,0,1,0,0,0,0,13,1,0,true
/home/alison/jsoup-quality-analysis/work/jsoup/src/main/java/org/jsoup/nodes/Range.java,org.jsoup.nodes.Range$Position,equals/1[java.lang.Object],false,169,1,1,1,0,7,1,8,5,1,1,1,0,0,0,6,0,0,0,0,1,0,1,0,0,0,14,1,0,false
/home/alison/jsoup-quality-analysis/work/jsoup/src/main/java/org/jsoup/parser/TokeniserState.java,org.jsoup.parser.TokeniserState$Anonymous3,"read/2[org.jsoup.parser.Tokeniser,org.jsoup.parser.CharacterReader]",false,41,3,60,0,60,5,8,17,0,1,2,8,0,0,0,0,0,0,0,0,1,0,1,0,0,0,12,0,1,false
/home/alison/jsoup-quality-analysis/work/jsoup/src/main/java/org/jsoup/parser/TokeniserState.java,org.jsoup.parser.TokeniserState$Anonymous2,"read/2[org.jsoup.parser.Tokeniser,org.jsoup.parser.CharacterReader]",false,35,3,60,0,60,1,1,3,0,0,2,1,0,0,0,0,0,0,0,0,0,0,0,0,0,0,5,0,0,false
/home/alison/jsoup-quality-analysis/work/jsoup/src/main/java/org/jsoup/parser/TokeniserState.java,org.jsoup.parser.TokeniserState$Anonymous5,"read/2[org.jsoup.parser.Tokeniser,org.jsoup.parser.CharacterReader]",false,70,3,60,0,60,1,1,3,0,0,2,1,0,0,0,0,0,0,0,0,0,0,0,0,0,0,5,0,0,false
/home/alison/jsoup-quality-analysis/work/jsoup/src/main/java/org/jsoup/parser/TokeniserState.java,org.jsoup.parser.TokeniserState$Anonymous4,"read/2[org.jsoup.parser.Tokeniser,org.jsoup.parser.CharacterReader]",false,65,3,60,0,60,1,1,3,0,0,2,1,0,0,0,0,0,0,0,0,0,0,0,0,0,0,5,0,0,false
/home/alison/jsoup-quality-analysis/work/jsoup/src/main/java/org/jsoup/examples/ListLinks.java,org.jsoup.examples.ListLinks,"print/2[java.lang.String,java.lang.Object[]]",false,46,0,1,1,0,1,2,3,0,0,2,2,0,0,0,0,0,0,0,0,0,0,0,0,0,0,2,10,0,false
/home/alison/jsoup-quality-analysis/work/jsoup/src/main/java/org/jsoup/examples/ListLinks.java,org.jsoup.examples.ListLinks,main/1[java.lang.String[]],false,15,8,10,0,10,6,12,22,0,5,1,12,2,1,3,1,0,0,21,4,5,0,2,0,0,0,18,9,0,false
/home/alison/jsoup-quality-analysis/work/jsoup/src/main/java/org/jsoup/examples/ListLinks.java,org.jsoup.examples.ListLinks,"trim/2[java.lang.String,int]",false,50,0,1,1,0,2,2,4,2,0,2,2,0,0,0,0,0,0,1,2,0,2,1,0,0,0,3,10,0,false
/home/alison/jsoup-quality-analysis/work/jsoup/src/main/java/org/jsoup/select/Evaluator.java,org.jsoup.select.Evaluator$IsNthChild,"IsNthChild/2[int,int]",true,540,0,1,1,0,1,0,3,0,0,2,0,0,0,0,0,0,0,0,0,0,0,0,0,0,0,4,1,0,false
/home/alison/jsoup-quality-analysis/work/jsoup/src/main/java/org/jsoup/select/Evaluator.java,org.jsoup.select.Evaluator$IsNthChild,getPseudoClass/0,false,549,0,0,0,0,1,0,3,1,0,0,0,0,0,0,0,0,0,1,0,0,0,0,0,0,0,3,4,0,false
/home/alison/jsoup-quality-analysis/work/jsoup/src/main/java/org/jsoup/select/Evaluator.java,org.jsoup.select.Evaluator$IsNthChild,"calculatePosition/2[org.jsoup.nodes.Element,org.jsoup.nodes.Element]",false,544,1,1,0,1,1,1,3,1,0,2,1,0,0,0,0,0,0,0,1,0,1,0,0,0,0,4,4,0,false
/home/alison/jsoup-quality-analysis/work/jsoup/src/main/java/org/jsoup/safety/Safelist.java,org.jsoup.safety.Safelist$TagName,valueOf/1[java.lang.String],false,624,1,12,11,1,1,0,3,1,0,1,0,0,0,0,0,0,0,0,0,0,0,0,0,0,0,4,8,0,false
/home/alison/jsoup-quality-analysis/work/jsoup/src/main/java/org/jsoup/safety/Safelist.java,org.jsoup.safety.Safelist$TagName,TagName/1[java.lang.String],true,620,0,1,1,0,1,0,3,0,0,1,0,0,0,0,0,0,0,0,0,0,0,0,0,0,0,3,0,0,false
/home/alison/jsoup-quality-analysis/work/jsoup/src/main/java/org/jsoup/select/Evaluator.java,org.jsoup.select.Evaluator$Class,Class/1[java.lang.String],true,131,0,2,2,0,1,0,3,0,0,1,0,0,0,0,0,0,0,0,0,1,0,0,0,0,0,3,1,0,false
/home/alison/jsoup-quality-analysis/work/jsoup/src/main/java/org/jsoup/select/Evaluator.java,org.jsoup.select.Evaluator$Class,cost/0,false,140,0,0,0,0,1,0,3,1,0,0,0,0,0,0,0,0,0,0,1,0,0,0,0,0,0,1,4,0,false
/home/alison/jsoup-quality-analysis/work/jsoup/src/main/java/org/jsoup/select/Evaluator.java,org.jsoup.select.Evaluator$Class,"matches/2[org.jsoup.nodes.Element,org.jsoup.nodes.Element]",false,136,1,1,0,1,1,1,3,1,0,2,1,0,0,0,0,0,1,0,0,0,0,0,0,0,0,5,1,0,false
/home/alison/jsoup-quality-analysis/work/jsoup/src/main/java/org/jsoup/select/Evaluator.java,org.jsoup.select.Evaluator$Class,toString/0,false,145,0,0,0,0,1,1,3,1,0,0,1,0,0,0,0,0,0,1,0,0,0,0,0,0,0,2,1,0,false
/home/alison/jsoup-quality-analysis/work/jsoup/src/main/java/org/jsoup/nodes/Attributes.java,org.jsoup.nodes.Attributes$Anonymous1,hasNext/0,false,328,2,2,0,2,4,2,8,1,0,0,2,1,1,1,0,0,0,0,0,0,0,2,0,0,0,9,1,0,false
/home/alison/jsoup-quality-analysis/work/jsoup/src/main/java/org/jsoup/nodes/Attributes.java,org.jsoup.nodes.Attributes$Anonymous1,remove/0,false,353,1,1,0,1,1,1,4,0,0,0,1,0,0,0,0,0,0,0,0,0,0,0,0,0,0,4,1,0,false
/home/alison/jsoup-quality-analysis/work/jsoup/src/main/java/org/jsoup/nodes/Attributes.java,org.jsoup.nodes.Attributes$Anonymous1,next/0,false,341,2,2,0,2,1,1,6,1,1,0,1,1,1,0,0,0,0,0,0,1,0,0,0,0,0,6,1,0,false
/home/alison/jsoup-quality-analysis/work/jsoup/src/main/java/org/jsoup/nodes/Attributes.java,org.jsoup.nodes.Attributes$Anonymous1,checkModified/0,false,348,0,2,2,0,2,0,3,0,0,0,0,0,0,0,1,0,0,1,0,0,0,1,0,0,0,12,2,0,false
/home/alison/jsoup-quality-analysis/work/jsoup/src/main/java/org/jsoup/select/StructuralEvaluator.java,org.jsoup.select.StructuralEvaluator$Has,"matches/2[org.jsoup.nodes.Element,org.jsoup.nodes.Element]",false,70,3,3,0,3,4,3,10,2,3,2,3,0,0,1,1,0,0,0,1,3,0,3,0,0,0,10,1,0,false
/home/alison/jsoup-quality-analysis/work/jsoup/src/main/java/org/jsoup/select/StructuralEvaluator.java,org.jsoup.select.StructuralEvaluator$Has,cost/0,false,83,1,1,0,1,1,1,3,1,0,0,1,0,0,0,0,0,0,0,1,0,1,0,0,0,0,1,4,0,false
/home/alison/jsoup-quality-analysis/work/jsoup/src/main/java/org/jsoup/select/StructuralEvaluator.java,org.jsoup.select.StructuralEvaluator$Has,toString/0,false,88,0,0,0,0,1,1,3,1,0,0,1,0,0,0,0,0,0,1,0,0,0,0,0,0,0,2,1,0,false
/home/alison/jsoup-quality-analysis/work/jsoup/src/main/java/org/jsoup/select/StructuralEvaluator.java,org.jsoup.select.StructuralEvaluator$Has,Has/1[org.jsoup.select.Evaluator],true,64,2,2,1,1,1,0,4,0,0,1,0,0,0,0,0,0,0,0,0,1,0,0,0,0,0,4,1,0,false
/home/alison/jsoup-quality-analysis/work/jsoup/src/main/java/org/jsoup/nodes/Node.java,org.jsoup.nodes.Node$OuterHtmlVisitor,"OuterHtmlVisitor/2[java.lang.Appendable,org.jsoup.nodes.Document.OutputSettings]",true,893,1,2,1,1,1,1,5,0,0,2,1,0,0,0,0,0,0,0,0,2,0,0,0,0,0,6,0,0,false
/home/alison/jsoup-quality-analysis/work/jsoup/src/main/java/org/jsoup/nodes/Node.java,org.jsoup.nodes.Node$OuterHtmlVisitor,"tail/2[org.jsoup.nodes.Node,int]",false,907,2,3,0,3,3,3,10,0,0,2,3,0,0,0,0,1,0,1,0,0,0,2,0,0,0,8,1,0,false
/home/alison/jsoup-quality-analysis/work/jsoup/src/main/java/org/jsoup/nodes/Node.java,org.jsoup.nodes.Node$OuterHtmlVisitor,"head/2[org.jsoup.nodes.Node,int]",false,899,2,2,0,2,2,1,8,0,0,2,1,0,0,0,0,1,0,0,0,0,0,1,0,0,0,8,1,0,false
/home/alison/jsoup-quality-analysis/work/jsoup/src/main/java/org/jsoup/parser/Token.java,org.jsoup.parser.Token,isDoctype/0,false,459,0,1,1,0,2,0,3,1,0,0,0,0,0,0,1,0,0,0,0,0,0,0,0,0,0,3,16,0,false
/home/alison/jsoup-quality-analysis/work/jsoup/src/main/java/org/jsoup/parser/Token.java,org.jsoup.parser.Token,isCData/0,false,495,2,2,2,0,1,0,3,1,0,0,0,0,0,0,0,0,0,0,0,0,0,0,0,0,0,3,16,0,false
/home/alison/jsoup-quality-analysis/work/jsoup/src/main/java/org/jsoup/parser/Token.java,org.jsoup.parser.Token,isEOF/0,false,503,0,2,2,0,2,0,3,1,0,0,0,0,0,0,1,0,0,0,0,0,0,0,0,0,0,5,16,0,false
/home/alison/jsoup-quality-analysis/work/jsoup/src/main/java/org/jsoup/parser/Token.java,org.jsoup.parser.Token,asStartTag/0,false,471,1,4,4,0,1,0,3,1,0,0,0,0,0,0,0,0,0,0,0,0,0,0,0,0,0,3,16,0,false
/home/alison/jsoup-quality-analysis/work/jsoup/src/main/java/org/jsoup/parser/Token.java,org.jsoup.parser.Token,asEndTag/0,false,479,1,5,5,0,1,0,3,1,0,0,0,0,0,0,0,0,0,0,0,0,0,0,0,0,0,3,16,0,false
/home/alison/jsoup-quality-analysis/work/jsoup/src/main/java/org/jsoup/parser/Token.java,org.jsoup.parser.Token,endPos/1[int],false,45,0,4,4,0,1,0,3,0,0,1,0,0,0,0,0,0,0,0,0,1,0,0,0,0,0,3,0,0,false
/home/alison/jsoup-quality-analysis/work/jsoup/src/main/java/org/jsoup/parser/Token.java,org.jsoup.parser.Token,isComment/0,false,483,0,1,1,0,2,0,3,1,0,0,0,0,0,0,1,0,0,0,0,0,0,0,0,0,0,3,16,0,false
/home/alison/jsoup-quality-analysis/work/jsoup/src/main/java/org/jsoup/parser/Token.java,org.jsoup.parser.Token,isStartTag/0,false,467,0,2,2,0,2,0,3,1,0,0,0,0,0,0,1,0,0,0,0,0,0,0,0,0,0,4,16,0,false
/home/alison/jsoup-quality-analysis/work/jsoup/src/main/java/org/jsoup/parser/Token.java,org.jsoup.parser.Token,asComment/0,false,487,1,2,2,0,1,0,3,1,0,0,0,0,0,0,0,0,0,0,0,0,0,0,0,0,0,2,16,0,false
/home/alison/jsoup-quality-analysis/work/jsoup/src/main/java/org/jsoup/parser/Token.java,org.jsoup.parser.Token,startPos/0,false,33,0,1,1,0,1,0,3,1,0,0,0,0,0,0,0,0,0,0,0,0,0,0,0,0,0,2,0,0,false
/home/alison/jsoup-quality-analysis/work/jsoup/src/main/java/org/jsoup/parser/Token.java,org.jsoup.parser.Token,reset/0,false,27,1,1,1,0,1,0,5,1,0,0,0,0,0,0,0,0,0,0,0,2,0,0,0,0,0,23,0,0,true
/home/alison/jsoup-quality-analysis/work/jsoup/src/main/java/org/jsoup/parser/Token.java,org.jsoup.parser.Token,isCharacter/0,false,491,0,3,3,0,2,0,3,1,0,0,0,0,0,0,1,0,0,0,0,0,0,0,0,0,0,3,16,0,false
/home/alison/jsoup-quality-analysis/work/jsoup/src/main/java/org/jsoup/parser/Token.java,org.jsoup.parser.Token,endPos/0,false,41,0,1,1,0,1,0,3,1,0,0,0,0,0,0,0,0,0,0,0,0,0,0,0,0,0,2,0,0,false
/home/alison/jsoup-quality-analysis/work/jsoup/src/main/java/org/jsoup/parser/Token.java,org.jsoup.parser.Token,asCharacter/0,false,499,1,3,3,0,1,0,3,1,0,0,0,0,0,0,0,0,0,0,0,0,0,0,0,0,0,2,16,0,false
/home/alison/jsoup-quality-analysis/work/jsoup/src/main/java/org/jsoup/parser/Token.java,org.jsoup.parser.Token,reset/1[java.lang.StringBuilder],false,49,0,5,5,0,2,2,5,0,0,1,2,0,0,0,1,0,0,0,1,0,0,1,0,0,0,5,8,0,false
/home/alison/jsoup-quality-analysis/work/jsoup/src/main/java/org/jsoup/parser/Token.java,org.jsoup.parser.Token,Token/0,true,16,0,0,0,0,1,0,2,0,0,0,0,0,0,0,0,0,0,0,0,0,0,0,0,0,0,1,2,0,false
/home/alison/jsoup-quality-analysis/work/jsoup/src/main/java/org/jsoup/parser/Token.java,org.jsoup.parser.Token,isEndTag/0,false,475,0,1,1,0,2,0,3,1,0,0,0,0,0,0,1,0,0,0,0,0,0,0,0,0,0,4,16,0,false
/home/alison/jsoup-quality-analysis/work/jsoup/src/main/java/org/jsoup/parser/Token.java,org.jsoup.parser.Token,tokenType/0,false,19,0,1,1,0,1,2,3,1,0,0,2,0,0,0,0,0,0,0,0,0,0,0,0,0,0,2,0,0,false
/home/alison/jsoup-quality-analysis/work/jsoup/src/main/java/org/jsoup/parser/Token.java,org.jsoup.parser.Token,asDoctype/0,false,463,1,2,2,0,1,0,3,1,0,0,0,0,0,0,0,0,0,0,0,0,0,0,0,0,0,2,16,0,false
/home/alison/jsoup-quality-analysis/work/jsoup/src/main/java/org/jsoup/parser/Token.java,org.jsoup.parser.Token,startPos/1[int],false,37,0,4,4,0,1,0,3,0,0,1,0,0,0,0,0,0,0,0,0,1,0,0,0,0,0,3,0,0,false
/home/alison/jsoup-quality-analysis/work/jsoup/src/main/java/org/jsoup/safety/Cleaner.java,org.jsoup.safety.Cleaner$CleaningVisitor,"tail/2[org.jsoup.nodes.Node,int]",false,167,3,3,0,3,3,3,5,0,0,2,3,0,0,0,0,0,0,0,0,1,0,1,0,0,0,6,1,0,false
/home/alison/jsoup-quality-analysis/work/jsoup/src/main/java/org/jsoup/safety/Cleaner.java,org.jsoup.safety.Cleaner$CleaningVisitor,"head/2[org.jsoup.nodes.Node,int]",false,140,7,10,0,10,7,8,28,0,7,2,8,0,0,0,1,0,0,0,0,9,0,2,0,0,0,18,1,0,false
/home/alison/jsoup-quality-analysis/work/jsoup/src/main/java/org/jsoup/safety/Cleaner.java,org.jsoup.safety.Cleaner$CleaningVisitor,"CleaningVisitor/2[org.jsoup.nodes.Element,org.jsoup.nodes.Element]",true,135,1,1,1,0,1,0,4,0,0,2,0,0,0,0,0,0,0,0,0,2,0,0,0,0,0,5,2,0,false
/home/alison/jsoup-quality-analysis/work/jsoup/src/main/java/org/jsoup/select/Evaluator.java,org.jsoup.select.Evaluator$AttributeKeyPair,"AttributeKeyPair/3[java.lang.String,java.lang.String,boolean]",true,365,2,3,0,3,3,7,10,0,1,3,7,0,0,0,0,0,0,4,2,4,1,1,0,0,0,11,1,0,false
/home/alison/jsoup-quality-analysis/work/jsoup/src/main/java/org/jsoup/select/Evaluator.java,org.jsoup.select.Evaluator$AttributeKeyPair,"AttributeKeyPair/2[java.lang.String,java.lang.String]",true,361,0,0,0,0,1,0,3,0,0,2,0,0,0,0,0,0,0,0,0,0,0,0,0,0,0,4,1,0,false
/home/alison/jsoup-quality-analysis/work/jsoup/src/main/java/org/jsoup/select/Evaluator.java,org.jsoup.select.Evaluator$ContainsWholeOwnText,ContainsWholeOwnText/1[java.lang.String],true,799,0,1,1,0,1,0,3,0,0,1,0,0,0,0,0,0,0,0,0,1,0,0,0,0,0,5,1,0,false
/home/alison/jsoup-quality-analysis/work/jsoup/src/main/java/org/jsoup/select/Evaluator.java,org.jsoup.select.Evaluator$ContainsWholeOwnText,"matches/2[org.jsoup.nodes.Element,org.jsoup.nodes.Element]",false,804,1,1,0,1,1,2,3,1,0,2,2,0,0,0,0,0,0,0,0,0,0,0,0,0,0,5,1,0,false
/home/alison/jsoup-quality-analysis/work/jsoup/src/main/java/org/jsoup/select/Evaluator.java,org.jsoup.select.Evaluator$ContainsWholeOwnText,toString/0,false,809,0,0,0,0,1,1,3,1,0,0,1,0,0,0,0,0,0,1,0,0,0,0,0,0,0,2,1,0,false
/home/alison/jsoup-quality-analysis/work/jsoup/src/main/java/org/jsoup/select/Evaluator.java,org.jsoup.select.Evaluator$IsNthLastOfType,getPseudoClass/0,false,630,0,0,0,0,1,0,3,1,0,0,0,0,0,0,0,0,0,1,0,0,0,0,0,0,0,5,4,0,false
/home/alison/jsoup-quality-analysis/work/jsoup/src/main/java/org/jsoup/select/Evaluator.java,org.jsoup.select.Evaluator$IsNthLastOfType,"calculatePosition/2[org.jsoup.nodes.Element,org.jsoup.nodes.Element]",false,614,1,3,0,3,4,4,11,2,3,2,4,0,0,1,2,0,0,0,2,4,0,2,0,0,0,8,4,0,false
/home/alison/jsoup-quality-analysis/work/jsoup/src/main/java/org/jsoup/select/Evaluator.java,org.jsoup.select.Evaluator$IsNthLastOfType,"IsNthLastOfType/2[int,int]",true,609,0,1,1,0,1,0,3,0,0,2,0,0,0,0,0,0,0,0,0,0,0,0,0,0,0,6,1,0,false
/home/alison/jsoup-quality-analysis/work/jsoup/src/main/java/org/jsoup/parser/Tag.java,org.jsoup.parser.Tag,isFormSubmittable/0,false,207,0,1,1,0,1,0,3,1,0,0,0,0,0,0,0,0,0,0,0,0,0,0,0,0,0,18,1,0,true
/home/alison/jsoup-quality-analysis/work/jsoup/src/main/java/org/jsoup/parser/Tag.java,org.jsoup.parser.Tag,isBlock/0,false,127,0,3,3,0,1,0,3,1,0,0,0,0,0,0,0,0,0,0,0,0,0,0,0,0,0,6,1,0,true
/home/alison/jsoup-quality-analysis/work/jsoup/src/main/java/org/jsoup/parser/Tag.java,org.jsoup.parser.Tag,valueOf/1[java.lang.String],false,103,1,1,0,1,1,1,3,1,0,1,1,1,2,0,0,0,0,0,0,0,0,0,0,0,0,38,9,0,true
/home/alison/jsoup-quality-analysis/work/jsoup/src/main/java/org/jsoup/parser/Tag.java,org.jsoup.parser.Tag,(initializer 2),false,321,1,1,0,1,2,4,20,0,8,0,4,1,1,1,0,0,0,0,0,10,0,1,0,0,8,5,8,0,false
/home/alison/jsoup-quality-analysis/work/jsoup/src/main/java/org/jsoup/parser/Tag.java,org.jsoup.parser.Tag,"Tag/2[java.lang.String,java.lang.String]",true,29,1,3,2,1,1,1,5,0,0,2,1,0,0,0,0,0,0,0,0,3,0,0,0,0,0,5,2,0,false
/home/alison/jsoup-quality-analysis/work/jsoup/src/main/java/org/jsoup/parser/Tag.java,org.jsoup.parser.Tag,isInline/0,false,145,0,1,1,0,1,0,3,1,0,0,0,0,0,0,0,0,0,0,0,0,0,0,0,0,0,7,1,0,true
/home/alison/jsoup-quality-analysis/work/jsoup/src/main/java/org/jsoup/parser/Tag.java,org.jsoup.parser.Tag,isKnownTag/0,false,172,0,1,1,0,1,1,3,1,0,0,1,0,0,0,0,0,0,0,0,0,0,0,0,0,0,15,1,0,true
/home/alison/jsoup-quality-analysis/work/jsoup/src/main/java/org/jsoup/parser/Tag.java,org.jsoup.parser.Tag,"valueOf/3[java.lang.String,java.lang.String,org.jsoup.parser.ParseSettings]",false,67,4,19,12,7,7,8,20,3,2,3,8,1,1,0,2,0,0,0,0,8,0,2,0,0,0,45,9,0,true
/home/alison/jsoup-quality-analysis/work/jsoup/src/main/java/org/jsoup/parser/Tag.java,org.jsoup.parser.Tag,preserveWhitespace/0,false,191,0,1,1,0,1,0,3,1,0,0,0,0,0,0,0,0,0,0,0,0,0,0,0,0,0,9,1,0,true
/home/alison/jsoup-quality-analysis/work/jsoup/src/main/java/org/jsoup/parser/Tag.java,org.jsoup.parser.Tag,isKnownTag/1[java.lang.String],false,182,0,1,1,0,1,1,3,1,0,1,1,0,0,0,0,0,0,0,0,0,0,0,0,0,0,15,9,0,true
/home/alison/jsoup-quality-analysis/work/jsoup/src/main/java/org/jsoup/parser/Tag.java,org.jsoup.parser.Tag,hashCode/0,false,234,0,0,0,0,8,1,11,1,1,0,1,0,0,0,0,0,7,0,21,8,14,0,0,0,0,15,1,0,false
/home/alison/jsoup-quality-analysis/work/jsoup/src/main/java/org/jsoup/parser/Tag.java,org.jsoup.parser.Tag,isFormListed/0,false,199,0,1,1,0,1,0,3,1,0,0,0,0,0,0,0,0,0,0,0,0,0,0,0,0,0,13,1,0,true
/home/alison/jsoup-quality-analysis/work/jsoup/src/main/java/org/jsoup/parser/Tag.java,org.jsoup.parser.Tag,clone/0,false,252,1,1,1,0,2,1,8,1,0,0,1,0,0,0,0,1,0,0,0,0,0,1,0,0,0,8,4,0,false
/home/alison/jsoup-quality-analysis/work/jsoup/src/main/java/org/jsoup/parser/Tag.java,org.jsoup.parser.Tag,formatAsBlock/0,false,136,0,5,5,0,1,0,3,1,0,0,0,0,0,0,0,0,0,0,0,0,0,0,0,0,0,13,1,0,true
/home/alison/jsoup-quality-analysis/work/jsoup/src/main/java/org/jsoup/parser/Tag.java,org.jsoup.parser.Tag,isSelfClosing/0,false,163,0,2,2,0,1,0,3,1,0,0,0,0,0,0,0,0,0,0,0,0,0,0,0,0,0,11,1,0,true
/home/alison/jsoup-quality-analysis/work/jsoup/src/main/java/org/jsoup/parser/Tag.java,org.jsoup.parser.Tag,normalName/0,false,48,0,2,2,0,1,0,3,1,0,0,0,0,0,0,0,0,0,0,0,0,0,0,0,0,0,6,1,0,true
/home/alison/jsoup-quality-analysis/work/jsoup/src/main/java/org/jsoup/parser/Tag.java,org.jsoup.parser.Tag,(initializer 1),false,304,0,1,0,1,1,1,4,0,0,0,1,0,0,0,0,0,0,8,0,0,0,0,0,0,0,0,8,0,false
/home/alison/jsoup-quality-analysis/work/jsoup/src/main/java/org/jsoup/parser/Tag.java,org.jsoup.parser.Tag,getName/0,false,40,0,2,2,0,1,0,3,1,0,0,0,0,0,0,0,0,0,0,0,0,0,0,0,0,0,6,1,0,true
/home/alison/jsoup-quality-analysis/work/jsoup/src/main/java/org/jsoup/parser/Tag.java,org.jsoup.parser.Tag,toString/0,false,247,0,0,0,0,1,0,3,1,0,0,0,0,0,0,0,0,0,0,0,0,0,0,0,0,0,4,1,0,false
/home/alison/jsoup-quality-analysis/work/jsoup/src/main/java/org/jsoup/parser/Tag.java,org.jsoup.parser.Tag,equals/1[java.lang.Object],false,217,1,0,0,0,11,1,13,10,1,1,1,0,0,0,8,0,1,0,0,1,0,1,0,0,0,19,1,0,false
/home/alison/jsoup-quality-analysis/work/jsoup/src/main/java/org/jsoup/parser/Tag.java,org.jsoup.parser.Tag,setSelfClosing/0,false,211,1,3,3,0,1,0,4,1,0,0,0,0,0,0,0,0,0,0,0,1,0,0,0,0,0,6,0,0,false
/home/alison/jsoup-quality-analysis/work/jsoup/src/main/java/org/jsoup/parser/Tag.java,org.jsoup.parser.Tag,namespace/0,false,52,0,21,21,0,1,0,3,1,0,0,0,0,0,0,0,0,0,0,0,0,0,0,0,0,0,1,1,0,false
/home/alison/jsoup-quality-analysis/work/jsoup/src/main/java/org/jsoup/parser/Tag.java,org.jsoup.parser.Tag,"valueOf/2[java.lang.String,org.jsoup.parser.ParseSettings]",false,118,2,1,0,1,1,1,3,1,0,2,1,1,2,0,0,0,0,0,0,0,0,0,0,0,0,43,9,0,true
/home/alison/jsoup-quality-analysis/work/jsoup/src/main/java/org/jsoup/parser/Tag.java,org.jsoup.parser.Tag,"setupTags/2[java.lang.String[],java.util.function.Consumer<org.jsoup.parser.Tag>]",false,310,1,2,1,1,3,3,10,0,1,2,3,0,0,1,1,0,0,0,0,2,0,2,0,0,0,8,10,0,false
/home/alison/jsoup-quality-analysis/work/jsoup/src/main/java/org/jsoup/parser/Tag.java,org.jsoup.parser.Tag,isEmpty/0,false,154,0,2,2,0,1,0,3,1,0,0,0,0,0,0,0,0,0,0,0,0,0,0,0,0,0,6,1,0,true
/home/alison/jsoup-quality-analysis/work/jsoup/src/main/java/org/jsoup/parser/Token.java,org.jsoup.parser.Token$Character,Character/0,true,394,0,2,2,0,1,0,4,0,0,0,0,0,0,0,0,0,0,0,0,1,0,0,0,0,0,2,0,0,false
/home/alison/jsoup-quality-analysis/work/jsoup/src/main/java/org/jsoup/parser/Token.java,org.jsoup.parser.Token$Character,toString/0,false,416,1,1,0,1,1,1,3,1,0,0,1,1,1,0,0,0,0,0,0,0,0,0,0,0,0,4,1,0,false
/home/alison/jsoup-quality-analysis/work/jsoup/src/main/java/org/jsoup/parser/Token.java,org.jsoup.parser.Token$Character,data/1[java.lang.String],false,406,1,4,4,0,1,0,4,1,0,1,0,0,0,0,0,0,0,0,0,1,0,0,0,0,0,2,0,0,false
/home/alison/jsoup-quality-analysis/work/jsoup/src/main/java/org/jsoup/parser/Token.java,org.jsoup.parser.Token$Character,getData/0,false,411,0,6,6,0,1,0,3,1,0,0,0,0,0,0,0,0,0,0,0,0,0,0,0,0,0,3,0,0,false
/home/alison/jsoup-quality-analysis/work/jsoup/src/main/java/org/jsoup/parser/Token.java,org.jsoup.parser.Token$Character,clone/0,false,420,1,1,1,0,2,1,8,1,0,0,1,0,0,0,0,1,0,0,0,0,0,1,0,0,0,7,4,0,false
/home/alison/jsoup-quality-analysis/work/jsoup/src/main/java/org/jsoup/parser/Token.java,org.jsoup.parser.Token$Character,reset/0,false,400,2,0,0,0,1,1,5,1,0,0,1,0,0,0,0,0,0,0,0,1,0,0,0,0,0,4,0,0,false
/home/alison/jsoup-quality-analysis/work/jsoup/src/main/java/org/jsoup/select/Evaluator.java,org.jsoup.select.Evaluator$IsLastOfType,IsLastOfType/0,true,487,0,1,1,0,1,0,3,0,0,0,0,0,0,0,0,0,0,0,2,0,0,0,0,0,0,4,1,0,false
/home/alison/jsoup-quality-analysis/work/jsoup/src/main/java/org/jsoup/select/Evaluator.java,org.jsoup.select.Evaluator$IsLastOfType,toString/0,false,491,0,0,0,0,1,0,3,1,0,0,0,0,0,0,0,0,0,1,0,0,0,0,0,0,0,3,1,0,false
/home/alison/jsoup-quality-analysis/work/jsoup/src/main/java/org/jsoup/select/Evaluator.java,org.jsoup.select.Evaluator$Attribute,cost/0,false,166,0,0,0,0,1,0,3,1,0,0,0,0,0,0,0,0,0,0,1,0,0,0,0,0,0,1,4,0,false
/home/alison/jsoup-quality-analysis/work/jsoup/src/main/java/org/jsoup/select/Evaluator.java,org.jsoup.select.Evaluator$Attribute,"matches/2[org.jsoup.nodes.Element,org.jsoup.nodes.Element]",false,162,2,1,0,1,1,1,3,1,0,2,1,0,0,0,0,0,0,0,0,0,0,0,0,0,0,4,1,0,false
/home/alison/jsoup-quality-analysis/work/jsoup/src/main/java/org/jsoup/select/Evaluator.java,org.jsoup.select.Evaluator$Attribute,Attribute/1[java.lang.String],true,157,0,2,2,0,1,0,3,0,0,1,0,0,0,0,0,0,0,0,0,1,0,0,0,0,0,2,1,0,false
/home/alison/jsoup-quality-analysis/work/jsoup/src/main/java/org/jsoup/select/Evaluator.java,org.jsoup.select.Evaluator$Attribute,toString/0,false,171,0,0,0,0,1,1,3,1,0,0,1,0,0,0,0,0,0,1,0,0,0,0,0,0,0,2,1,0,false
/home/alison/jsoup-quality-analysis/work/jsoup/src/main/java/org/jsoup/internal/StringUtil.java,org.jsoup.internal.StringUtil$StringJoiner,add/1[java.lang.Object],false,88,2,3,2,1,2,3,7,1,0,1,3,0,0,0,0,0,0,0,0,1,0,1,0,0,0,17,1,0,true
/home/alison/jsoup-quality-analysis/work/jsoup/src/main/java/org/jsoup/internal/StringUtil.java,org.jsoup.internal.StringUtil$StringJoiner,append/1[java.lang.Object],false,100,2,1,0,1,1,2,5,1,0,1,2,0,0,0,0,0,0,0,0,0,0,0,0,0,0,14,1,0,true
/home/alison/jsoup-quality-analysis/work/jsoup/src/main/java/org/jsoup/internal/StringUtil.java,org.jsoup.internal.StringUtil$StringJoiner,StringJoiner/1[java.lang.String],true,81,0,2,2,0,1,0,3,0,0,1,0,0,0,0,0,0,0,0,0,1,0,0,0,0,0,24,1,0,true
/home/alison/jsoup-quality-analysis/work/jsoup/src/main/java/org/jsoup/internal/StringUtil.java,org.jsoup.internal.StringUtil$StringJoiner,complete/0,false,109,1,3,2,1,1,1,5,1,1,0,1,0,0,0,0,0,0,0,0,2,0,0,0,0,0,17,1,0,true
/home/alison/jsoup-quality-analysis/work/jsoup/src/main/java/org/jsoup/Connection.java,org.jsoup.Connection$KeyVal,value/1[java.lang.String],false,791,1,0,0,0,1,0,1,0,0,1,0,0,0,0,0,0,0,0,0,0,0,0,0,0,0,9,0,0,true
/home/alison/jsoup-quality-analysis/work/jsoup/src/main/java/org/jsoup/Connection.java,org.jsoup.Connection$KeyVal,hasInputStream/0,false,817,0,2,2,0,1,0,1,0,0,0,0,0,0,0,0,0,0,0,0,0,0,0,0,0,0,12,0,0,true
/home/alison/jsoup-quality-analysis/work/jsoup/src/main/java/org/jsoup/Connection.java,org.jsoup.Connection$KeyVal,key/1[java.lang.String],false,778,1,0,0,0,1,0,1,0,0,1,0,0,0,0,0,0,0,0,0,0,0,0,0,0,0,9,0,0,true
/home/alison/jsoup-quality-analysis/work/jsoup/src/main/java/org/jsoup/Connection.java,org.jsoup.Connection$KeyVal,inputStream/1[java.io.InputStream],false,804,1,0,0,0,1,0,1,0,0,1,0,0,0,0,0,0,0,0,0,0,0,0,0,0,0,13,0,0,true
/home/alison/jsoup-quality-analysis/work/jsoup/src/main/java/org/jsoup/Connection.java,org.jsoup.Connection$KeyVal,inputStream/0,false,811,1,1,1,0,1,0,1,0,0,0,0,0,0,0,0,0,0,0,0,0,0,0,0,0,0,11,0,0,true
/home/alison/jsoup-quality-analysis/work/jsoup/src/main/java/org/jsoup/Connection.java,org.jsoup.Connection$KeyVal,value/0,false,798,0,2,2,0,1,0,1,0,0,0,0,0,0,0,0,0,0,0,0,0,0,0,0,0,0,6,0,0,true
/home/alison/jsoup-quality-analysis/work/jsoup/src/main/java/org/jsoup/Connection.java,org.jsoup.Connection$KeyVal,contentType/0,false,832,1,1,1,0,1,0,1,0,0,0,0,0,0,0,0,0,0,0,0,0,0,0,0,0,0,9,0,0,true
/home/alison/jsoup-quality-analysis/work/jsoup/src/main/java/org/jsoup/Connection.java,org.jsoup.Connection$KeyVal,key/0,false,785,0,3,3,0,1,0,1,0,0,0,0,0,0,0,0,0,0,0,0,0,0,0,0,0,0,6,0,0,true
/home/alison/jsoup-quality-analysis/work/jsoup/src/main/java/org/jsoup/Connection.java,org.jsoup.Connection$KeyVal,contentType/1[java.lang.String],false,823,1,0,0,0,1,0,1,0,0,1,0,0,0,0,0,0,0,0,0,0,0,0,0,0,0,30,0,0,true
/home/alison/jsoup-quality-analysis/work/jsoup/src/main/java/org/jsoup/nodes/Entities.java,org.jsoup.nodes.Entities,escape/1[java.lang.String],false,159,2,2,0,2,2,1,4,1,0,1,1,1,3,0,1,0,0,0,0,1,0,1,0,0,0,27,9,0,true
/home/alison/jsoup-quality-analysis/work/jsoup/src/main/java/org/jsoup/nodes/Entities.java,org.jsoup.nodes.Entities,unescape/1[java.lang.String],false,271,1,2,1,1,1,1,3,1,0,1,1,1,1,0,0,0,0,0,0,0,0,0,0,0,0,19,9,0,true
/home/alison/jsoup-quality-analysis/work/jsoup/src/main/java/org/jsoup/nodes/Entities.java,org.jsoup.nodes.Entities,"canEncode/3[org.jsoup.nodes.Entities.CoreCharset,char,java.nio.charset.CharsetEncoder]",false,299,1,1,1,0,4,1,7,3,0,3,1,0,0,0,0,0,0,0,1,0,0,1,0,0,0,10,10,0,false
/home/alison/jsoup-quality-analysis/work/jsoup/src/main/java/org/jsoup/nodes/Entities.java,org.jsoup.nodes.Entities,"load/3[org.jsoup.nodes.Entities.EscapeMode,java.lang.String,int]",false,323,4,9,1,8,5,9,40,0,8,3,9,0,0,1,3,1,0,1,3,17,0,3,0,0,0,22,10,0,false
/home/alison/jsoup-quality-analysis/work/jsoup/src/main/java/org/jsoup/nodes/Entities.java,org.jsoup.nodes.Entities,isNamedEntity/1[java.lang.String],false,87,1,2,1,1,2,1,3,1,0,1,1,0,0,0,1,0,0,0,0,0,0,0,0,0,0,15,9,0,true
/home/alison/jsoup-quality-analysis/work/jsoup/src/main/java/org/jsoup/nodes/Entities.java,org.jsoup.nodes.Entities,"escape/7[java.lang.Appendable,java.lang.String,org.jsoup.nodes.Document.OutputSettings,boolean,boolean,boolean,boolean]",false,168,5,10,4,6,27,13,62,0,11,7,13,2,1,1,3,0,0,6,6,17,0,4,0,0,0,42,8,0,false
/home/alison/jsoup-quality-analysis/work/jsoup/src/main/java/org/jsoup/nodes/Entities.java,org.jsoup.nodes.Entities,isBaseNamedEntity/1[java.lang.String],false,98,1,2,1,1,2,1,3,1,0,1,1,0,0,0,1,0,0,0,0,0,0,0,0,0,0,19,9,0,true
/home/alison/jsoup-quality-analysis/work/jsoup/src/main/java/org/jsoup/nodes/Entities.java,org.jsoup.nodes.Entities,"escape/2[java.lang.String,org.jsoup.nodes.Document.OutputSettings]",false,140,4,5,1,4,3,3,11,2,1,2,3,1,2,0,1,1,0,1,0,1,0,1,0,0,0,30,9,0,true
/home/alison/jsoup-quality-analysis/work/jsoup/src/main/java/org/jsoup/nodes/Entities.java,org.jsoup.nodes.Entities,"appendEncoded/3[java.lang.Appendable,org.jsoup.nodes.Entities.EscapeMode,int]",false,257,1,2,1,1,2,5,5,0,1,3,5,0,0,0,0,0,0,1,0,1,0,1,0,0,0,9,10,0,false
/home/alison/jsoup-quality-analysis/work/jsoup/src/main/java/org/jsoup/nodes/Entities.java,org.jsoup.nodes.Entities,Entities/0,true,78,0,0,0,0,1,0,2,0,0,0,0,0,0,0,0,0,0,0,0,0,0,0,0,0,0,1,2,0,false
/home/alison/jsoup-quality-analysis/work/jsoup/src/main/java/org/jsoup/nodes/Entities.java,org.jsoup.nodes.Entities,getByName/1[java.lang.String],false,108,2,1,0,1,3,2,7,3,2,1,2,0,0,0,2,0,0,0,2,2,0,1,0,0,0,22,9,0,true
/home/alison/jsoup-quality-analysis/work/jsoup/src/main/java/org/jsoup/nodes/Entities.java,org.jsoup.nodes.Entities,"codepointsForName/2[java.lang.String,int[]]",false,118,2,2,1,1,3,3,14,3,2,2,3,0,0,0,2,0,0,0,8,5,0,1,0,0,0,8,9,0,false
/home/alison/jsoup-quality-analysis/work/jsoup/src/main/java/org/jsoup/nodes/Entities.java,org.jsoup.nodes.Entities,"unescape/2[java.lang.String,boolean]",false,282,1,3,2,1,1,1,3,1,0,2,1,0,0,0,0,0,0,0,0,0,0,0,0,0,0,19,8,0,true
/home/alison/jsoup-quality-analysis/work/jsoup/src/main/java/org/jsoup/parser/Token.java,org.jsoup.parser.Token$CData,CData/1[java.lang.String],true,430,1,2,1,1,1,1,4,0,0,1,1,0,0,0,0,0,0,0,0,0,0,0,0,0,0,3,0,0,false
/home/alison/jsoup-quality-analysis/work/jsoup/src/main/java/org/jsoup/parser/Token.java,org.jsoup.parser.Token$CData,toString/0,false,436,1,1,0,1,1,1,3,1,0,0,1,0,0,0,0,0,0,2,0,0,1,0,0,0,0,4,1,0,false
/home/alison/jsoup-quality-analysis/work/jsoup/src/main/java/org/jsoup/select/Evaluator.java,org.jsoup.select.Evaluator$AttributeWithValueContaining,cost/0,false,315,0,0,0,0,1,0,3,1,0,0,0,0,0,0,0,0,0,0,1,0,0,0,0,0,0,1,4,0,false
/home/alison/jsoup-quality-analysis/work/jsoup/src/main/java/org/jsoup/select/Evaluator.java,org.jsoup.select.Evaluator$AttributeWithValueContaining,"AttributeWithValueContaining/2[java.lang.String,java.lang.String]",true,306,0,2,2,0,1,0,3,0,0,2,0,0,0,0,0,0,0,0,0,0,0,0,0,0,0,5,1,0,false
/home/alison/jsoup-quality-analysis/work/jsoup/src/main/java/org/jsoup/select/Evaluator.java,org.jsoup.select.Evaluator$AttributeWithValueContaining,toString/0,false,320,0,0,0,0,1,1,3,1,0,0,1,0,0,0,0,0,0,1,0,0,0,0,0,0,0,2,1,0,false
/home/alison/jsoup-quality-analysis/work/jsoup/src/main/java/org/jsoup/select/Evaluator.java,org.jsoup.select.Evaluator$AttributeWithValueContaining,"matches/2[org.jsoup.nodes.Element,org.jsoup.nodes.Element]",false,311,3,3,0,3,1,4,3,1,0,2,4,0,0,0,0,0,0,0,0,0,0,0,0,0,0,7,1,0,false
/home/alison/jsoup-quality-analysis/work/jsoup/src/main/java/org/jsoup/select/Elements.java,org.jsoup.select.Elements,prev/0,false,540,1,1,0,1,1,1,3,1,0,0,1,1,1,0,0,0,0,0,0,0,0,0,0,0,0,12,1,0,true
/home/alison/jsoup-quality-analysis/work/jsoup/src/main/java/org/jsoup/select/Elements.java,org.jsoup.select.Elements,Elements/0,true,28,0,7,7,0,1,0,2,0,0,0,0,0,0,0,0,0,0,0,0,0,0,0,0,0,0,1,1,0,false
/home/alison/jsoup-quality-analysis/work/jsoup/src/main/java/org/jsoup/select/Elements.java,org.jsoup.select.Elements,Elements/1[java.util.Collection<org.jsoup.nodes.Element>],true,35,1,1,1,0,1,0,3,0,0,1,0,0,0,0,0,0,0,0,0,0,0,0,0,0,0,2,1,0,false
/home/alison/jsoup-quality-analysis/work/jsoup/src/main/java/org/jsoup/select/Elements.java,org.jsoup.select.Elements,wrap/1[java.lang.String],false,385,3,2,0,2,2,2,7,1,0,1,2,0,0,1,0,0,0,0,0,0,0,1,0,0,0,31,1,0,true
/home/alison/jsoup-quality-analysis/work/jsoup/src/main/java/org/jsoup/select/Elements.java,org.jsoup.select.Elements,Elements/1[org.jsoup.nodes.Element[]],true,43,1,1,1,0,1,1,3,0,0,1,1,0,0,0,0,0,0,0,0,0,0,0,0,0,0,2,1,0,false
/home/alison/jsoup-quality-analysis/work/jsoup/src/main/java/org/jsoup/select/Elements.java,org.jsoup.select.Elements,dataNodes/0,false,670,2,1,0,1,1,1,3,1,0,0,1,0,0,0,0,0,0,0,0,0,0,0,0,0,0,32,1,0,true
/home/alison/jsoup-quality-analysis/work/jsoup/src/main/java/org/jsoup/select/Elements.java,org.jsoup.select.Elements,textNodes/0,false,661,2,1,0,1,1,1,3,1,0,0,1,0,0,0,0,0,0,0,0,0,0,0,0,0,0,19,1,0,true
/home/alison/jsoup-quality-analysis/work/jsoup/src/main/java/org/jsoup/select/Elements.java,org.jsoup.select.Elements,Elements/1[java.util.List<org.jsoup.nodes.Element>],true,39,1,2,2,0,1,0,3,0,0,1,0,0,0,0,0,0,0,0,0,0,0,0,0,0,0,2,1,0,false
/home/alison/jsoup-quality-analysis/work/jsoup/src/main/java/org/jsoup/select/Elements.java,org.jsoup.select.Elements,html/1[java.lang.String],false,317,2,1,0,1,2,1,6,1,0,1,1,0,0,1,0,0,0,0,0,0,0,1,0,0,0,20,1,0,true
/home/alison/jsoup-quality-analysis/work/jsoup/src/main/java/org/jsoup/select/Elements.java,org.jsoup.select.Elements,first/0,false,604,2,1,1,0,2,2,3,1,0,0,2,0,0,0,0,0,0,0,1,0,0,0,0,0,0,13,1,0,true
/home/alison/jsoup-quality-analysis/work/jsoup/src/main/java/org/jsoup/select/Elements.java,org.jsoup.select.Elements,tagName/1[java.lang.String],false,304,2,1,0,1,2,1,6,1,0,1,1,0,0,1,0,0,0,0,0,0,0,1,0,0,0,17,1,0,true
/home/alison/jsoup-quality-analysis/work/jsoup/src/main/java/org/jsoup/select/Elements.java,org.jsoup.select.Elements,childNodesOfType/1[java.lang.Class<T>],false,674,3,2,0,2,4,5,10,1,3,1,5,0,0,2,0,0,0,0,1,3,0,3,0,0,0,12,2,0,false
/home/alison/jsoup-quality-analysis/work/jsoup/src/main/java/org/jsoup/select/Elements.java,org.jsoup.select.Elements,removeAttr/1[java.lang.String],false,124,2,1,0,1,2,1,6,1,0,1,1,0,0,1,0,0,0,0,0,0,0,1,0,0,0,15,1,0,true
/home/alison/jsoup-quality-analysis/work/jsoup/src/main/java/org/jsoup/select/Elements.java,org.jsoup.select.Elements,toString/0,false,292,1,1,0,1,1,1,3,1,0,0,1,1,1,0,0,0,0,0,0,0,0,0,0,0,0,16,1,0,true
/home/alison/jsoup-quality-analysis/work/jsoup/src/main/java/org/jsoup/select/Elements.java,org.jsoup.select.Elements,val/0,false,185,2,2,0,2,2,3,4,2,0,0,3,1,1,0,0,0,0,1,1,0,0,1,0,0,0,13,1,0,true
/home/alison/jsoup-quality-analysis/work/jsoup/src/main/java/org/jsoup/select/Elements.java,org.jsoup.select.Elements,after/1[java.lang.String],false,369,2,1,0,1,2,1,6,1,0,1,1,0,0,1,0,0,0,0,0,0,0,1,0,0,0,18,1,0,true
/home/alison/jsoup-quality-analysis/work/jsoup/src/main/java/org/jsoup/select/Elements.java,org.jsoup.select.Elements,attr/1[java.lang.String],false,69,1,2,0,2,3,2,6,2,0,1,2,0,0,1,0,0,0,1,0,0,0,2,0,0,0,25,1,0,true
/home/alison/jsoup-quality-analysis/work/jsoup/src/main/java/org/jsoup/select/Elements.java,org.jsoup.select.Elements,"attr/2[java.lang.String,java.lang.String]",false,112,2,1,0,1,2,1,6,1,0,2,1,0,0,1,0,0,0,0,0,0,0,1,0,0,0,14,1,0,true
/home/alison/jsoup-quality-analysis/work/jsoup/src/main/java/org/jsoup/select/Elements.java,org.jsoup.select.Elements,traverse/1[org.jsoup.select.NodeVisitor],false,621,3,1,0,1,1,1,4,1,0,1,1,0,0,0,0,0,0,0,0,0,0,0,0,0,0,20,1,0,true
/home/alison/jsoup-quality-analysis/work/jsoup/src/main/java/org/jsoup/select/Elements.java,org.jsoup.select.Elements,empty/0,false,425,2,1,0,1,2,1,6,1,0,0,1,0,0,1,0,0,0,0,0,0,0,1,0,0,0,30,1,0,true
/home/alison/jsoup-quality-analysis/work/jsoup/src/main/java/org/jsoup/select/Elements.java,org.jsoup.select.Elements,next/0,false,506,1,1,0,1,1,1,3,1,0,0,1,1,1,0,0,0,0,0,0,0,0,0,0,0,0,11,1,0,true
/home/alison/jsoup-quality-analysis/work/jsoup/src/main/java/org/jsoup/select/Elements.java,org.jsoup.select.Elements,is/1[java.lang.String],false,493,3,2,0,2,3,2,7,2,1,1,2,0,0,1,0,0,0,0,0,1,0,2,0,0,0,25,1,0,true
/home/alison/jsoup-quality-analysis/work/jsoup/src/main/java/org/jsoup/select/Elements.java,org.jsoup.select.Elements,eachAttr/1[java.lang.String],false,97,1,2,0,2,3,4,7,1,1,1,4,0,0,1,0,0,0,0,0,1,0,2,0,0,0,42,1,0,true
/home/alison/jsoup-quality-analysis/work/jsoup/src/main/java/org/jsoup/select/Elements.java,org.jsoup.select.Elements,forms/0,false,641,2,1,1,0,3,1,5,1,1,0,1,0,0,1,0,0,0,0,0,1,0,2,0,0,0,21,1,0,true
/home/alison/jsoup-quality-analysis/work/jsoup/src/main/java/org/jsoup/select/Elements.java,org.jsoup.select.Elements,hasText/0,false,228,1,1,0,1,3,1,6,2,0,0,1,0,0,1,0,0,0,0,0,0,0,2,0,0,0,16,1,0,true
/home/alison/jsoup-quality-analysis/work/jsoup/src/main/java/org/jsoup/select/Elements.java,org.jsoup.select.Elements,nextAll/1[java.lang.String],false,532,1,1,0,1,1,1,3,1,0,1,1,1,1,0,0,0,0,0,0,0,0,0,0,0,0,19,1,0,true
/home/alison/jsoup-quality-analysis/work/jsoup/src/main/java/org/jsoup/select/Elements.java,org.jsoup.select.Elements,last/0,false,612,2,0,0,0,2,3,3,1,0,0,3,0,0,0,0,0,0,0,1,0,1,0,0,0,0,14,1,0,true
/home/alison/jsoup-quality-analysis/work/jsoup/src/main/java/org/jsoup/select/Elements.java,org.jsoup.select.Elements,hasAttr/1[java.lang.String],false,82,1,1,0,1,3,1,6,2,0,1,1,0,0,1,0,0,0,0,0,0,0,2,0,0,0,17,1,0,true
/home/alison/jsoup-quality-analysis/work/jsoup/src/main/java/org/jsoup/select/Elements.java,org.jsoup.select.Elements,prev/1[java.lang.String],false,549,1,1,0,1,1,1,3,1,0,1,1,1,1,0,0,0,0,0,0,0,0,0,0,0,0,20,1,0,true
/home/alison/jsoup-quality-analysis/work/jsoup/src/main/java/org/jsoup/select/Elements.java,org.jsoup.select.Elements,addClass/1[java.lang.String],false,136,2,1,0,1,2,1,6,1,0,1,1,0,0,1,0,0,0,0,0,0,0,1,0,0,0,13,1,0,true
/home/alison/jsoup-quality-analysis/work/jsoup/src/main/java/org/jsoup/select/Elements.java,org.jsoup.select.Elements,removeClass/1[java.lang.String],false,148,2,1,0,1,2,1,6,1,0,1,1,0,0,1,0,0,0,0,0,0,0,1,0,0,0,14,1,0,true
/home/alison/jsoup-quality-analysis/work/jsoup/src/main/java/org/jsoup/select/Elements.java,org.jsoup.select.Elements,toggleClass/1[java.lang.String],false,160,2,1,0,1,2,1,6,1,0,1,1,0,0,1,0,0,0,0,0,0,0,1,0,0,0,18,1,0,true
/home/alison/jsoup-quality-analysis/work/jsoup/src/main/java/org/jsoup/select/Elements.java,org.jsoup.select.Elements,parents/0,false,591,2,2,0,2,2,2,7,1,1,0,2,0,0,1,0,0,0,0,0,1,0,1,0,0,0,13,1,0,true
/home/alison/jsoup-quality-analysis/work/jsoup/src/main/java/org/jsoup/select/Elements.java,org.jsoup.select.Elements,eachText/0,false,244,1,2,0,2,3,4,7,1,1,0,4,0,0,1,0,0,0,0,0,1,0,2,0,0,0,25,1,0,true
/home/alison/jsoup-quality-analysis/work/jsoup/src/main/java/org/jsoup/select/Elements.java,org.jsoup.select.Elements,before/1[java.lang.String],false,356,2,1,0,1,2,1,6,1,0,1,1,0,0,1,0,0,0,0,0,0,0,1,0,0,0,18,1,0,true
/home/alison/jsoup-quality-analysis/work/jsoup/src/main/java/org/jsoup/select/Elements.java,org.jsoup.select.Elements,html/0,false,259,2,3,0,3,3,5,8,1,1,0,5,0,0,1,1,0,0,1,1,1,0,2,0,0,0,18,1,0,true
/home/alison/jsoup-quality-analysis/work/jsoup/src/main/java/org/jsoup/select/Elements.java,org.jsoup.select.Elements,remove/0,false,444,2,2,1,1,2,1,6,1,0,0,1,0,0,1,0,0,0,0,0,0,0,1,0,0,0,35,1,0,true
/home/alison/jsoup-quality-analysis/work/jsoup/src/main/java/org/jsoup/select/Elements.java,org.jsoup.select.Elements,prepend/1[java.lang.String],false,330,2,1,0,1,2,1,6,1,0,1,1,0,0,1,0,0,0,0,0,0,0,1,0,0,0,23,1,0,true
/home/alison/jsoup-quality-analysis/work/jsoup/src/main/java/org/jsoup/select/Elements.java,org.jsoup.select.Elements,append/1[java.lang.String],false,343,2,1,0,1,2,1,6,1,0,1,1,0,0,1,0,0,0,0,0,0,0,1,0,0,0,23,1,0,true
/home/alison/jsoup-quality-analysis/work/jsoup/src/main/java/org/jsoup/select/Elements.java,org.jsoup.select.Elements,prevAll/1[java.lang.String],false,566,1,1,0,1,1,1,3,1,0,1,1,1,1,0,0,0,0,0,0,0,0,0,0,0,0,19,1,0,true
/home/alison/jsoup-quality-analysis/work/jsoup/src/main/java/org/jsoup/select/Elements.java,org.jsoup.select.Elements,hasClass/1[java.lang.String],false,172,1,1,0,1,3,1,6,2,0,1,1,0,0,1,0,0,0,0,0,0,0,2,0,0,0,22,1,0,true
/home/alison/jsoup-quality-analysis/work/jsoup/src/main/java/org/jsoup/select/Elements.java,org.jsoup.select.Elements,nextAll/0,false,523,1,2,1,1,1,1,3,1,0,0,1,1,1,0,0,0,0,0,0,0,0,0,0,0,0,12,1,0,true
/home/alison/jsoup-quality-analysis/work/jsoup/src/main/java/org/jsoup/select/Elements.java,org.jsoup.select.Elements,prevAll/0,false,557,1,2,1,1,1,1,3,1,0,0,1,1,1,0,0,0,0,0,0,0,0,0,0,0,0,12,1,0,true
/home/alison/jsoup-quality-analysis/work/jsoup/src/main/java/org/jsoup/select/Elements.java,org.jsoup.select.Elements,filter/1[org.jsoup.select.NodeFilter],false,631,3,1,0,1,1,1,4,1,0,1,1,0,0,0,0,0,0,0,0,0,0,0,0,0,0,19,1,0,true
/home/alison/jsoup-quality-analysis/work/jsoup/src/main/java/org/jsoup/select/Elements.java,org.jsoup.select.Elements,select/1[java.lang.String],false,458,2,1,0,1,1,1,3,1,0,1,1,0,0,0,0,0,0,0,0,0,0,0,0,0,0,18,1,0,true
/home/alison/jsoup-quality-analysis/work/jsoup/src/main/java/org/jsoup/select/Elements.java,org.jsoup.select.Elements,not/1[java.lang.String],false,472,2,2,0,2,1,2,4,1,1,1,2,0,0,0,0,0,0,0,0,1,0,0,0,0,0,27,1,0,true
/home/alison/jsoup-quality-analysis/work/jsoup/src/main/java/org/jsoup/select/Elements.java,org.jsoup.select.Elements,"siblings/3[java.lang.String,boolean,boolean]",false,570,5,13,8,5,8,5,15,1,3,3,5,0,0,2,3,0,0,0,0,4,0,4,0,0,0,12,2,0,false
/home/alison/jsoup-quality-analysis/work/jsoup/src/main/java/org/jsoup/select/Elements.java,org.jsoup.select.Elements,Elements/1[int],true,31,0,2,2,0,1,0,3,0,0,1,0,0,0,0,0,0,0,0,0,0,0,0,0,0,0,3,1,0,false
/home/alison/jsoup-quality-analysis/work/jsoup/src/main/java/org/jsoup/select/Elements.java,org.jsoup.select.Elements,clone/0,false,52,2,2,0,2,2,3,5,1,1,0,3,0,0,1,0,0,0,0,0,1,0,1,0,0,0,11,1,0,true
/home/alison/jsoup-quality-analysis/work/jsoup/src/main/java/org/jsoup/select/Elements.java,org.jsoup.select.Elements,val/1[java.lang.String],false,198,2,1,0,1,2,1,4,1,0,1,1,0,0,1,0,0,0,0,0,0,0,1,0,0,0,17,1,0,true
/home/alison/jsoup-quality-analysis/work/jsoup/src/main/java/org/jsoup/select/Elements.java,org.jsoup.select.Elements,eq/1[int],false,484,1,2,0,2,2,2,3,1,0,1,2,0,0,0,0,0,0,0,0,0,0,0,0,0,0,29,1,0,true
/home/alison/jsoup-quality-analysis/work/jsoup/src/main/java/org/jsoup/select/Elements.java,org.jsoup.select.Elements,next/1[java.lang.String],false,515,1,1,0,1,1,1,3,1,0,1,1,1,1,0,0,0,0,0,0,0,0,0,0,0,0,19,1,0,true
/home/alison/jsoup-quality-analysis/work/jsoup/src/main/java/org/jsoup/select/Elements.java,org.jsoup.select.Elements,outerHtml/0,false,275,2,4,1,3,3,5,8,1,1,0,5,0,0,1,1,0,0,1,1,1,0,2,0,0,0,18,1,0,true
/home/alison/jsoup-quality-analysis/work/jsoup/src/main/java/org/jsoup/select/Elements.java,org.jsoup.select.Elements,text/0,false,213,2,3,0,3,3,5,8,1,1,0,5,0,0,1,1,0,0,1,1,1,0,2,0,0,0,35,1,0,true
/home/alison/jsoup-quality-analysis/work/jsoup/src/main/java/org/jsoup/select/Elements.java,org.jsoup.select.Elements,unwrap/0,false,407,2,1,0,1,2,1,6,1,0,0,1,0,0,1,0,0,0,0,0,0,0,1,0,0,0,39,1,0,true
/home/alison/jsoup-quality-analysis/work/jsoup/src/main/java/org/jsoup/select/Elements.java,org.jsoup.select.Elements,comments/0,false,653,2,1,0,1,1,1,3,1,0,0,1,0,0,0,0,0,0,0,0,0,0,0,0,0,0,18,1,0,true
/home/alison/jsoup-quality-analysis/work/jsoup/src/main/java/org/jsoup/select/Evaluator.java,org.jsoup.select.Evaluator$AllElements,cost/0,false,390,0,0,0,0,1,0,3,1,0,0,0,0,0,0,0,0,0,0,1,0,0,0,0,0,0,1,4,0,false
/home/alison/jsoup-quality-analysis/work/jsoup/src/main/java/org/jsoup/select/Evaluator.java,org.jsoup.select.Evaluator$AllElements,"matches/2[org.jsoup.nodes.Element,org.jsoup.nodes.Element]",false,386,1,0,0,0,1,0,3,1,0,2,0,0,0,0,0,0,0,0,0,0,0,0,0,0,0,4,1,0,false
/home/alison/jsoup-quality-analysis/work/jsoup/src/main/java/org/jsoup/select/Evaluator.java,org.jsoup.select.Evaluator$AllElements,toString/0,false,395,0,0,0,0,1,0,3,1,0,0,0,0,0,0,0,0,0,1,0,0,0,0,0,0,0,2,1,0,false
/home/alison/jsoup-quality-analysis/work/jsoup/src/main/java/org/jsoup/parser/TokeniserState.java,org.jsoup.parser.TokeniserState$Anonymous46,"read/2[org.jsoup.parser.Tokeniser,org.jsoup.parser.CharacterReader]",false,969,3,60,0,60,5,6,21,0,1,2,6,0,0,0,0,0,0,0,0,1,0,1,0,0,0,9,0,2,false
/home/alison/jsoup-quality-analysis/work/jsoup/src/main/java/org/jsoup/parser/TokeniserState.java,org.jsoup.parser.TokeniserState$Anonymous47,"read/2[org.jsoup.parser.Tokeniser,org.jsoup.parser.CharacterReader]",false,997,3,60,0,60,4,10,16,0,1,2,10,0,0,0,0,0,0,0,0,1,0,1,0,0,0,10,0,1,false
/home/alison/jsoup-quality-analysis/work/jsoup/src/main/java/org/jsoup/parser/TokeniserState.java,org.jsoup.parser.TokeniserState$Anonymous48,"read/2[org.jsoup.parser.Tokeniser,org.jsoup.parser.CharacterReader]",false,1019,3,60,0,60,4,6,17,0,1,2,6,0,0,0,0,0,0,0,0,1,0,1,0,0,0,9,0,1,false
/home/alison/jsoup-quality-analysis/work/jsoup/src/main/java/org/jsoup/parser/TokeniserState.java,org.jsoup.parser.TokeniserState$Anonymous49,"read/2[org.jsoup.parser.Tokeniser,org.jsoup.parser.CharacterReader]",false,1042,3,60,0,60,6,7,22,0,1,2,7,0,0,0,0,0,0,2,0,1,0,1,0,0,0,10,0,1,false
/home/alison/jsoup-quality-analysis/work/jsoup/src/main/java/org/jsoup/parser/TokeniserState.java,org.jsoup.parser.TokeniserState$Anonymous42,"read/2[org.jsoup.parser.Tokeniser,org.jsoup.parser.CharacterReader]",false,888,2,60,0,60,3,6,15,0,1,2,6,0,0,0,0,0,0,0,0,2,0,1,0,0,0,9,0,1,false
/home/alison/jsoup-quality-analysis/work/jsoup/src/main/java/org/jsoup/nodes/TextNode.java,org.jsoup.nodes.TextNode,isBlank/0,false,58,2,6,4,2,1,2,3,1,0,0,2,0,0,0,0,0,0,0,0,0,0,0,0,0,0,21,1,0,true
/home/alison/jsoup-quality-analysis/work/jsoup/src/main/java/org/jsoup/nodes/TextNode.java,org.jsoup.nodes.TextNode,nodeName/0,false,23,0,0,0,0,1,0,3,1,0,0,0,0,0,0,0,0,0,1,0,0,0,0,0,0,0,2,1,0,false
/home/alison/jsoup-quality-analysis/work/jsoup/src/main/java/org/jsoup/nodes/TextNode.java,org.jsoup.nodes.TextNode,"outerHtmlTail/3[java.lang.Appendable,int,org.jsoup.nodes.Document.OutputSettings]",false,117,1,0,0,0,1,0,2,0,0,3,0,0,0,0,0,0,0,0,0,0,0,0,0,0,0,8,0,0,false
/home/alison/jsoup-quality-analysis/work/jsoup/src/main/java/org/jsoup/nodes/TextNode.java,org.jsoup.nodes.TextNode,normaliseWhitespace/1[java.lang.String],false,139,1,1,0,1,1,1,4,1,0,1,1,0,0,0,0,0,0,0,0,1,0,0,0,0,0,3,8,0,false
/home/alison/jsoup-quality-analysis/work/jsoup/src/main/java/org/jsoup/nodes/TextNode.java,org.jsoup.nodes.TextNode,splitText/1[int],false,68,4,6,0,6,4,8,11,1,4,1,8,1,1,0,1,0,0,2,3,4,1,1,0,0,0,42,1,0,true
/home/alison/jsoup-quality-analysis/work/jsoup/src/main/java/org/jsoup/nodes/TextNode.java,org.jsoup.nodes.TextNode,toString/0,false,120,1,1,0,1,1,1,3,1,0,0,1,0,0,0,0,0,0,0,0,0,0,0,0,0,0,4,1,0,false
/home/alison/jsoup-quality-analysis/work/jsoup/src/main/java/org/jsoup/nodes/TextNode.java,org.jsoup.nodes.TextNode,text/0,false,32,2,3,1,2,1,2,3,1,0,0,2,1,1,0,0,0,0,0,0,0,0,0,0,0,0,9,1,0,true
/home/alison/jsoup-quality-analysis/work/jsoup/src/main/java/org/jsoup/nodes/TextNode.java,org.jsoup.nodes.TextNode,"outerHtmlHead/3[java.lang.Appendable,int,org.jsoup.nodes.Document.OutputSettings]",false,84,8,17,0,17,15,18,18,1,10,3,18,1,1,0,5,0,14,2,4,12,0,2,0,0,0,36,0,0,false
/home/alison/jsoup-quality-analysis/work/jsoup/src/main/java/org/jsoup/nodes/TextNode.java,org.jsoup.nodes.TextNode,stripLeadingWhitespace/1[java.lang.String],false,144,0,0,0,0,1,1,3,1,0,1,1,0,0,0,0,0,0,2,0,0,0,0,0,0,0,4,8,0,false
/home/alison/jsoup-quality-analysis/work/jsoup/src/main/java/org/jsoup/nodes/TextNode.java,org.jsoup.nodes.TextNode,getWholeText/0,false,50,1,9,8,1,1,1,3,1,0,0,1,0,0,0,0,0,0,0,0,0,0,0,0,0,0,17,1,0,true
/home/alison/jsoup-quality-analysis/work/jsoup/src/main/java/org/jsoup/nodes/TextNode.java,org.jsoup.nodes.TextNode,text/1[java.lang.String],false,41,2,2,1,1,1,1,4,1,0,1,1,0,0,0,0,0,0,0,0,0,0,0,0,0,0,11,1,0,true
/home/alison/jsoup-quality-analysis/work/jsoup/src/main/java/org/jsoup/nodes/TextNode.java,org.jsoup.nodes.TextNode,clone/0,false,125,1,0,0,0,1,1,3,1,0,0,1,0,0,0,0,0,0,0,0,0,0,0,0,0,0,3,1,0,false
/home/alison/jsoup-quality-analysis/work/jsoup/src/main/java/org/jsoup/nodes/TextNode.java,org.jsoup.nodes.TextNode,lastCharIsWhitespace/1[java.lang.StringBuilder],false,148,0,4,4,0,3,2,3,1,0,1,2,0,0,0,2,0,0,0,2,0,1,0,0,0,0,7,8,0,false
/home/alison/jsoup-quality-analysis/work/jsoup/src/main/java/org/jsoup/nodes/TextNode.java,org.jsoup.nodes.TextNode,createFromEncoded/1[java.lang.String],false,134,2,2,0,2,1,1,4,1,1,1,1,0,0,0,0,0,0,0,0,1,0,0,0,0,0,20,9,0,true
/home/alison/jsoup-quality-analysis/work/jsoup/src/main/java/org/jsoup/nodes/TextNode.java,org.jsoup.nodes.TextNode,TextNode/1[java.lang.String],true,19,0,8,8,0,1,0,3,0,0,1,0,0,0,0,0,0,0,0,0,1,0,0,0,0,0,11,1,0,true
/home/alison/jsoup-quality-analysis/work/jsoup/src/main/java/org/jsoup/parser/TokeniserState.java,org.jsoup.parser.TokeniserState$Anonymous43,"read/2[org.jsoup.parser.Tokeniser,org.jsoup.parser.CharacterReader]",false,908,3,60,0,60,3,6,9,0,1,2,6,0,0,0,2,0,0,0,0,1,0,1,0,0,0,6,0,0,false
/home/alison/jsoup-quality-analysis/work/jsoup/src/main/java/org/jsoup/parser/TokeniserState.java,org.jsoup.parser.TokeniserState$Anonymous44,"read/2[org.jsoup.parser.Tokeniser,org.jsoup.parser.CharacterReader]",false,921,2,60,0,60,4,7,18,0,0,2,7,0,0,0,0,0,0,3,0,0,0,1,0,0,0,9,0,1,false
/home/alison/jsoup-quality-analysis/work/jsoup/src/main/java/org/jsoup/select/Evaluator.java,org.jsoup.select.Evaluator$AttributeWithValue,"matches/2[org.jsoup.nodes.Element,org.jsoup.nodes.Element]",false,217,2,2,0,2,1,4,3,1,0,2,4,0,0,0,0,0,0,0,0,0,0,0,0,0,0,4,1,0,false
/home/alison/jsoup-quality-analysis/work/jsoup/src/main/java/org/jsoup/select/Evaluator.java,org.jsoup.select.Evaluator$AttributeWithValue,"AttributeWithValue/2[java.lang.String,java.lang.String]",true,212,0,2,2,0,1,0,3,0,0,2,0,0,0,0,0,0,0,0,0,0,0,0,0,0,0,4,1,0,false
/home/alison/jsoup-quality-analysis/work/jsoup/src/main/java/org/jsoup/select/Evaluator.java,org.jsoup.select.Evaluator$AttributeWithValue,toString/0,false,226,0,0,0,0,1,1,3,1,0,0,1,0,0,0,0,0,0,1,0,0,0,0,0,0,0,2,1,0,false
/home/alison/jsoup-quality-analysis/work/jsoup/src/main/java/org/jsoup/select/Evaluator.java,org.jsoup.select.Evaluator$AttributeWithValue,cost/0,false,221,0,0,0,0,1,0,3,1,0,0,0,0,0,0,0,0,0,0,1,0,0,0,0,0,0,1,4,0,false
/home/alison/jsoup-quality-analysis/work/jsoup/src/main/java/org/jsoup/parser/TokeniserState.java,org.jsoup.parser.TokeniserState$Anonymous45,"read/2[org.jsoup.parser.Tokeniser,org.jsoup.parser.CharacterReader]",false,941,3,60,0,60,5,7,21,0,1,2,7,0,0,0,0,0,0,0,0,1,0,1,0,0,0,10,0,2,false
/home/alison/jsoup-quality-analysis/work/jsoup/src/main/java/org/jsoup/select/Evaluator.java,org.jsoup.select.Evaluator$AttributeWithValueNot,cost/0,false,245,0,0,0,0,1,0,3,1,0,0,0,0,0,0,0,0,0,0,1,0,0,0,0,0,0,1,4,0,false
/home/alison/jsoup-quality-analysis/work/jsoup/src/main/java/org/jsoup/select/Evaluator.java,org.jsoup.select.Evaluator$AttributeWithValueNot,"AttributeWithValueNot/2[java.lang.String,java.lang.String]",true,236,0,2,2,0,1,0,3,0,0,2,0,0,0,0,0,0,0,0,0,0,0,0,0,0,0,5,1,0,false
/home/alison/jsoup-quality-analysis/work/jsoup/src/main/java/org/jsoup/select/Evaluator.java,org.jsoup.select.Evaluator$AttributeWithValueNot,"matches/2[org.jsoup.nodes.Element,org.jsoup.nodes.Element]",false,241,2,1,0,1,1,2,3,1,0,2,2,0,0,0,0,0,0,0,0,0,0,0,0,0,0,4,1,0,false
/home/alison/jsoup-quality-analysis/work/jsoup/src/main/java/org/jsoup/select/Evaluator.java,org.jsoup.select.Evaluator$AttributeWithValueNot,toString/0,false,250,0,0,0,0,1,1,3,1,0,0,1,0,0,0,0,0,0,1,0,0,0,0,0,0,0,2,1,0,false
/home/alison/jsoup-quality-analysis/work/jsoup/src/main/java/org/jsoup/parser/ParseErrorList.java,org.jsoup.parser.ParseErrorList,ParseErrorList/1[org.jsoup.parser.ParseErrorList],true,25,1,1,1,0,1,0,3,0,0,1,0,0,0,0,0,0,0,0,0,0,0,0,0,0,0,20,0,0,true
/home/alison/jsoup-quality-analysis/work/jsoup/src/main/java/org/jsoup/parser/ParseErrorList.java,org.jsoup.parser.ParseErrorList,noTracking/0,false,37,1,4,3,1,1,0,3,1,0,0,0,0,0,0,0,0,0,0,2,0,0,0,0,0,0,5,9,0,false
/home/alison/jsoup-quality-analysis/work/jsoup/src/main/java/org/jsoup/parser/ParseErrorList.java,org.jsoup.parser.ParseErrorList,getMaxSize/0,false,33,0,1,1,0,1,0,3,1,0,0,0,0,0,0,0,0,0,0,0,0,0,0,0,0,0,4,0,0,false
/home/alison/jsoup-quality-analysis/work/jsoup/src/main/java/org/jsoup/parser/ParseErrorList.java,org.jsoup.parser.ParseErrorList,"ParseErrorList/2[int,int]",true,15,0,2,2,0,1,0,5,0,0,2,0,0,0,0,0,0,0,0,0,2,0,0,0,0,0,7,0,0,false
/home/alison/jsoup-quality-analysis/work/jsoup/src/main/java/org/jsoup/parser/ParseErrorList.java,org.jsoup.parser.ParseErrorList,canAddError/0,false,29,0,7,7,0,2,1,3,1,0,0,1,0,0,0,0,0,0,0,0,0,0,0,0,0,0,6,0,0,false
/home/alison/jsoup-quality-analysis/work/jsoup/src/main/java/org/jsoup/parser/ParseErrorList.java,org.jsoup.parser.ParseErrorList,clone/0,false,46,0,0,0,0,1,1,3,1,0,0,1,0,0,0,0,0,0,0,0,0,0,0,0,0,0,2,1,0,false
/home/alison/jsoup-quality-analysis/work/jsoup/src/main/java/org/jsoup/parser/ParseErrorList.java,org.jsoup.parser.ParseErrorList,tracking/1[int],false,41,1,3,2,1,1,0,3,1,0,1,0,0,0,0,0,0,0,0,0,0,0,0,0,0,0,6,9,0,false
/home/alison/jsoup-quality-analysis/work/jsoup/src/main/java/org/jsoup/SerializationException.java,org.jsoup.SerializationException,"SerializationException/2[java.lang.String,java.lang.Throwable]",true,45,0,0,0,0,1,0,3,0,0,2,0,0,0,0,0,0,0,0,0,0,0,0,0,0,0,15,1,0,true
/home/alison/jsoup-quality-analysis/work/jsoup/src/main/java/org/jsoup/SerializationException.java,org.jsoup.SerializationException,SerializationException/1[java.lang.String],true,21,0,0,0,0,1,0,3,0,0,1,0,0,0,0,0,0,0,0,0,0,0,0,0,0,0,18,1,0,true
/home/alison/jsoup-quality-analysis/work/jsoup/src/main/java/org/jsoup/SerializationException.java,org.jsoup.SerializationException,SerializationException/1[java.lang.Throwable],true,33,0,6,6,0,1,0,3,0,0,1,0,0,0,0,0,0,0,0,0,0,0,0,0,0,0,24,1,0,true
/home/alison/jsoup-quality-analysis/work/jsoup/src/main/java/org/jsoup/SerializationException.java,org.jsoup.SerializationException,SerializationException/0,true,11,0,0,0,0,1,0,3,0,0,0,0,0,0,0,0,0,0,0,0,0,0,0,0,0,0,12,1,0,true
/home/alison/jsoup-quality-analysis/work/jsoup/src/main/java/org/jsoup/select/CombiningEvaluator.java,org.jsoup.select.CombiningEvaluator$Or,Or/0,true,112,0,1,1,0,1,0,3,0,0,0,0,0,0,0,0,0,0,0,0,0,0,0,0,0,0,1,0,0,false
/home/alison/jsoup-quality-analysis/work/jsoup/src/main/java/org/jsoup/select/CombiningEvaluator.java,org.jsoup.select.CombiningEvaluator$Or,"matches/2[org.jsoup.nodes.Element,org.jsoup.nodes.Element]",false,122,2,1,0,1,3,2,7,2,2,2,2,0,0,1,0,0,0,0,1,2,0,2,0,0,0,9,1,0,false
/home/alison/jsoup-quality-analysis/work/jsoup/src/main/java/org/jsoup/select/CombiningEvaluator.java,org.jsoup.select.CombiningEvaluator$Or,add/1[org.jsoup.select.Evaluator],false,116,2,2,1,1,1,2,4,0,0,1,2,0,0,0,0,0,0,0,0,0,0,0,0,0,0,5,1,0,false
/home/alison/jsoup-quality-analysis/work/jsoup/src/main/java/org/jsoup/select/CombiningEvaluator.java,org.jsoup.select.CombiningEvaluator$Or,Or/1[org.jsoup.select.Evaluator[]],true,110,1,1,1,0,1,1,3,0,0,1,1,0,0,0,0,0,0,0,0,0,0,0,0,0,0,2,0,0,false
/home/alison/jsoup-quality-analysis/work/jsoup/src/main/java/org/jsoup/select/CombiningEvaluator.java,org.jsoup.select.CombiningEvaluator$Or,Or/1[java.util.Collection<org.jsoup.select.Evaluator>],true,101,3,2,0,2,2,3,6,0,0,1,3,0,0,0,0,0,0,0,1,0,0,1,0,0,0,30,0,0,true
/home/alison/jsoup-quality-analysis/work/jsoup/src/main/java/org/jsoup/select/CombiningEvaluator.java,org.jsoup.select.CombiningEvaluator$Or,toString/0,false,132,1,1,0,1,1,1,3,1,0,0,1,0,0,0,0,0,0,1,0,0,0,0,0,0,0,2,1,0,false
/home/alison/jsoup-quality-analysis/work/jsoup/src/main/java/org/jsoup/select/Evaluator.java,org.jsoup.select.Evaluator$ContainsText,ContainsText/1[java.lang.String],true,745,2,4,2,2,1,2,3,0,0,1,2,0,0,0,0,0,0,0,0,1,0,0,0,0,0,7,1,0,false
/home/alison/jsoup-quality-analysis/work/jsoup/src/main/java/org/jsoup/select/Evaluator.java,org.jsoup.select.Evaluator$ContainsText,cost/0,false,754,0,0,0,0,1,0,3,1,0,0,0,0,0,0,0,0,0,0,1,0,0,0,0,0,0,1,4,0,false
/home/alison/jsoup-quality-analysis/work/jsoup/src/main/java/org/jsoup/select/Evaluator.java,org.jsoup.select.Evaluator$ContainsText,toString/0,false,759,0,0,0,0,1,1,3,1,0,0,1,0,0,0,0,0,0,1,0,0,0,0,0,0,0,2,1,0,false
/home/alison/jsoup-quality-analysis/work/jsoup/src/main/java/org/jsoup/select/Evaluator.java,org.jsoup.select.Evaluator$ContainsText,"matches/2[org.jsoup.nodes.Element,org.jsoup.nodes.Element]",false,750,2,2,0,2,1,3,3,1,0,2,3,0,0,0,0,0,0,0,0,0,0,0,0,0,0,7,1,0,false
/home/alison/jsoup-quality-analysis/work/jsoup/src/main/java/org/jsoup/Connection.java,org.jsoup.Connection$Base,method/0,false,400,1,0,0,0,1,0,1,0,0,0,0,0,0,0,0,0,0,0,0,0,0,0,0,0,0,9,0,0,true
/home/alison/jsoup-quality-analysis/work/jsoup/src/main/java/org/jsoup/Connection.java,org.jsoup.Connection$Base,multiHeaders/0,false,488,0,0,0,0,1,0,1,0,0,0,0,0,0,0,0,0,0,0,0,0,0,0,0,0,0,16,0,0,true
/home/alison/jsoup-quality-analysis/work/jsoup/src/main/java/org/jsoup/Connection.java,org.jsoup.Connection$Base,cookies/0,false,527,0,0,0,0,1,0,1,0,0,0,0,0,0,0,0,0,0,0,0,0,0,0,0,0,0,10,0,0,true
/home/alison/jsoup-quality-analysis/work/jsoup/src/main/java/org/jsoup/Connection.java,org.jsoup.Connection$Base,"header/2[java.lang.String,java.lang.String]",false,433,1,0,0,0,1,0,1,0,0,2,0,0,0,0,0,0,0,0,0,0,0,0,0,0,0,52,0,0,true
/home/alison/jsoup-quality-analysis/work/jsoup/src/main/java/org/jsoup/Connection.java,org.jsoup.Connection$Base,"hasHeaderWithValue/2[java.lang.String,java.lang.String]",false,462,0,0,0,0,1,0,1,0,0,2,0,0,0,0,0,0,0,0,0,0,0,0,0,0,0,21,0,0,true
/home/alison/jsoup-quality-analysis/work/jsoup/src/main/java/org/jsoup/Connection.java,org.jsoup.Connection$Base,hasCookie/1[java.lang.String],false,513,0,0,0,0,1,0,1,0,0,1,0,0,0,0,0,0,0,0,0,0,0,0,0,0,0,13,0,0,true
/home/alison/jsoup-quality-analysis/work/jsoup/src/main/java/org/jsoup/Connection.java,org.jsoup.Connection$Base,headers/1[java.lang.String],false,426,0,0,0,0,1,0,1,0,0,1,0,0,0,0,0,0,0,0,0,0,0,0,0,0,0,13,0,0,true
/home/alison/jsoup-quality-analysis/work/jsoup/src/main/java/org/jsoup/Connection.java,org.jsoup.Connection$Base,url/0,false,386,0,0,0,0,1,0,1,0,0,0,0,0,0,0,0,0,0,0,0,0,0,0,0,0,0,24,0,0,true
/home/alison/jsoup-quality-analysis/work/jsoup/src/main/java/org/jsoup/Connection.java,org.jsoup.Connection$Base,header/1[java.lang.String],false,413,1,0,0,0,1,0,1,0,0,1,0,0,0,0,0,0,0,0,0,0,0,0,0,0,0,30,0,0,true
/home/alison/jsoup-quality-analysis/work/jsoup/src/main/java/org/jsoup/Connection.java,org.jsoup.Connection$Base,"addHeader/2[java.lang.String,java.lang.String]",false,445,1,0,0,0,1,0,1,0,0,2,0,0,0,0,0,0,0,0,0,0,0,0,0,0,0,45,0,0,true
/home/alison/jsoup-quality-analysis/work/jsoup/src/main/java/org/jsoup/Connection.java,org.jsoup.Connection$Base,hasHeader/1[java.lang.String],false,455,0,0,0,0,1,0,1,0,0,1,0,0,0,0,0,0,0,0,0,0,0,0,0,0,0,14,0,0,true
/home/alison/jsoup-quality-analysis/work/jsoup/src/main/java/org/jsoup/Connection.java,org.jsoup.Connection$Base,"cookie/2[java.lang.String,java.lang.String]",false,505,1,0,0,0,1,0,1,0,0,2,0,0,0,0,0,0,0,0,0,0,0,0,0,0,0,10,0,0,true
/home/alison/jsoup-quality-analysis/work/jsoup/src/main/java/org/jsoup/Connection.java,org.jsoup.Connection$Base,method/1[org.jsoup.Connection.Method],false,406,2,0,0,0,1,0,1,0,0,1,0,0,0,0,0,0,0,0,0,0,0,0,0,0,0,7,0,0,true
/home/alison/jsoup-quality-analysis/work/jsoup/src/main/java/org/jsoup/Connection.java,org.jsoup.Connection$Base,removeCookie/1[java.lang.String],false,520,1,0,0,0,1,0,1,0,0,1,0,0,0,0,0,0,0,0,0,0,0,0,0,0,0,11,0,0,true
/home/alison/jsoup-quality-analysis/work/jsoup/src/main/java/org/jsoup/Connection.java,org.jsoup.Connection$Base,removeHeader/1[java.lang.String],false,470,1,0,0,0,1,0,1,0,0,1,0,0,0,0,0,0,0,0,0,0,0,0,0,0,0,23,0,0,true
/home/alison/jsoup-quality-analysis/work/jsoup/src/main/java/org/jsoup/Connection.java,org.jsoup.Connection$Base,headers/0,false,477,0,0,0,0,1,0,1,0,0,0,0,0,0,0,0,0,0,0,0,0,0,0,0,0,0,33,0,0,true
/home/alison/jsoup-quality-analysis/work/jsoup/src/main/java/org/jsoup/Connection.java,org.jsoup.Connection$Base,cookie/1[java.lang.String],false,494,1,0,0,0,1,0,1,0,0,1,0,0,0,0,0,0,0,0,0,0,0,0,0,0,0,31,0,0,true
/home/alison/jsoup-quality-analysis/work/jsoup/src/main/java/org/jsoup/Connection.java,org.jsoup.Connection$Base,url/1[java.net.URL],false,393,1,0,0,0,1,0,1,0,0,1,0,0,0,0,0,0,0,0,0,0,0,0,0,0,0,8,0,0,true
/home/alison/jsoup-quality-analysis/work/jsoup/src/main/java/org/jsoup/parser/TokeniserState.java,org.jsoup.parser.TokeniserState$Anonymous50,"read/2[org.jsoup.parser.Tokeniser,org.jsoup.parser.CharacterReader]",false,1072,3,60,0,60,5,7,21,0,1,2,7,0,0,0,0,0,0,3,0,1,0,1,0,0,0,10,0,1,false
/home/alison/jsoup-quality-analysis/work/jsoup/src/main/java/org/jsoup/parser/TokeniserState.java,org.jsoup.parser.TokeniserState$Anonymous51,"read/2[org.jsoup.parser.Tokeniser,org.jsoup.parser.CharacterReader]",false,1100,2,60,0,60,8,6,16,0,1,2,6,0,0,0,0,0,0,0,0,2,0,1,0,0,0,9,0,2,false
/home/alison/jsoup-quality-analysis/work/jsoup/src/main/java/org/jsoup/select/Evaluator.java,org.jsoup.select.Evaluator$IsNthOfType,"IsNthOfType/2[int,int]",true,582,0,1,1,0,1,0,3,0,0,2,0,0,0,0,0,0,0,0,0,0,0,0,0,0,0,5,1,0,false
/home/alison/jsoup-quality-analysis/work/jsoup/src/main/java/org/jsoup/select/Evaluator.java,org.jsoup.select.Evaluator$IsNthOfType,getPseudoClass/0,false,602,0,0,0,0,1,0,3,1,0,0,0,0,0,0,0,0,0,1,0,0,0,0,0,0,0,4,4,0,false
/home/alison/jsoup-quality-analysis/work/jsoup/src/main/java/org/jsoup/select/Evaluator.java,org.jsoup.select.Evaluator$IsNthOfType,"calculatePosition/2[org.jsoup.nodes.Element,org.jsoup.nodes.Element]",false,586,2,5,0,5,5,6,12,2,5,2,6,0,0,1,2,0,0,0,3,5,0,2,0,0,0,11,4,0,false
/home/alison/jsoup-quality-analysis/work/jsoup/src/main/java/org/jsoup/select/Evaluator.java,org.jsoup.select.Evaluator$Id,Id/1[java.lang.String],true,107,0,2,2,0,1,0,3,0,0,1,0,0,0,0,0,0,0,0,0,1,0,0,0,0,0,2,1,0,false
/home/alison/jsoup-quality-analysis/work/jsoup/src/main/java/org/jsoup/select/Evaluator.java,org.jsoup.select.Evaluator$Id,cost/0,false,116,0,0,0,0,1,0,3,1,0,0,0,0,0,0,0,0,0,0,1,0,0,0,0,0,0,1,4,0,false
/home/alison/jsoup-quality-analysis/work/jsoup/src/main/java/org/jsoup/select/Evaluator.java,org.jsoup.select.Evaluator$Id,"matches/2[org.jsoup.nodes.Element,org.jsoup.nodes.Element]",false,112,1,1,0,1,1,2,3,1,0,2,2,0,0,0,0,0,1,0,0,0,0,0,0,0,0,3,1,0,false
/home/alison/jsoup-quality-analysis/work/jsoup/src/main/java/org/jsoup/select/Evaluator.java,org.jsoup.select.Evaluator$Id,toString/0,false,120,0,0,0,0,1,1,3,1,0,0,1,0,0,0,0,0,0,1,0,0,0,0,0,0,0,2,1,0,false
/home/alison/jsoup-quality-analysis/work/jsoup/src/main/java/org/jsoup/parser/TokeniserState.java,org.jsoup.parser.TokeniserState$Anonymous52,"read/2[org.jsoup.parser.Tokeniser,org.jsoup.parser.CharacterReader]",false,1127,2,60,0,60,9,8,25,1,1,2,8,0,0,0,0,0,0,0,0,2,0,1,0,0,0,10,0,1,false
/home/alison/jsoup-quality-analysis/work/jsoup/src/main/java/org/jsoup/select/StructuralEvaluator.java,org.jsoup.select.StructuralEvaluator$PreviousSibling,cost/0,false,233,1,1,0,1,1,1,3,1,0,0,1,0,0,0,0,0,0,0,1,0,1,0,0,0,0,1,4,0,false
/home/alison/jsoup-quality-analysis/work/jsoup/src/main/java/org/jsoup/select/StructuralEvaluator.java,org.jsoup.select.StructuralEvaluator$PreviousSibling,toString/0,false,238,0,0,0,0,1,1,3,1,0,0,1,0,0,0,0,0,0,1,0,0,0,0,0,0,0,2,1,0,false
/home/alison/jsoup-quality-analysis/work/jsoup/src/main/java/org/jsoup/select/StructuralEvaluator.java,org.jsoup.select.StructuralEvaluator$PreviousSibling,"matches/2[org.jsoup.nodes.Element,org.jsoup.nodes.Element]",false,220,2,3,0,3,5,3,10,3,1,2,3,0,0,1,3,0,0,0,0,2,0,2,0,0,0,10,1,0,false
/home/alison/jsoup-quality-analysis/work/jsoup/src/main/java/org/jsoup/select/StructuralEvaluator.java,org.jsoup.select.StructuralEvaluator$PreviousSibling,PreviousSibling/1[org.jsoup.select.Evaluator],true,215,1,1,1,0,1,0,3,0,0,1,0,0,0,0,0,0,0,0,0,0,0,0,0,0,0,4,1,0,false
/home/alison/jsoup-quality-analysis/work/jsoup/src/main/java/org/jsoup/parser/TokeniserState.java,org.jsoup.parser.TokeniserState$Anonymous57,"read/2[org.jsoup.parser.Tokeniser,org.jsoup.parser.CharacterReader]",false,1302,2,60,0,60,5,6,21,0,1,2,6,0,0,0,0,0,0,0,0,3,0,1,0,0,0,12,0,2,false
/home/alison/jsoup-quality-analysis/work/jsoup/src/main/java/org/jsoup/parser/TokeniserState.java,org.jsoup.parser.TokeniserState$Anonymous58,"read/2[org.jsoup.parser.Tokeniser,org.jsoup.parser.CharacterReader]",false,1330,2,60,0,60,5,6,21,0,1,2,6,0,0,0,0,0,0,0,0,3,0,1,0,0,0,12,0,2,false
/home/alison/jsoup-quality-analysis/work/jsoup/src/main/java/org/jsoup/parser/TokeniserState.java,org.jsoup.parser.TokeniserState$Anonymous59,"read/2[org.jsoup.parser.Tokeniser,org.jsoup.parser.CharacterReader]",false,1358,2,60,0,60,10,5,24,0,1,2,5,0,0,0,0,0,0,0,0,3,0,1,0,0,0,17,0,3,false
/home/alison/jsoup-quality-analysis/work/jsoup/src/main/java/org/jsoup/examples/HtmlToPlainText.java,org.jsoup.examples.HtmlToPlainText$FormattingVisitor,"tail/2[org.jsoup.nodes.Node,int]",false,88,3,4,0,4,3,6,5,0,1,2,6,1,1,0,0,0,0,13,0,1,0,2,0,0,0,5,1,0,false
/home/alison/jsoup-quality-analysis/work/jsoup/src/main/java/org/jsoup/examples/HtmlToPlainText.java,org.jsoup.examples.HtmlToPlainText$FormattingVisitor,toString/0,false,126,0,1,1,0,1,1,3,1,0,0,1,0,0,0,0,0,0,0,0,0,0,0,0,0,0,2,1,0,false
/home/alison/jsoup-quality-analysis/work/jsoup/src/main/java/org/jsoup/examples/HtmlToPlainText.java,org.jsoup.examples.HtmlToPlainText$FormattingVisitor,"head/2[org.jsoup.nodes.Node,int]",false,75,4,4,0,4,5,5,7,0,1,2,5,1,1,0,0,0,1,12,0,1,0,4,0,0,0,7,1,0,false
/home/alison/jsoup-quality-analysis/work/jsoup/src/main/java/org/jsoup/examples/HtmlToPlainText.java,org.jsoup.examples.HtmlToPlainText$FormattingVisitor,append/1[java.lang.String],false,97,1,3,2,1,9,8,24,1,4,1,8,0,0,1,2,0,1,7,5,9,5,3,0,0,0,9,2,0,false
/home/alison/jsoup-quality-analysis/work/jsoup/src/main/java/org/jsoup/parser/TokeniserState.java,org.jsoup.parser.TokeniserState$Anonymous53,"read/2[org.jsoup.parser.Tokeniser,org.jsoup.parser.CharacterReader]",false,1162,2,60,0,60,10,9,24,1,2,2,9,0,0,0,0,0,0,0,0,3,0,1,0,0,0,12,0,1,false
/home/alison/jsoup-quality-analysis/work/jsoup/src/main/java/org/jsoup/select/Collector.java,org.jsoup.select.Collector,Collector/0,true,18,0,0,0,0,1,0,2,0,0,0,0,0,0,0,0,0,0,0,0,0,0,0,0,0,0,1,2,0,false
/home/alison/jsoup-quality-analysis/work/jsoup/src/main/java/org/jsoup/select/Collector.java,org.jsoup.select.Collector,"findFirst/2[org.jsoup.select.Evaluator,org.jsoup.nodes.Element]",false,46,4,5,2,3,1,2,5,1,1,2,2,0,0,0,0,0,0,0,0,1,0,0,0,0,0,30,9,0,true
/home/alison/jsoup-quality-analysis/work/jsoup/src/main/java/org/jsoup/select/Collector.java,org.jsoup.select.Collector,"collect/2[org.jsoup.select.Evaluator,org.jsoup.nodes.Element]",false,26,5,24,20,4,3,4,12,1,4,2,4,0,0,0,0,0,0,0,0,2,0,3,0,0,1,29,9,0,true
/home/alison/jsoup-quality-analysis/work/jsoup/src/main/java/org/jsoup/parser/TokeniserState.java,org.jsoup.parser.TokeniserState$Anonymous54,"read/2[org.jsoup.parser.Tokeniser,org.jsoup.parser.CharacterReader]",false,1197,2,60,0,60,6,10,27,1,0,2,10,0,0,0,0,0,0,0,0,4,0,2,0,0,0,11,0,1,false
/home/alison/jsoup-quality-analysis/work/jsoup/src/main/java/org/jsoup/parser/TokeniserState.java,org.jsoup.parser.TokeniserState$Anonymous55,"read/2[org.jsoup.parser.Tokeniser,org.jsoup.parser.CharacterReader]",false,1225,2,60,0,60,10,5,26,0,1,2,5,0,0,0,0,0,0,0,0,4,0,1,0,0,0,14,0,4,false
/home/alison/jsoup-quality-analysis/work/jsoup/src/main/java/org/jsoup/helper/ValidationException.java,org.jsoup.helper.ValidationException,fillInStackTrace/0,false,18,1,0,0,0,3,7,11,1,2,0,7,0,0,1,0,0,0,0,1,2,0,2,0,0,0,12,33,0,false
/home/alison/jsoup-quality-analysis/work/jsoup/src/main/java/org/jsoup/helper/ValidationException.java,org.jsoup.helper.ValidationException,ValidationException/1[java.lang.String],true,13,0,15,15,0,1,0,3,0,0,1,0,0,0,0,0,0,0,0,0,0,0,0,0,0,0,3,1,0,false
/home/alison/jsoup-quality-analysis/work/jsoup/src/main/java/org/jsoup/nodes/Attributes.java,org.jsoup.nodes.Attributes$Dataset$DatasetIterator,next/0,false,550,1,3,0,3,1,4,3,1,0,0,4,0,0,0,0,0,0,0,0,0,0,0,0,0,0,2,1,0,false
/home/alison/jsoup-quality-analysis/work/jsoup/src/main/java/org/jsoup/nodes/Attributes.java,org.jsoup.nodes.Attributes$Dataset$DatasetIterator,remove/0,false,554,2,2,0,2,1,2,3,0,0,0,2,0,0,0,0,0,0,0,0,0,0,0,0,0,0,1,1,0,false
/home/alison/jsoup-quality-analysis/work/jsoup/src/main/java/org/jsoup/nodes/Attributes.java,org.jsoup.nodes.Attributes$Dataset$DatasetIterator,hasNext/0,false,542,1,1,0,1,3,3,7,2,0,0,3,0,0,1,0,0,0,0,0,1,0,2,0,0,0,5,1,0,false
/home/alison/jsoup-quality-analysis/work/jsoup/src/main/java/org/jsoup/parser/TokeniserState.java,org.jsoup.parser.TokeniserState$Anonymous56,"read/2[org.jsoup.parser.Tokeniser,org.jsoup.parser.CharacterReader]",false,1265,2,60,0,60,10,5,23,0,1,2,5,0,0,0,0,0,0,0,0,4,0,1,0,0,0,13,0,2,false
/home/alison/jsoup-quality-analysis/work/jsoup/src/main/java/org/jsoup/select/StructuralEvaluator.java,org.jsoup.select.StructuralEvaluator$Not,toString/0,false,108,0,0,0,0,1,1,3,1,0,0,1,0,0,0,0,0,0,1,0,0,0,0,0,0,0,2,1,0,false
/home/alison/jsoup-quality-analysis/work/jsoup/src/main/java/org/jsoup/select/StructuralEvaluator.java,org.jsoup.select.StructuralEvaluator$Not,cost/0,false,103,1,1,0,1,1,1,3,1,0,0,1,0,0,0,0,0,0,0,1,0,1,0,0,0,0,1,4,0,false
/home/alison/jsoup-quality-analysis/work/jsoup/src/main/java/org/jsoup/select/StructuralEvaluator.java,org.jsoup.select.StructuralEvaluator$Not,Not/1[org.jsoup.select.Evaluator],true,94,1,1,1,0,1,0,3,0,0,1,0,0,0,0,0,0,0,0,0,0,0,0,0,0,0,3,1,0,false
/home/alison/jsoup-quality-analysis/work/jsoup/src/main/java/org/jsoup/select/StructuralEvaluator.java,org.jsoup.select.StructuralEvaluator$Not,"matches/2[org.jsoup.nodes.Element,org.jsoup.nodes.Element]",false,99,2,1,0,1,1,1,3,1,0,2,1,0,0,0,0,0,0,0,0,0,0,0,0,0,0,5,1,0,false
/home/alison/jsoup-quality-analysis/work/jsoup/src/main/java/org/jsoup/internal/ConstrainableInputStream.java,org.jsoup.internal.ConstrainableInputStream,"wrap/3[java.io.InputStream,int,int]",false,42,1,5,4,1,2,0,3,1,0,3,0,0,0,0,0,0,0,0,0,0,0,0,0,0,0,28,9,0,true
/home/alison/jsoup-quality-analysis/work/jsoup/src/main/java/org/jsoup/internal/ConstrainableInputStream.java,org.jsoup.internal.ConstrainableInputStream,"read/3[byte[],int,int]",false,49,2,2,1,1,9,4,17,4,1,3,4,1,1,0,0,1,0,1,4,4,0,1,0,0,0,13,1,0,false
/home/alison/jsoup-quality-analysis/work/jsoup/src/main/java/org/jsoup/internal/ConstrainableInputStream.java,org.jsoup.internal.ConstrainableInputStream,reset/0,false,101,0,0,0,0,1,1,4,0,0,0,1,0,0,0,0,0,0,0,0,1,1,0,0,0,0,8,1,0,false
/home/alison/jsoup-quality-analysis/work/jsoup/src/main/java/org/jsoup/internal/ConstrainableInputStream.java,org.jsoup.internal.ConstrainableInputStream,"ConstrainableInputStream/3[java.io.InputStream,int,int]",true,26,1,2,1,1,3,2,8,0,0,3,2,0,0,0,1,0,0,0,2,4,0,0,0,0,0,9,2,0,false
/home/alison/jsoup-quality-analysis/work/jsoup/src/main/java/org/jsoup/internal/ConstrainableInputStream.java,org.jsoup.internal.ConstrainableInputStream,"timeout/2[long,long]",false,106,1,1,1,0,1,0,5,1,0,2,0,0,0,0,0,0,0,0,1,2,1,0,0,0,0,8,1,0,false
/home/alison/jsoup-quality-analysis/work/jsoup/src/main/java/org/jsoup/internal/ConstrainableInputStream.java,org.jsoup.internal.ConstrainableInputStream,expired/0,false,112,0,1,1,0,3,1,6,2,2,0,1,0,0,0,1,0,1,0,1,2,1,1,0,0,0,7,2,0,false
/home/alison/jsoup-quality-analysis/work/jsoup/src/main/java/org/jsoup/internal/ConstrainableInputStream.java,org.jsoup.internal.ConstrainableInputStream,readToByteBuffer/1[int],false,76,3,3,1,2,10,6,22,1,6,1,6,1,2,1,1,0,0,1,6,7,0,3,0,0,0,37,1,0,true
/home/alison/jsoup-quality-analysis/work/jsoup/src/main/java/org/jsoup/parser/CharacterReader.java,org.jsoup.parser.CharacterReader,readFully/0,false,120,0,1,1,0,1,0,3,1,0,0,0,0,0,0,0,0,0,0,0,0,0,0,0,0,0,8,0,0,true
/home/alison/jsoup-quality-analysis/work/jsoup/src/main/java/org/jsoup/parser/CharacterReader.java,org.jsoup.parser.CharacterReader,isEmpty/0,false,237,1,12,11,1,2,1,4,1,0,0,1,1,4,0,0,0,0,0,0,0,0,0,0,0,0,17,1,0,true
/home/alison/jsoup-quality-analysis/work/jsoup/src/main/java/org/jsoup/parser/CharacterReader.java,org.jsoup.parser.CharacterReader,consumeToAnySorted/1[char[]],false,401,2,3,1,2,4,3,13,1,4,1,3,2,5,1,0,0,0,1,1,5,1,2,0,0,0,18,0,0,false
/home/alison/jsoup-quality-analysis/work/jsoup/src/main/java/org/jsoup/parser/CharacterReader.java,org.jsoup.parser.CharacterReader,rewindToMark/0,false,292,2,3,1,2,2,1,5,0,0,0,1,1,1,0,1,0,0,1,1,1,0,1,0,0,0,10,0,0,false
/home/alison/jsoup-quality-analysis/work/jsoup/src/main/java/org/jsoup/parser/CharacterReader.java,org.jsoup.parser.CharacterReader,consumeTagName/0,false,486,2,3,1,2,11,2,15,1,4,0,2,2,5,1,0,0,0,1,0,5,1,2,0,0,0,21,0,0,false
/home/alison/jsoup-quality-analysis/work/jsoup/src/main/java/org/jsoup/parser/CharacterReader.java,org.jsoup.parser.CharacterReader,"rangeEquals/3[int,int,java.lang.String]",false,761,1,1,0,1,1,1,3,1,0,3,1,1,1,0,0,0,0,0,0,0,0,0,0,0,0,3,0,0,false
/home/alison/jsoup-quality-analysis/work/jsoup/src/main/java/org/jsoup/parser/CharacterReader.java,org.jsoup.parser.CharacterReader,consume/0,false,255,1,6,4,2,2,2,6,1,1,0,2,2,4,0,0,0,0,0,0,1,0,0,0,0,0,13,0,0,false
/home/alison/jsoup-quality-analysis/work/jsoup/src/main/java/org/jsoup/parser/CharacterReader.java,org.jsoup.parser.CharacterReader,matchConsume/1[java.lang.String],false,657,1,5,3,2,2,3,10,2,0,1,3,2,4,0,0,0,0,0,0,1,0,1,0,0,0,10,0,0,false
/home/alison/jsoup-quality-analysis/work/jsoup/src/main/java/org/jsoup/parser/CharacterReader.java,org.jsoup.parser.CharacterReader,CharacterReader/1[java.io.Reader],true,46,0,1,1,0,1,0,3,0,0,1,0,0,0,0,0,0,0,0,0,0,0,0,0,0,0,3,1,0,false
/home/alison/jsoup-quality-analysis/work/jsoup/src/main/java/org/jsoup/parser/CharacterReader.java,org.jsoup.parser.CharacterReader,matchesAnySorted/1[char[]],false,627,2,3,1,2,2,3,4,1,0,1,3,2,5,0,0,0,0,0,1,0,0,0,0,0,0,8,0,0,false
/home/alison/jsoup-quality-analysis/work/jsoup/src/main/java/org/jsoup/parser/CharacterReader.java,org.jsoup.parser.CharacterReader,close/0,false,54,0,2,2,0,3,1,13,1,0,0,1,0,0,0,1,1,0,0,0,3,0,1,0,0,0,11,1,0,false
/home/alison/jsoup-quality-analysis/work/jsoup/src/main/java/org/jsoup/parser/CharacterReader.java,org.jsoup.parser.CharacterReader,columnNumber/0,false,178,1,3,1,2,1,2,3,1,0,0,2,2,3,0,0,0,0,0,0,0,0,0,0,0,0,14,1,0,true
/home/alison/jsoup-quality-analysis/work/jsoup/src/main/java/org/jsoup/parser/CharacterReader.java,org.jsoup.parser.CharacterReader,lineNumIndex/1[int],false,203,1,4,3,1,3,3,6,2,1,1,3,1,1,0,0,0,0,0,3,2,1,1,0,0,0,8,2,0,false
/home/alison/jsoup-quality-analysis/work/jsoup/src/main/java/org/jsoup/parser/CharacterReader.java,org.jsoup.parser.CharacterReader,consumeToEnd/0,false,514,1,4,2,2,1,2,6,1,1,0,2,2,5,0,0,0,0,0,0,2,1,0,0,0,0,11,0,0,false
/home/alison/jsoup-quality-analysis/work/jsoup/src/main/java/org/jsoup/parser/CharacterReader.java,org.jsoup.parser.CharacterReader,nextIndexOf/1[char],false,305,1,2,1,1,3,1,7,2,1,1,1,1,4,1,1,0,0,0,1,1,1,2,0,0,0,25,0,0,true
/home/alison/jsoup-quality-analysis/work/jsoup/src/main/java/org/jsoup/parser/CharacterReader.java,org.jsoup.parser.CharacterReader,lineNumber/1[int],false,160,1,4,2,2,3,2,6,3,1,1,2,2,2,0,1,0,0,0,3,1,1,1,0,0,0,10,0,0,false
/home/alison/jsoup-quality-analysis/work/jsoup/src/main/java/org/jsoup/parser/CharacterReader.java,org.jsoup.parser.CharacterReader,consumeAttributeQuoted/1[boolean],false,439,2,2,1,1,9,1,16,1,4,1,1,1,2,1,0,0,0,1,0,5,1,3,0,0,0,20,0,0,false
/home/alison/jsoup-quality-analysis/work/jsoup/src/main/java/org/jsoup/parser/CharacterReader.java,org.jsoup.parser.CharacterReader,mark/0,false,279,1,2,1,1,2,1,5,0,0,0,1,1,4,0,0,0,0,0,1,2,1,1,0,0,0,13,0,0,false
/home/alison/jsoup-quality-analysis/work/jsoup/src/main/java/org/jsoup/parser/CharacterReader.java,org.jsoup.parser.CharacterReader,bufferUp/0,false,68,3,23,20,3,10,7,38,1,5,0,7,1,3,1,4,1,0,0,8,15,2,3,0,0,0,34,2,0,false
/home/alison/jsoup-quality-analysis/work/jsoup/src/main/java/org/jsoup/parser/CharacterReader.java,org.jsoup.parser.CharacterReader,consumeTo/1[char],false,345,1,6,3,3,2,3,11,2,2,1,3,3,6,0,1,0,0,0,1,3,0,1,0,0,0,22,1,0,true
/home/alison/jsoup-quality-analysis/work/jsoup/src/main/java/org/jsoup/parser/CharacterReader.java,org.jsoup.parser.CharacterReader,lineNumber/0,false,156,1,3,1,2,1,2,3,1,0,0,2,2,3,0,0,0,0,0,0,0,0,0,0,0,0,18,1,0,true
/home/alison/jsoup-quality-analysis/work/jsoup/src/main/java/org/jsoup/parser/CharacterReader.java,org.jsoup.parser.CharacterReader,matchesAny/1[char[]],false,614,2,4,2,2,4,2,9,3,1,1,2,2,5,1,1,0,0,0,0,1,0,2,0,0,0,11,0,0,false
/home/alison/jsoup-quality-analysis/work/jsoup/src/main/java/org/jsoup/parser/CharacterReader.java,org.jsoup.parser.CharacterReader,matchesDigit/0,false,650,1,2,1,1,4,1,5,2,1,0,1,1,5,0,0,0,1,0,0,1,0,1,0,0,0,6,0,0,false
/home/alison/jsoup-quality-analysis/work/jsoup/src/main/java/org/jsoup/parser/CharacterReader.java,org.jsoup.parser.CharacterReader,advance/0,false,275,0,4,4,0,1,0,3,0,0,0,0,0,0,0,0,0,0,0,0,0,0,0,0,0,0,8,1,0,true
/home/alison/jsoup-quality-analysis/work/jsoup/src/main/java/org/jsoup/parser/CharacterReader.java,org.jsoup.parser.CharacterReader,consumeDigitSequence/0,false,569,1,3,1,2,4,2,10,1,2,0,2,2,5,1,0,0,0,0,0,2,1,2,0,0,0,12,0,0,false
/home/alison/jsoup-quality-analysis/work/jsoup/src/main/java/org/jsoup/parser/CharacterReader.java,org.jsoup.parser.CharacterReader,cursorPos/0,false,199,1,4,2,2,1,2,3,1,0,0,2,2,6,0,0,0,0,1,0,0,1,0,0,0,0,17,0,0,true
/home/alison/jsoup-quality-analysis/work/jsoup/src/main/java/org/jsoup/parser/CharacterReader.java,org.jsoup.parser.CharacterReader,columnNumber/1[int],false,182,1,4,2,2,3,3,6,3,1,1,3,2,2,0,1,0,0,0,4,1,4,1,0,0,0,10,0,0,false
/home/alison/jsoup-quality-analysis/work/jsoup/src/main/java/org/jsoup/parser/CharacterReader.java,org.jsoup.parser.CharacterReader,isEmptyNoBufferUp/0,false,242,0,3,3,0,2,0,3,1,0,0,0,0,0,0,0,0,0,0,0,0,0,0,0,0,0,8,2,0,false
/home/alison/jsoup-quality-analysis/work/jsoup/src/main/java/org/jsoup/parser/CharacterReader.java,org.jsoup.parser.CharacterReader,matchConsumeIgnoreCase/1[java.lang.String],false,667,1,3,2,1,2,2,9,2,0,1,2,1,5,0,0,0,0,0,0,1,0,1,0,0,0,10,0,0,false
/home/alison/jsoup-quality-analysis/work/jsoup/src/main/java/org/jsoup/parser/CharacterReader.java,org.jsoup.parser.CharacterReader,consumeRawData/0,false,465,2,2,1,1,5,1,14,1,4,0,1,1,2,1,0,0,0,1,0,5,1,2,0,0,0,19,0,0,false
/home/alison/jsoup-quality-analysis/work/jsoup/src/main/java/org/jsoup/parser/CharacterReader.java,org.jsoup.parser.CharacterReader,trackNewlines/1[boolean],false,132,1,2,1,1,4,1,7,0,0,1,1,1,3,0,1,0,0,0,1,2,1,1,0,0,0,39,1,0,true
/home/alison/jsoup-quality-analysis/work/jsoup/src/main/java/org/jsoup/parser/CharacterReader.java,org.jsoup.parser.CharacterReader,matches/1[java.lang.String],false,587,1,2,1,1,4,3,7,3,2,1,3,1,4,1,1,0,0,0,1,2,2,2,0,0,0,11,0,0,false
/home/alison/jsoup-quality-analysis/work/jsoup/src/main/java/org/jsoup/parser/CharacterReader.java,org.jsoup.parser.CharacterReader,scanBufferForNewlines/0,false,213,1,4,2,2,6,6,14,1,3,0,6,2,2,1,2,0,0,0,4,5,1,2,0,0,0,26,2,0,true
/home/alison/jsoup-quality-analysis/work/jsoup/src/main/java/org/jsoup/parser/CharacterReader.java,org.jsoup.parser.CharacterReader,isTrackNewlines/0,false,146,0,4,4,0,2,0,3,1,0,0,0,0,0,0,1,0,0,0,0,0,0,0,0,0,0,13,1,0,true
/home/alison/jsoup-quality-analysis/work/jsoup/src/main/java/org/jsoup/parser/CharacterReader.java,org.jsoup.parser.CharacterReader,consumeTo/1[java.lang.String],false,356,1,4,1,3,3,4,17,3,4,1,4,3,7,0,1,0,0,0,2,6,4,1,0,0,0,15,0,0,false
/home/alison/jsoup-quality-analysis/work/jsoup/src/main/java/org/jsoup/parser/CharacterReader.java,org.jsoup.parser.CharacterReader,matchesAsciiAlpha/0,false,643,1,3,2,1,6,1,5,2,1,0,1,1,5,0,0,0,2,0,0,1,0,1,0,0,0,22,0,0,true
/home/alison/jsoup-quality-analysis/work/jsoup/src/main/java/org/jsoup/parser/CharacterReader.java,org.jsoup.parser.CharacterReader,containsIgnoreCase/1[java.lang.String],false,683,1,2,1,1,7,4,18,4,5,1,4,1,5,0,1,0,0,0,4,8,2,2,0,0,0,36,0,0,true
/home/alison/jsoup-quality-analysis/work/jsoup/src/main/java/org/jsoup/parser/CharacterReader.java,org.jsoup.parser.CharacterReader,matchesIgnoreCase/1[java.lang.String],false,599,1,2,1,1,4,4,11,3,4,1,4,1,4,1,1,0,0,0,1,4,2,2,0,0,0,16,0,0,false
/home/alison/jsoup-quality-analysis/work/jsoup/src/main/java/org/jsoup/parser/CharacterReader.java,org.jsoup.parser.CharacterReader,consumeToAny/1[char[]],false,380,2,4,2,2,5,2,17,1,6,1,2,2,5,2,1,0,0,1,1,7,1,3,0,0,0,38,1,0,true
/home/alison/jsoup-quality-analysis/work/jsoup/src/main/java/org/jsoup/parser/CharacterReader.java,org.jsoup.parser.CharacterReader,matchesLetter/0,false,632,1,5,4,1,6,2,5,2,1,0,2,1,5,0,0,0,2,0,0,1,0,1,0,0,0,6,0,0,false
/home/alison/jsoup-quality-analysis/work/jsoup/src/main/java/org/jsoup/parser/CharacterReader.java,org.jsoup.parser.CharacterReader,matches/1[char],false,582,1,4,3,1,2,1,3,1,0,1,1,1,5,0,1,0,0,0,0,0,0,0,0,0,0,4,0,0,false
/home/alison/jsoup-quality-analysis/work/jsoup/src/main/java/org/jsoup/parser/CharacterReader.java,org.jsoup.parser.CharacterReader,"cacheString/4[char[],java.lang.String[],int,int]",false,717,2,14,13,1,6,1,16,4,4,4,1,1,1,1,1,0,0,1,5,7,4,2,0,0,0,53,10,0,true
/home/alison/jsoup-quality-analysis/work/jsoup/src/main/java/org/jsoup/parser/CharacterReader.java,org.jsoup.parser.CharacterReader,consumeLetterThenDigitSequence/0,false,535,1,4,1,3,10,4,15,1,3,0,4,3,5,2,0,0,2,0,0,3,1,2,0,0,0,18,0,0,false
/home/alison/jsoup-quality-analysis/work/jsoup/src/main/java/org/jsoup/parser/CharacterReader.java,org.jsoup.parser.CharacterReader,CharacterReader/1[java.lang.String],true,50,0,2,2,0,1,1,3,0,0,1,1,0,0,0,0,0,0,0,0,0,0,0,0,0,0,4,1,0,false
/home/alison/jsoup-quality-analysis/work/jsoup/src/main/java/org/jsoup/parser/CharacterReader.java,org.jsoup.parser.CharacterReader,nextIndexOf/1[java.lang.CharSequence],false,321,1,3,2,1,10,3,16,2,5,1,3,1,4,3,4,0,0,0,5,5,4,3,0,0,0,31,0,0,true
/home/alison/jsoup-quality-analysis/work/jsoup/src/main/java/org/jsoup/parser/CharacterReader.java,org.jsoup.parser.CharacterReader,unconsume/0,false,265,1,4,3,1,2,0,4,0,0,0,0,0,0,0,0,0,0,1,1,0,0,1,0,0,0,29,0,0,true
/home/alison/jsoup-quality-analysis/work/jsoup/src/main/java/org/jsoup/parser/CharacterReader.java,org.jsoup.parser.CharacterReader,"rangeEquals/4[char[],int,int,java.lang.String]",false,747,1,2,2,0,4,2,11,3,2,4,2,0,0,1,3,0,0,0,2,2,0,3,0,0,0,15,8,0,true
/home/alison/jsoup-quality-analysis/work/jsoup/src/main/java/org/jsoup/parser/CharacterReader.java,org.jsoup.parser.CharacterReader,consumeHexSequence/0,false,556,1,3,1,2,8,2,10,1,2,0,2,2,5,1,0,0,3,0,0,2,1,2,0,0,0,12,0,0,false
/home/alison/jsoup-quality-analysis/work/jsoup/src/main/java/org/jsoup/parser/CharacterReader.java,org.jsoup.parser.CharacterReader,pos/0,false,115,0,9,9,0,1,0,3,1,0,0,0,0,0,0,0,0,0,0,0,0,1,0,0,0,0,14,1,0,true
/home/alison/jsoup-quality-analysis/work/jsoup/src/main/java/org/jsoup/parser/CharacterReader.java,org.jsoup.parser.CharacterReader,consumeLetterSequence/0,false,521,1,5,3,2,7,3,10,1,2,0,3,2,5,1,0,0,2,0,0,2,1,2,0,0,0,12,0,0,false
/home/alison/jsoup-quality-analysis/work/jsoup/src/main/java/org/jsoup/parser/CharacterReader.java,org.jsoup.parser.CharacterReader,consumeData/0,false,417,2,2,1,1,6,1,14,1,4,0,1,1,2,1,0,0,0,1,0,5,1,2,0,0,0,18,0,0,false
/home/alison/jsoup-quality-analysis/work/jsoup/src/main/java/org/jsoup/parser/CharacterReader.java,org.jsoup.parser.CharacterReader,toString/0,false,704,0,0,0,0,2,0,4,2,0,0,0,0,0,0,0,0,0,1,1,0,2,1,0,0,0,5,1,0,false
/home/alison/jsoup-quality-analysis/work/jsoup/src/main/java/org/jsoup/parser/CharacterReader.java,org.jsoup.parser.CharacterReader,"CharacterReader/2[java.io.Reader,int]",true,38,3,3,0,3,1,5,7,0,0,2,5,1,4,0,0,0,0,0,0,2,0,0,0,0,0,9,1,0,false
/home/alison/jsoup-quality-analysis/work/jsoup/src/main/java/org/jsoup/parser/CharacterReader.java,org.jsoup.parser.CharacterReader,current/0,false,250,1,7,5,2,2,2,4,1,0,0,2,2,4,0,0,0,0,0,0,0,0,0,0,0,0,13,1,0,true
/home/alison/jsoup-quality-analysis/work/jsoup/src/main/java/org/jsoup/parser/CharacterReader.java,org.jsoup.parser.CharacterReader,unmark/0,false,288,0,2,2,0,1,0,3,0,0,0,0,0,0,0,0,0,0,0,1,1,0,0,0,0,0,3,0,0,false
/home/alison/jsoup-quality-analysis/work/jsoup/src/main/java/org/jsoup/select/Evaluator.java,org.jsoup.select.Evaluator$IsFirstChild,toString/0,false,646,0,0,0,0,1,0,3,1,0,0,0,0,0,0,0,0,0,1,0,0,0,0,0,0,0,2,1,0,false
/home/alison/jsoup-quality-analysis/work/jsoup/src/main/java/org/jsoup/select/Evaluator.java,org.jsoup.select.Evaluator$IsFirstChild,"matches/2[org.jsoup.nodes.Element,org.jsoup.nodes.Element]",false,640,2,2,0,2,3,2,4,1,1,2,2,0,0,0,2,0,1,0,0,1,0,0,0,0,0,6,1,0,false
/home/alison/jsoup-quality-analysis/work/jsoup/src/main/java/org/jsoup/parser/TokeniserState.java,org.jsoup.parser.TokeniserState$Anonymous60,"read/2[org.jsoup.parser.Tokeniser,org.jsoup.parser.CharacterReader]",false,1396,2,60,0,60,10,5,23,0,1,2,5,0,0,0,0,0,0,0,0,3,0,1,0,0,0,13,0,3,false
/home/alison/jsoup-quality-analysis/work/jsoup/src/main/java/org/jsoup/parser/TokeniserState.java,org.jsoup.parser.TokeniserState$Anonymous61,"read/2[org.jsoup.parser.Tokeniser,org.jsoup.parser.CharacterReader]",false,1433,2,60,0,60,10,5,26,0,1,2,5,0,0,0,0,0,0,0,0,4,0,1,0,0,0,13,0,4,false
/home/alison/jsoup-quality-analysis/work/jsoup/src/main/java/org/jsoup/parser/TokeniserState.java,org.jsoup.parser.TokeniserState$Anonymous62,"read/2[org.jsoup.parser.Tokeniser,org.jsoup.parser.CharacterReader]",false,1473,2,60,0,60,10,5,23,0,1,2,5,0,0,0,0,0,0,0,0,4,0,1,0,0,0,13,0,2,false
/home/alison/jsoup-quality-analysis/work/jsoup/src/main/java/org/jsoup/parser/TokeniserState.java,org.jsoup.parser.TokeniserState$Anonymous63,"read/2[org.jsoup.parser.Tokeniser,org.jsoup.parser.CharacterReader]",false,1510,2,60,0,60,5,6,21,0,1,2,6,0,0,0,0,0,0,0,0,3,0,1,0,0,0,12,0,2,false
/home/alison/jsoup-quality-analysis/work/jsoup/src/main/java/org/jsoup/select/StructuralEvaluator.java,org.jsoup.select.StructuralEvaluator$Root,cost/0,false,52,0,0,0,0,1,0,3,1,0,0,0,0,0,0,0,0,0,0,1,0,0,0,0,0,0,1,4,0,false
/home/alison/jsoup-quality-analysis/work/jsoup/src/main/java/org/jsoup/select/StructuralEvaluator.java,org.jsoup.select.StructuralEvaluator$Root,"matches/2[org.jsoup.nodes.Element,org.jsoup.nodes.Element]",false,48,1,0,0,0,2,0,3,1,0,2,0,0,0,0,1,0,0,0,0,0,0,0,0,0,0,4,1,0,false
/home/alison/jsoup-quality-analysis/work/jsoup/src/main/java/org/jsoup/select/StructuralEvaluator.java,org.jsoup.select.StructuralEvaluator$Root,toString/0,false,56,0,0,0,0,1,0,3,1,0,0,0,0,0,0,0,0,0,1,0,0,0,0,0,0,0,2,1,0,false
/home/alison/jsoup-quality-analysis/work/jsoup/src/main/java/org/jsoup/helper/HttpConnection.java,org.jsoup.helper.HttpConnection$Response,bufferUp/0,false,982,2,1,0,1,1,1,4,1,0,0,1,1,2,0,0,0,0,0,0,0,0,0,0,0,0,5,1,0,false
/home/alison/jsoup-quality-analysis/work/jsoup/src/main/java/org/jsoup/helper/HttpConnection.java,org.jsoup.helper.HttpConnection$Response,safeClose/0,false,1026,0,4,4,0,4,2,16,0,0,0,2,0,0,0,2,1,0,0,0,2,0,2,0,0,0,33,2,0,true
/home/alison/jsoup-quality-analysis/work/jsoup/src/main/java/org/jsoup/helper/HttpConnection.java,org.jsoup.helper.HttpConnection$Response,charset/0,false,918,0,0,0,0,1,0,3,1,0,0,0,0,0,0,0,0,0,0,0,0,0,0,0,0,0,1,1,0,false
/home/alison/jsoup-quality-analysis/work/jsoup/src/main/java/org/jsoup/helper/HttpConnection.java,org.jsoup.helper.HttpConnection$Response,prepareByteData/0,false,948,5,9,3,6,4,5,16,0,0,0,5,1,1,0,2,1,0,2,0,2,0,2,0,0,0,29,2,0,false
/home/alison/jsoup-quality-analysis/work/jsoup/src/main/java/org/jsoup/helper/HttpConnection.java,org.jsoup.helper.HttpConnection$Response,looksLikeUtf8/1[byte[]],false,1137,1,1,1,0,21,0,36,4,5,1,0,0,0,2,8,0,8,0,25,10,3,3,0,0,0,22,10,0,false
/home/alison/jsoup-quality-analysis/work/jsoup/src/main/java/org/jsoup/helper/HttpConnection.java,org.jsoup.helper.HttpConnection$Response,bodyStream/0,false,988,3,4,0,4,1,4,6,1,0,0,4,0,0,0,0,0,0,2,0,1,0,0,0,0,0,18,1,0,false
/home/alison/jsoup-quality-analysis/work/jsoup/src/main/java/org/jsoup/helper/HttpConnection.java,org.jsoup.helper.HttpConnection$Response,body/0,false,964,2,2,0,2,2,6,7,1,1,0,6,1,2,0,1,0,2,0,0,1,0,0,0,0,0,12,1,0,false
/home/alison/jsoup-quality-analysis/work/jsoup/src/main/java/org/jsoup/helper/HttpConnection.java,org.jsoup.helper.HttpConnection$Response,createHeaderMap/1[java.net.HttpURLConnection],false,1071,0,1,1,0,7,7,18,1,5,1,7,0,0,1,4,0,0,0,1,5,0,3,0,0,0,16,10,0,false
/home/alison/jsoup-quality-analysis/work/jsoup/src/main/java/org/jsoup/helper/HttpConnection.java,org.jsoup.helper.HttpConnection$Response,createConnection/1[org.jsoup.helper.HttpConnection.Request],false,996,4,9,1,8,7,21,17,1,2,1,21,0,0,2,2,0,2,0,1,2,1,2,0,0,0,19,10,0,false
/home/alison/jsoup-quality-analysis/work/jsoup/src/main/java/org/jsoup/helper/HttpConnection.java,org.jsoup.helper.HttpConnection$Response,statusMessage/0,false,913,0,0,0,0,1,0,3,1,0,0,0,0,0,0,0,0,0,0,0,0,0,0,0,0,0,2,1,0,false
/home/alison/jsoup-quality-analysis/work/jsoup/src/main/java/org/jsoup/helper/HttpConnection.java,org.jsoup.helper.HttpConnection$Response,"execute/2[org.jsoup.helper.HttpConnection.Request,org.jsoup.helper.HttpConnection.Response]",false,805,12,40,2,38,33,55,83,2,13,2,55,7,1,0,9,2,2,13,6,26,1,3,0,0,0,94,8,0,false
/home/alison/jsoup-quality-analysis/work/jsoup/src/main/java/org/jsoup/helper/HttpConnection.java,org.jsoup.helper.HttpConnection$Response,Response/0,true,793,1,1,0,1,1,0,7,0,0,0,0,0,0,0,0,0,0,1,1,4,0,0,0,0,0,31,0,0,true
/home/alison/jsoup-quality-analysis/work/jsoup/src/main/java/org/jsoup/helper/HttpConnection.java,org.jsoup.helper.HttpConnection$Response,setOutputContentType/1[org.jsoup.Connection.Request],false,1181,5,6,1,5,5,6,18,1,2,1,6,0,0,0,1,0,0,4,0,4,3,2,0,0,0,28,10,0,false
/home/alison/jsoup-quality-analysis/work/jsoup/src/main/java/org/jsoup/helper/HttpConnection.java,org.jsoup.helper.HttpConnection$Response,serialiseRequestUrl/1[org.jsoup.Connection.Request],false,1262,5,9,1,8,2,8,9,0,1,1,8,0,0,1,0,0,0,1,0,1,0,1,0,0,0,18,10,0,false
/home/alison/jsoup-quality-analysis/work/jsoup/src/main/java/org/jsoup/helper/HttpConnection.java,org.jsoup.helper.HttpConnection$Response,"Response/3[java.net.HttpURLConnection,org.jsoup.helper.HttpConnection.Request,org.jsoup.helper.HttpConnection.Response]",true,1043,6,10,1,9,5,18,20,0,1,3,18,3,3,1,1,0,0,1,1,9,1,3,0,0,0,47,2,0,false
/home/alison/jsoup-quality-analysis/work/jsoup/src/main/java/org/jsoup/helper/HttpConnection.java,org.jsoup.helper.HttpConnection$Response,"writePost/3[org.jsoup.Connection.Request,java.io.OutputStream,java.lang.String]",false,1204,5,10,1,9,8,17,51,0,6,3,17,0,0,2,4,0,0,11,0,7,0,4,0,0,0,31,10,0,false
/home/alison/jsoup-quality-analysis/work/jsoup/src/main/java/org/jsoup/helper/HttpConnection.java,org.jsoup.helper.HttpConnection$Response,bodyAsBytes/0,false,975,3,2,0,2,1,3,5,1,0,0,3,1,2,0,0,0,0,0,0,0,0,0,0,0,0,7,1,0,false
/home/alison/jsoup-quality-analysis/work/jsoup/src/main/java/org/jsoup/helper/HttpConnection.java,org.jsoup.helper.HttpConnection$Response,execute/1[org.jsoup.helper.HttpConnection.Request],false,801,2,2,1,1,1,1,3,1,0,1,1,1,2,0,0,0,0,0,0,0,0,0,0,0,0,6,8,0,false
/home/alison/jsoup-quality-analysis/work/jsoup/src/main/java/org/jsoup/helper/HttpConnection.java,org.jsoup.helper.HttpConnection$Response,charset/1[java.lang.String],false,923,1,0,0,0,1,0,4,1,0,1,0,0,0,0,0,0,0,0,0,1,0,0,0,0,0,2,1,0,false
/home/alison/jsoup-quality-analysis/work/jsoup/src/main/java/org/jsoup/helper/HttpConnection.java,org.jsoup.helper.HttpConnection$Response,parse/0,false,933,7,9,0,9,2,11,14,1,1,0,11,1,1,0,1,0,0,2,0,5,0,1,0,0,0,36,1,0,false
/home/alison/jsoup-quality-analysis/work/jsoup/src/main/java/org/jsoup/helper/HttpConnection.java,org.jsoup.helper.HttpConnection$Response,contentType/0,false,929,0,1,1,0,1,0,3,1,0,0,0,0,0,0,0,0,0,0,0,0,0,0,0,0,0,2,1,0,false
/home/alison/jsoup-quality-analysis/work/jsoup/src/main/java/org/jsoup/helper/HttpConnection.java,org.jsoup.helper.HttpConnection$Response,"processResponseHeaders/1[java.util.Map<java.lang.String,java.util.List<java.lang.String>>]",false,1095,3,7,1,6,9,12,19,0,5,1,12,1,2,3,2,0,0,3,1,5,0,4,0,0,0,17,0,0,false
/home/alison/jsoup-quality-analysis/work/jsoup/src/main/java/org/jsoup/helper/HttpConnection.java,org.jsoup.helper.HttpConnection$Response,statusCode/0,false,908,0,0,0,0,1,0,3,1,0,0,0,0,0,0,0,0,0,0,0,0,0,0,0,0,0,2,1,0,false
/home/alison/jsoup-quality-analysis/work/jsoup/src/main/java/org/jsoup/helper/HttpConnection.java,org.jsoup.helper.HttpConnection$Response,fixHeaderEncoding/1[java.lang.String],false,1128,3,2,1,1,3,2,6,3,1,1,2,1,1,0,1,0,0,0,0,1,0,1,0,0,0,48,10,0,true
/home/alison/jsoup-quality-analysis/work/jsoup/src/main/java/org/jsoup/select/NodeVisitor.java,org.jsoup.select.NodeVisitor,"head/2[org.jsoup.nodes.Node,int]",false,15,1,1,1,0,1,0,1,0,0,2,0,0,0,0,0,0,0,0,0,0,0,0,0,0,0,39,0,0,true
/home/alison/jsoup-quality-analysis/work/jsoup/src/main/java/org/jsoup/select/NodeVisitor.java,org.jsoup.select.NodeVisitor,"tail/2[org.jsoup.nodes.Node,int]",false,37,1,1,1,0,1,0,2,0,0,2,0,0,0,0,0,0,0,0,0,0,0,0,0,0,0,40,65536,0,true
/home/alison/jsoup-quality-analysis/work/jsoup/src/main/java/org/jsoup/safety/Safelist.java,org.jsoup.safety.Safelist$Protocol,valueOf/1[java.lang.String],false,654,1,3,2,1,1,0,3,1,0,1,0,0,0,0,0,0,0,0,0,0,0,0,0,0,0,3,8,0,false
/home/alison/jsoup-quality-analysis/work/jsoup/src/main/java/org/jsoup/safety/Safelist.java,org.jsoup.safety.Safelist$Protocol,Protocol/1[java.lang.String],true,650,0,1,1,0,1,0,3,0,0,1,0,0,0,0,0,0,0,0,0,0,0,0,0,0,0,2,0,0,false
/home/alison/jsoup-quality-analysis/work/jsoup/src/main/java/org/jsoup/parser/Token.java,org.jsoup.parser.Token$EOF,EOF/0,true,443,0,2,2,0,1,0,3,0,0,0,0,0,0,0,0,0,0,0,0,1,0,0,0,0,0,4,0,0,false
/home/alison/jsoup-quality-analysis/work/jsoup/src/main/java/org/jsoup/parser/Token.java,org.jsoup.parser.Token$EOF,toString/0,false,454,0,0,0,0,1,0,3,1,0,0,0,0,0,0,0,0,0,1,0,0,0,0,0,0,0,2,1,0,false
/home/alison/jsoup-quality-analysis/work/jsoup/src/main/java/org/jsoup/parser/Token.java,org.jsoup.parser.Token$EOF,reset/0,false,448,2,0,0,0,1,1,4,1,0,0,1,0,0,0,0,0,0,0,0,0,0,0,0,0,0,2,0,0,false
/home/alison/jsoup-quality-analysis/work/jsoup/src/main/java/org/jsoup/parser/Token.java,org.jsoup.parser.Token$StartTag,toString/0,false,318,2,5,0,5,4,5,5,2,1,0,5,0,0,0,0,0,0,5,1,1,2,1,0,0,0,9,1,0,false
/home/alison/jsoup-quality-analysis/work/jsoup/src/main/java/org/jsoup/parser/Token.java,org.jsoup.parser.Token$StartTag,StartTag/0,true,298,0,2,2,0,1,0,4,0,0,0,0,0,0,0,0,0,0,0,0,1,0,0,0,0,0,3,0,0,false
/home/alison/jsoup-quality-analysis/work/jsoup/src/main/java/org/jsoup/parser/Token.java,org.jsoup.parser.Token$StartTag,reset/0,false,304,2,3,3,0,1,1,5,1,0,0,1,0,0,0,0,0,0,0,0,1,0,0,0,0,0,4,0,0,false
/home/alison/jsoup-quality-analysis/work/jsoup/src/main/java/org/jsoup/parser/Token.java,org.jsoup.parser.Token$StartTag,"nameAttr/2[java.lang.String,org.jsoup.nodes.Attributes]",false,310,3,2,1,1,1,1,6,1,0,2,1,0,0,0,0,0,0,0,0,3,0,0,0,0,0,8,0,0,false
/home/alison/jsoup-quality-analysis/work/jsoup/src/main/java/org/jsoup/select/Evaluator.java,org.jsoup.select.Evaluator$AttributeWithValueStarting,"matches/2[org.jsoup.nodes.Element,org.jsoup.nodes.Element]",false,265,3,3,0,3,1,4,3,1,0,2,4,0,0,0,0,0,0,0,0,0,0,0,0,0,0,7,1,0,false
/home/alison/jsoup-quality-analysis/work/jsoup/src/main/java/org/jsoup/select/Evaluator.java,org.jsoup.select.Evaluator$AttributeWithValueStarting,toString/0,false,274,0,0,0,0,1,1,3,1,0,0,1,0,0,0,0,0,0,1,0,0,0,0,0,0,0,2,1,0,false
/home/alison/jsoup-quality-analysis/work/jsoup/src/main/java/org/jsoup/select/Evaluator.java,org.jsoup.select.Evaluator$AttributeWithValueStarting,"AttributeWithValueStarting/2[java.lang.String,java.lang.String]",true,260,0,2,2,0,1,0,3,0,0,2,0,0,0,0,0,0,0,0,0,0,0,0,0,0,0,5,1,0,false
/home/alison/jsoup-quality-analysis/work/jsoup/src/main/java/org/jsoup/select/Evaluator.java,org.jsoup.select.Evaluator$AttributeWithValueStarting,cost/0,false,269,0,0,0,0,1,0,3,1,0,0,0,0,0,0,0,0,0,0,1,0,0,0,0,0,0,1,4,0,false
/home/alison/jsoup-quality-analysis/work/jsoup/src/main/java/org/jsoup/nodes/DocumentType.java,org.jsoup.nodes.DocumentType,"DocumentType/3[java.lang.String,java.lang.String,java.lang.String]",true,28,3,5,2,3,1,3,9,0,0,3,3,1,2,0,0,0,0,0,0,0,0,0,0,0,0,16,1,0,true
/home/alison/jsoup-quality-analysis/work/jsoup/src/main/java/org/jsoup/nodes/DocumentType.java,org.jsoup.nodes.DocumentType,"outerHtmlTail/3[java.lang.Appendable,int,org.jsoup.nodes.Document.OutputSettings]",false,103,1,0,0,0,1,0,2,0,0,3,0,0,0,0,0,0,0,0,0,0,0,0,0,0,0,5,0,0,false
/home/alison/jsoup-quality-analysis/work/jsoup/src/main/java/org/jsoup/nodes/DocumentType.java,org.jsoup.nodes.DocumentType,nodeName/0,false,75,0,0,0,0,1,0,3,1,0,0,0,0,0,0,0,0,0,1,0,0,0,0,0,0,0,2,1,0,false
/home/alison/jsoup-quality-analysis/work/jsoup/src/main/java/org/jsoup/nodes/DocumentType.java,org.jsoup.nodes.DocumentType,has/1[java.lang.String],false,106,2,4,2,2,1,2,3,1,0,1,2,0,0,0,0,0,0,0,0,0,0,0,0,0,0,3,2,0,false
/home/alison/jsoup-quality-analysis/work/jsoup/src/main/java/org/jsoup/nodes/DocumentType.java,org.jsoup.nodes.DocumentType,name/0,false,54,1,2,1,1,1,1,3,1,0,0,1,0,0,0,0,0,0,0,0,0,0,0,0,0,0,12,1,0,true
/home/alison/jsoup-quality-analysis/work/jsoup/src/main/java/org/jsoup/nodes/DocumentType.java,org.jsoup.nodes.DocumentType,publicId/0,false,62,1,2,1,1,1,1,3,1,0,0,1,0,0,0,0,0,0,0,0,0,0,0,0,0,0,18,1,0,true
/home/alison/jsoup-quality-analysis/work/jsoup/src/main/java/org/jsoup/nodes/DocumentType.java,org.jsoup.nodes.DocumentType,systemId/0,false,70,1,2,1,1,1,1,3,1,0,0,1,0,0,0,0,0,0,0,0,0,0,0,0,0,0,18,1,0,true
/home/alison/jsoup-quality-analysis/work/jsoup/src/main/java/org/jsoup/nodes/DocumentType.java,org.jsoup.nodes.DocumentType,"outerHtmlHead/3[java.lang.Appendable,int,org.jsoup.nodes.Document.OutputSettings]",false,80,3,4,0,4,10,6,14,0,0,3,6,1,1,0,1,0,0,6,1,0,0,1,0,0,0,27,0,0,false
/home/alison/jsoup-quality-analysis/work/jsoup/src/main/java/org/jsoup/nodes/DocumentType.java,org.jsoup.nodes.DocumentType,updatePubSyskey/0,false,43,2,3,1,2,3,2,6,0,0,0,2,1,1,0,0,0,0,0,0,0,0,1,0,0,0,18,2,0,false
/home/alison/jsoup-quality-analysis/work/jsoup/src/main/java/org/jsoup/nodes/DocumentType.java,org.jsoup.nodes.DocumentType,setPubSysKey/1[java.lang.String],false,38,1,3,2,1,2,1,3,0,0,1,1,0,0,0,1,0,0,0,0,0,0,1,0,0,0,7,1,0,false
/home/alison/jsoup-quality-analysis/work/jsoup/src/main/java/org/jsoup/Connection.java,org.jsoup.Connection$Request,ignoreContentType/0,false,613,0,0,0,0,1,0,1,0,0,0,0,0,0,0,0,0,0,0,0,0,0,0,0,0,0,21,0,0,true
/home/alison/jsoup-quality-analysis/work/jsoup/src/main/java/org/jsoup/Connection.java,org.jsoup.Connection$Request,proxy/1[java.net.Proxy],false,545,2,0,0,0,1,0,1,0,0,1,0,0,0,0,0,0,0,0,0,0,0,0,0,0,0,10,0,0,true
/home/alison/jsoup-quality-analysis/work/jsoup/src/main/java/org/jsoup/Connection.java,org.jsoup.Connection$Request,followRedirects/1[boolean],false,592,1,0,0,0,1,0,1,0,0,1,0,0,0,0,0,0,0,0,0,0,0,0,0,0,0,17,0,0,true
/home/alison/jsoup-quality-analysis/work/jsoup/src/main/java/org/jsoup/Connection.java,org.jsoup.Connection$Request,requestBody/0,false,665,1,1,1,0,1,0,1,0,0,0,0,0,0,0,0,0,0,0,0,0,0,0,0,0,0,7,0,0,true
/home/alison/jsoup-quality-analysis/work/jsoup/src/main/java/org/jsoup/Connection.java,org.jsoup.Connection$Request,proxy/0,false,539,1,0,0,0,1,0,1,0,0,0,0,0,0,0,0,0,0,0,0,0,0,0,0,0,0,7,0,0,true
/home/alison/jsoup-quality-analysis/work/jsoup/src/main/java/org/jsoup/Connection.java,org.jsoup.Connection$Request,data/1[org.jsoup.Connection.KeyVal],false,639,2,0,0,0,1,0,1,0,0,1,0,0,0,0,0,0,0,0,0,0,0,0,0,0,0,12,0,0,true
/home/alison/jsoup-quality-analysis/work/jsoup/src/main/java/org/jsoup/Connection.java,org.jsoup.Connection$Request,parser/0,false,678,1,0,0,0,1,0,1,0,0,0,0,0,0,0,0,0,0,0,0,0,0,0,0,0,0,9,0,0,true
/home/alison/jsoup-quality-analysis/work/jsoup/src/main/java/org/jsoup/Connection.java,org.jsoup.Connection$Request,ignoreHttpErrors/1[boolean],false,606,1,0,0,0,1,0,1,0,0,1,0,0,0,0,0,0,0,0,0,0,0,0,0,0,0,16,0,0,true
/home/alison/jsoup-quality-analysis/work/jsoup/src/main/java/org/jsoup/Connection.java,org.jsoup.Connection$Request,maxBodySize/1[int],false,579,1,0,0,0,1,0,1,0,0,1,0,0,0,0,0,0,0,0,0,0,0,0,0,0,0,11,0,0,true
/home/alison/jsoup-quality-analysis/work/jsoup/src/main/java/org/jsoup/Connection.java,org.jsoup.Connection$Request,ignoreContentType/1[boolean],false,620,1,0,0,0,1,0,1,0,0,1,0,0,0,0,0,0,0,0,0,0,0,0,0,0,0,13,0,0,true
/home/alison/jsoup-quality-analysis/work/jsoup/src/main/java/org/jsoup/Connection.java,org.jsoup.Connection$Request,timeout/0,false,560,0,0,0,0,1,0,1,0,0,0,0,0,0,0,0,0,0,0,0,0,0,0,0,0,0,5,0,0,true
/home/alison/jsoup-quality-analysis/work/jsoup/src/main/java/org/jsoup/Connection.java,org.jsoup.Connection$Request,sslSocketFactory/1[javax.net.ssl.SSLSocketFactory],false,633,0,0,0,0,1,0,1,0,0,1,0,0,0,0,0,0,0,0,0,0,0,0,0,0,0,10,0,0,true
/home/alison/jsoup-quality-analysis/work/jsoup/src/main/java/org/jsoup/Connection.java,org.jsoup.Connection$Request,postDataCharset/0,false,691,0,2,2,0,1,0,1,0,0,0,0,0,0,0,0,0,0,0,0,0,0,0,0,0,0,14,0,0,true
/home/alison/jsoup-quality-analysis/work/jsoup/src/main/java/org/jsoup/Connection.java,org.jsoup.Connection$Request,"proxy/2[java.lang.String,int]",false,552,1,0,0,0,1,0,1,0,0,2,0,0,0,0,0,0,0,0,0,0,0,0,0,0,0,13,0,0,true
/home/alison/jsoup-quality-analysis/work/jsoup/src/main/java/org/jsoup/Connection.java,org.jsoup.Connection$Request,sslSocketFactory/0,false,627,1,0,0,0,1,0,1,0,0,0,0,0,0,0,0,0,0,0,0,0,0,0,0,0,0,13,0,0,true
/home/alison/jsoup-quality-analysis/work/jsoup/src/main/java/org/jsoup/Connection.java,org.jsoup.Connection$Request,postDataCharset/1[java.lang.String],false,684,1,0,0,0,1,0,1,0,0,1,0,0,0,0,0,0,0,0,0,0,0,0,0,0,0,17,0,0,true
/home/alison/jsoup-quality-analysis/work/jsoup/src/main/java/org/jsoup/Connection.java,org.jsoup.Connection$Request,parser/1[org.jsoup.parser.Parser],false,671,2,0,0,0,1,0,1,0,0,1,0,0,0,0,0,0,0,0,0,0,0,0,0,0,0,10,0,0,true
/home/alison/jsoup-quality-analysis/work/jsoup/src/main/java/org/jsoup/Connection.java,org.jsoup.Connection$Request,ignoreHttpErrors/0,false,599,0,0,0,0,1,0,1,0,0,0,0,0,0,0,0,0,0,0,0,0,0,0,0,0,0,21,0,0,true
/home/alison/jsoup-quality-analysis/work/jsoup/src/main/java/org/jsoup/Connection.java,org.jsoup.Connection$Request,requestBody/1[java.lang.String],false,652,2,0,0,0,1,0,1,0,0,1,0,0,0,0,0,0,0,0,0,0,0,0,0,0,0,47,0,0,true
/home/alison/jsoup-quality-analysis/work/jsoup/src/main/java/org/jsoup/Connection.java,org.jsoup.Connection$Request,data/0,false,646,1,4,4,0,1,0,1,0,0,0,0,0,0,0,0,0,0,0,0,0,0,0,0,0,0,8,0,0,true
/home/alison/jsoup-quality-analysis/work/jsoup/src/main/java/org/jsoup/Connection.java,org.jsoup.Connection$Request,timeout/1[int],false,566,1,0,0,0,1,0,1,0,0,1,0,0,0,0,0,0,0,0,0,0,0,0,0,0,0,9,0,0,true
/home/alison/jsoup-quality-analysis/work/jsoup/src/main/java/org/jsoup/Connection.java,org.jsoup.Connection$Request,followRedirects/0,false,586,0,0,0,0,1,0,1,0,0,0,0,0,0,0,0,0,0,0,0,0,0,0,0,0,0,7,0,0,true
/home/alison/jsoup-quality-analysis/work/jsoup/src/main/java/org/jsoup/Connection.java,org.jsoup.Connection$Request,maxBodySize/0,false,573,0,0,0,0,1,0,1,0,0,0,0,0,0,0,0,0,0,0,0,0,0,0,0,0,0,8,0,0,true
/home/alison/jsoup-quality-analysis/work/jsoup/src/main/java/org/jsoup/examples/HtmlToPlainText.java,org.jsoup.examples.HtmlToPlainText,getPlainText/1[org.jsoup.nodes.Element],false,61,3,4,1,3,1,2,5,1,1,1,2,0,0,0,0,0,0,0,0,1,0,0,0,0,0,17,1,0,true
/home/alison/jsoup-quality-analysis/work/jsoup/src/main/java/org/jsoup/examples/HtmlToPlainText.java,org.jsoup.examples.HtmlToPlainText,main/1[java.lang.String[]],false,34,7,8,0,8,6,8,18,0,7,1,8,1,1,1,4,0,0,1,5,7,0,2,0,0,0,25,9,0,false
/home/alison/jsoup-quality-analysis/work/jsoup/src/main/java/org/jsoup/HttpStatusException.java,org.jsoup.HttpStatusException,"HttpStatusException/3[java.lang.String,int,java.lang.String]",true,12,0,1,1,0,1,0,5,0,0,3,0,0,0,0,0,0,0,3,0,2,1,0,0,0,0,10,1,0,false
/home/alison/jsoup-quality-analysis/work/jsoup/src/main/java/org/jsoup/HttpStatusException.java,org.jsoup.HttpStatusException,getUrl/0,false,22,0,0,0,0,1,0,3,1,0,0,0,0,0,0,0,0,0,0,0,0,0,0,0,0,0,3,1,0,false
/home/alison/jsoup-quality-analysis/work/jsoup/src/main/java/org/jsoup/HttpStatusException.java,org.jsoup.HttpStatusException,getStatusCode/0,false,18,0,0,0,0,1,0,3,1,0,0,0,0,0,0,0,0,0,0,0,0,0,0,0,0,0,4,1,0,false
/home/alison/jsoup-quality-analysis/work/jsoup/src/main/java/org/jsoup/select/QueryParser.java,org.jsoup.select.QueryParser,parsePseudoSelector/0,false,181,16,25,1,24,28,11,33,27,1,0,11,9,14,0,0,0,0,28,0,1,0,1,0,0,0,25,2,0,false
/home/alison/jsoup-quality-analysis/work/jsoup/src/main/java/org/jsoup/select/QueryParser.java,org.jsoup.select.QueryParser,consumeSubQuery/0,false,146,2,8,1,7,6,10,11,1,1,0,10,0,0,1,0,0,0,6,1,1,0,5,0,0,0,7,2,0,false
/home/alison/jsoup-quality-analysis/work/jsoup/src/main/java/org/jsoup/select/QueryParser.java,org.jsoup.select.QueryParser,not/0,false,417,4,5,1,4,1,3,5,1,1,0,3,2,14,0,0,0,0,1,0,1,0,0,0,0,0,11,2,0,false
/home/alison/jsoup-quality-analysis/work/jsoup/src/main/java/org/jsoup/select/QueryParser.java,org.jsoup.select.QueryParser,consumeEvaluator/0,false,164,5,12,1,11,9,9,9,6,0,0,9,5,14,0,0,0,0,7,0,0,0,6,0,0,0,15,2,0,false
/home/alison/jsoup-quality-analysis/work/jsoup/src/main/java/org/jsoup/select/QueryParser.java,org.jsoup.select.QueryParser,QueryParser/1[java.lang.String],true,30,2,3,1,2,1,2,6,0,0,1,2,0,0,0,0,0,0,0,0,3,0,0,0,0,0,9,2,0,true
/home/alison/jsoup-quality-analysis/work/jsoup/src/main/java/org/jsoup/select/QueryParser.java,org.jsoup.select.QueryParser,"cssNthChild/2[boolean,boolean]",false,315,8,8,1,7,10,9,33,1,6,2,9,1,1,0,2,0,1,9,11,15,0,3,0,0,0,24,2,0,false
/home/alison/jsoup-quality-analysis/work/jsoup/src/main/java/org/jsoup/select/QueryParser.java,org.jsoup.select.QueryParser,consumeParens/0,false,351,1,10,9,1,1,1,3,1,0,0,1,0,0,0,0,0,0,0,0,0,0,0,0,0,0,2,2,0,false
/home/alison/jsoup-quality-analysis/work/jsoup/src/main/java/org/jsoup/select/QueryParser.java,org.jsoup.select.QueryParser,byClass/0,false,249,4,4,1,3,1,3,5,1,1,0,3,0,0,0,0,0,0,0,0,1,0,0,0,0,0,5,2,0,false
/home/alison/jsoup-quality-analysis/work/jsoup/src/main/java/org/jsoup/select/QueryParser.java,org.jsoup.select.QueryParser,parse/0,false,56,5,9,1,8,6,9,24,2,1,0,9,2,13,1,1,0,0,0,2,1,0,2,0,0,0,11,0,0,true
/home/alison/jsoup-quality-analysis/work/jsoup/src/main/java/org/jsoup/select/QueryParser.java,org.jsoup.select.QueryParser,byId/0,false,243,4,4,1,3,1,2,5,1,1,0,2,0,0,0,0,0,0,0,0,1,0,0,0,0,0,4,2,0,false
/home/alison/jsoup-quality-analysis/work/jsoup/src/main/java/org/jsoup/select/QueryParser.java,org.jsoup.select.QueryParser,matches/1[boolean],false,395,5,5,1,4,3,3,6,1,2,1,3,1,1,0,0,0,0,3,0,2,1,0,0,0,0,10,2,0,false
/home/alison/jsoup-quality-analysis/work/jsoup/src/main/java/org/jsoup/select/QueryParser.java,org.jsoup.select.QueryParser,has/0,false,362,4,5,1,4,1,3,5,1,1,0,3,2,14,0,0,0,0,1,0,1,0,0,0,0,0,12,2,0,false
/home/alison/jsoup-quality-analysis/work/jsoup/src/main/java/org/jsoup/select/QueryParser.java,org.jsoup.select.QueryParser,containsWholeText/1[boolean],false,378,6,6,1,5,3,3,6,1,2,1,3,1,1,0,0,0,0,3,0,2,1,0,0,0,0,13,2,0,false
/home/alison/jsoup-quality-analysis/work/jsoup/src/main/java/org/jsoup/select/QueryParser.java,org.jsoup.select.QueryParser,combinator/1[char],false,85,11,16,1,15,12,11,47,0,7,1,11,2,14,0,3,0,2,1,2,18,0,2,0,0,0,24,2,0,false
/home/alison/jsoup-quality-analysis/work/jsoup/src/main/java/org/jsoup/select/QueryParser.java,org.jsoup.select.QueryParser,containsData/0,false,388,5,5,1,4,1,3,5,1,1,0,3,1,1,0,0,0,0,1,0,1,0,0,0,0,0,12,2,0,false
/home/alison/jsoup-quality-analysis/work/jsoup/src/main/java/org/jsoup/select/QueryParser.java,org.jsoup.select.QueryParser,contains/1[boolean],false,369,6,6,1,5,3,3,6,1,2,1,3,1,1,0,0,0,0,3,0,2,1,0,0,0,0,12,2,0,false
/home/alison/jsoup-quality-analysis/work/jsoup/src/main/java/org/jsoup/select/QueryParser.java,org.jsoup.select.QueryParser,matchesWholeText/1[boolean],false,406,5,5,1,4,3,3,6,1,2,1,3,1,1,0,0,0,0,3,0,2,1,0,0,0,0,12,2,0,false
/home/alison/jsoup-quality-analysis/work/jsoup/src/main/java/org/jsoup/select/QueryParser.java,org.jsoup.select.QueryParser,consumeIndex/0,false,355,3,4,1,3,1,5,5,1,1,0,5,1,1,0,0,0,0,1,0,1,0,0,0,0,0,6,2,0,false
/home/alison/jsoup-quality-analysis/work/jsoup/src/main/java/org/jsoup/select/QueryParser.java,org.jsoup.select.QueryParser,byAttribute/0,false,280,12,18,1,17,9,10,21,1,3,0,10,0,0,0,0,0,0,8,1,10,0,7,0,0,0,16,2,0,false
/home/alison/jsoup-quality-analysis/work/jsoup/src/main/java/org/jsoup/select/QueryParser.java,org.jsoup.select.QueryParser,parse/1[java.lang.String],false,43,3,13,10,3,2,2,9,1,1,1,2,1,14,0,0,1,0,0,0,1,0,1,0,0,0,19,9,0,true
/home/alison/jsoup-quality-analysis/work/jsoup/src/main/java/org/jsoup/select/QueryParser.java,org.jsoup.select.QueryParser,byTag/0,false,255,7,7,1,6,5,7,14,1,3,0,7,0,0,0,0,0,0,6,1,5,0,2,0,0,0,8,2,0,false
/home/alison/jsoup-quality-analysis/work/jsoup/src/main/java/org/jsoup/select/QueryParser.java,org.jsoup.select.QueryParser,toString/0,false,425,0,0,0,0,1,0,3,1,0,0,0,0,0,0,0,0,0,0,0,0,0,0,0,0,0,3,1,0,false
/home/alison/jsoup-quality-analysis/work/jsoup/src/main/java/org/jsoup/select/Evaluator.java,org.jsoup.select.Evaluator$MatchesWholeText,MatchesWholeText/1[java.util.regex.Pattern],true,915,0,1,1,0,1,0,3,0,0,1,0,0,0,0,0,0,0,0,0,1,0,0,0,0,0,5,1,0,false
/home/alison/jsoup-quality-analysis/work/jsoup/src/main/java/org/jsoup/select/Evaluator.java,org.jsoup.select.Evaluator$MatchesWholeText,toString/0,false,930,0,0,0,0,1,1,3,1,0,0,1,0,0,0,0,0,0,1,0,0,0,0,0,0,0,2,1,0,false
/home/alison/jsoup-quality-analysis/work/jsoup/src/main/java/org/jsoup/select/Evaluator.java,org.jsoup.select.Evaluator$MatchesWholeText,"matches/2[org.jsoup.nodes.Element,org.jsoup.nodes.Element]",false,920,1,1,0,1,1,3,4,1,1,2,3,0,0,0,0,0,0,0,0,1,0,0,0,0,0,5,1,0,false
/home/alison/jsoup-quality-analysis/work/jsoup/src/main/java/org/jsoup/select/Evaluator.java,org.jsoup.select.Evaluator$MatchesWholeText,cost/0,false,925,0,0,0,0,1,0,3,1,0,0,0,0,0,0,0,0,0,0,1,0,0,0,0,0,0,1,4,0,false
/home/alison/jsoup-quality-analysis/work/jsoup/src/main/java/org/jsoup/parser/HtmlTreeBuilderState.java,org.jsoup.parser.HtmlTreeBuilderState$Anonymous23,"process/2[org.jsoup.parser.Token,org.jsoup.parser.HtmlTreeBuilder]",false,1736,4,102,0,102,9,12,18,4,0,2,12,0,0,0,0,0,1,2,0,0,0,1,0,0,0,8,0,1,false
/home/alison/jsoup-quality-analysis/work/jsoup/src/main/java/org/jsoup/nodes/NodeUtils.java,org.jsoup.nodes.NodeUtils,outputSettings/1[org.jsoup.nodes.Node],false,20,3,5,2,3,2,2,4,1,1,1,2,0,0,0,1,0,1,1,0,1,0,0,0,0,0,17,8,0,true
/home/alison/jsoup-quality-analysis/work/jsoup/src/main/java/org/jsoup/nodes/NodeUtils.java,org.jsoup.nodes.NodeUtils,"selectXpath/3[java.lang.String,org.jsoup.nodes.Element,java.lang.Class<T>]",false,39,7,9,1,8,1,7,10,1,4,3,7,0,0,0,0,0,0,0,0,4,0,0,0,0,0,61,8,0,true
/home/alison/jsoup-quality-analysis/work/jsoup/src/main/java/org/jsoup/nodes/NodeUtils.java,org.jsoup.nodes.NodeUtils,parser/1[org.jsoup.nodes.Node],false,28,4,13,9,4,3,2,4,1,1,1,2,0,0,0,2,0,0,0,0,1,0,0,0,0,0,25,8,0,true
/home/alison/jsoup-quality-analysis/work/jsoup/src/main/java/org/jsoup/parser/HtmlTreeBuilderState.java,org.jsoup.parser.HtmlTreeBuilderState$Anonymous22,"process/2[org.jsoup.parser.Token,org.jsoup.parser.HtmlTreeBuilder]",false,1716,5,102,0,102,7,17,20,3,1,2,17,0,0,0,0,0,1,1,0,1,0,1,0,0,0,9,0,1,false
/home/alison/jsoup-quality-analysis/work/jsoup/src/main/java/org/jsoup/select/Evaluator.java,org.jsoup.select.Evaluator$Matches,toString/0,false,877,0,0,0,0,1,1,3,1,0,0,1,0,0,0,0,0,0,1,0,0,0,0,0,0,0,2,1,0,false
/home/alison/jsoup-quality-analysis/work/jsoup/src/main/java/org/jsoup/select/Evaluator.java,org.jsoup.select.Evaluator$Matches,Matches/1[java.util.regex.Pattern],true,862,0,2,2,0,1,0,3,0,0,1,0,0,0,0,0,0,0,0,0,1,0,0,0,0,0,3,1,0,false
/home/alison/jsoup-quality-analysis/work/jsoup/src/main/java/org/jsoup/select/Evaluator.java,org.jsoup.select.Evaluator$Matches,cost/0,false,872,0,0,0,0,1,0,3,1,0,0,0,0,0,0,0,0,0,0,1,0,0,0,0,0,0,1,4,0,false
/home/alison/jsoup-quality-analysis/work/jsoup/src/main/java/org/jsoup/select/Evaluator.java,org.jsoup.select.Evaluator$Matches,"matches/2[org.jsoup.nodes.Element,org.jsoup.nodes.Element]",false,867,1,1,0,1,1,3,4,1,1,2,3,0,0,0,0,0,0,0,0,1,0,0,0,0,0,5,1,0,false
/home/alison/jsoup-quality-analysis/work/jsoup/src/main/java/org/jsoup/parser/HtmlTreeBuilderState.java,org.jsoup.parser.HtmlTreeBuilderState$Anonymous24,"process/2[org.jsoup.parser.Token,org.jsoup.parser.HtmlTreeBuilder]",false,1754,13,102,0,102,23,27,46,7,6,2,27,1,1,1,1,0,1,9,2,7,1,4,0,0,0,17,0,3,false
/home/alison/jsoup-quality-analysis/work/jsoup/src/main/java/org/jsoup/parser/HtmlTreeBuilderState.java,org.jsoup.parser.HtmlTreeBuilderState$Anonymous24,"processAsHtml/2[org.jsoup.parser.Token,org.jsoup.parser.HtmlTreeBuilder]",false,1828,3,3,1,2,1,2,3,1,0,2,2,0,0,0,0,0,0,0,0,0,0,0,0,0,0,5,0,0,false
/home/alison/jsoup-quality-analysis/work/jsoup/src/main/java/org/jsoup/select/Evaluator.java,org.jsoup.select.Evaluator$IsOnlyChild,"matches/2[org.jsoup.nodes.Element,org.jsoup.nodes.Element]",false,675,2,2,0,2,2,3,4,1,1,2,3,0,0,0,1,0,1,0,0,1,0,0,0,0,0,6,1,0,false
/home/alison/jsoup-quality-analysis/work/jsoup/src/main/java/org/jsoup/select/Evaluator.java,org.jsoup.select.Evaluator$IsOnlyChild,toString/0,false,680,0,0,0,0,1,0,3,1,0,0,0,0,0,0,0,0,0,1,0,0,0,0,0,0,0,2,1,0,false
/home/alison/jsoup-quality-analysis/work/jsoup/src/main/java/org/jsoup/Connection.java,org.jsoup.Connection$Method,hasBody/0,false,59,0,2,2,0,1,0,3,1,0,0,0,0,0,0,0,0,0,0,0,0,0,0,0,0,0,12,17,0,true
/home/alison/jsoup-quality-analysis/work/jsoup/src/main/java/org/jsoup/Connection.java,org.jsoup.Connection$Method,Method/1[boolean],true,51,0,0,0,0,1,0,3,0,0,1,0,0,0,0,0,0,0,0,0,1,0,0,0,0,0,3,0,0,false
/home/alison/jsoup-quality-analysis/work/jsoup/src/main/java/org/jsoup/UncheckedIOException.java,org.jsoup.UncheckedIOException,UncheckedIOException/1[java.lang.String],true,15,0,0,0,0,1,0,3,0,0,1,0,0,0,0,0,0,0,0,0,0,0,0,0,0,0,5,1,0,false
/home/alison/jsoup-quality-analysis/work/jsoup/src/main/java/org/jsoup/UncheckedIOException.java,org.jsoup.UncheckedIOException,UncheckedIOException/1[java.io.IOException],true,11,0,4,4,0,1,0,3,0,0,1,0,0,0,0,0,0,0,0,0,0,0,0,0,0,0,5,1,0,false
/home/alison/jsoup-quality-analysis/work/jsoup/src/main/java/org/jsoup/UncheckedIOException.java,org.jsoup.UncheckedIOException,ioException/0,false,19,0,0,0,0,1,1,3,1,0,0,1,0,0,0,0,0,0,0,0,0,0,0,0,0,0,6,1,0,false
/home/alison/jsoup-quality-analysis/work/jsoup/src/main/java/org/jsoup/helper/HttpConnection.java,org.jsoup.helper.HttpConnection$Base,headers/1[java.lang.String],false,467,2,2,0,2,1,2,4,1,0,1,2,0,0,0,0,0,0,1,0,0,0,0,0,0,0,6,1,0,false
/home/alison/jsoup-quality-analysis/work/jsoup/src/main/java/org/jsoup/helper/HttpConnection.java,org.jsoup.helper.HttpConnection$Base,removeCookie/1[java.lang.String],false,568,2,1,0,1,1,2,5,1,0,1,2,0,0,0,0,0,0,1,0,0,0,0,0,0,0,4,1,0,false
/home/alison/jsoup-quality-analysis/work/jsoup/src/main/java/org/jsoup/helper/HttpConnection.java,org.jsoup.helper.HttpConnection$Base,multiHeaders/0,false,523,0,0,0,0,1,0,3,1,0,0,0,0,0,0,0,0,0,0,0,0,0,0,0,0,0,3,1,0,false
/home/alison/jsoup-quality-analysis/work/jsoup/src/main/java/org/jsoup/helper/HttpConnection.java,org.jsoup.helper.HttpConnection$Base,method/0,false,427,1,0,0,0,1,0,3,1,0,0,0,0,0,0,0,0,0,0,0,0,0,0,0,0,0,2,1,0,false
/home/alison/jsoup-quality-analysis/work/jsoup/src/main/java/org/jsoup/helper/HttpConnection.java,org.jsoup.helper.HttpConnection$Base,"addHeader/2[java.lang.String,java.lang.String]",false,451,4,2,0,2,3,5,11,1,1,2,5,0,0,0,1,0,0,2,0,3,0,1,0,0,0,8,1,0,false
/home/alison/jsoup-quality-analysis/work/jsoup/src/main/java/org/jsoup/helper/HttpConnection.java,org.jsoup.helper.HttpConnection$Base,"hasHeaderWithValue/2[java.lang.String,java.lang.String]",false,490,2,2,0,2,3,3,9,2,1,2,3,0,0,1,0,0,0,0,0,1,0,2,0,0,0,18,1,0,true
/home/alison/jsoup-quality-analysis/work/jsoup/src/main/java/org/jsoup/helper/HttpConnection.java,org.jsoup.helper.HttpConnection$Base,getHeadersCaseInsensitive/1[java.lang.String],false,527,1,1,0,1,3,6,7,2,0,1,6,0,0,1,0,0,0,0,0,0,0,2,0,0,0,6,2,0,false
/home/alison/jsoup-quality-analysis/work/jsoup/src/main/java/org/jsoup/helper/HttpConnection.java,org.jsoup.helper.HttpConnection$Base,"header/2[java.lang.String,java.lang.String]",false,473,3,3,0,3,1,3,6,1,0,2,3,0,0,0,0,0,0,1,0,0,0,0,0,0,0,7,1,0,false
/home/alison/jsoup-quality-analysis/work/jsoup/src/main/java/org/jsoup/helper/HttpConnection.java,org.jsoup.helper.HttpConnection$Base,Base/1[org.jsoup.helper.HttpConnection.Base<T>],true,402,2,0,0,0,2,5,10,0,0,1,5,0,0,1,0,0,0,0,0,4,0,1,0,0,0,7,2,0,false
/home/alison/jsoup-quality-analysis/work/jsoup/src/main/java/org/jsoup/helper/HttpConnection.java,org.jsoup.helper.HttpConnection$Base,url/0,false,413,0,0,0,0,2,0,4,1,0,0,0,0,0,0,1,0,0,1,0,0,0,1,0,0,0,17,1,0,false
/home/alison/jsoup-quality-analysis/work/jsoup/src/main/java/org/jsoup/helper/HttpConnection.java,org.jsoup.helper.HttpConnection$Base,hasHeader/1[java.lang.String],false,481,2,2,0,2,1,3,4,1,0,1,3,0,0,0,0,0,0,1,0,0,0,0,0,0,0,7,1,0,false
/home/alison/jsoup-quality-analysis/work/jsoup/src/main/java/org/jsoup/helper/HttpConnection.java,org.jsoup.helper.HttpConnection$Base,cookies/0,false,575,0,0,0,0,1,0,3,1,0,0,0,0,0,0,0,0,0,0,0,0,0,0,0,0,0,1,1,0,false
/home/alison/jsoup-quality-analysis/work/jsoup/src/main/java/org/jsoup/helper/HttpConnection.java,org.jsoup.helper.HttpConnection$Base,header/1[java.lang.String],false,439,3,3,0,3,2,4,8,2,1,1,4,0,0,0,0,0,0,2,1,1,0,1,0,0,0,8,1,0,false
/home/alison/jsoup-quality-analysis/work/jsoup/src/main/java/org/jsoup/helper/HttpConnection.java,org.jsoup.helper.HttpConnection$Base,headers/0,false,511,0,0,0,0,3,7,9,1,3,0,7,0,0,1,0,0,0,0,2,3,0,2,0,0,0,5,1,0,false
/home/alison/jsoup-quality-analysis/work/jsoup/src/main/java/org/jsoup/helper/HttpConnection.java,org.jsoup.helper.HttpConnection$Base,url/1[java.net.URL],false,420,3,3,0,3,1,2,5,1,0,1,2,0,0,0,0,0,0,1,0,1,0,0,0,0,0,7,1,0,false
/home/alison/jsoup-quality-analysis/work/jsoup/src/main/java/org/jsoup/helper/HttpConnection.java,org.jsoup.helper.HttpConnection$Base,scanHeaders/1[java.lang.String],false,538,2,1,0,1,3,4,7,2,1,1,4,0,0,1,0,0,0,0,0,1,0,2,0,0,0,8,2,0,false
/home/alison/jsoup-quality-analysis/work/jsoup/src/main/java/org/jsoup/helper/HttpConnection.java,org.jsoup.helper.HttpConnection$Base,cookie/1[java.lang.String],false,548,1,1,0,1,1,2,4,1,0,1,2,0,0,0,0,0,0,1,0,0,0,0,0,0,0,2,1,0,false
/home/alison/jsoup-quality-analysis/work/jsoup/src/main/java/org/jsoup/helper/HttpConnection.java,org.jsoup.helper.HttpConnection$Base,(initializer 1),false,384,0,1,0,1,2,0,8,0,0,0,0,0,0,0,0,1,0,1,0,1,0,1,0,0,0,11,8,0,false
/home/alison/jsoup-quality-analysis/work/jsoup/src/main/java/org/jsoup/helper/HttpConnection.java,org.jsoup.helper.HttpConnection$Base,hasCookie/1[java.lang.String],false,562,1,1,0,1,1,2,4,1,0,1,2,0,0,0,0,0,0,1,0,0,0,0,0,0,0,3,1,0,false
/home/alison/jsoup-quality-analysis/work/jsoup/src/main/java/org/jsoup/helper/HttpConnection.java,org.jsoup.helper.HttpConnection$Base,Base/0,true,397,0,0,0,0,1,0,4,0,0,0,0,0,0,0,0,0,0,0,0,2,0,0,0,0,0,3,2,0,false
/home/alison/jsoup-quality-analysis/work/jsoup/src/main/java/org/jsoup/helper/HttpConnection.java,org.jsoup.helper.HttpConnection$Base,removeHeader/1[java.lang.String],false,502,3,2,0,2,2,4,6,1,1,1,4,0,0,0,1,0,0,1,0,1,0,1,0,0,0,8,1,0,false
/home/alison/jsoup-quality-analysis/work/jsoup/src/main/java/org/jsoup/helper/HttpConnection.java,org.jsoup.helper.HttpConnection$Base,method/1[org.jsoup.Connection.Method],false,432,3,1,0,1,1,1,5,1,0,1,1,0,0,0,0,0,0,1,0,1,0,0,0,0,0,3,1,0,false
/home/alison/jsoup-quality-analysis/work/jsoup/src/main/java/org/jsoup/helper/HttpConnection.java,org.jsoup.helper.HttpConnection$Base,"cookie/2[java.lang.String,java.lang.String]",false,554,2,2,0,2,1,3,6,1,0,2,3,0,0,0,0,0,0,2,0,0,0,0,0,0,0,3,1,0,false
/home/alison/jsoup-quality-analysis/work/jsoup/src/main/java/org/jsoup/parser/TokenQueue.java,org.jsoup.parser.TokenQueue,consumeToAny/1[java.lang.String[]],false,191,1,3,1,2,3,3,7,1,1,1,3,2,3,1,0,0,0,0,0,1,0,1,0,0,0,27,1,0,true
/home/alison/jsoup-quality-analysis/work/jsoup/src/main/java/org/jsoup/parser/TokenQueue.java,org.jsoup.parser.TokenQueue,TokenQueue/1[java.lang.String],true,21,1,5,4,1,1,1,4,0,0,1,1,0,0,0,0,0,0,0,0,1,0,0,0,0,0,10,1,0,true
/home/alison/jsoup-quality-analysis/work/jsoup/src/main/java/org/jsoup/parser/TokenQueue.java,org.jsoup.parser.TokenQueue,"chompBalanced/2[char,char]",false,229,2,6,3,3,22,4,40,1,9,2,4,2,2,1,11,0,1,3,10,17,1,4,0,0,0,77,1,0,true
/home/alison/jsoup-quality-analysis/work/jsoup/src/main/java/org/jsoup/parser/TokenQueue.java,org.jsoup.parser.TokenQueue,remainder/0,false,386,0,4,4,0,1,2,5,1,1,0,2,0,0,0,0,0,0,0,0,2,0,0,0,0,0,11,1,0,true
/home/alison/jsoup-quality-analysis/work/jsoup/src/main/java/org/jsoup/parser/TokenQueue.java,org.jsoup.parser.TokenQueue,matchChomp/1[java.lang.String],false,87,1,5,4,1,2,2,9,2,0,1,2,1,1,0,0,0,0,0,0,1,0,1,0,0,0,24,1,0,true
/home/alison/jsoup-quality-analysis/work/jsoup/src/main/java/org/jsoup/parser/TokenQueue.java,org.jsoup.parser.TokenQueue,chompToIgnoreCase/1[java.lang.String],false,214,1,2,0,2,1,2,5,1,1,1,2,2,4,0,0,0,0,0,0,1,0,0,0,0,0,9,1,0,false
/home/alison/jsoup-quality-analysis/work/jsoup/src/main/java/org/jsoup/parser/TokenQueue.java,org.jsoup.parser.TokenQueue,matches/1[java.lang.String],false,53,0,6,6,0,1,2,3,1,0,1,2,0,0,0,0,0,0,0,1,0,0,0,0,0,0,13,1,0,true
/home/alison/jsoup-quality-analysis/work/jsoup/src/main/java/org/jsoup/parser/TokenQueue.java,org.jsoup.parser.TokenQueue,matchesAny/1[java.lang.String[]],false,62,1,3,2,1,3,1,6,2,0,1,1,1,1,1,0,0,0,0,0,0,0,2,0,0,0,21,1,0,true
/home/alison/jsoup-quality-analysis/work/jsoup/src/main/java/org/jsoup/parser/TokenQueue.java,org.jsoup.parser.TokenQueue,addFirst/1[java.lang.String],false,42,0,0,0,0,1,1,4,0,0,1,1,0,0,0,0,0,0,0,1,2,1,0,0,0,0,12,1,0,true
/home/alison/jsoup-quality-analysis/work/jsoup/src/main/java/org/jsoup/parser/TokenQueue.java,org.jsoup.parser.TokenQueue,matchesWhitespace/0,false,100,2,3,1,2,1,3,3,1,0,0,3,1,2,0,0,0,0,0,0,0,0,0,0,0,0,11,1,0,true
/home/alison/jsoup-quality-analysis/work/jsoup/src/main/java/org/jsoup/parser/TokenQueue.java,org.jsoup.parser.TokenQueue,consumeTo/1[java.lang.String],false,149,1,3,2,1,2,4,11,2,2,1,4,1,1,0,1,0,0,0,1,3,0,1,0,0,0,34,1,0,true
/home/alison/jsoup-quality-analysis/work/jsoup/src/main/java/org/jsoup/parser/TokenQueue.java,org.jsoup.parser.TokenQueue,matchesAny/1[char[]],false,70,2,3,2,1,4,2,7,3,0,1,2,1,2,1,1,0,0,0,0,0,0,2,0,0,0,9,1,0,false
/home/alison/jsoup-quality-analysis/work/jsoup/src/main/java/org/jsoup/parser/TokenQueue.java,org.jsoup.parser.TokenQueue,consumeEscapedCssIdentifier/1[java.lang.String[]],false,360,1,6,2,4,6,6,18,1,3,1,6,4,5,1,1,0,0,0,2,5,0,2,0,0,0,19,2,0,false
/home/alison/jsoup-quality-analysis/work/jsoup/src/main/java/org/jsoup/parser/TokenQueue.java,org.jsoup.parser.TokenQueue,advance/0,false,115,1,1,0,1,2,1,3,0,0,0,1,1,2,0,0,0,0,0,0,0,0,1,0,0,0,9,1,0,true
/home/alison/jsoup-quality-analysis/work/jsoup/src/main/java/org/jsoup/parser/TokenQueue.java,org.jsoup.parser.TokenQueue,consumeWhitespace/0,false,318,1,4,3,1,2,1,8,1,1,0,1,1,3,1,0,0,0,0,0,2,0,1,0,0,0,18,1,0,true
/home/alison/jsoup-quality-analysis/work/jsoup/src/main/java/org/jsoup/parser/TokenQueue.java,org.jsoup.parser.TokenQueue,chompTo/1[java.lang.String],false,208,1,3,1,2,1,2,5,1,1,1,2,2,3,0,0,0,0,0,0,1,0,0,0,0,0,46,1,0,true
/home/alison/jsoup-quality-analysis/work/jsoup/src/main/java/org/jsoup/parser/TokenQueue.java,org.jsoup.parser.TokenQueue,consumeWord/0,false,331,1,1,0,1,2,2,5,1,1,0,2,1,3,1,0,0,0,0,0,1,0,1,0,0,0,20,1,0,true
/home/alison/jsoup-quality-analysis/work/jsoup/src/main/java/org/jsoup/parser/TokenQueue.java,org.jsoup.parser.TokenQueue,consume/0,false,123,0,4,4,0,1,1,3,1,0,0,1,0,0,0,0,0,0,0,0,0,0,0,0,0,0,8,1,0,true
/home/alison/jsoup-quality-analysis/work/jsoup/src/main/java/org/jsoup/parser/TokenQueue.java,org.jsoup.parser.TokenQueue,escapeCssIdentifier/1[java.lang.String],false,301,2,8,2,6,3,6,13,1,2,1,6,3,5,1,0,0,0,0,0,2,0,2,0,0,0,16,9,0,false
/home/alison/jsoup-quality-analysis/work/jsoup/src/main/java/org/jsoup/parser/TokenQueue.java,org.jsoup.parser.TokenQueue,consumeToIgnoreCase/1[java.lang.String],false,160,1,3,1,2,6,8,16,1,4,1,8,2,2,1,1,0,0,0,4,6,1,4,0,0,0,14,1,0,false
/home/alison/jsoup-quality-analysis/work/jsoup/src/main/java/org/jsoup/parser/TokenQueue.java,org.jsoup.parser.TokenQueue,remainingLength/0,false,34,0,3,3,0,1,1,3,1,0,0,1,0,0,0,0,0,0,0,0,0,1,0,0,0,0,3,2,0,false
/home/alison/jsoup-quality-analysis/work/jsoup/src/main/java/org/jsoup/parser/TokenQueue.java,org.jsoup.parser.TokenQueue,consumeElementSelector/0,false,344,1,2,1,1,1,1,3,1,0,0,1,1,6,0,0,0,0,0,0,0,0,0,0,0,0,27,1,0,true
/home/alison/jsoup-quality-analysis/work/jsoup/src/main/java/org/jsoup/parser/TokenQueue.java,org.jsoup.parser.TokenQueue,matchesWord/0,false,108,1,4,3,1,1,3,3,1,0,0,3,1,2,0,0,0,0,0,0,0,0,0,0,0,0,14,1,0,true
/home/alison/jsoup-quality-analysis/work/jsoup/src/main/java/org/jsoup/parser/TokenQueue.java,org.jsoup.parser.TokenQueue,isEmpty/0,false,30,1,13,12,1,2,1,3,1,0,0,1,1,1,0,1,0,0,0,1,0,0,0,0,0,0,12,1,0,true
/home/alison/jsoup-quality-analysis/work/jsoup/src/main/java/org/jsoup/parser/TokenQueue.java,org.jsoup.parser.TokenQueue,unescape/1[java.lang.String],false,280,1,6,4,2,4,4,15,1,2,1,4,0,0,1,2,0,0,0,2,4,0,3,0,0,0,16,9,0,true
/home/alison/jsoup-quality-analysis/work/jsoup/src/main/java/org/jsoup/parser/TokenQueue.java,org.jsoup.parser.TokenQueue,matchesCssIdentifier/1[java.lang.String[]],false,378,1,4,2,2,1,2,3,1,0,1,2,2,4,0,0,0,0,0,0,0,0,0,0,0,0,5,2,0,false
/home/alison/jsoup-quality-analysis/work/jsoup/src/main/java/org/jsoup/parser/TokenQueue.java,org.jsoup.parser.TokenQueue,consumeCssIdentifier/0,false,354,1,4,3,1,1,1,3,1,0,0,1,1,6,0,0,0,0,0,0,0,0,0,0,0,0,21,1,0,true
/home/alison/jsoup-quality-analysis/work/jsoup/src/main/java/org/jsoup/parser/TokenQueue.java,org.jsoup.parser.TokenQueue,consume/1[java.lang.String],false,134,1,2,0,2,3,3,6,0,1,1,3,2,1,0,0,0,0,2,0,2,0,1,0,0,0,42,1,0,true
/home/alison/jsoup-quality-analysis/work/jsoup/src/main/java/org/jsoup/parser/TokenQueue.java,org.jsoup.parser.TokenQueue,toString/0,false,393,0,0,0,0,1,1,3,1,0,0,1,0,0,0,0,0,0,0,0,0,0,0,0,0,0,3,1,0,false
/home/alison/jsoup-quality-analysis/work/jsoup/src/main/java/org/jsoup/parser/ParseSettings.java,org.jsoup.parser.ParseSettings,(initializer 1),false,20,1,1,0,1,1,0,4,0,0,0,0,0,0,0,0,0,0,0,0,2,0,0,0,0,0,6,8,0,false
/home/alison/jsoup-quality-analysis/work/jsoup/src/main/java/org/jsoup/parser/ParseSettings.java,org.jsoup.parser.ParseSettings,preserveAttributeCase/0,false,38,0,1,1,0,1,0,3,1,0,0,0,0,0,0,0,0,0,0,0,0,0,0,0,0,0,7,1,0,true
/home/alison/jsoup-quality-analysis/work/jsoup/src/main/java/org/jsoup/parser/ParseSettings.java,org.jsoup.parser.ParseSettings,"ParseSettings/2[boolean,boolean]",true,47,0,1,1,0,1,0,4,0,0,2,0,0,0,0,0,0,0,0,0,2,0,0,0,0,0,11,1,0,true
/home/alison/jsoup-quality-analysis/work/jsoup/src/main/java/org/jsoup/parser/ParseSettings.java,org.jsoup.parser.ParseSettings,normalizeAttributes/1[org.jsoup.nodes.Attributes],false,76,2,6,5,1,3,1,6,1,0,1,1,0,0,0,1,0,0,0,0,0,0,1,0,0,0,7,0,0,false
/home/alison/jsoup-quality-analysis/work/jsoup/src/main/java/org/jsoup/parser/ParseSettings.java,org.jsoup.parser.ParseSettings,preserveTagCase/0,false,31,0,1,1,0,1,0,3,1,0,0,0,0,0,0,0,0,0,0,0,0,0,0,0,0,0,8,1,0,true
/home/alison/jsoup-quality-analysis/work/jsoup/src/main/java/org/jsoup/parser/ParseSettings.java,org.jsoup.parser.ParseSettings,normalizeTag/1[java.lang.String],false,59,1,6,5,1,2,2,5,1,0,1,2,0,0,0,0,0,0,0,0,2,0,1,0,0,0,13,1,0,true
/home/alison/jsoup-quality-analysis/work/jsoup/src/main/java/org/jsoup/parser/ParseSettings.java,org.jsoup.parser.ParseSettings,ParseSettings/1[org.jsoup.parser.ParseSettings],true,52,1,1,1,0,1,0,3,0,0,1,0,0,0,0,0,0,0,0,0,0,0,0,0,0,0,3,0,0,false
/home/alison/jsoup-quality-analysis/work/jsoup/src/main/java/org/jsoup/parser/ParseSettings.java,org.jsoup.parser.ParseSettings,normalName/1[java.lang.String],false,84,1,4,3,1,1,2,3,1,0,1,2,0,0,0,0,0,0,0,0,0,0,0,0,0,0,15,8,0,true
/home/alison/jsoup-quality-analysis/work/jsoup/src/main/java/org/jsoup/parser/ParseSettings.java,org.jsoup.parser.ParseSettings,normalizeAttribute/1[java.lang.String],false,69,1,2,1,1,2,2,5,1,0,1,2,0,0,0,0,0,0,0,0,2,0,1,0,0,0,13,1,0,true
/home/alison/jsoup-quality-analysis/work/jsoup/src/main/java/org/jsoup/select/NodeFilter.java,org.jsoup.select.NodeFilter,"tail/2[org.jsoup.nodes.Node,int]",false,58,2,1,1,0,1,0,3,1,0,2,0,0,0,0,0,0,0,0,0,0,0,0,0,0,0,33,65536,0,true
/home/alison/jsoup-quality-analysis/work/jsoup/src/main/java/org/jsoup/select/NodeFilter.java,org.jsoup.select.NodeFilter,"head/2[org.jsoup.nodes.Node,int]",false,43,2,1,1,0,1,0,1,0,0,2,0,0,0,0,0,0,0,0,0,0,0,0,0,0,0,24,0,0,true
/home/alison/jsoup-quality-analysis/work/jsoup/src/main/java/org/jsoup/parser/HtmlTreeBuilderState.java,org.jsoup.parser.HtmlTreeBuilderState$Anonymous21,"process/2[org.jsoup.parser.Token,org.jsoup.parser.HtmlTreeBuilder]",false,1692,4,102,0,102,11,17,28,5,0,2,17,0,0,0,0,0,0,3,0,0,0,1,0,0,0,10,0,2,false
/home/alison/jsoup-quality-analysis/work/jsoup/src/main/java/org/jsoup/parser/HtmlTreeBuilderState.java,org.jsoup.parser.HtmlTreeBuilderState$Anonymous20,"process/2[org.jsoup.parser.Token,org.jsoup.parser.HtmlTreeBuilder]",false,1644,6,102,0,102,16,22,48,8,1,2,22,0,0,0,0,0,0,8,0,1,0,3,0,0,0,11,0,5,false
/home/alison/jsoup-quality-analysis/work/jsoup/src/main/java/org/jsoup/select/Evaluator.java,org.jsoup.select.Evaluator$MatchesWholeOwnText,toString/0,false,957,0,0,0,0,1,1,3,1,0,0,1,0,0,0,0,0,0,1,0,0,0,0,0,0,0,2,1,0,false
/home/alison/jsoup-quality-analysis/work/jsoup/src/main/java/org/jsoup/select/Evaluator.java,org.jsoup.select.Evaluator$MatchesWholeOwnText,cost/0,false,952,0,0,0,0,1,0,3,1,0,0,0,0,0,0,0,0,0,0,1,0,0,0,0,0,0,1,4,0,false
/home/alison/jsoup-quality-analysis/work/jsoup/src/main/java/org/jsoup/select/Evaluator.java,org.jsoup.select.Evaluator$MatchesWholeOwnText,MatchesWholeOwnText/1[java.util.regex.Pattern],true,942,0,1,1,0,1,0,3,0,0,1,0,0,0,0,0,0,0,0,0,1,0,0,0,0,0,6,1,0,false
/home/alison/jsoup-quality-analysis/work/jsoup/src/main/java/org/jsoup/select/Evaluator.java,org.jsoup.select.Evaluator$MatchesWholeOwnText,"matches/2[org.jsoup.nodes.Element,org.jsoup.nodes.Element]",false,947,1,1,0,1,1,3,4,1,1,2,3,0,0,0,0,0,0,0,0,1,0,0,0,0,0,5,1,0,false
/home/alison/jsoup-quality-analysis/work/jsoup/src/main/java/org/jsoup/parser/HtmlTreeBuilderState.java,org.jsoup.parser.HtmlTreeBuilderState$Anonymous12,"process/2[org.jsoup.parser.Token,org.jsoup.parser.HtmlTreeBuilder]",false,1167,8,102,0,102,14,15,43,9,3,2,15,1,1,0,0,0,0,6,0,3,0,3,0,0,0,16,0,2,false
/home/alison/jsoup-quality-analysis/work/jsoup/src/main/java/org/jsoup/parser/HtmlTreeBuilderState.java,org.jsoup.parser.HtmlTreeBuilderState$Anonymous12,"anythingElse/2[org.jsoup.parser.Token,org.jsoup.parser.HtmlTreeBuilder]",false,1225,3,14,1,13,2,5,10,2,0,2,5,0,0,0,0,0,0,1,0,0,0,1,0,0,0,9,2,1,false
/home/alison/jsoup-quality-analysis/work/jsoup/src/main/java/org/jsoup/parser/HtmlTreeBuilderState.java,org.jsoup.parser.HtmlTreeBuilderState$Anonymous11,"process/2[org.jsoup.parser.Token,org.jsoup.parser.HtmlTreeBuilder]",false,1134,6,102,0,102,12,17,30,5,3,2,17,0,0,0,0,0,1,5,0,3,0,3,0,0,0,14,0,4,false
/home/alison/jsoup-quality-analysis/work/jsoup/src/main/java/org/jsoup/parser/HtmlTreeBuilderState.java,org.jsoup.parser.HtmlTreeBuilderState$Anonymous14,"process/2[org.jsoup.parser.Token,org.jsoup.parser.HtmlTreeBuilder]",false,1297,7,102,0,102,14,16,72,13,4,2,16,1,1,0,0,0,0,5,0,4,0,3,0,0,0,18,0,5,false
/home/alison/jsoup-quality-analysis/work/jsoup/src/main/java/org/jsoup/parser/HtmlTreeBuilderState.java,org.jsoup.parser.HtmlTreeBuilderState$Anonymous14,"anythingElse/2[org.jsoup.parser.Token,org.jsoup.parser.HtmlTreeBuilder]",false,1365,2,14,1,13,1,1,3,1,0,2,1,0,0,0,0,0,0,0,0,0,0,0,0,0,0,4,2,0,false
/home/alison/jsoup-quality-analysis/work/jsoup/src/main/java/org/jsoup/parser/HtmlTreeBuilderState.java,org.jsoup.parser.HtmlTreeBuilderState$Anonymous13,"exitTableBody/2[org.jsoup.parser.Token,org.jsoup.parser.HtmlTreeBuilder]",false,1281,4,9,1,8,4,8,9,2,0,2,8,0,0,0,0,0,1,3,0,0,0,1,0,0,0,7,2,1,false
/home/alison/jsoup-quality-analysis/work/jsoup/src/main/java/org/jsoup/parser/HtmlTreeBuilderState.java,org.jsoup.parser.HtmlTreeBuilderState$Anonymous13,"anythingElse/2[org.jsoup.parser.Token,org.jsoup.parser.HtmlTreeBuilder]",false,1292,2,14,1,13,1,1,3,1,0,2,1,0,0,0,0,0,0,0,0,0,0,0,0,0,0,4,2,0,false
/home/alison/jsoup-quality-analysis/work/jsoup/src/main/java/org/jsoup/parser/HtmlTreeBuilderState.java,org.jsoup.parser.HtmlTreeBuilderState$Anonymous13,"process/2[org.jsoup.parser.Token,org.jsoup.parser.HtmlTreeBuilder]",false,1237,8,102,0,102,10,15,45,9,3,2,15,2,1,0,0,0,0,3,0,4,0,3,0,0,0,18,0,3,false
/home/alison/jsoup-quality-analysis/work/jsoup/src/main/java/org/jsoup/parser/HtmlTreeBuilderState.java,org.jsoup.parser.HtmlTreeBuilderState$Anonymous16,"anythingElse/2[org.jsoup.parser.Token,org.jsoup.parser.HtmlTreeBuilder]",false,1516,2,14,1,13,1,1,4,1,0,2,1,0,0,0,0,0,0,0,0,0,0,0,0,0,0,5,2,1,false
/home/alison/jsoup-quality-analysis/work/jsoup/src/main/java/org/jsoup/parser/HtmlTreeBuilderState.java,org.jsoup.parser.HtmlTreeBuilderState$Anonymous16,"process/2[org.jsoup.parser.Token,org.jsoup.parser.HtmlTreeBuilder]",false,1426,10,102,0,102,30,24,73,13,4,2,24,1,1,0,1,0,0,25,0,5,0,4,0,0,0,15,0,8,false
/home/alison/jsoup-quality-analysis/work/jsoup/src/main/java/org/jsoup/helper/W3CDom.java,org.jsoup.helper.W3CDom$W3CBuilder,W3CBuilder/1[org.w3c.dom.Document],true,354,8,5,1,4,4,7,10,0,1,1,7,0,0,0,1,0,0,1,0,4,0,1,0,0,0,17,1,0,false
/home/alison/jsoup-quality-analysis/work/jsoup/src/main/java/org/jsoup/helper/W3CDom.java,org.jsoup.helper.W3CDom$W3CBuilder,"copyAttributes/2[org.jsoup.nodes.Node,org.w3c.dom.Element]",false,420,3,6,1,5,3,5,8,0,1,2,5,0,0,1,1,0,0,0,0,1,0,2,0,0,0,7,2,0,false
/home/alison/jsoup-quality-analysis/work/jsoup/src/main/java/org/jsoup/helper/W3CDom.java,org.jsoup.helper.W3CDom$W3CBuilder,"head/2[org.jsoup.nodes.Node,int]",false,366,11,11,0,11,10,15,37,0,12,2,15,3,1,0,2,1,0,4,0,13,1,3,0,0,0,32,1,0,false
/home/alison/jsoup-quality-analysis/work/jsoup/src/main/java/org/jsoup/helper/W3CDom.java,org.jsoup.helper.W3CDom$W3CBuilder,updateNamespaces/1[org.jsoup.nodes.Element],false,432,3,5,1,4,5,12,19,1,4,1,12,0,0,1,0,0,0,2,2,5,0,2,0,0,0,20,2,0,true
/home/alison/jsoup-quality-analysis/work/jsoup/src/main/java/org/jsoup/helper/W3CDom.java,org.jsoup.helper.W3CDom$W3CBuilder,"append/2[org.w3c.dom.Node,org.jsoup.nodes.Node]",false,408,2,3,1,2,1,2,4,0,0,2,2,0,0,0,0,0,0,0,0,0,0,0,0,0,0,3,2,0,false
/home/alison/jsoup-quality-analysis/work/jsoup/src/main/java/org/jsoup/helper/W3CDom.java,org.jsoup.helper.W3CDom$W3CBuilder,"tail/2[org.jsoup.nodes.Node,int]",false,413,4,1,0,1,3,2,6,0,0,2,2,0,0,0,0,0,0,0,0,1,0,1,0,0,0,5,1,0,false
/home/alison/jsoup-quality-analysis/work/jsoup/src/main/java/org/jsoup/parser/HtmlTreeBuilderState.java,org.jsoup.parser.HtmlTreeBuilderState$Anonymous15,"process/2[org.jsoup.parser.Token,org.jsoup.parser.HtmlTreeBuilder]",false,1370,7,102,0,102,12,16,45,9,2,2,16,2,1,0,0,0,1,2,0,2,0,3,0,0,0,17,0,5,false
/home/alison/jsoup-quality-analysis/work/jsoup/src/main/java/org/jsoup/parser/HtmlTreeBuilderState.java,org.jsoup.parser.HtmlTreeBuilderState$Anonymous15,closeCell/1[org.jsoup.parser.HtmlTreeBuilder],false,1418,2,3,1,2,2,2,4,0,0,1,2,0,0,0,0,0,0,3,0,0,0,1,0,0,0,6,2,0,false
/home/alison/jsoup-quality-analysis/work/jsoup/src/main/java/org/jsoup/parser/HtmlTreeBuilderState.java,org.jsoup.parser.HtmlTreeBuilderState$Anonymous15,"anythingElse/2[org.jsoup.parser.Token,org.jsoup.parser.HtmlTreeBuilder]",false,1414,2,14,1,13,1,1,3,1,0,2,1,0,0,0,0,0,0,0,0,0,0,0,0,0,0,4,2,0,false
/home/alison/jsoup-quality-analysis/work/jsoup/src/main/java/org/jsoup/parser/HtmlTreeBuilderState.java,org.jsoup.parser.HtmlTreeBuilderState$Anonymous18,"process/2[org.jsoup.parser.Token,org.jsoup.parser.HtmlTreeBuilder]",false,1542,4,102,0,102,17,17,58,10,1,2,17,0,0,0,1,0,0,7,1,2,0,3,0,0,0,16,0,2,false
/home/alison/jsoup-quality-analysis/work/jsoup/src/main/java/org/jsoup/parser/HtmlTreeBuilderState.java,org.jsoup.parser.HtmlTreeBuilderState$Anonymous17,"process/2[org.jsoup.parser.Token,org.jsoup.parser.HtmlTreeBuilder]",false,1522,4,102,0,102,6,12,20,4,0,2,12,0,0,0,0,0,1,2,0,0,0,2,0,0,0,7,0,2,false
/home/alison/jsoup-quality-analysis/work/jsoup/src/main/java/org/jsoup/parser/HtmlTreeBuilderState.java,org.jsoup.parser.HtmlTreeBuilderState$Anonymous19,"process/2[org.jsoup.parser.Token,org.jsoup.parser.HtmlTreeBuilder]",false,1611,5,102,0,102,11,21,34,5,1,2,21,0,0,0,1,0,0,3,0,1,0,2,0,0,0,13,0,3,false
/home/alison/jsoup-quality-analysis/work/jsoup/src/main/java/org/jsoup/select/Evaluator.java,org.jsoup.select.Evaluator$ContainsOwnText,toString/0,false,851,0,0,0,0,1,1,3,1,0,0,1,0,0,0,0,0,0,1,0,0,0,0,0,0,0,2,1,0,false
/home/alison/jsoup-quality-analysis/work/jsoup/src/main/java/org/jsoup/select/Evaluator.java,org.jsoup.select.Evaluator$ContainsOwnText,ContainsOwnText/1[java.lang.String],true,841,2,4,2,2,1,2,3,0,0,1,2,0,0,0,0,0,0,0,0,1,0,0,0,0,0,8,1,0,false
/home/alison/jsoup-quality-analysis/work/jsoup/src/main/java/org/jsoup/select/Evaluator.java,org.jsoup.select.Evaluator$ContainsOwnText,"matches/2[org.jsoup.nodes.Element,org.jsoup.nodes.Element]",false,846,2,2,0,2,1,3,3,1,0,2,3,0,0,0,0,0,0,0,0,0,0,0,0,0,0,7,1,0,false
/home/alison/jsoup-quality-analysis/work/jsoup/src/main/java/org/jsoup/parser/TokeniserState.java,org.jsoup.parser.TokeniserState,"handleDataDoubleEscapeTag/4[org.jsoup.parser.Tokeniser,org.jsoup.parser.CharacterReader,org.jsoup.parser.TokeniserState,org.jsoup.parser.TokeniserState]",false,1717,3,8,1,7,10,10,17,1,2,4,10,0,0,0,0,0,0,1,0,2,0,2,0,0,0,10,10,0,false
/home/alison/jsoup-quality-analysis/work/jsoup/src/main/java/org/jsoup/parser/TokeniserState.java,org.jsoup.parser.TokeniserState,"read/2[org.jsoup.parser.Tokeniser,org.jsoup.parser.CharacterReader]",false,1622,2,1,1,0,1,0,1,0,0,2,0,0,0,0,0,0,0,0,0,0,0,0,0,0,0,3,1024,0,false
/home/alison/jsoup-quality-analysis/work/jsoup/src/main/java/org/jsoup/parser/TokeniserState.java,org.jsoup.parser.TokeniserState,"readCharRef/2[org.jsoup.parser.Tokeniser,org.jsoup.parser.TokeniserState]",false,1698,3,5,1,4,2,4,6,0,1,2,4,0,0,0,1,0,0,0,0,1,0,1,0,0,0,7,10,0,false
/home/alison/jsoup-quality-analysis/work/jsoup/src/main/java/org/jsoup/parser/TokeniserState.java,org.jsoup.parser.TokeniserState,"readEndTag/4[org.jsoup.parser.Tokeniser,org.jsoup.parser.CharacterReader,org.jsoup.parser.TokeniserState,org.jsoup.parser.TokeniserState]",false,1707,3,5,1,4,2,4,10,0,0,4,4,0,0,0,0,0,0,1,0,0,0,1,0,0,0,7,10,0,false
/home/alison/jsoup-quality-analysis/work/jsoup/src/main/java/org/jsoup/parser/TokeniserState.java,org.jsoup.parser.TokeniserState,"handleDataEndTag/3[org.jsoup.parser.Tokeniser,org.jsoup.parser.CharacterReader,org.jsoup.parser.TokeniserState]",false,1637,4,11,1,10,12,12,31,1,3,3,12,0,0,0,0,0,0,1,0,5,0,2,0,0,0,26,10,0,true
/home/alison/jsoup-quality-analysis/work/jsoup/src/main/java/org/jsoup/parser/TokeniserState.java,org.jsoup.parser.TokeniserState,"readRawData/4[org.jsoup.parser.Tokeniser,org.jsoup.parser.CharacterReader,org.jsoup.parser.TokeniserState,org.jsoup.parser.TokeniserState]",false,1678,4,10,1,9,4,8,15,0,1,4,8,0,0,0,0,0,0,0,0,1,0,1,0,0,0,9,10,1,false
/home/alison/jsoup-quality-analysis/work/jsoup/src/main/java/org/jsoup/select/Evaluator.java,org.jsoup.select.Evaluator$IndexLessThan,toString/0,false,414,0,0,0,0,1,1,3,1,0,0,1,0,0,0,0,0,0,1,0,0,0,0,0,0,0,2,1,0,false
/home/alison/jsoup-quality-analysis/work/jsoup/src/main/java/org/jsoup/select/Evaluator.java,org.jsoup.select.Evaluator$IndexLessThan,"matches/2[org.jsoup.nodes.Element,org.jsoup.nodes.Element]",false,409,1,1,0,1,3,1,3,1,0,2,1,0,0,0,1,0,0,0,0,0,0,0,0,0,0,5,1,0,false
/home/alison/jsoup-quality-analysis/work/jsoup/src/main/java/org/jsoup/select/Evaluator.java,org.jsoup.select.Evaluator$IndexLessThan,IndexLessThan/1[int],true,404,0,2,2,0,1,0,3,0,0,1,0,0,0,0,0,0,0,0,0,0,0,0,0,0,0,4,1,0,false
/home/alison/jsoup-quality-analysis/work/jsoup/src/main/java/org/jsoup/nodes/Entities.java,org.jsoup.nodes.Entities$EscapeMode,"EscapeMode/2[java.lang.String,int]",true,53,1,1,0,1,1,1,3,0,0,2,1,0,0,0,0,0,0,0,0,0,0,0,0,0,0,4,0,0,false
/home/alison/jsoup-quality-analysis/work/jsoup/src/main/java/org/jsoup/nodes/Entities.java,org.jsoup.nodes.Entities$EscapeMode,codepointForName/1[java.lang.String],false,57,0,4,4,0,2,1,4,1,1,1,1,0,0,0,0,0,0,0,1,1,0,0,0,0,0,6,0,0,false
/home/alison/jsoup-quality-analysis/work/jsoup/src/main/java/org/jsoup/nodes/Entities.java,org.jsoup.nodes.Entities$EscapeMode,size/0,false,73,0,0,0,0,1,0,3,1,0,0,0,0,0,0,0,0,0,0,0,0,0,0,0,0,0,1,2,0,false
/home/alison/jsoup-quality-analysis/work/jsoup/src/main/java/org/jsoup/nodes/Entities.java,org.jsoup.nodes.Entities$EscapeMode,nameForCodepoint/1[int],false,62,0,1,1,0,4,1,7,2,1,1,1,0,0,0,1,0,1,0,4,1,3,1,0,0,0,7,0,0,false
/home/alison/jsoup-quality-analysis/work/jsoup/src/main/java/org/jsoup/select/Evaluator.java,org.jsoup.select.Evaluator$MatchText,"matches/2[org.jsoup.nodes.Element,org.jsoup.nodes.Element]",false,965,5,10,0,10,3,9,10,2,2,2,9,0,0,1,0,0,0,0,0,2,0,1,0,0,0,11,1,0,false
/home/alison/jsoup-quality-analysis/work/jsoup/src/main/java/org/jsoup/select/Evaluator.java,org.jsoup.select.Evaluator$MatchText,cost/0,false,979,0,0,0,0,1,0,3,1,0,0,0,0,0,0,0,0,0,0,1,0,0,0,0,0,0,1,4,0,false
/home/alison/jsoup-quality-analysis/work/jsoup/src/main/java/org/jsoup/select/Evaluator.java,org.jsoup.select.Evaluator$MatchText,toString/0,false,984,0,0,0,0,1,0,3,1,0,0,0,0,0,0,0,0,0,1,0,0,0,0,0,0,0,2,1,0,false
/home/alison/jsoup-quality-analysis/work/jsoup/src/main/java/org/jsoup/parser/HtmlTreeBuilderState.java,org.jsoup.parser.HtmlTreeBuilderState$Anonymous10,"process/2[org.jsoup.parser.Token,org.jsoup.parser.HtmlTreeBuilder]",false,1100,7,102,0,102,7,18,34,3,1,2,18,0,0,1,1,0,0,0,1,1,0,5,0,0,0,13,0,2,false
/home/alison/jsoup-quality-analysis/work/jsoup/src/main/java/org/jsoup/safety/Cleaner.java,org.jsoup.safety.Cleaner$ElementMeta,"ElementMeta/2[org.jsoup.nodes.Element,int]",true,210,1,1,1,0,1,0,4,0,0,2,0,0,0,0,0,0,0,0,0,2,0,0,0,0,0,6,0,0,false
/home/alison/jsoup-quality-analysis/work/jsoup/src/main/java/org/jsoup/select/Evaluator.java,org.jsoup.select.Evaluator,reset/0,false,43,0,3,3,0,1,0,2,0,0,0,0,0,0,0,0,0,0,0,0,0,0,0,0,0,0,11,4,0,true
/home/alison/jsoup-quality-analysis/work/jsoup/src/main/java/org/jsoup/select/Evaluator.java,org.jsoup.select.Evaluator,cost/0,false,50,0,9,9,0,1,0,3,1,0,0,0,0,0,0,0,0,0,0,1,0,0,0,0,0,0,15,4,0,true
/home/alison/jsoup-quality-analysis/work/jsoup/src/main/java/org/jsoup/select/Evaluator.java,org.jsoup.select.Evaluator,Evaluator/0,true,27,0,0,0,0,1,0,2,0,0,0,0,0,0,0,0,0,0,0,0,0,0,0,0,0,0,1,4,0,false
/home/alison/jsoup-quality-analysis/work/jsoup/src/main/java/org/jsoup/select/Evaluator.java,org.jsoup.select.Evaluator,"matches/2[org.jsoup.nodes.Element,org.jsoup.nodes.Element]",false,30,1,8,8,0,1,0,1,0,0,2,0,0,0,0,0,0,0,0,0,0,0,0,0,0,0,18,1025,0,true
/home/alison/jsoup-quality-analysis/work/jsoup/src/main/java/org/jsoup/Connection.java,org.jsoup.Connection,url/1[java.lang.String],false,78,1,2,2,0,1,0,1,0,0,1,0,0,0,0,0,0,0,0,0,0,0,0,0,0,0,19,0,0,true
/home/alison/jsoup-quality-analysis/work/jsoup/src/main/java/org/jsoup/Connection.java,org.jsoup.Connection,"data/4[java.lang.String,java.lang.String,java.io.InputStream,java.lang.String]",false,199,1,0,0,0,1,0,1,0,0,4,0,0,0,0,0,0,0,0,0,0,0,0,0,0,0,50,0,0,true
/home/alison/jsoup-quality-analysis/work/jsoup/src/main/java/org/jsoup/Connection.java,org.jsoup.Connection,data/1[java.lang.String[]],false,226,1,0,0,0,1,0,1,0,0,1,0,0,0,0,0,0,0,0,0,0,0,0,0,0,0,56,0,0,true
/home/alison/jsoup-quality-analysis/work/jsoup/src/main/java/org/jsoup/Connection.java,org.jsoup.Connection,response/1[org.jsoup.Connection.Response],false,373,2,0,0,0,1,0,1,0,0,1,0,0,0,0,0,0,0,0,0,0,0,0,0,0,0,6,0,0,true
/home/alison/jsoup-quality-analysis/work/jsoup/src/main/java/org/jsoup/Connection.java,org.jsoup.Connection,parser/1[org.jsoup.parser.Parser],false,305,2,0,0,0,1,0,1,0,0,1,0,0,0,0,0,0,0,0,0,0,0,0,0,0,0,28,0,0,true
/home/alison/jsoup-quality-analysis/work/jsoup/src/main/java/org/jsoup/Connection.java,org.jsoup.Connection,post/0,false,331,1,0,0,0,1,0,1,0,0,0,0,0,0,0,0,0,0,0,0,0,0,0,0,0,0,44,0,0,true
/home/alison/jsoup-quality-analysis/work/jsoup/src/main/java/org/jsoup/Connection.java,org.jsoup.Connection,request/0,false,353,1,0,0,0,1,0,1,0,0,0,0,0,0,0,0,0,0,0,0,0,0,0,0,0,0,8,0,0,true
/home/alison/jsoup-quality-analysis/work/jsoup/src/main/java/org/jsoup/Connection.java,org.jsoup.Connection,timeout/1[int],false,108,1,2,2,0,1,0,1,0,0,1,0,0,0,0,0,0,0,0,0,0,0,0,0,0,0,43,0,0,true
/home/alison/jsoup-quality-analysis/work/jsoup/src/main/java/org/jsoup/Connection.java,org.jsoup.Connection,maxBodySize/1[int],false,119,1,0,0,0,1,0,1,0,0,1,0,0,0,0,0,0,0,0,0,0,0,0,0,0,0,47,0,0,true
/home/alison/jsoup-quality-analysis/work/jsoup/src/main/java/org/jsoup/Connection.java,org.jsoup.Connection,followRedirects/1[boolean],false,137,1,0,0,0,1,0,1,0,0,1,0,0,0,0,0,0,0,0,0,0,0,0,0,0,0,17,0,0,true
/home/alison/jsoup-quality-analysis/work/jsoup/src/main/java/org/jsoup/Connection.java,org.jsoup.Connection,request/1[org.jsoup.Connection.Request],false,359,2,0,0,0,1,0,1,0,0,1,0,0,0,0,0,0,0,0,0,0,0,0,0,0,0,7,0,0,true
/home/alison/jsoup-quality-analysis/work/jsoup/src/main/java/org/jsoup/Connection.java,org.jsoup.Connection,data/1[java.util.Collection<org.jsoup.Connection.KeyVal>],false,212,2,1,1,0,1,0,1,0,0,1,0,0,0,0,0,0,0,0,0,0,0,0,0,0,0,12,0,0,true
/home/alison/jsoup-quality-analysis/work/jsoup/src/main/java/org/jsoup/Connection.java,org.jsoup.Connection,"header/2[java.lang.String,java.lang.String]",false,258,1,0,0,0,1,0,1,0,0,2,0,0,0,0,0,0,0,0,0,0,0,0,0,0,0,8,0,0,true
/home/alison/jsoup-quality-analysis/work/jsoup/src/main/java/org/jsoup/Connection.java,org.jsoup.Connection,response/0,false,366,1,0,0,0,1,0,1,0,0,0,0,0,0,0,0,0,0,0,0,0,0,0,0,0,0,13,0,0,true
/home/alison/jsoup-quality-analysis/work/jsoup/src/main/java/org/jsoup/Connection.java,org.jsoup.Connection,"proxy/2[java.lang.String,int]",false,92,1,0,0,0,1,0,1,0,0,2,0,0,0,0,0,0,0,0,0,0,0,0,0,0,0,13,0,0,true
/home/alison/jsoup-quality-analysis/work/jsoup/src/main/java/org/jsoup/Connection.java,org.jsoup.Connection,method/1[org.jsoup.Connection.Method],false,144,2,1,1,0,1,0,1,0,0,1,0,0,0,0,0,0,0,0,0,0,0,0,0,0,0,16,0,0,true
/home/alison/jsoup-quality-analysis/work/jsoup/src/main/java/org/jsoup/Connection.java,org.jsoup.Connection,userAgent/1[java.lang.String],false,100,1,1,1,0,1,0,1,0,0,1,0,0,0,0,0,0,0,0,0,0,0,0,0,0,0,10,0,0,true
/home/alison/jsoup-quality-analysis/work/jsoup/src/main/java/org/jsoup/Connection.java,org.jsoup.Connection,sslSocketFactory/1[javax.net.ssl.SSLSocketFactory],false,170,1,0,0,0,1,0,1,0,0,1,0,0,0,0,0,0,0,0,0,0,0,0,0,0,0,11,0,0,true
/home/alison/jsoup-quality-analysis/work/jsoup/src/main/java/org/jsoup/Connection.java,org.jsoup.Connection,postDataCharset/1[java.lang.String],false,313,1,0,0,0,1,0,1,0,0,1,0,0,0,0,0,0,0,0,0,0,0,0,0,0,0,17,0,0,true
/home/alison/jsoup-quality-analysis/work/jsoup/src/main/java/org/jsoup/Connection.java,org.jsoup.Connection,data/1[java.lang.String],false,239,2,0,0,0,1,0,1,0,0,1,0,0,0,0,0,0,0,0,0,0,0,0,0,0,0,10,0,0,true
/home/alison/jsoup-quality-analysis/work/jsoup/src/main/java/org/jsoup/Connection.java,org.jsoup.Connection,ignoreContentType/1[boolean],false,160,1,0,0,0,1,0,1,0,0,1,0,0,0,0,0,0,0,0,0,0,0,0,0,0,0,50,0,0,true
/home/alison/jsoup-quality-analysis/work/jsoup/src/main/java/org/jsoup/Connection.java,org.jsoup.Connection,"headers/1[java.util.Map<java.lang.String,java.lang.String>]",false,267,1,0,0,0,1,0,1,0,0,1,0,0,0,0,0,0,0,0,0,0,0,0,0,0,0,13,0,0,true
/home/alison/jsoup-quality-analysis/work/jsoup/src/main/java/org/jsoup/Connection.java,org.jsoup.Connection,execute/0,false,342,1,0,0,0,1,0,1,0,0,0,0,0,0,0,0,0,0,0,0,0,0,0,0,0,0,42,0,0,true
/home/alison/jsoup-quality-analysis/work/jsoup/src/main/java/org/jsoup/Connection.java,org.jsoup.Connection,newRequest/0,false,64,1,1,1,0,1,0,1,0,0,0,0,0,0,0,0,0,0,0,0,0,0,0,0,0,0,29,0,0,true
/home/alison/jsoup-quality-analysis/work/jsoup/src/main/java/org/jsoup/Connection.java,org.jsoup.Connection,cookieStore/0,false,298,0,0,0,0,1,0,1,0,0,0,0,0,0,0,0,0,0,0,0,0,0,0,0,0,0,8,0,0,true
/home/alison/jsoup-quality-analysis/work/jsoup/src/main/java/org/jsoup/Connection.java,org.jsoup.Connection,"data/2[java.lang.String,java.lang.String]",false,177,1,0,0,0,1,0,1,0,0,2,0,0,0,0,0,0,0,0,0,0,0,0,0,0,0,25,0,0,true
/home/alison/jsoup-quality-analysis/work/jsoup/src/main/java/org/jsoup/Connection.java,org.jsoup.Connection,requestBody/1[java.lang.String],false,246,1,0,0,0,1,0,1,0,0,1,0,0,0,0,0,0,0,0,0,0,0,0,0,0,0,41,0,0,true
/home/alison/jsoup-quality-analysis/work/jsoup/src/main/java/org/jsoup/Connection.java,org.jsoup.Connection,get/0,false,320,1,4,4,0,1,0,1,0,0,0,0,0,0,0,0,0,0,0,0,0,0,0,0,0,0,44,0,0,true
/home/alison/jsoup-quality-analysis/work/jsoup/src/main/java/org/jsoup/Connection.java,org.jsoup.Connection,url/1[java.net.URL],false,71,1,1,1,0,1,0,1,0,0,1,0,0,0,0,0,0,0,0,0,0,0,0,0,0,0,19,0,0,true
/home/alison/jsoup-quality-analysis/work/jsoup/src/main/java/org/jsoup/Connection.java,org.jsoup.Connection,"data/3[java.lang.String,java.lang.String,java.io.InputStream]",false,186,1,0,0,0,1,0,1,0,0,3,0,0,0,0,0,0,0,0,0,0,0,0,0,0,0,48,0,0,true
/home/alison/jsoup-quality-analysis/work/jsoup/src/main/java/org/jsoup/Connection.java,org.jsoup.Connection,cookieStore/1[java.net.CookieStore],false,290,1,0,0,0,1,0,1,0,0,1,0,0,0,0,0,0,0,0,0,0,0,0,0,0,0,21,0,0,true
/home/alison/jsoup-quality-analysis/work/jsoup/src/main/java/org/jsoup/Connection.java,org.jsoup.Connection,"cookie/2[java.lang.String,java.lang.String]",false,275,1,0,0,0,1,0,1,0,0,2,0,0,0,0,0,0,0,0,0,0,0,0,0,0,0,13,0,0,true
/home/alison/jsoup-quality-analysis/work/jsoup/src/main/java/org/jsoup/Connection.java,org.jsoup.Connection,proxy/1[java.net.Proxy],false,85,2,0,0,0,1,0,1,0,0,1,0,0,0,0,0,0,0,0,0,0,0,0,0,0,0,13,0,0,true
/home/alison/jsoup-quality-analysis/work/jsoup/src/main/java/org/jsoup/Connection.java,org.jsoup.Connection,ignoreHttpErrors/1[boolean],false,151,1,0,0,0,1,0,1,0,0,1,0,0,0,0,0,0,0,0,0,0,0,0,0,0,0,41,0,0,true
/home/alison/jsoup-quality-analysis/work/jsoup/src/main/java/org/jsoup/Connection.java,org.jsoup.Connection,referrer/1[java.lang.String],false,130,1,0,0,0,1,0,1,0,0,1,0,0,0,0,0,0,0,0,0,0,0,0,0,0,0,9,0,0,true
/home/alison/jsoup-quality-analysis/work/jsoup/src/main/java/org/jsoup/Connection.java,org.jsoup.Connection,"data/1[java.util.Map<java.lang.String,java.lang.String>]",false,219,1,0,0,0,1,0,1,0,0,1,0,0,0,0,0,0,0,0,0,0,0,0,0,0,0,12,0,0,true
/home/alison/jsoup-quality-analysis/work/jsoup/src/main/java/org/jsoup/Connection.java,org.jsoup.Connection,"cookies/1[java.util.Map<java.lang.String,java.lang.String>]",false,283,1,0,0,0,1,0,1,0,0,1,0,0,0,0,0,0,0,0,0,0,0,0,0,0,0,14,0,0,true
/home/alison/jsoup-quality-analysis/work/jsoup/src/main/java/org/jsoup/select/Evaluator.java,org.jsoup.select.Evaluator$IsRoot,toString/0,false,668,0,0,0,0,1,0,3,1,0,0,0,0,0,0,0,0,0,1,0,0,0,0,0,0,0,2,1,0,false
/home/alison/jsoup-quality-analysis/work/jsoup/src/main/java/org/jsoup/select/Evaluator.java,org.jsoup.select.Evaluator$IsRoot,cost/0,false,663,0,0,0,0,1,0,3,1,0,0,0,0,0,0,0,0,0,0,1,0,0,0,0,0,0,1,4,0,false
/home/alison/jsoup-quality-analysis/work/jsoup/src/main/java/org/jsoup/select/Evaluator.java,org.jsoup.select.Evaluator$IsRoot,"matches/2[org.jsoup.nodes.Element,org.jsoup.nodes.Element]",false,658,2,1,0,1,3,1,4,1,1,2,1,0,0,0,1,0,0,0,0,1,0,0,0,0,0,6,1,0,false
/home/alison/jsoup-quality-analysis/work/jsoup/src/main/java/org/jsoup/nodes/CDataNode.java,org.jsoup.nodes.CDataNode,"outerHtmlTail/3[java.lang.Appendable,int,org.jsoup.nodes.Document.OutputSettings]",false,35,1,0,0,0,1,1,3,0,0,3,1,0,0,0,0,0,0,1,0,0,0,0,0,0,0,8,0,0,false
/home/alison/jsoup-quality-analysis/work/jsoup/src/main/java/org/jsoup/nodes/CDataNode.java,org.jsoup.nodes.CDataNode,text/0,false,23,1,1,0,1,1,1,3,1,0,0,1,0,0,0,0,0,0,0,0,0,0,0,0,0,0,11,1,0,true
/home/alison/jsoup-quality-analysis/work/jsoup/src/main/java/org/jsoup/nodes/CDataNode.java,org.jsoup.nodes.CDataNode,clone/0,false,40,1,0,0,0,1,1,3,1,0,0,1,0,0,0,0,0,0,0,0,0,0,0,0,0,0,4,1,0,false
/home/alison/jsoup-quality-analysis/work/jsoup/src/main/java/org/jsoup/nodes/CDataNode.java,org.jsoup.nodes.CDataNode,nodeName/0,false,14,0,0,0,0,1,0,3,1,0,0,0,0,0,0,0,0,0,1,0,0,0,0,0,0,0,2,1,0,false
/home/alison/jsoup-quality-analysis/work/jsoup/src/main/java/org/jsoup/nodes/CDataNode.java,org.jsoup.nodes.CDataNode,"outerHtmlHead/3[java.lang.Appendable,int,org.jsoup.nodes.Document.OutputSettings]",false,28,2,1,0,1,1,2,3,0,0,3,2,0,0,0,0,0,0,1,0,0,0,0,0,0,0,11,0,0,false
/home/alison/jsoup-quality-analysis/work/jsoup/src/main/java/org/jsoup/nodes/CDataNode.java,org.jsoup.nodes.CDataNode,CDataNode/1[java.lang.String],true,9,0,2,2,0,1,0,3,0,0,1,0,0,0,0,0,0,0,0,0,0,0,0,0,0,0,4,1,0,false
/home/alison/jsoup-quality-analysis/work/jsoup/src/main/java/org/jsoup/select/StructuralEvaluator.java,org.jsoup.select.StructuralEvaluator$Parent,cost/0,false,134,1,1,0,1,1,1,3,1,0,0,1,0,0,0,0,0,0,0,1,0,1,0,0,0,0,1,4,0,false
/home/alison/jsoup-quality-analysis/work/jsoup/src/main/java/org/jsoup/select/StructuralEvaluator.java,org.jsoup.select.StructuralEvaluator$Parent,"matches/2[org.jsoup.nodes.Element,org.jsoup.nodes.Element]",false,119,2,2,0,2,5,2,10,3,1,2,2,0,0,1,3,0,0,0,0,2,0,2,0,0,0,10,1,0,false
/home/alison/jsoup-quality-analysis/work/jsoup/src/main/java/org/jsoup/select/StructuralEvaluator.java,org.jsoup.select.StructuralEvaluator$Parent,Parent/1[org.jsoup.select.Evaluator],true,114,1,1,1,0,1,0,3,0,0,1,0,0,0,0,0,0,0,0,0,0,0,0,0,0,0,3,1,0,false
/home/alison/jsoup-quality-analysis/work/jsoup/src/main/java/org/jsoup/select/StructuralEvaluator.java,org.jsoup.select.StructuralEvaluator$Parent,toString/0,false,139,0,0,0,0,1,1,3,1,0,0,1,0,0,0,0,0,0,1,0,0,0,0,0,0,0,2,1,0,false
/home/alison/jsoup-quality-analysis/work/jsoup/src/main/java/org/jsoup/select/Evaluator.java,org.jsoup.select.Evaluator$IsLastChild,"matches/2[org.jsoup.nodes.Element,org.jsoup.nodes.Element]",false,465,2,2,0,2,3,2,4,1,1,2,2,0,0,0,2,0,1,0,0,1,0,0,0,0,0,6,1,0,false
/home/alison/jsoup-quality-analysis/work/jsoup/src/main/java/org/jsoup/select/Evaluator.java,org.jsoup.select.Evaluator$IsLastChild,toString/0,false,471,0,0,0,0,1,0,3,1,0,0,0,0,0,0,0,0,0,1,0,0,0,0,0,0,0,2,1,0,false
/home/alison/jsoup-quality-analysis/work/jsoup/src/main/java/org/jsoup/select/Evaluator.java,org.jsoup.select.Evaluator$IsNthLastChild,"calculatePosition/2[org.jsoup.nodes.Element,org.jsoup.nodes.Element]",false,565,1,3,0,3,2,3,4,2,0,2,3,0,0,0,1,0,0,0,1,0,1,1,0,0,0,5,4,0,false
/home/alison/jsoup-quality-analysis/work/jsoup/src/main/java/org/jsoup/select/Evaluator.java,org.jsoup.select.Evaluator$IsNthLastChild,getPseudoClass/0,false,572,0,0,0,0,1,0,3,1,0,0,0,0,0,0,0,0,0,1,0,0,0,0,0,0,0,4,4,0,false
/home/alison/jsoup-quality-analysis/work/jsoup/src/main/java/org/jsoup/select/Evaluator.java,org.jsoup.select.Evaluator$IsNthLastChild,"IsNthLastChild/2[int,int]",true,560,0,1,1,0,1,0,3,0,0,2,0,0,0,0,0,0,0,0,0,0,0,0,0,0,0,5,1,0,false
/home/alison/jsoup-quality-analysis/work/jsoup/src/main/java/org/jsoup/nodes/Attribute.java,org.jsoup.nodes.Attribute,html/0,false,119,4,7,1,6,2,4,10,1,1,0,4,1,5,0,0,1,1,1,0,1,0,1,0,0,0,20,1,0,true
/home/alison/jsoup-quality-analysis/work/jsoup/src/main/java/org/jsoup/nodes/Attribute.java,org.jsoup.nodes.Attribute,"Attribute/2[java.lang.String,java.lang.String]",true,36,1,1,1,0,1,0,3,0,0,2,0,0,0,0,0,0,0,0,0,0,0,0,0,0,0,14,1,0,true
/home/alison/jsoup-quality-analysis/work/jsoup/src/main/java/org/jsoup/nodes/Attribute.java,org.jsoup.nodes.Attribute,toString/0,false,173,1,1,0,1,1,1,3,1,0,0,1,1,6,0,0,0,0,0,0,0,0,0,0,0,0,10,1,0,true
/home/alison/jsoup-quality-analysis/work/jsoup/src/main/java/org/jsoup/nodes/Attribute.java,org.jsoup.nodes.Attribute,"createFromEncoded/2[java.lang.String,java.lang.String]",false,183,2,2,0,2,1,1,4,1,1,2,1,0,0,0,0,0,0,0,0,1,0,0,0,0,0,31,9,0,true
/home/alison/jsoup-quality-analysis/work/jsoup/src/main/java/org/jsoup/nodes/Attribute.java,org.jsoup.nodes.Attribute,hashCode/0,false,230,0,0,0,0,3,1,5,1,1,0,1,0,0,0,2,0,1,0,3,2,2,0,0,0,0,6,1,0,false
/home/alison/jsoup-quality-analysis/work/jsoup/src/main/java/org/jsoup/nodes/Attribute.java,org.jsoup.nodes.Attribute,getKey/0,false,60,0,11,11,0,1,0,3,1,0,0,0,0,0,0,0,0,0,0,0,0,0,0,0,0,0,6,1,0,true
/home/alison/jsoup-quality-analysis/work/jsoup/src/main/java/org/jsoup/nodes/Attribute.java,org.jsoup.nodes.Attribute,shouldCollapseAttribute/1[org.jsoup.nodes.Document.OutputSettings],false,202,2,1,0,1,1,1,3,1,0,1,1,1,2,0,0,0,0,0,0,0,0,0,0,0,0,21,20,0,true
/home/alison/jsoup-quality-analysis/work/jsoup/src/main/java/org/jsoup/nodes/Attribute.java,org.jsoup.nodes.Attribute,isDataAttribute/0,false,188,1,2,1,1,1,1,3,1,0,0,1,1,1,0,0,0,0,0,0,0,0,0,0,0,0,4,4,0,false
/home/alison/jsoup-quality-analysis/work/jsoup/src/main/java/org/jsoup/nodes/Attribute.java,org.jsoup.nodes.Attribute,"shouldCollapseAttribute/3[java.lang.String,java.lang.String,org.jsoup.nodes.Document.OutputSettings]",false,207,3,4,2,2,3,4,3,1,0,3,4,1,1,0,2,0,3,0,0,0,0,0,0,0,0,7,12,0,false
/home/alison/jsoup-quality-analysis/work/jsoup/src/main/java/org/jsoup/nodes/Attribute.java,org.jsoup.nodes.Attribute,isBooleanAttribute/1[java.lang.String],false,216,1,2,1,1,2,2,3,1,0,1,2,0,0,0,0,0,0,0,1,0,0,0,0,0,0,15,9,0,true
/home/alison/jsoup-quality-analysis/work/jsoup/src/main/java/org/jsoup/nodes/Attribute.java,org.jsoup.nodes.Attribute,equals/1[java.lang.Object],false,221,2,0,0,0,6,2,7,4,1,1,2,0,0,0,7,0,0,0,0,1,0,1,0,0,0,12,1,0,false
/home/alison/jsoup-quality-analysis/work/jsoup/src/main/java/org/jsoup/nodes/Attribute.java,org.jsoup.nodes.Attribute,"html/4[java.lang.String,java.lang.String,java.lang.Appendable,org.jsoup.nodes.Document.OutputSettings]",false,134,3,4,1,3,2,3,5,1,0,4,3,2,3,0,1,0,0,0,0,1,0,1,0,0,0,12,12,0,false
/home/alison/jsoup-quality-analysis/work/jsoup/src/main/java/org/jsoup/nodes/Attribute.java,org.jsoup.nodes.Attribute,clone/0,false,237,1,0,0,0,2,1,8,1,0,0,1,0,0,0,0,1,0,0,0,0,0,1,0,0,0,8,1,0,false
/home/alison/jsoup-quality-analysis/work/jsoup/src/main/java/org/jsoup/nodes/Attribute.java,org.jsoup.nodes.Attribute,hasDeclaredValue/0,false,93,0,0,0,0,2,0,3,1,0,0,0,0,0,0,1,0,0,0,0,0,0,0,0,0,0,16,1,0,true
/home/alison/jsoup-quality-analysis/work/jsoup/src/main/java/org/jsoup/nodes/Attribute.java,org.jsoup.nodes.Attribute,"Attribute/3[java.lang.String,java.lang.String,org.jsoup.nodes.Attributes]",true,46,3,5,3,2,1,3,8,0,0,3,3,0,0,0,0,0,0,0,0,4,0,0,0,0,0,24,1,0,true
/home/alison/jsoup-quality-analysis/work/jsoup/src/main/java/org/jsoup/nodes/Attribute.java,org.jsoup.nodes.Attribute,"html/2[java.lang.Appendable,org.jsoup.nodes.Document.OutputSettings]",false,130,2,2,1,1,1,1,3,0,0,2,1,1,4,0,0,0,0,0,0,0,0,0,0,0,0,6,4,0,false
/home/alison/jsoup-quality-analysis/work/jsoup/src/main/java/org/jsoup/nodes/Attribute.java,org.jsoup.nodes.Attribute,getValue/0,false,85,1,9,8,1,1,1,3,1,0,0,1,0,0,0,0,0,0,0,0,0,0,0,0,0,0,13,1,0,true
/home/alison/jsoup-quality-analysis/work/jsoup/src/main/java/org/jsoup/nodes/Attribute.java,org.jsoup.nodes.Attribute,setKey/1[java.lang.String],false,68,2,3,0,3,3,4,10,0,1,1,4,0,0,0,2,0,0,0,0,4,0,2,0,0,0,13,1,0,true
/home/alison/jsoup-quality-analysis/work/jsoup/src/main/java/org/jsoup/nodes/Attribute.java,org.jsoup.nodes.Attribute,"htmlNoValidate/4[java.lang.String,java.lang.String,java.lang.Appendable,org.jsoup.nodes.Document.OutputSettings]",false,140,5,5,2,3,2,5,8,0,0,4,5,1,2,0,0,0,0,1,0,0,0,1,0,0,0,12,8,0,false
/home/alison/jsoup-quality-analysis/work/jsoup/src/main/java/org/jsoup/nodes/Attribute.java,org.jsoup.nodes.Attribute,isDataAttribute/1[java.lang.String],false,192,0,1,1,0,2,2,3,1,0,1,2,0,0,0,0,0,0,0,0,0,0,0,0,0,0,4,12,0,false
/home/alison/jsoup-quality-analysis/work/jsoup/src/main/java/org/jsoup/nodes/Attribute.java,org.jsoup.nodes.Attribute,setValue/1[java.lang.String],false,102,2,4,1,3,3,3,12,1,2,1,3,0,0,0,2,0,0,0,0,5,0,2,0,0,0,21,1,0,true
/home/alison/jsoup-quality-analysis/work/jsoup/src/main/java/org/jsoup/nodes/Attribute.java,org.jsoup.nodes.Attribute,"getValidKey/2[java.lang.String,org.jsoup.nodes.Document.OutputSettings.Syntax]",false,155,2,3,3,0,7,3,11,3,0,2,3,0,0,0,2,0,0,2,0,2,0,1,0,0,0,6,9,0,false
