release,date,class,wmc,dit,noc,cbo,lcom,rfc,loc
jsoup-1.10.2,2017-01-02,org.jsoup.nodes.Document$QuirksMode,0,1,0,0,0,0,1
jsoup-1.10.2,2017-01-02,org.jsoup.helper.DataUtil,61,1,0,11,89,53,158
jsoup-1.10.2,2017-01-02,org.jsoup.select.StructuralEvaluator$ImmediateParent,5,3,0,3,3,3,13
jsoup-1.10.2,2017-01-02,org.jsoup.Connection$Response,8,1,0,4,28,0,10
jsoup-1.10.2,2017-01-02,org.jsoup.select.Evaluator$IndexEvaluator,1,2,0,1,0,0,6
jsoup-1.10.2,2017-01-02,org.jsoup.select.Evaluator$IsOnlyOfType,7,2,0,5,1,4,15
jsoup-1.10.2,2017-01-02,org.jsoup.nodes.Entities$CoreCharset,3,1,0,1,0,2,6
jsoup-1.10.2,2017-01-02,org.jsoup.safety.Cleaner,13,1,0,14,13,20,98
jsoup-1.10.2,2017-01-02,org.jsoup.nodes.Element,179,2,2,40,4146,129,535
jsoup-1.10.2,2017-01-02,org.jsoup.helper.HttpConnection,54,3,0,14,0,46,836
jsoup-1.10.2,2017-01-02,org.jsoup.safety.Whitelist$TypedValue,11,1,0,2,0,4,27
jsoup-1.10.2,2017-01-02,org.jsoup.select.NodeTraversor,7,1,0,2,0,6,27
jsoup-1.10.2,2017-01-02,org.jsoup.select.Evaluator$MatchesOwn,3,2,0,2,0,4,13
jsoup-1.10.2,2017-01-02,org.jsoup.select.CombiningEvaluator$And,6,3,0,4,6,4,18
jsoup-1.10.2,2017-01-02,org.jsoup.parser.Token$EndTag,2,3,0,1,1,1,9
jsoup-1.10.2,2017-01-02,org.jsoup.helper.HttpConnection$Request,27,2,0,6,230,7,110
jsoup-1.10.2,2017-01-02,org.jsoup.nodes.Document,50,3,0,12,260,48,259
jsoup-1.10.2,2017-01-02,org.jsoup.Jsoup,16,1,0,10,120,18,58
jsoup-1.10.2,2017-01-02,org.jsoup.parser.HtmlTreeBuilder,177,2,0,26,2805,78,522
jsoup-1.10.2,2017-01-02,org.jsoup.nodes.FormElement,19,3,0,12,4,22,51
jsoup-1.10.2,2017-01-02,org.jsoup.UnsupportedMimeTypeException,4,4,0,0,0,1,18
jsoup-1.10.2,2017-01-02,org.jsoup.select.StructuralEvaluator,0,15,12,2,0,0,94
jsoup-1.10.2,2017-01-02,org.jsoup.select.Evaluator$IndexEquals,4,3,0,2,3,2,11
jsoup-1.10.2,2017-01-02,org.jsoup.select.Selector$SelectorParseException,1,5,0,0,0,1,5
jsoup-1.10.2,2017-01-02,org.jsoup.parser.Token$Tag,31,2,0,8,73,17,107
jsoup-1.10.2,2017-01-02,org.jsoup.nodes.XmlDeclaration,9,2,0,4,15,6,29
jsoup-1.10.2,2017-01-02,org.jsoup.parser.Token$Doctype,7,2,0,2,11,2,33
jsoup-1.10.2,2017-01-02,org.jsoup.select.Evaluator$TagEndsWith,3,2,0,2,0,3,12
jsoup-1.10.2,2017-01-02,org.jsoup.select.Evaluator$Tag,3,2,0,2,0,3,12
jsoup-1.10.2,2017-01-02,org.jsoup.nodes.Document$OutputSettings$Syntax,0,1,0,0,0,0,1
jsoup-1.10.2,2017-01-02,org.jsoup.parser.TokeniserState$Anonymous24,6,1,0,2,0,6,25
jsoup-1.10.2,2017-01-02,org.jsoup.parser.TokeniserState$Anonymous25,3,1,0,2,0,9,18
jsoup-1.10.2,2017-01-02,org.jsoup.parser.TokeniserState$Anonymous26,2,1,0,3,0,8,14
jsoup-1.10.2,2017-01-02,org.jsoup.parser.TokeniserState$Anonymous27,1,1,0,3,0,1,5
jsoup-1.10.2,2017-01-02,org.jsoup.parser.TokeniserState$Anonymous20,2,1,0,2,0,4,11
jsoup-1.10.2,2017-01-02,org.jsoup.parser.TokeniserState$Anonymous21,2,1,0,2,0,4,11
jsoup-1.10.2,2017-01-02,org.jsoup.parser.TokeniserState$Anonymous22,5,1,0,2,0,10,22
jsoup-1.10.2,2017-01-02,org.jsoup.parser.TokeniserState$Anonymous23,5,1,0,2,0,6,23
jsoup-1.10.2,2017-01-02,org.jsoup.parser.Tokeniser,74,1,0,16,235,52,219
jsoup-1.10.2,2017-01-02,org.jsoup.nodes.Comment,7,2,0,4,13,7,22
jsoup-1.10.2,2017-01-02,org.jsoup.select.Evaluator$IndexGreaterThan,4,3,0,2,3,2,11
jsoup-1.10.2,2017-01-02,org.jsoup.parser.TokeniserState$Anonymous28,1,1,0,3,0,1,5
jsoup-1.10.2,2017-01-02,org.jsoup.parser.TokeniserState$Anonymous29,5,1,0,2,0,9,22
jsoup-1.10.2,2017-01-02,org.jsoup.select.Selector,14,5,0,8,0,11,63
jsoup-1.10.2,2017-01-02,org.jsoup.select.Evaluator$AttributeWithValueEnding,3,3,0,3,3,5,11
jsoup-1.10.2,2017-01-02,org.jsoup.select.StructuralEvaluator$ImmediatePreviousSibling,5,3,0,3,3,3,13
jsoup-1.10.2,2017-01-02,org.jsoup.parser.TokeniserState$Anonymous30,5,1,0,2,0,5,22
jsoup-1.10.2,2017-01-02,org.jsoup.helper.HttpConnection$KeyVal,12,1,0,3,1,5,43
jsoup-1.10.2,2017-01-02,org.jsoup.parser.HtmlTreeBuilderState$Anonymous5,16,1,0,7,1,18,33
jsoup-1.10.2,2017-01-02,org.jsoup.parser.TokeniserState$Anonymous35,14,1,0,3,0,8,26
jsoup-1.10.2,2017-01-02,org.jsoup.safety.Whitelist$Protocol,2,2,0,2,1,0,8
jsoup-1.10.2,2017-01-02,org.jsoup.parser.HtmlTreeBuilderState$Anonymous4,19,1,0,12,1,25,70
jsoup-1.10.2,2017-01-02,org.jsoup.parser.TokeniserState$Anonymous36,14,1,0,3,0,8,30
jsoup-1.10.2,2017-01-02,org.jsoup.parser.HtmlTreeBuilderState$Anonymous7,154,1,0,17,1,89,523
jsoup-1.10.2,2017-01-02,org.jsoup.parser.TokeniserState$Anonymous37,15,1,0,3,0,7,33
jsoup-1.10.2,2017-01-02,org.jsoup.parser.HtmlTreeBuilderState$Anonymous6,13,1,0,9,1,25,61
jsoup-1.10.2,2017-01-02,org.jsoup.parser.TokeniserState$Anonymous38,7,1,0,4,0,11,22
jsoup-1.10.2,2017-01-02,org.jsoup.parser.HtmlTreeBuilderState$Anonymous1,5,1,0,8,0,18,22
jsoup-1.10.2,2017-01-02,org.jsoup.parser.TokeniserState$Anonymous31,6,1,0,2,0,5,24
jsoup-1.10.2,2017-01-02,org.jsoup.parser.TokeniserState$Anonymous32,2,1,0,2,0,5,12
jsoup-1.10.2,2017-01-02,org.jsoup.parser.HtmlTreeBuilderState$Anonymous3,11,1,0,7,0,19,35
jsoup-1.10.2,2017-01-02,org.jsoup.parser.TokeniserState$Anonymous33,1,1,0,3,0,1,5
jsoup-1.10.2,2017-01-02,org.jsoup.parser.HtmlTreeBuilderState$Anonymous2,10,1,0,6,1,18,34
jsoup-1.10.2,2017-01-02,org.jsoup.parser.TokeniserState$Anonymous34,14,1,0,3,0,8,29
jsoup-1.10.2,2017-01-02,org.jsoup.parser.HtmlTreeBuilderState$Anonymous9,25,1,0,10,1,36,113
jsoup-1.10.2,2017-01-02,org.jsoup.parser.TokeniserState$Anonymous39,7,1,0,4,0,11,22
jsoup-1.10.2,2017-01-02,org.jsoup.parser.HtmlTreeBuilderState$Anonymous8,4,1,0,2,0,10,18
jsoup-1.10.2,2017-01-02,org.jsoup.nodes.Node,101,1,6,12,816,68,346
jsoup-1.10.2,2017-01-02,org.jsoup.parser.HtmlTreeBuilderState,8,1,0,7,10,12,1506
jsoup-1.10.2,2017-01-02,org.jsoup.select.Evaluator$AttributeStarting,5,2,0,6,0,7,17
jsoup-1.10.2,2017-01-02,org.jsoup.parser.TokeniserState$Anonymous40,17,1,0,4,0,11,27
jsoup-1.10.2,2017-01-02,org.jsoup.nodes.DataNode,8,2,0,5,22,6,29
jsoup-1.10.2,2017-01-02,org.jsoup.parser.TokeniserState$Anonymous41,9,1,0,2,0,6,20
jsoup-1.10.2,2017-01-02,org.jsoup.nodes.Attributes,53,2,0,8,0,38,169
jsoup-1.10.2,2017-01-02,org.jsoup.helper.W3CDom,6,1,0,9,3,15,110
jsoup-1.10.2,2017-01-02,org.jsoup.parser.XmlTreeBuilder,28,2,0,25,55,53,90
jsoup-1.10.2,2017-01-02,org.jsoup.nodes.Document$OutputSettings,18,1,0,4,86,9,73
jsoup-1.10.2,2017-01-02,org.jsoup.select.CombiningEvaluator,6,6,4,2,0,5,68
jsoup-1.10.2,2017-01-02,org.jsoup.select.Evaluator$ContainsData,3,2,0,2,0,4,12
jsoup-1.10.2,2017-01-02,org.jsoup.helper.StringUtil,44,1,0,2,66,28,99
jsoup-1.10.2,2017-01-02,org.jsoup.nodes.Attributes$Dataset$EntrySet,3,3,0,1,1,1,11
jsoup-1.10.2,2017-01-02,org.jsoup.nodes.Attributes$Dataset,5,4,0,3,3,5,43
jsoup-1.10.2,2017-01-02,org.jsoup.parser.TokeniserState$Anonymous13,13,1,0,4,1,12,31
jsoup-1.10.2,2017-01-02,org.jsoup.parser.TokeniserState$Anonymous14,2,1,0,2,0,5,12
jsoup-1.10.2,2017-01-02,org.jsoup.helper.Validate,24,1,0,1,66,2,37
jsoup-1.10.2,2017-01-02,org.jsoup.parser.TokeniserState$Anonymous15,1,1,0,3,0,1,5
jsoup-1.10.2,2017-01-02,org.jsoup.parser.TokeniserState$Anonymous16,1,1,0,3,0,1,5
jsoup-1.10.2,2017-01-02,org.jsoup.parser.TokeniserState$Anonymous10,10,1,0,3,0,6,19
jsoup-1.10.2,2017-01-02,org.jsoup.parser.TokeniserState$Anonymous11,5,1,0,3,0,12,18
jsoup-1.10.2,2017-01-02,org.jsoup.parser.TokeniserState$Anonymous12,2,1,0,3,0,8,14
jsoup-1.10.2,2017-01-02,org.jsoup.parser.TokeniserState$Anonymous17,3,1,0,2,0,5,15
jsoup-1.10.2,2017-01-02,org.jsoup.parser.TokeniserState$Anonymous18,1,1,0,3,0,1,5
jsoup-1.10.2,2017-01-02,org.jsoup.helper.DescendableLinkedList$DescendingIterator,4,1,0,1,0,4,15
jsoup-1.10.2,2017-01-02,org.jsoup.parser.TokeniserState$Anonymous19,1,1,0,3,0,1,5
jsoup-1.10.2,2017-01-02,org.jsoup.select.Evaluator$CssNthEvaluator,13,2,0,4,3,4,24
jsoup-1.10.2,2017-01-02,org.jsoup.parser.Token$Comment,4,2,0,2,4,3,18
jsoup-1.10.2,2017-01-02,org.jsoup.select.Evaluator$IsFirstOfType,2,4,0,1,1,0,8
jsoup-1.10.2,2017-01-02,org.jsoup.parser.ParseError,5,1,0,0,0,1,21
jsoup-1.10.2,2017-01-02,org.jsoup.parser.TokeniserState$Anonymous64,5,1,0,2,0,6,23
jsoup-1.10.2,2017-01-02,org.jsoup.parser.TokeniserState$Anonymous65,8,1,0,2,0,5,18
jsoup-1.10.2,2017-01-02,org.jsoup.parser.TreeBuilder,15,1,2,13,24,12,62
jsoup-1.10.2,2017-01-02,org.jsoup.parser.TokeniserState$Anonymous66,3,1,0,2,0,3,14
jsoup-1.10.2,2017-01-02,org.jsoup.parser.TokeniserState$Anonymous67,1,1,0,2,0,4,8
jsoup-1.10.2,2017-01-02,org.jsoup.parser.TokeniserState$Anonymous1,5,1,0,3,0,8,18
jsoup-1.10.2,2017-01-02,org.jsoup.parser.Parser,22,1,0,12,79,18,81
jsoup-1.10.2,2017-01-02,org.jsoup.select.Evaluator$IsEmpty,6,2,0,6,1,1,12
jsoup-1.10.2,2017-01-02,org.jsoup.parser.TokeniserState$Anonymous7,3,1,0,3,0,7,15
jsoup-1.10.2,2017-01-02,org.jsoup.parser.TokeniserState$Anonymous6,1,1,0,3,0,1,5
jsoup-1.10.2,2017-01-02,org.jsoup.parser.TokeniserState$Anonymous9,4,1,0,2,0,9,21
jsoup-1.10.2,2017-01-02,org.jsoup.select.Evaluator$AttributeWithValueMatching,3,2,0,3,0,8,14
jsoup-1.10.2,2017-01-02,org.jsoup.parser.TokeniserState$Anonymous8,5,1,0,2,0,7,22
jsoup-1.10.2,2017-01-02,org.jsoup.parser.TokeniserState$Anonymous3,5,1,0,3,0,8,19
jsoup-1.10.2,2017-01-02,org.jsoup.parser.TokeniserState$Anonymous2,1,1,0,3,0,1,5
jsoup-1.10.2,2017-01-02,org.jsoup.parser.TokeniserState$Anonymous5,1,1,0,3,0,1,5
jsoup-1.10.2,2017-01-02,org.jsoup.parser.TokeniserState$Anonymous4,1,1,0,3,0,1,5
jsoup-1.10.2,2017-01-02,org.jsoup.examples.ListLinks,9,1,0,8,3,15,31
jsoup-1.10.2,2017-01-02,org.jsoup.select.Evaluator$IsNthChild,3,3,0,2,3,1,11
jsoup-1.10.2,2017-01-02,org.jsoup.parser.HtmlTreeBuilderState$Constants,0,1,0,0,0,0,19
jsoup-1.10.2,2017-01-02,org.jsoup.select.Evaluator$Class,3,2,0,2,0,2,12
jsoup-1.10.2,2017-01-02,org.jsoup.select.StructuralEvaluator$Has,6,3,0,3,3,3,14
jsoup-1.10.2,2017-01-02,org.jsoup.nodes.Node$OuterHtmlVisitor,6,1,0,4,0,4,26
jsoup-1.10.2,2017-01-02,org.jsoup.parser.Token,22,10,10,8,75,4,266
jsoup-1.10.2,2017-01-02,org.jsoup.safety.Cleaner$CleaningVisitor,11,1,0,8,0,10,42
jsoup-1.10.2,2017-01-02,org.jsoup.select.Evaluator$AttributeKeyPair,5,2,0,2,0,7,13
jsoup-1.10.2,2017-01-02,org.jsoup.select.Evaluator$IsNthLastOfType,5,3,0,4,3,7,16
jsoup-1.10.2,2017-01-02,org.jsoup.parser.Tag,52,1,0,3,44,11,158
jsoup-1.10.2,2017-01-02,org.jsoup.parser.Token$Character,5,2,0,2,4,1,21
jsoup-1.10.2,2017-01-02,org.jsoup.select.Evaluator$IsLastOfType,2,4,0,1,1,0,8
jsoup-1.10.2,2017-01-02,org.jsoup.select.Evaluator$Attribute,3,2,0,3,0,2,12
jsoup-1.10.2,2017-01-02,org.jsoup.Connection$KeyVal,7,1,0,1,21,0,9
jsoup-1.10.2,2017-01-02,org.jsoup.nodes.Entities,49,1,0,11,54,39,194
jsoup-1.10.2,2017-01-02,org.jsoup.select.Evaluator$AttributeWithValueContaining,3,3,0,3,3,5,11
jsoup-1.10.2,2017-01-02,org.jsoup.select.Elements,97,4,0,10,1176,48,253
jsoup-1.10.2,2017-01-02,org.jsoup.select.Evaluator$AllElements,2,2,0,2,1,0,8
jsoup-1.10.2,2017-01-02,org.jsoup.parser.TokeniserState$Anonymous46,5,1,0,2,0,6,23
jsoup-1.10.2,2017-01-02,org.jsoup.parser.TokeniserState$Anonymous47,4,1,0,2,0,10,18
jsoup-1.10.2,2017-01-02,org.jsoup.safety.Whitelist$AttributeKey,2,2,0,2,1,0,8
jsoup-1.10.2,2017-01-02,org.jsoup.parser.TokeniserState$Anonymous48,4,1,0,2,0,6,19
jsoup-1.10.2,2017-01-02,org.jsoup.parser.TokeniserState$Anonymous49,6,1,0,2,0,7,27
jsoup-1.10.2,2017-01-02,org.jsoup.parser.TokeniserState$Anonymous42,3,1,0,2,0,6,17
jsoup-1.10.2,2017-01-02,org.jsoup.nodes.TextNode,37,2,0,9,138,37,89
jsoup-1.10.2,2017-01-02,org.jsoup.parser.TokeniserState$Anonymous43,1,1,0,3,0,5,10
jsoup-1.10.2,2017-01-02,org.jsoup.parser.TokeniserState$Anonymous44,4,1,0,2,0,6,18
jsoup-1.10.2,2017-01-02,org.jsoup.select.Evaluator$AttributeWithValue,3,3,0,3,3,5,11
jsoup-1.10.2,2017-01-02,org.jsoup.parser.TokeniserState$Anonymous45,5,1,0,2,0,6,23
jsoup-1.10.2,2017-01-02,org.jsoup.select.Evaluator$AttributeWithValueNot,3,3,0,3,3,3,11
jsoup-1.10.2,2017-01-02,org.jsoup.parser.ParseErrorList,6,4,0,2,0,1,20
jsoup-1.10.2,2017-01-02,org.jsoup.nodes.BooleanAttribute,2,2,0,1,1,0,8
jsoup-1.10.2,2017-01-02,org.jsoup.nodes.Node$Anonymous1,2,1,0,1,1,0,7
jsoup-1.10.2,2017-01-02,org.jsoup.nodes.Element$Anonymous1,8,1,0,4,1,7,14
jsoup-1.10.2,2017-01-02,org.jsoup.SerializationException,4,4,0,0,6,0,14
jsoup-1.10.2,2017-01-02,org.jsoup.select.CombiningEvaluator$Or,9,3,0,4,15,7,28
jsoup-1.10.2,2017-01-02,org.jsoup.select.Evaluator$ContainsText,3,2,0,2,0,4,12
jsoup-1.10.2,2017-01-02,org.jsoup.Connection$Base,15,1,0,2,105,0,17
jsoup-1.10.2,2017-01-02,org.jsoup.safety.Whitelist$TagName,2,2,0,2,1,0,8
jsoup-1.10.2,2017-01-02,org.jsoup.parser.TokeniserState$Anonymous50,5,1,0,2,0,7,23
jsoup-1.10.2,2017-01-02,org.jsoup.parser.TokeniserState$Anonymous51,8,1,0,2,0,6,18
jsoup-1.10.2,2017-01-02,org.jsoup.select.Evaluator$IsNthOfType,6,3,0,4,3,4,17
jsoup-1.10.2,2017-01-02,org.jsoup.select.Evaluator$Id,3,2,0,2,0,3,12
jsoup-1.10.2,2017-01-02,org.jsoup.parser.TokeniserState$Anonymous52,9,1,0,2,0,8,27
jsoup-1.10.2,2017-01-02,org.jsoup.select.StructuralEvaluator$PreviousSibling,6,3,0,3,3,3,17
jsoup-1.10.2,2017-01-02,org.jsoup.parser.TokeniserState$Anonymous57,5,1,0,2,0,6,23
jsoup-1.10.2,2017-01-02,org.jsoup.safety.Whitelist,59,5,0,11,84,64,295
jsoup-1.10.2,2017-01-02,org.jsoup.parser.TokeniserState$Anonymous58,5,1,0,2,0,6,23
jsoup-1.10.2,2017-01-02,org.jsoup.parser.TokeniserState$Anonymous59,10,1,0,2,0,5,26
jsoup-1.10.2,2017-01-02,org.jsoup.examples.HtmlToPlainText$FormattingVisitor,18,1,0,5,4,14,44
jsoup-1.10.2,2017-01-02,org.jsoup.parser.TokeniserState$Anonymous53,10,1,0,2,0,9,26
jsoup-1.10.2,2017-01-02,org.jsoup.select.Collector$Accumulator,5,1,0,5,1,2,18
jsoup-1.10.2,2017-01-02,org.jsoup.select.Collector,2,1,0,6,1,1,27
jsoup-1.10.2,2017-01-02,org.jsoup.helper.DescendableLinkedList,7,5,0,2,10,4,32
jsoup-1.10.2,2017-01-02,org.jsoup.parser.TokeniserState$Anonymous54,6,1,0,2,0,10,29
jsoup-1.10.2,2017-01-02,org.jsoup.parser.TokeniserState$Anonymous55,10,1,0,2,0,5,28
jsoup-1.10.2,2017-01-02,org.jsoup.nodes.Attributes$Dataset$DatasetIterator,5,1,0,1,0,10,17
jsoup-1.10.2,2017-01-02,org.jsoup.parser.TokeniserState$Anonymous56,10,1,0,2,0,5,25
jsoup-1.10.2,2017-01-02,org.jsoup.select.StructuralEvaluator$Not,3,3,0,3,3,2,11
jsoup-1.10.2,2017-01-02,org.jsoup.parser.CharacterReader,130,1,0,3,0,19,280
jsoup-1.10.2,2017-01-02,org.jsoup.select.Evaluator$IsFirstChild,4,2,0,3,1,2,9
jsoup-1.10.2,2017-01-02,org.jsoup.parser.TokeniserState$Anonymous60,10,1,0,2,0,5,25
jsoup-1.10.2,2017-01-02,org.jsoup.parser.TokeniserState$Anonymous61,10,1,0,2,0,5,28
jsoup-1.10.2,2017-01-02,org.jsoup.parser.TokeniserState$Anonymous62,10,1,0,2,0,5,25
jsoup-1.10.2,2017-01-02,org.jsoup.parser.TokeniserState$Anonymous63,5,1,0,2,0,6,23
jsoup-1.10.2,2017-01-02,org.jsoup.select.StructuralEvaluator$Root,2,2,0,2,0,0,5
jsoup-1.10.2,2017-01-02,org.jsoup.helper.HttpConnection$Response,98,2,0,20,139,143,324
jsoup-1.10.2,2017-01-02,org.jsoup.select.NodeVisitor,2,1,0,1,1,0,4
jsoup-1.10.2,2017-01-02,org.jsoup.parser.Token$EOF,2,2,0,2,1,0,8
jsoup-1.10.2,2017-01-02,org.jsoup.parser.Token$StartTag,6,3,0,3,6,5,22
jsoup-1.10.2,2017-01-02,org.jsoup.select.Evaluator$AttributeWithValueStarting,3,3,0,3,3,5,11
jsoup-1.10.2,2017-01-02,org.jsoup.nodes.DocumentType,15,2,0,4,9,7,47
jsoup-1.10.2,2017-01-02,org.jsoup.Connection$Request,23,1,0,4,253,0,25
jsoup-1.10.2,2017-01-02,org.jsoup.examples.HtmlToPlainText,7,1,0,10,1,10,72
jsoup-1.10.2,2017-01-02,org.jsoup.HttpStatusException,4,4,0,0,0,1,18
jsoup-1.10.2,2017-01-02,org.jsoup.select.QueryParser,94,1,0,49,0,64,241
jsoup-1.10.2,2017-01-02,org.jsoup.parser.HtmlTreeBuilderState$Anonymous23,1,1,0,2,0,0,5
jsoup-1.10.2,2017-01-02,org.jsoup.parser.HtmlTreeBuilderState$Anonymous22,9,1,0,4,0,12,20
jsoup-1.10.2,2017-01-02,org.jsoup.select.Evaluator$Matches,3,2,0,2,0,4,13
jsoup-1.10.2,2017-01-02,org.jsoup.safety.Whitelist$AttributeValue,2,2,0,2,1,0,8
jsoup-1.10.2,2017-01-02,org.jsoup.select.Evaluator$IsOnlyChild,4,2,0,3,1,3,9
jsoup-1.10.2,2017-01-02,org.jsoup.Connection$Method,2,1,0,0,0,0,8
jsoup-1.10.2,2017-01-02,org.jsoup.helper.HttpConnection$Base,49,1,0,6,126,20,139
jsoup-1.10.2,2017-01-02,org.jsoup.parser.TokenQueue,87,1,0,4,0,32,195
jsoup-1.10.2,2017-01-02,org.jsoup.parser.ParseSettings,9,1,0,3,0,4,32
jsoup-1.10.2,2017-01-02,org.jsoup.parser.HtmlTreeBuilderState$Anonymous21,7,1,0,4,0,14,18
jsoup-1.10.2,2017-01-02,org.jsoup.parser.HtmlTreeBuilderState$Anonymous20,11,1,0,4,0,17,30
jsoup-1.10.2,2017-01-02,org.jsoup.helper.HttpConnection$Response$Anonymous2,3,1,0,0,3,0,9
jsoup-1.10.2,2017-01-02,org.jsoup.parser.HtmlTreeBuilderState$Anonymous12,14,1,0,9,1,19,43
jsoup-1.10.2,2017-01-02,org.jsoup.helper.HttpConnection$Response$Anonymous1,1,1,0,0,0,0,5
jsoup-1.10.2,2017-01-02,org.jsoup.parser.HtmlTreeBuilderState$Anonymous11,12,1,0,7,0,18,32
jsoup-1.10.2,2017-01-02,org.jsoup.parser.HtmlTreeBuilderState$Anonymous14,14,1,0,8,3,20,63
jsoup-1.10.2,2017-01-02,org.jsoup.parser.HtmlTreeBuilderState$Anonymous13,15,1,0,9,3,20,59
jsoup-1.10.2,2017-01-02,org.jsoup.parser.HtmlTreeBuilderState$Anonymous16,28,1,0,10,1,23,79
jsoup-1.10.2,2017-01-02,org.jsoup.helper.W3CDom$W3CBuilder,18,1,0,14,4,25,73
jsoup-1.10.2,2017-01-02,org.jsoup.parser.HtmlTreeBuilderState$Anonymous15,15,1,0,8,3,20,54
jsoup-1.10.2,2017-01-02,org.jsoup.parser.HtmlTreeBuilderState$Anonymous18,10,1,0,4,0,17,34
jsoup-1.10.2,2017-01-02,org.jsoup.parser.HtmlTreeBuilderState$Anonymous17,6,1,0,5,0,11,20
jsoup-1.10.2,2017-01-02,org.jsoup.parser.HtmlTreeBuilderState$Anonymous19,16,1,0,7,0,23,57
jsoup-1.10.2,2017-01-02,org.jsoup.select.Evaluator$ContainsOwnText,3,2,0,2,0,4,12
jsoup-1.10.2,2017-01-02,org.jsoup.parser.TokeniserState,32,1,0,7,13,26,1333
jsoup-1.10.2,2017-01-02,org.jsoup.select.Evaluator$IndexLessThan,4,3,0,2,3,2,11
jsoup-1.10.2,2017-01-02,org.jsoup.nodes.Entities$EscapeMode,8,1,0,2,4,3,25
jsoup-1.10.2,2017-01-02,org.jsoup.parser.HtmlTreeBuilderState$Anonymous10,7,1,0,7,0,19,35
jsoup-1.10.2,2017-01-02,org.jsoup.safety.Cleaner$ElementMeta,1,1,0,1,0,0,8
jsoup-1.10.2,2017-01-02,org.jsoup.select.Evaluator,2,53,48,7,1,0,431
jsoup-1.10.2,2017-01-02,org.jsoup.Connection,33,1,0,8,528,0,104
jsoup-1.10.2,2017-01-02,org.jsoup.select.Evaluator$IsRoot,4,2,0,3,1,1,9
jsoup-1.10.2,2017-01-02,org.jsoup.select.StructuralEvaluator$Parent,7,3,0,3,3,3,18
jsoup-1.10.2,2017-01-02,org.jsoup.select.Evaluator$IsLastChild,4,2,0,3,1,4,9
jsoup-1.10.2,2017-01-02,org.jsoup.select.Evaluator$IsNthLastChild,3,3,0,2,3,4,11
jsoup-1.10.2,2017-01-02,org.jsoup.parser.Token$TokenType,0,1,0,0,0,0,1
jsoup-1.10.2,2017-01-02,org.jsoup.nodes.Attribute,27,1,1,6,0,21,81
jsoup-1.10.3,2017-06-11,org.jsoup.nodes.Document$QuirksMode,0,1,0,0,0,0,1
jsoup-1.10.3,2017-06-11,org.jsoup.helper.DataUtil,62,1,0,11,89,52,161
jsoup-1.10.3,2017-06-11,org.jsoup.select.StructuralEvaluator$ImmediateParent,5,3,0,3,3,3,13
jsoup-1.10.3,2017-06-11,org.jsoup.helper.ChangeNotifyingArrayList,13,4,0,2,78,12,50
jsoup-1.10.3,2017-06-11,org.jsoup.Connection$Response,8,1,0,4,28,0,10
jsoup-1.10.3,2017-06-11,org.jsoup.select.Evaluator$IndexEvaluator,1,2,0,1,0,0,6
jsoup-1.10.3,2017-06-11,org.jsoup.select.Evaluator$IsOnlyOfType,7,2,0,5,1,4,15
jsoup-1.10.3,2017-06-11,org.jsoup.nodes.Entities$CoreCharset,3,1,0,1,0,2,6
jsoup-1.10.3,2017-06-11,org.jsoup.safety.Cleaner,13,1,0,14,13,20,98
jsoup-1.10.3,2017-06-11,org.jsoup.nodes.Element,187,2,2,41,4426,130,554
jsoup-1.10.3,2017-06-11,org.jsoup.helper.HttpConnection,54,3,0,14,0,39,838
jsoup-1.10.3,2017-06-11,org.jsoup.safety.Whitelist$TypedValue,11,1,0,2,0,4,27
jsoup-1.10.3,2017-06-11,org.jsoup.select.NodeTraversor,7,1,0,2,0,6,27
jsoup-1.10.3,2017-06-11,org.jsoup.select.Evaluator$MatchesOwn,3,2,0,2,0,4,13
jsoup-1.10.3,2017-06-11,org.jsoup.select.CombiningEvaluator$And,6,3,0,4,6,4,18
jsoup-1.10.3,2017-06-11,org.jsoup.parser.Token$EndTag,2,3,0,1,1,1,9
jsoup-1.10.3,2017-06-11,org.jsoup.helper.HttpConnection$Request,27,2,0,6,230,7,110
jsoup-1.10.3,2017-06-11,org.jsoup.nodes.Document,50,3,0,12,260,48,259
jsoup-1.10.3,2017-06-11,org.jsoup.Jsoup,16,1,0,10,120,18,58
jsoup-1.10.3,2017-06-11,org.jsoup.parser.HtmlTreeBuilder,177,2,0,26,2805,78,522
jsoup-1.10.3,2017-06-11,org.jsoup.nodes.FormElement,19,3,0,12,4,22,51
jsoup-1.10.3,2017-06-11,org.jsoup.UnsupportedMimeTypeException,4,4,0,0,0,1,18
jsoup-1.10.3,2017-06-11,org.jsoup.select.StructuralEvaluator,0,15,12,2,0,0,94
jsoup-1.10.3,2017-06-11,org.jsoup.select.Evaluator$IndexEquals,4,3,0,2,3,2,11
jsoup-1.10.3,2017-06-11,org.jsoup.select.Selector$SelectorParseException,1,5,0,0,0,1,5
jsoup-1.10.3,2017-06-11,org.jsoup.parser.Token$Tag,32,2,0,9,73,18,110
jsoup-1.10.3,2017-06-11,org.jsoup.nodes.XmlDeclaration,9,2,0,4,15,6,29
jsoup-1.10.3,2017-06-11,org.jsoup.parser.Token$Doctype,7,2,0,2,11,2,33
jsoup-1.10.3,2017-06-11,org.jsoup.select.Evaluator$TagEndsWith,3,2,0,2,0,3,12
jsoup-1.10.3,2017-06-11,org.jsoup.select.Evaluator$Tag,3,2,0,2,0,3,12
jsoup-1.10.3,2017-06-11,org.jsoup.nodes.Document$OutputSettings$Syntax,0,1,0,0,0,0,1
jsoup-1.10.3,2017-06-11,org.jsoup.parser.TokeniserState$Anonymous24,6,1,0,2,0,6,25
jsoup-1.10.3,2017-06-11,org.jsoup.parser.TokeniserState$Anonymous25,3,1,0,2,0,9,18
jsoup-1.10.3,2017-06-11,org.jsoup.parser.TokeniserState$Anonymous26,2,1,0,3,0,8,14
jsoup-1.10.3,2017-06-11,org.jsoup.parser.TokeniserState$Anonymous27,1,1,0,3,0,1,5
jsoup-1.10.3,2017-06-11,org.jsoup.parser.TokeniserState$Anonymous20,2,1,0,2,0,4,11
jsoup-1.10.3,2017-06-11,org.jsoup.parser.TokeniserState$Anonymous21,2,1,0,2,0,4,11
jsoup-1.10.3,2017-06-11,org.jsoup.parser.TokeniserState$Anonymous22,5,1,0,2,0,10,22
jsoup-1.10.3,2017-06-11,org.jsoup.parser.TokeniserState$Anonymous23,5,1,0,2,0,6,23
jsoup-1.10.3,2017-06-11,org.jsoup.parser.Tokeniser,74,1,0,16,235,52,219
jsoup-1.10.3,2017-06-11,org.jsoup.nodes.Comment,7,2,0,4,13,7,22
jsoup-1.10.3,2017-06-11,org.jsoup.select.Evaluator$IndexGreaterThan,4,3,0,2,3,2,11
jsoup-1.10.3,2017-06-11,org.jsoup.parser.TokeniserState$Anonymous28,1,1,0,3,0,1,5
jsoup-1.10.3,2017-06-11,org.jsoup.parser.TokeniserState$Anonymous29,5,1,0,2,0,9,22
jsoup-1.10.3,2017-06-11,org.jsoup.select.Selector,14,5,0,8,0,11,63
jsoup-1.10.3,2017-06-11,org.jsoup.select.Evaluator$AttributeWithValueEnding,3,3,0,4,3,5,11
jsoup-1.10.3,2017-06-11,org.jsoup.select.StructuralEvaluator$ImmediatePreviousSibling,5,3,0,3,3,3,13
jsoup-1.10.3,2017-06-11,org.jsoup.parser.TokeniserState$Anonymous30,5,1,0,2,0,5,22
jsoup-1.10.3,2017-06-11,org.jsoup.helper.HttpConnection$KeyVal,12,1,0,3,1,5,43
jsoup-1.10.3,2017-06-11,org.jsoup.parser.HtmlTreeBuilderState$Anonymous5,16,1,0,7,1,18,33
jsoup-1.10.3,2017-06-11,org.jsoup.parser.TokeniserState$Anonymous35,14,1,0,3,0,8,26
jsoup-1.10.3,2017-06-11,org.jsoup.safety.Whitelist$Protocol,2,2,0,2,1,0,8
jsoup-1.10.3,2017-06-11,org.jsoup.parser.HtmlTreeBuilderState$Anonymous4,19,1,0,12,1,25,70
jsoup-1.10.3,2017-06-11,org.jsoup.parser.TokeniserState$Anonymous36,14,1,0,3,0,8,30
jsoup-1.10.3,2017-06-11,org.jsoup.parser.HtmlTreeBuilderState$Anonymous7,154,1,0,17,1,90,523
jsoup-1.10.3,2017-06-11,org.jsoup.parser.TokeniserState$Anonymous37,15,1,0,3,0,7,33
jsoup-1.10.3,2017-06-11,org.jsoup.parser.HtmlTreeBuilderState$Anonymous6,13,1,0,9,1,25,61
jsoup-1.10.3,2017-06-11,org.jsoup.parser.TokeniserState$Anonymous38,7,1,0,4,0,11,22
jsoup-1.10.3,2017-06-11,org.jsoup.parser.HtmlTreeBuilderState$Anonymous1,5,1,0,8,0,18,22
jsoup-1.10.3,2017-06-11,org.jsoup.parser.TokeniserState$Anonymous31,6,1,0,2,0,5,24
jsoup-1.10.3,2017-06-11,org.jsoup.parser.TokeniserState$Anonymous32,2,1,0,2,0,5,12
jsoup-1.10.3,2017-06-11,org.jsoup.parser.HtmlTreeBuilderState$Anonymous3,11,1,0,7,0,19,35
jsoup-1.10.3,2017-06-11,org.jsoup.parser.TokeniserState$Anonymous33,1,1,0,3,0,1,5
jsoup-1.10.3,2017-06-11,org.jsoup.parser.HtmlTreeBuilderState$Anonymous2,10,1,0,6,1,18,34
jsoup-1.10.3,2017-06-11,org.jsoup.parser.TokeniserState$Anonymous34,14,1,0,3,0,8,29
jsoup-1.10.3,2017-06-11,org.jsoup.parser.HtmlTreeBuilderState$Anonymous9,25,1,0,10,1,36,113
jsoup-1.10.3,2017-06-11,org.jsoup.parser.TokeniserState$Anonymous39,7,1,0,4,0,11,22
jsoup-1.10.3,2017-06-11,org.jsoup.parser.HtmlTreeBuilderState$Anonymous8,4,1,0,2,0,10,18
jsoup-1.10.3,2017-06-11,org.jsoup.nodes.Node,104,5,6,16,915,72,365
jsoup-1.10.3,2017-06-11,org.jsoup.parser.HtmlTreeBuilderState,8,1,0,7,10,12,1506
jsoup-1.10.3,2017-06-11,org.jsoup.select.Evaluator$AttributeStarting,5,2,0,7,0,7,17
jsoup-1.10.3,2017-06-11,org.jsoup.parser.TokeniserState$Anonymous40,17,1,0,4,0,11,27
jsoup-1.10.3,2017-06-11,org.jsoup.nodes.DataNode,8,2,0,5,22,6,29
jsoup-1.10.3,2017-06-11,org.jsoup.parser.TokeniserState$Anonymous41,9,1,0,2,0,6,20
jsoup-1.10.3,2017-06-11,org.jsoup.nodes.Attributes,54,2,0,8,0,38,171
jsoup-1.10.3,2017-06-11,org.jsoup.helper.W3CDom,6,1,0,9,3,15,110
jsoup-1.10.3,2017-06-11,org.jsoup.parser.XmlTreeBuilder,28,2,0,25,55,53,90
jsoup-1.10.3,2017-06-11,org.jsoup.nodes.Document$OutputSettings,18,1,0,4,86,9,73
jsoup-1.10.3,2017-06-11,org.jsoup.select.CombiningEvaluator,6,6,4,2,0,5,68
jsoup-1.10.3,2017-06-11,org.jsoup.select.Evaluator$ContainsData,3,2,0,3,0,4,12
jsoup-1.10.3,2017-06-11,org.jsoup.helper.StringUtil,44,1,0,2,66,28,99
jsoup-1.10.3,2017-06-11,org.jsoup.internal.Normalizer,2,1,0,1,1,3,8
jsoup-1.10.3,2017-06-11,org.jsoup.nodes.Attributes$Dataset$EntrySet,3,3,0,1,1,1,11
jsoup-1.10.3,2017-06-11,org.jsoup.nodes.Attributes$Dataset,5,4,0,3,3,5,43
jsoup-1.10.3,2017-06-11,org.jsoup.parser.TokeniserState$Anonymous13,13,1,0,4,1,12,31
jsoup-1.10.3,2017-06-11,org.jsoup.parser.TokeniserState$Anonymous14,2,1,0,2,0,5,12
jsoup-1.10.3,2017-06-11,org.jsoup.helper.Validate,24,1,0,1,66,2,37
jsoup-1.10.3,2017-06-11,org.jsoup.parser.TokeniserState$Anonymous15,1,1,0,3,0,1,5
jsoup-1.10.3,2017-06-11,org.jsoup.parser.TokeniserState$Anonymous16,1,1,0,3,0,1,5
jsoup-1.10.3,2017-06-11,org.jsoup.parser.TokeniserState$Anonymous10,10,1,0,3,0,6,19
jsoup-1.10.3,2017-06-11,org.jsoup.parser.TokeniserState$Anonymous11,5,1,0,3,0,12,18
jsoup-1.10.3,2017-06-11,org.jsoup.parser.TokeniserState$Anonymous12,2,1,0,3,0,8,14
jsoup-1.10.3,2017-06-11,org.jsoup.parser.TokeniserState$Anonymous17,3,1,0,2,0,5,15
jsoup-1.10.3,2017-06-11,org.jsoup.parser.TokeniserState$Anonymous18,1,1,0,3,0,1,5
jsoup-1.10.3,2017-06-11,org.jsoup.helper.DescendableLinkedList$DescendingIterator,4,1,0,1,0,4,15
jsoup-1.10.3,2017-06-11,org.jsoup.parser.TokeniserState$Anonymous19,1,1,0,3,0,1,5
jsoup-1.10.3,2017-06-11,org.jsoup.select.Evaluator$CssNthEvaluator,13,2,0,4,3,4,24
jsoup-1.10.3,2017-06-11,org.jsoup.parser.Token$Comment,4,2,0,2,4,3,18
jsoup-1.10.3,2017-06-11,org.jsoup.select.Evaluator$IsFirstOfType,2,4,0,1,1,0,8
jsoup-1.10.3,2017-06-11,org.jsoup.parser.ParseError,5,1,0,0,0,1,21
jsoup-1.10.3,2017-06-11,org.jsoup.parser.TokeniserState$Anonymous64,5,1,0,2,0,6,23
jsoup-1.10.3,2017-06-11,org.jsoup.parser.TokeniserState$Anonymous65,8,1,0,2,0,5,18
jsoup-1.10.3,2017-06-11,org.jsoup.parser.TreeBuilder,15,1,2,13,24,12,62
jsoup-1.10.3,2017-06-11,org.jsoup.parser.TokeniserState$Anonymous66,3,1,0,2,0,3,14
jsoup-1.10.3,2017-06-11,org.jsoup.parser.TokeniserState$Anonymous67,1,1,0,2,0,4,8
jsoup-1.10.3,2017-06-11,org.jsoup.parser.TokeniserState$Anonymous1,5,1,0,3,0,8,18
jsoup-1.10.3,2017-06-11,org.jsoup.parser.Parser,22,1,0,12,79,18,81
jsoup-1.10.3,2017-06-11,org.jsoup.select.Evaluator$IsEmpty,6,2,0,6,1,1,12
jsoup-1.10.3,2017-06-11,org.jsoup.parser.TokeniserState$Anonymous7,3,1,0,3,0,7,15
jsoup-1.10.3,2017-06-11,org.jsoup.parser.TokeniserState$Anonymous6,1,1,0,3,0,1,5
jsoup-1.10.3,2017-06-11,org.jsoup.parser.TokeniserState$Anonymous9,4,1,0,2,0,9,21
jsoup-1.10.3,2017-06-11,org.jsoup.select.Evaluator$AttributeWithValueMatching,3,2,0,4,0,7,14
jsoup-1.10.3,2017-06-11,org.jsoup.parser.TokeniserState$Anonymous8,5,1,0,2,0,7,22
jsoup-1.10.3,2017-06-11,org.jsoup.parser.TokeniserState$Anonymous3,5,1,0,3,0,8,19
jsoup-1.10.3,2017-06-11,org.jsoup.parser.TokeniserState$Anonymous2,1,1,0,3,0,1,5
jsoup-1.10.3,2017-06-11,org.jsoup.parser.TokeniserState$Anonymous5,1,1,0,3,0,1,5
jsoup-1.10.3,2017-06-11,org.jsoup.parser.TokeniserState$Anonymous4,1,1,0,3,0,1,5
jsoup-1.10.3,2017-06-11,org.jsoup.examples.ListLinks,9,1,0,8,3,15,31
jsoup-1.10.3,2017-06-11,org.jsoup.select.Evaluator$IsNthChild,3,3,0,2,3,1,11
jsoup-1.10.3,2017-06-11,org.jsoup.parser.HtmlTreeBuilderState$Constants,0,1,0,0,0,0,19
jsoup-1.10.3,2017-06-11,org.jsoup.select.Evaluator$Class,3,2,0,2,0,2,12
jsoup-1.10.3,2017-06-11,org.jsoup.select.StructuralEvaluator$Has,6,3,0,3,3,3,14
jsoup-1.10.3,2017-06-11,org.jsoup.nodes.Node$OuterHtmlVisitor,6,1,0,4,0,4,26
jsoup-1.10.3,2017-06-11,org.jsoup.nodes.Node$NodeList,2,5,0,2,1,1,8
jsoup-1.10.3,2017-06-11,org.jsoup.parser.Token,22,10,10,8,75,4,269
jsoup-1.10.3,2017-06-11,org.jsoup.safety.Cleaner$CleaningVisitor,11,1,0,8,0,10,42
jsoup-1.10.3,2017-06-11,org.jsoup.select.Evaluator$AttributeKeyPair,5,2,0,3,0,6,13
jsoup-1.10.3,2017-06-11,org.jsoup.select.Evaluator$IsNthLastOfType,5,3,0,4,3,7,16
jsoup-1.10.3,2017-06-11,org.jsoup.parser.Tag,50,1,0,3,40,11,152
jsoup-1.10.3,2017-06-11,org.jsoup.parser.Token$Character,5,2,0,2,4,1,21
jsoup-1.10.3,2017-06-11,org.jsoup.select.Evaluator$IsLastOfType,2,4,0,1,1,0,8
jsoup-1.10.3,2017-06-11,org.jsoup.select.Evaluator$Attribute,3,2,0,3,0,2,12
jsoup-1.10.3,2017-06-11,org.jsoup.Connection$KeyVal,7,1,0,1,21,0,9
jsoup-1.10.3,2017-06-11,org.jsoup.nodes.Entities,49,1,0,11,54,39,194
jsoup-1.10.3,2017-06-11,org.jsoup.select.Evaluator$AttributeWithValueContaining,3,3,0,4,3,5,11
jsoup-1.10.3,2017-06-11,org.jsoup.select.Elements,103,4,0,10,1275,50,267
jsoup-1.10.3,2017-06-11,org.jsoup.select.Evaluator$AllElements,2,2,0,2,1,0,8
jsoup-1.10.3,2017-06-11,org.jsoup.parser.TokeniserState$Anonymous46,5,1,0,2,0,6,23
jsoup-1.10.3,2017-06-11,org.jsoup.parser.TokeniserState$Anonymous47,4,1,0,2,0,10,18
jsoup-1.10.3,2017-06-11,org.jsoup.safety.Whitelist$AttributeKey,2,2,0,2,1,0,8
jsoup-1.10.3,2017-06-11,org.jsoup.parser.TokeniserState$Anonymous48,4,1,0,2,0,6,19
jsoup-1.10.3,2017-06-11,org.jsoup.parser.TokeniserState$Anonymous49,6,1,0,2,0,7,27
jsoup-1.10.3,2017-06-11,org.jsoup.parser.TokeniserState$Anonymous42,3,1,0,2,0,6,17
jsoup-1.10.3,2017-06-11,org.jsoup.nodes.TextNode,37,2,0,9,138,37,89
jsoup-1.10.3,2017-06-11,org.jsoup.parser.TokeniserState$Anonymous43,1,1,0,3,0,5,10
jsoup-1.10.3,2017-06-11,org.jsoup.parser.TokeniserState$Anonymous44,4,1,0,2,0,6,18
jsoup-1.10.3,2017-06-11,org.jsoup.select.Evaluator$AttributeWithValue,3,3,0,3,3,5,11
jsoup-1.10.3,2017-06-11,org.jsoup.parser.TokeniserState$Anonymous45,5,1,0,2,0,6,23
jsoup-1.10.3,2017-06-11,org.jsoup.select.Evaluator$AttributeWithValueNot,3,3,0,3,3,3,11
jsoup-1.10.3,2017-06-11,org.jsoup.parser.ParseErrorList,6,4,0,2,0,1,20
jsoup-1.10.3,2017-06-11,org.jsoup.nodes.BooleanAttribute,2,2,0,1,1,0,8
jsoup-1.10.3,2017-06-11,org.jsoup.nodes.Node$Anonymous1,2,1,0,1,1,0,7
jsoup-1.10.3,2017-06-11,org.jsoup.nodes.Element$Anonymous1,8,1,0,4,1,7,14
jsoup-1.10.3,2017-06-11,org.jsoup.SerializationException,4,4,0,0,6,0,14
jsoup-1.10.3,2017-06-11,org.jsoup.select.CombiningEvaluator$Or,9,3,0,4,15,7,28
jsoup-1.10.3,2017-06-11,org.jsoup.select.Evaluator$ContainsText,3,2,0,3,0,4,12
jsoup-1.10.3,2017-06-11,org.jsoup.Connection$Base,15,1,0,2,105,0,17
jsoup-1.10.3,2017-06-11,org.jsoup.safety.Whitelist$TagName,2,2,0,2,1,0,8
jsoup-1.10.3,2017-06-11,org.jsoup.parser.TokeniserState$Anonymous50,5,1,0,2,0,7,23
jsoup-1.10.3,2017-06-11,org.jsoup.parser.TokeniserState$Anonymous51,8,1,0,2,0,6,18
jsoup-1.10.3,2017-06-11,org.jsoup.select.Evaluator$IsNthOfType,6,3,0,4,3,4,17
jsoup-1.10.3,2017-06-11,org.jsoup.select.Evaluator$Id,3,2,0,2,0,3,12
jsoup-1.10.3,2017-06-11,org.jsoup.parser.TokeniserState$Anonymous52,9,1,0,2,0,8,27
jsoup-1.10.3,2017-06-11,org.jsoup.select.StructuralEvaluator$PreviousSibling,6,3,0,3,3,3,17
jsoup-1.10.3,2017-06-11,org.jsoup.parser.TokeniserState$Anonymous57,5,1,0,2,0,6,23
jsoup-1.10.3,2017-06-11,org.jsoup.safety.Whitelist,59,5,0,12,84,64,295
jsoup-1.10.3,2017-06-11,org.jsoup.parser.TokeniserState$Anonymous58,5,1,0,2,0,6,23
jsoup-1.10.3,2017-06-11,org.jsoup.parser.TokeniserState$Anonymous59,10,1,0,2,0,5,26
jsoup-1.10.3,2017-06-11,org.jsoup.examples.HtmlToPlainText$FormattingVisitor,18,1,0,5,4,14,44
jsoup-1.10.3,2017-06-11,org.jsoup.parser.TokeniserState$Anonymous53,10,1,0,2,0,9,26
jsoup-1.10.3,2017-06-11,org.jsoup.select.Collector$Accumulator,5,1,0,5,1,2,18
jsoup-1.10.3,2017-06-11,org.jsoup.select.Collector,2,1,0,6,1,1,27
jsoup-1.10.3,2017-06-11,org.jsoup.helper.DescendableLinkedList,7,5,0,2,10,4,32
jsoup-1.10.3,2017-06-11,org.jsoup.parser.TokeniserState$Anonymous54,6,1,0,2,0,10,29
jsoup-1.10.3,2017-06-11,org.jsoup.parser.TokeniserState$Anonymous55,10,1,0,2,0,5,28
jsoup-1.10.3,2017-06-11,org.jsoup.nodes.Attributes$Dataset$DatasetIterator,5,1,0,1,0,10,17
jsoup-1.10.3,2017-06-11,org.jsoup.parser.TokeniserState$Anonymous56,10,1,0,2,0,5,25
jsoup-1.10.3,2017-06-11,org.jsoup.select.StructuralEvaluator$Not,3,3,0,3,3,2,11
jsoup-1.10.3,2017-06-11,org.jsoup.parser.CharacterReader,130,1,0,3,0,19,280
jsoup-1.10.3,2017-06-11,org.jsoup.select.Evaluator$IsFirstChild,4,2,0,3,1,2,9
jsoup-1.10.3,2017-06-11,org.jsoup.parser.TokeniserState$Anonymous60,10,1,0,2,0,5,25
jsoup-1.10.3,2017-06-11,org.jsoup.parser.TokeniserState$Anonymous61,10,1,0,2,0,5,28
jsoup-1.10.3,2017-06-11,org.jsoup.parser.TokeniserState$Anonymous62,10,1,0,2,0,5,25
jsoup-1.10.3,2017-06-11,org.jsoup.parser.TokeniserState$Anonymous63,5,1,0,2,0,6,23
jsoup-1.10.3,2017-06-11,org.jsoup.select.StructuralEvaluator$Root,2,2,0,2,0,0,5
jsoup-1.10.3,2017-06-11,org.jsoup.helper.HttpConnection$Response,98,2,0,20,139,145,326
jsoup-1.10.3,2017-06-11,org.jsoup.select.NodeVisitor,2,1,0,1,1,0,4
jsoup-1.10.3,2017-06-11,org.jsoup.parser.Token$EOF,2,2,0,2,1,0,8
jsoup-1.10.3,2017-06-11,org.jsoup.parser.Token$StartTag,6,3,0,4,6,5,22
jsoup-1.10.3,2017-06-11,org.jsoup.select.Evaluator$AttributeWithValueStarting,3,3,0,4,3,5,11
jsoup-1.10.3,2017-06-11,org.jsoup.nodes.DocumentType,15,2,0,4,9,7,47
jsoup-1.10.3,2017-06-11,org.jsoup.Connection$Request,23,1,0,4,253,0,25
jsoup-1.10.3,2017-06-11,org.jsoup.examples.HtmlToPlainText,7,1,0,10,1,10,72
jsoup-1.10.3,2017-06-11,org.jsoup.HttpStatusException,4,4,0,0,0,1,18
jsoup-1.10.3,2017-06-11,org.jsoup.select.QueryParser,95,1,0,50,0,65,246
jsoup-1.10.3,2017-06-11,org.jsoup.parser.HtmlTreeBuilderState$Anonymous23,1,1,0,2,0,0,5
jsoup-1.10.3,2017-06-11,org.jsoup.parser.HtmlTreeBuilderState$Anonymous22,9,1,0,4,0,12,20
jsoup-1.10.3,2017-06-11,org.jsoup.select.Evaluator$Matches,3,2,0,2,0,4,13
jsoup-1.10.3,2017-06-11,org.jsoup.safety.Whitelist$AttributeValue,2,2,0,2,1,0,8
jsoup-1.10.3,2017-06-11,org.jsoup.select.Evaluator$IsOnlyChild,4,2,0,3,1,3,9
jsoup-1.10.3,2017-06-11,org.jsoup.Connection$Method,2,1,0,0,0,0,8
jsoup-1.10.3,2017-06-11,org.jsoup.helper.HttpConnection$Base,49,1,0,7,126,20,139
jsoup-1.10.3,2017-06-11,org.jsoup.parser.TokenQueue,88,1,0,4,0,33,199
jsoup-1.10.3,2017-06-11,org.jsoup.parser.ParseSettings,9,1,0,4,0,4,32
jsoup-1.10.3,2017-06-11,org.jsoup.parser.HtmlTreeBuilderState$Anonymous21,7,1,0,4,0,14,18
jsoup-1.10.3,2017-06-11,org.jsoup.parser.HtmlTreeBuilderState$Anonymous20,11,1,0,4,0,17,30
jsoup-1.10.3,2017-06-11,org.jsoup.helper.HttpConnection$Response$Anonymous2,3,1,0,0,3,0,9
jsoup-1.10.3,2017-06-11,org.jsoup.parser.HtmlTreeBuilderState$Anonymous12,14,1,0,9,1,19,43
jsoup-1.10.3,2017-06-11,org.jsoup.helper.HttpConnection$Response$Anonymous1,1,1,0,0,0,0,5
jsoup-1.10.3,2017-06-11,org.jsoup.parser.HtmlTreeBuilderState$Anonymous11,12,1,0,7,0,18,32
jsoup-1.10.3,2017-06-11,org.jsoup.parser.HtmlTreeBuilderState$Anonymous14,14,1,0,8,3,20,63
jsoup-1.10.3,2017-06-11,org.jsoup.parser.HtmlTreeBuilderState$Anonymous13,15,1,0,9,3,20,59
jsoup-1.10.3,2017-06-11,org.jsoup.parser.HtmlTreeBuilderState$Anonymous16,29,1,0,10,1,23,79
jsoup-1.10.3,2017-06-11,org.jsoup.helper.W3CDom$W3CBuilder,18,1,0,14,4,25,73
jsoup-1.10.3,2017-06-11,org.jsoup.parser.HtmlTreeBuilderState$Anonymous15,15,1,0,8,3,20,54
jsoup-1.10.3,2017-06-11,org.jsoup.parser.HtmlTreeBuilderState$Anonymous18,10,1,0,4,0,17,34
jsoup-1.10.3,2017-06-11,org.jsoup.parser.HtmlTreeBuilderState$Anonymous17,6,1,0,5,0,11,20
jsoup-1.10.3,2017-06-11,org.jsoup.parser.HtmlTreeBuilderState$Anonymous19,16,1,0,7,0,23,57
jsoup-1.10.3,2017-06-11,org.jsoup.select.Evaluator$ContainsOwnText,3,2,0,3,0,4,12
jsoup-1.10.3,2017-06-11,org.jsoup.parser.TokeniserState,32,1,0,7,13,26,1333
jsoup-1.10.3,2017-06-11,org.jsoup.select.Evaluator$IndexLessThan,4,3,0,2,3,2,11
jsoup-1.10.3,2017-06-11,org.jsoup.nodes.Entities$EscapeMode,8,1,0,2,4,3,25
jsoup-1.10.3,2017-06-11,org.jsoup.parser.HtmlTreeBuilderState$Anonymous10,7,1,0,7,0,19,35
jsoup-1.10.3,2017-06-11,org.jsoup.safety.Cleaner$ElementMeta,1,1,0,1,0,0,8
jsoup-1.10.3,2017-06-11,org.jsoup.select.Evaluator,2,53,48,7,1,0,431
jsoup-1.10.3,2017-06-11,org.jsoup.Connection,33,1,0,8,528,0,104
jsoup-1.10.3,2017-06-11,org.jsoup.select.Evaluator$IsRoot,4,2,0,3,1,1,9
jsoup-1.10.3,2017-06-11,org.jsoup.select.StructuralEvaluator$Parent,7,3,0,3,3,3,18
jsoup-1.10.3,2017-06-11,org.jsoup.select.Evaluator$IsLastChild,4,2,0,3,1,4,9
jsoup-1.10.3,2017-06-11,org.jsoup.select.Evaluator$IsNthLastChild,3,3,0,2,3,4,11
jsoup-1.10.3,2017-06-11,org.jsoup.parser.Token$TokenType,0,1,0,0,0,0,1
jsoup-1.10.3,2017-06-11,org.jsoup.nodes.Attribute,27,1,1,6,0,21,82
jsoup-1.11.1,2017-11-04,org.jsoup.nodes.Document$QuirksMode,0,1,0,0,0,0,1
jsoup-1.11.1,2017-11-04,org.jsoup.helper.DataUtil,59,1,0,14,85,56,156
jsoup-1.11.1,2017-11-04,org.jsoup.select.StructuralEvaluator$ImmediateParent,5,3,0,3,3,3,13
jsoup-1.11.1,2017-11-04,org.jsoup.helper.ChangeNotifyingArrayList,13,4,0,2,78,12,50
jsoup-1.11.1,2017-11-04,org.jsoup.Connection$Response,10,1,0,4,45,0,12
jsoup-1.11.1,2017-11-04,org.jsoup.select.Evaluator$IndexEvaluator,1,2,0,1,0,0,6
jsoup-1.11.1,2017-11-04,org.jsoup.select.Evaluator$IsOnlyOfType,7,2,0,5,1,4,15
jsoup-1.11.1,2017-11-04,org.jsoup.nodes.Entities$CoreCharset,3,1,0,1,0,2,6
jsoup-1.11.1,2017-11-04,org.jsoup.safety.Cleaner,13,1,0,14,13,20,97
jsoup-1.11.1,2017-11-04,org.jsoup.nodes.Element,203,6,2,43,4961,140,617
jsoup-1.11.1,2017-11-04,org.jsoup.helper.HttpConnection,55,3,0,14,0,40,915
jsoup-1.11.1,2017-11-04,org.jsoup.safety.Whitelist$TypedValue,11,1,0,2,0,4,27
jsoup-1.11.1,2017-11-04,org.jsoup.select.NodeTraversor,29,1,0,7,3,12,73
jsoup-1.11.1,2017-11-04,org.jsoup.select.Evaluator$MatchesOwn,3,2,0,2,0,4,13
jsoup-1.11.1,2017-11-04,org.jsoup.select.CombiningEvaluator$And,6,3,0,4,6,4,18
jsoup-1.11.1,2017-11-04,org.jsoup.parser.Token$EndTag,2,3,0,1,1,1,9
jsoup-1.11.1,2017-11-04,org.jsoup.helper.HttpConnection$Request,27,2,0,6,230,7,110
jsoup-1.11.1,2017-11-04,org.jsoup.nodes.Document,49,3,0,13,260,52,265
jsoup-1.11.1,2017-11-04,org.jsoup.Jsoup,16,1,0,10,120,18,58
jsoup-1.11.1,2017-11-04,org.jsoup.parser.HtmlTreeBuilder,177,2,0,26,2753,79,534
jsoup-1.11.1,2017-11-04,org.jsoup.nodes.FormElement,19,3,0,12,4,22,51
jsoup-1.11.1,2017-11-04,org.jsoup.UnsupportedMimeTypeException,4,4,0,0,0,1,18
jsoup-1.11.1,2017-11-04,org.jsoup.select.StructuralEvaluator,0,15,12,2,0,0,94
jsoup-1.11.1,2017-11-04,org.jsoup.nodes.EntitiesData,0,1,0,0,0,0,5
jsoup-1.11.1,2017-11-04,org.jsoup.select.Evaluator$IndexEquals,4,3,0,2,3,2,11
jsoup-1.11.1,2017-11-04,org.jsoup.select.Selector$SelectorParseException,1,5,0,0,0,1,5
jsoup-1.11.1,2017-11-04,org.jsoup.parser.Token$Tag,32,2,0,7,73,18,110
jsoup-1.11.1,2017-11-04,org.jsoup.nodes.XmlDeclaration,14,3,0,7,30,13,45
jsoup-1.11.1,2017-11-04,org.jsoup.parser.Token$Doctype,7,2,0,2,11,2,33
jsoup-1.11.1,2017-11-04,org.jsoup.select.Evaluator$TagEndsWith,3,2,0,2,0,3,12
jsoup-1.11.1,2017-11-04,org.jsoup.select.Evaluator$Tag,3,2,0,2,0,3,12
jsoup-1.11.1,2017-11-04,org.jsoup.nodes.Document$OutputSettings$Syntax,0,1,0,0,0,0,1
jsoup-1.11.1,2017-11-04,org.jsoup.parser.TokeniserState$Anonymous24,6,1,0,2,0,6,25
jsoup-1.11.1,2017-11-04,org.jsoup.parser.TokeniserState$Anonymous25,3,1,0,2,0,9,18
jsoup-1.11.1,2017-11-04,org.jsoup.parser.TokeniserState$Anonymous26,2,1,0,3,0,8,14
jsoup-1.11.1,2017-11-04,org.jsoup.parser.TokeniserState$Anonymous27,1,1,0,3,0,1,5
jsoup-1.11.1,2017-11-04,org.jsoup.parser.TokeniserState$Anonymous20,2,1,0,2,0,4,11
jsoup-1.11.1,2017-11-04,org.jsoup.parser.TokeniserState$Anonymous21,2,1,0,2,0,4,11
jsoup-1.11.1,2017-11-04,org.jsoup.parser.TokeniserState$Anonymous22,5,1,0,2,0,10,22
jsoup-1.11.1,2017-11-04,org.jsoup.parser.TokeniserState$Anonymous23,5,1,0,2,0,6,23
jsoup-1.11.1,2017-11-04,org.jsoup.parser.Tokeniser,70,1,0,17,215,53,209
jsoup-1.11.1,2017-11-04,org.jsoup.nodes.Comment,8,3,0,4,21,6,24
jsoup-1.11.1,2017-11-04,org.jsoup.select.Evaluator$IndexGreaterThan,4,3,0,2,3,2,11
jsoup-1.11.1,2017-11-04,org.jsoup.nodes.LeafNode,21,2,5,4,61,16,64
jsoup-1.11.1,2017-11-04,org.jsoup.parser.TokeniserState$Anonymous28,1,1,0,3,0,1,5
jsoup-1.11.1,2017-11-04,org.jsoup.parser.TokeniserState$Anonymous29,5,1,0,2,0,9,22
jsoup-1.11.1,2017-11-04,org.jsoup.select.Selector,13,5,0,8,15,10,53
jsoup-1.11.1,2017-11-04,org.jsoup.select.Evaluator$AttributeWithValueEnding,3,3,0,4,3,5,11
jsoup-1.11.1,2017-11-04,org.jsoup.select.StructuralEvaluator$ImmediatePreviousSibling,5,3,0,3,3,3,13
jsoup-1.11.1,2017-11-04,org.jsoup.select.Collector$FirstFinder,5,1,0,5,1,1,22
jsoup-1.11.1,2017-11-04,org.jsoup.parser.TokeniserState$Anonymous30,5,1,0,2,0,5,22
jsoup-1.11.1,2017-11-04,org.jsoup.helper.HttpConnection$KeyVal,14,1,0,3,22,6,52
jsoup-1.11.1,2017-11-04,org.jsoup.parser.HtmlTreeBuilderState$Anonymous5,16,1,0,7,1,18,33
jsoup-1.11.1,2017-11-04,org.jsoup.parser.TokeniserState$Anonymous35,14,1,0,3,0,8,26
jsoup-1.11.1,2017-11-04,org.jsoup.safety.Whitelist$Protocol,2,2,0,2,1,0,8
jsoup-1.11.1,2017-11-04,org.jsoup.parser.HtmlTreeBuilderState$Anonymous4,19,1,0,12,1,25,70
jsoup-1.11.1,2017-11-04,org.jsoup.parser.TokeniserState$Anonymous36,14,1,0,3,0,8,30
jsoup-1.11.1,2017-11-04,org.jsoup.parser.HtmlTreeBuilderState$Anonymous7,154,1,0,18,1,90,520
jsoup-1.11.1,2017-11-04,org.jsoup.parser.TokeniserState$Anonymous37,15,1,0,3,0,7,33
jsoup-1.11.1,2017-11-04,org.jsoup.parser.HtmlTreeBuilderState$Anonymous6,13,1,0,9,1,25,61
jsoup-1.11.1,2017-11-04,org.jsoup.parser.TokeniserState$Anonymous38,7,1,0,4,0,11,22
jsoup-1.11.1,2017-11-04,org.jsoup.parser.HtmlTreeBuilderState$Anonymous1,5,1,0,8,0,18,23
jsoup-1.11.1,2017-11-04,org.jsoup.parser.TokeniserState$Anonymous31,6,1,0,2,0,5,24
jsoup-1.11.1,2017-11-04,org.jsoup.parser.TokeniserState$Anonymous32,2,1,0,2,0,5,12
jsoup-1.11.1,2017-11-04,org.jsoup.parser.HtmlTreeBuilderState$Anonymous3,11,1,0,7,0,19,35
jsoup-1.11.1,2017-11-04,org.jsoup.parser.TokeniserState$Anonymous33,1,1,0,3,0,1,5
jsoup-1.11.1,2017-11-04,org.jsoup.parser.HtmlTreeBuilderState$Anonymous2,10,1,0,6,1,18,34
jsoup-1.11.1,2017-11-04,org.jsoup.parser.TokeniserState$Anonymous34,14,1,0,3,0,8,29
jsoup-1.11.1,2017-11-04,org.jsoup.parser.HtmlTreeBuilderState$Anonymous9,25,1,0,10,1,36,113
jsoup-1.11.1,2017-11-04,org.jsoup.parser.TokeniserState$Anonymous39,7,1,0,4,0,11,22
jsoup-1.11.1,2017-11-04,org.jsoup.parser.HtmlTreeBuilderState$Anonymous8,4,1,0,2,0,10,18
jsoup-1.11.1,2017-11-04,org.jsoup.nodes.Node,105,1,2,14,1509,75,345
jsoup-1.11.1,2017-11-04,org.jsoup.helper.DataUtil$BomCharset,1,1,0,0,0,0,8
jsoup-1.11.1,2017-11-04,org.jsoup.parser.HtmlTreeBuilderState,8,1,0,7,10,12,1503
jsoup-1.11.1,2017-11-04,org.jsoup.select.Evaluator$AttributeStarting,5,2,0,6,0,7,17
jsoup-1.11.1,2017-11-04,org.jsoup.parser.TokeniserState$Anonymous40,17,1,0,4,0,11,27
jsoup-1.11.1,2017-11-04,org.jsoup.nodes.DataNode,9,3,0,5,36,6,30
jsoup-1.11.1,2017-11-04,org.jsoup.parser.TokeniserState$Anonymous41,9,1,0,2,0,6,20
jsoup-1.11.1,2017-11-04,org.jsoup.nodes.Attributes,69,2,0,11,93,37,248
jsoup-1.11.1,2017-11-04,org.jsoup.helper.W3CDom,6,1,0,9,3,15,109
jsoup-1.11.1,2017-11-04,org.jsoup.parser.XmlTreeBuilder,29,2,0,24,66,53,93
jsoup-1.11.1,2017-11-04,org.jsoup.nodes.Document$OutputSettings,18,1,0,5,76,11,78
jsoup-1.11.1,2017-11-04,org.jsoup.select.CombiningEvaluator,6,6,4,2,0,5,68
jsoup-1.11.1,2017-11-04,org.jsoup.select.Evaluator$ContainsData,3,2,0,3,0,4,12
jsoup-1.11.1,2017-11-04,org.jsoup.helper.StringUtil,54,1,0,2,105,36,124
jsoup-1.11.1,2017-11-04,org.jsoup.internal.Normalizer,2,1,0,1,1,3,8
jsoup-1.11.1,2017-11-04,org.jsoup.nodes.Attributes$Dataset$EntrySet,3,3,0,1,1,1,11
jsoup-1.11.1,2017-11-04,org.jsoup.nodes.Attributes$Dataset,4,4,0,2,1,4,43
jsoup-1.11.1,2017-11-04,org.jsoup.parser.TokeniserState$Anonymous13,13,1,0,4,1,12,31
jsoup-1.11.1,2017-11-04,org.jsoup.parser.TokeniserState$Anonymous14,2,1,0,2,0,5,12
jsoup-1.11.1,2017-11-04,org.jsoup.helper.Validate,24,1,0,1,66,2,37
jsoup-1.11.1,2017-11-04,org.jsoup.parser.TokeniserState$Anonymous15,1,1,0,3,0,1,5
jsoup-1.11.1,2017-11-04,org.jsoup.parser.TokeniserState$Anonymous16,1,1,0,3,0,1,5
jsoup-1.11.1,2017-11-04,org.jsoup.parser.TokeniserState$Anonymous10,10,1,0,3,0,6,19
jsoup-1.11.1,2017-11-04,org.jsoup.parser.TokeniserState$Anonymous11,5,1,0,3,0,12,18
jsoup-1.11.1,2017-11-04,org.jsoup.parser.TokeniserState$Anonymous12,2,1,0,3,0,8,14
jsoup-1.11.1,2017-11-04,org.jsoup.parser.TokeniserState$Anonymous17,3,1,0,2,0,5,15
jsoup-1.11.1,2017-11-04,org.jsoup.parser.TokeniserState$Anonymous18,1,1,0,3,0,1,5
jsoup-1.11.1,2017-11-04,org.jsoup.parser.TokeniserState$Anonymous19,1,1,0,3,0,1,5
jsoup-1.11.1,2017-11-04,org.jsoup.select.Evaluator$CssNthEvaluator,13,2,0,4,3,4,24
jsoup-1.11.1,2017-11-04,org.jsoup.parser.Token$Comment,4,2,0,2,4,3,18
jsoup-1.11.1,2017-11-04,org.jsoup.select.Evaluator$IsFirstOfType,2,4,0,1,1,0,8
jsoup-1.11.1,2017-11-04,org.jsoup.nodes.Element$NodeList,2,5,0,3,0,1,10
jsoup-1.11.1,2017-11-04,org.jsoup.parser.ParseError,5,1,0,0,0,1,21
jsoup-1.11.1,2017-11-04,org.jsoup.parser.TokeniserState$Anonymous64,5,1,0,2,0,6,23
jsoup-1.11.1,2017-11-04,org.jsoup.parser.TokeniserState$Anonymous65,8,1,0,2,0,5,18
jsoup-1.11.1,2017-11-04,org.jsoup.parser.TreeBuilder,15,1,2,13,18,12,63
jsoup-1.11.1,2017-11-04,org.jsoup.parser.TokeniserState$Anonymous66,3,1,0,2,0,3,14
jsoup-1.11.1,2017-11-04,org.jsoup.parser.TokeniserState$Anonymous67,1,1,0,2,0,4,8
jsoup-1.11.1,2017-11-04,org.jsoup.parser.TokeniserState$Anonymous1,5,1,0,3,0,8,18
jsoup-1.11.1,2017-11-04,org.jsoup.parser.Parser,24,1,0,12,71,18,85
jsoup-1.11.1,2017-11-04,org.jsoup.select.Evaluator$IsEmpty,6,2,0,6,1,1,12
jsoup-1.11.1,2017-11-04,org.jsoup.parser.TokeniserState$Anonymous7,3,1,0,3,0,7,15
jsoup-1.11.1,2017-11-04,org.jsoup.parser.TokeniserState$Anonymous6,1,1,0,3,0,1,5
jsoup-1.11.1,2017-11-04,org.jsoup.parser.TokeniserState$Anonymous9,4,1,0,2,0,9,21
jsoup-1.11.1,2017-11-04,org.jsoup.select.Evaluator$AttributeWithValueMatching,3,2,0,4,0,7,14
jsoup-1.11.1,2017-11-04,org.jsoup.parser.TokeniserState$Anonymous8,5,1,0,2,0,7,22
jsoup-1.11.1,2017-11-04,org.jsoup.parser.TokeniserState$Anonymous3,5,1,0,3,0,8,19
jsoup-1.11.1,2017-11-04,org.jsoup.parser.TokeniserState$Anonymous2,1,1,0,3,0,1,5
jsoup-1.11.1,2017-11-04,org.jsoup.parser.TokeniserState$Anonymous5,1,1,0,3,0,1,5
jsoup-1.11.1,2017-11-04,org.jsoup.parser.TokeniserState$Anonymous4,1,1,0,3,0,1,5
jsoup-1.11.1,2017-11-04,org.jsoup.examples.ListLinks,9,1,0,8,3,15,31
jsoup-1.11.1,2017-11-04,org.jsoup.select.Evaluator$IsNthChild,3,3,0,2,3,1,11
jsoup-1.11.1,2017-11-04,org.jsoup.helper.StringUtil$Anonymous1,1,1,0,0,0,0,5
jsoup-1.11.1,2017-11-04,org.jsoup.parser.HtmlTreeBuilderState$Constants,0,1,0,0,0,0,19
jsoup-1.11.1,2017-11-04,org.jsoup.select.Evaluator$Class,3,2,0,2,0,2,12
jsoup-1.11.1,2017-11-04,org.jsoup.nodes.Attributes$Anonymous1,4,1,0,2,0,1,14
jsoup-1.11.1,2017-11-04,org.jsoup.select.StructuralEvaluator$Has,6,3,0,3,3,3,14
jsoup-1.11.1,2017-11-04,org.jsoup.nodes.Node$OuterHtmlVisitor,6,1,0,4,0,5,27
jsoup-1.11.1,2017-11-04,org.jsoup.parser.Token,22,10,10,8,75,4,269
jsoup-1.11.1,2017-11-04,org.jsoup.safety.Cleaner$CleaningVisitor,11,1,0,8,0,9,42
jsoup-1.11.1,2017-11-04,org.jsoup.select.Evaluator$AttributeKeyPair,5,2,0,3,0,6,13
jsoup-1.11.1,2017-11-04,org.jsoup.select.Evaluator$IsNthLastOfType,5,3,0,4,3,7,16
jsoup-1.11.1,2017-11-04,org.jsoup.parser.Tag,50,1,0,3,40,11,152
jsoup-1.11.1,2017-11-04,org.jsoup.parser.Token$Character,5,2,0,2,4,1,21
jsoup-1.11.1,2017-11-04,org.jsoup.select.Evaluator$IsLastOfType,2,4,0,1,1,0,8
jsoup-1.11.1,2017-11-04,org.jsoup.select.Evaluator$Attribute,3,2,0,3,0,2,12
jsoup-1.11.1,2017-11-04,org.jsoup.select.NodeFilter$FilterResult,0,1,0,0,0,0,6
jsoup-1.11.1,2017-11-04,org.jsoup.Connection$KeyVal,9,1,0,1,36,0,11
jsoup-1.11.1,2017-11-04,org.jsoup.nodes.Entities,50,1,0,11,69,30,188
jsoup-1.11.1,2017-11-04,org.jsoup.select.Evaluator$AttributeWithValueContaining,3,3,0,4,3,5,11
jsoup-1.11.1,2017-11-04,org.jsoup.select.Elements,103,4,0,11,1326,50,267
jsoup-1.11.1,2017-11-04,org.jsoup.select.Evaluator$AllElements,2,2,0,2,1,0,8
jsoup-1.11.1,2017-11-04,org.jsoup.parser.TokeniserState$Anonymous46,5,1,0,2,0,6,23
jsoup-1.11.1,2017-11-04,org.jsoup.parser.TokeniserState$Anonymous47,4,1,0,2,0,10,18
jsoup-1.11.1,2017-11-04,org.jsoup.safety.Whitelist$AttributeKey,2,2,0,2,1,0,8
jsoup-1.11.1,2017-11-04,org.jsoup.parser.TokeniserState$Anonymous48,4,1,0,2,0,6,19
jsoup-1.11.1,2017-11-04,org.jsoup.parser.TokeniserState$Anonymous49,6,1,0,2,0,7,27
jsoup-1.11.1,2017-11-04,org.jsoup.parser.TokeniserState$Anonymous42,3,1,0,2,0,6,17
jsoup-1.11.1,2017-11-04,org.jsoup.nodes.TextNode,29,3,0,9,120,29,63
jsoup-1.11.1,2017-11-04,org.jsoup.parser.TokeniserState$Anonymous43,1,1,0,3,0,5,10
jsoup-1.11.1,2017-11-04,org.jsoup.parser.TokeniserState$Anonymous44,4,1,0,2,0,6,18
jsoup-1.11.1,2017-11-04,org.jsoup.select.Evaluator$AttributeWithValue,3,3,0,3,3,5,11
jsoup-1.11.1,2017-11-04,org.jsoup.parser.TokeniserState$Anonymous45,5,1,0,2,0,6,23
jsoup-1.11.1,2017-11-04,org.jsoup.select.Evaluator$AttributeWithValueNot,3,3,0,3,3,3,11
jsoup-1.11.1,2017-11-04,org.jsoup.parser.ParseErrorList,6,4,0,2,0,1,20
jsoup-1.11.1,2017-11-04,org.jsoup.nodes.BooleanAttribute,2,2,0,1,1,0,8
jsoup-1.11.1,2017-11-04,org.jsoup.nodes.Node$Anonymous1,2,1,0,1,1,1,7
jsoup-1.11.1,2017-11-04,org.jsoup.nodes.Element$Anonymous1,8,1,0,4,1,7,14
jsoup-1.11.1,2017-11-04,org.jsoup.SerializationException,4,4,0,0,6,0,14
jsoup-1.11.1,2017-11-04,org.jsoup.select.CombiningEvaluator$Or,9,3,0,5,15,7,28
jsoup-1.11.1,2017-11-04,org.jsoup.select.Evaluator$ContainsText,3,2,0,3,0,4,12
jsoup-1.11.1,2017-11-04,org.jsoup.Connection$Base,18,1,0,2,153,0,20
jsoup-1.11.1,2017-11-04,org.jsoup.safety.Whitelist$TagName,2,2,0,2,1,0,8
jsoup-1.11.1,2017-11-04,org.jsoup.parser.TokeniserState$Anonymous50,5,1,0,2,0,7,23
jsoup-1.11.1,2017-11-04,org.jsoup.parser.TokeniserState$Anonymous51,8,1,0,2,0,6,18
jsoup-1.11.1,2017-11-04,org.jsoup.select.Evaluator$IsNthOfType,6,3,0,4,3,4,17
jsoup-1.11.1,2017-11-04,org.jsoup.select.Evaluator$Id,3,2,0,2,0,3,12
jsoup-1.11.1,2017-11-04,org.jsoup.parser.TokeniserState$Anonymous52,9,1,0,2,0,8,27
jsoup-1.11.1,2017-11-04,org.jsoup.select.StructuralEvaluator$PreviousSibling,6,3,0,3,3,3,17
jsoup-1.11.1,2017-11-04,org.jsoup.parser.TokeniserState$Anonymous57,5,1,0,2,0,6,23
jsoup-1.11.1,2017-11-04,org.jsoup.safety.Whitelist,59,5,0,12,84,64,295
jsoup-1.11.1,2017-11-04,org.jsoup.parser.TokeniserState$Anonymous58,5,1,0,2,0,6,23
jsoup-1.11.1,2017-11-04,org.jsoup.parser.TokeniserState$Anonymous59,10,1,0,2,0,5,26
jsoup-1.11.1,2017-11-04,org.jsoup.examples.HtmlToPlainText$FormattingVisitor,18,1,0,5,4,14,44
jsoup-1.11.1,2017-11-04,org.jsoup.parser.TokeniserState$Anonymous53,10,1,0,2,0,9,26
jsoup-1.11.1,2017-11-04,org.jsoup.select.Collector$Accumulator,5,1,0,5,1,2,18
jsoup-1.11.1,2017-11-04,org.jsoup.select.Collector,3,1,0,8,3,2,54
jsoup-1.11.1,2017-11-04,org.jsoup.parser.TokeniserState$Anonymous54,6,1,0,2,0,10,29
jsoup-1.11.1,2017-11-04,org.jsoup.parser.TokeniserState$Anonymous55,10,1,0,2,0,5,28
jsoup-1.11.1,2017-11-04,org.jsoup.nodes.Attributes$Dataset$DatasetIterator,5,1,0,2,0,9,17
jsoup-1.11.1,2017-11-04,org.jsoup.parser.TokeniserState$Anonymous56,10,1,0,2,0,5,25
jsoup-1.11.1,2017-11-04,org.jsoup.select.StructuralEvaluator$Not,3,3,0,3,3,2,11
jsoup-1.11.1,2017-11-04,org.jsoup.internal.ConstrainableInputStream,28,4,0,3,0,11,74
jsoup-1.11.1,2017-11-04,org.jsoup.parser.CharacterReader,137,1,0,4,0,25,324
jsoup-1.11.1,2017-11-04,org.jsoup.select.Evaluator$IsFirstChild,4,2,0,3,1,2,9
jsoup-1.11.1,2017-11-04,org.jsoup.parser.TokeniserState$Anonymous60,10,1,0,2,0,5,25
jsoup-1.11.1,2017-11-04,org.jsoup.parser.TokeniserState$Anonymous61,10,1,0,2,0,5,28
jsoup-1.11.1,2017-11-04,org.jsoup.parser.TokeniserState$Anonymous62,10,1,0,2,0,5,25
jsoup-1.11.1,2017-11-04,org.jsoup.parser.TokeniserState$Anonymous63,5,1,0,2,0,6,23
jsoup-1.11.1,2017-11-04,org.jsoup.select.StructuralEvaluator$Root,2,2,0,2,0,0,5
jsoup-1.11.1,2017-11-04,org.jsoup.helper.HttpConnection$Response,105,2,0,22,183,150,361
jsoup-1.11.1,2017-11-04,org.jsoup.select.NodeVisitor,2,1,0,1,1,0,4
jsoup-1.11.1,2017-11-04,org.jsoup.parser.Token$EOF,2,2,0,2,1,0,8
jsoup-1.11.1,2017-11-04,org.jsoup.parser.Token$StartTag,6,3,0,4,6,5,22
jsoup-1.11.1,2017-11-04,org.jsoup.select.Evaluator$AttributeWithValueStarting,3,3,0,4,3,5,11
jsoup-1.11.1,2017-11-04,org.jsoup.nodes.DocumentType,19,3,0,5,8,8,59
jsoup-1.11.1,2017-11-04,org.jsoup.Connection$Request,23,1,0,4,253,0,25
jsoup-1.11.1,2017-11-04,org.jsoup.examples.HtmlToPlainText,7,1,0,10,1,10,71
jsoup-1.11.1,2017-11-04,org.jsoup.HttpStatusException,4,4,0,0,0,1,18
jsoup-1.11.1,2017-11-04,org.jsoup.select.QueryParser,95,1,0,50,0,65,246
jsoup-1.11.1,2017-11-04,org.jsoup.parser.HtmlTreeBuilderState$Anonymous23,1,1,0,2,0,0,5
jsoup-1.11.1,2017-11-04,org.jsoup.parser.HtmlTreeBuilderState$Anonymous22,9,1,0,4,0,12,20
jsoup-1.11.1,2017-11-04,org.jsoup.select.Evaluator$Matches,3,2,0,2,0,4,13
jsoup-1.11.1,2017-11-04,org.jsoup.safety.Whitelist$AttributeValue,2,2,0,2,1,0,8
jsoup-1.11.1,2017-11-04,org.jsoup.select.Evaluator$IsOnlyChild,4,2,0,3,1,3,9
jsoup-1.11.1,2017-11-04,org.jsoup.Connection$Method,2,1,0,0,0,0,8
jsoup-1.11.1,2017-11-04,org.jsoup.UncheckedIOException,2,3,0,0,1,1,8
jsoup-1.11.1,2017-11-04,org.jsoup.helper.HttpConnection$Base,57,1,0,8,147,32,165
jsoup-1.11.1,2017-11-04,org.jsoup.parser.TokenQueue,88,1,0,4,0,34,199
jsoup-1.11.1,2017-11-04,org.jsoup.parser.ParseSettings,8,1,0,3,0,3,30
jsoup-1.11.1,2017-11-04,org.jsoup.select.NodeFilter,2,1,0,2,1,0,10
jsoup-1.11.1,2017-11-04,org.jsoup.parser.HtmlTreeBuilderState$Anonymous21,7,1,0,4,0,14,18
jsoup-1.11.1,2017-11-04,org.jsoup.parser.HtmlTreeBuilderState$Anonymous20,11,1,0,4,0,17,30
jsoup-1.11.1,2017-11-04,org.jsoup.helper.HttpConnection$Response$Anonymous2,3,1,0,0,3,0,9
jsoup-1.11.1,2017-11-04,org.jsoup.parser.HtmlTreeBuilderState$Anonymous12,14,1,0,9,1,19,44
jsoup-1.11.1,2017-11-04,org.jsoup.helper.HttpConnection$Response$Anonymous1,1,1,0,0,0,0,5
jsoup-1.11.1,2017-11-04,org.jsoup.parser.HtmlTreeBuilderState$Anonymous11,12,1,0,7,0,18,32
jsoup-1.11.1,2017-11-04,org.jsoup.parser.HtmlTreeBuilderState$Anonymous14,15,1,0,8,3,20,66
jsoup-1.11.1,2017-11-04,org.jsoup.parser.HtmlTreeBuilderState$Anonymous13,16,1,0,9,3,20,62
jsoup-1.11.1,2017-11-04,org.jsoup.parser.HtmlTreeBuilderState$Anonymous16,29,1,0,10,1,23,78
jsoup-1.11.1,2017-11-04,org.jsoup.helper.W3CDom$W3CBuilder,18,1,0,14,4,26,73
jsoup-1.11.1,2017-11-04,org.jsoup.parser.HtmlTreeBuilderState$Anonymous15,15,1,0,8,3,20,54
jsoup-1.11.1,2017-11-04,org.jsoup.parser.HtmlTreeBuilderState$Anonymous18,10,1,0,4,0,17,34
jsoup-1.11.1,2017-11-04,org.jsoup.parser.HtmlTreeBuilderState$Anonymous17,6,1,0,5,0,11,20
jsoup-1.11.1,2017-11-04,org.jsoup.parser.HtmlTreeBuilderState$Anonymous19,16,1,0,7,0,23,50
jsoup-1.11.1,2017-11-04,org.jsoup.select.Evaluator$ContainsOwnText,3,2,0,3,0,4,12
jsoup-1.11.1,2017-11-04,org.jsoup.parser.TokeniserState,32,1,0,7,13,26,1333
jsoup-1.11.1,2017-11-04,org.jsoup.select.Evaluator$IndexLessThan,5,3,0,2,3,2,11
jsoup-1.11.1,2017-11-04,org.jsoup.nodes.Entities$EscapeMode,8,1,0,2,4,3,25
jsoup-1.11.1,2017-11-04,org.jsoup.parser.HtmlTreeBuilderState$Anonymous10,7,1,0,7,0,19,35
jsoup-1.11.1,2017-11-04,org.jsoup.safety.Cleaner$ElementMeta,1,1,0,1,0,0,8
jsoup-1.11.1,2017-11-04,org.jsoup.select.Evaluator,2,53,48,7,1,0,431
jsoup-1.11.1,2017-11-04,org.jsoup.Connection,34,1,0,8,561,0,112
jsoup-1.11.1,2017-11-04,org.jsoup.select.Evaluator$IsRoot,4,2,0,3,1,1,9
jsoup-1.11.1,2017-11-04,org.jsoup.select.StructuralEvaluator$Parent,7,3,0,3,3,3,18
jsoup-1.11.1,2017-11-04,org.jsoup.select.Evaluator$IsLastChild,4,2,0,3,1,4,9
jsoup-1.11.1,2017-11-04,org.jsoup.select.Evaluator$IsNthLastChild,3,3,0,2,3,4,11
jsoup-1.11.1,2017-11-04,org.jsoup.parser.Token$TokenType,0,1,0,0,0,0,1
jsoup-1.11.1,2017-11-04,org.jsoup.nodes.Attribute,40,1,1,7,0,27,107
jsoup-1.11.2,2017-11-19,org.jsoup.nodes.Document$QuirksMode,0,1,0,0,0,0,1
jsoup-1.11.2,2017-11-19,org.jsoup.helper.DataUtil,59,1,0,14,85,56,156
jsoup-1.11.2,2017-11-19,org.jsoup.select.StructuralEvaluator$ImmediateParent,5,3,0,3,3,3,13
jsoup-1.11.2,2017-11-19,org.jsoup.helper.ChangeNotifyingArrayList,13,4,0,2,78,12,50
jsoup-1.11.2,2017-11-19,org.jsoup.Connection$Response,10,1,0,4,45,0,12
jsoup-1.11.2,2017-11-19,org.jsoup.select.Evaluator$IndexEvaluator,1,2,0,1,0,0,6
jsoup-1.11.2,2017-11-19,org.jsoup.select.Evaluator$IsOnlyOfType,7,2,0,5,1,4,15
jsoup-1.11.2,2017-11-19,org.jsoup.nodes.Entities$CoreCharset,3,1,0,1,0,2,6
jsoup-1.11.2,2017-11-19,org.jsoup.safety.Cleaner,13,1,0,14,13,20,97
jsoup-1.11.2,2017-11-19,org.jsoup.nodes.Element,207,6,3,43,5067,140,638
jsoup-1.11.2,2017-11-19,org.jsoup.helper.HttpConnection,55,3,0,14,0,40,915
jsoup-1.11.2,2017-11-19,org.jsoup.safety.Whitelist$TypedValue,11,1,0,2,0,4,27
jsoup-1.11.2,2017-11-19,org.jsoup.select.NodeTraversor,29,1,0,7,3,12,73
jsoup-1.11.2,2017-11-19,org.jsoup.select.Evaluator$MatchesOwn,3,2,0,2,0,4,13
jsoup-1.11.2,2017-11-19,org.jsoup.select.CombiningEvaluator$And,6,3,0,4,6,4,18
jsoup-1.11.2,2017-11-19,org.jsoup.parser.Token$EndTag,2,3,0,1,1,1,9
jsoup-1.11.2,2017-11-19,org.jsoup.helper.HttpConnection$Request,27,2,0,6,230,7,110
jsoup-1.11.2,2017-11-19,org.jsoup.nodes.Document,49,3,0,13,260,52,270
jsoup-1.11.2,2017-11-19,org.jsoup.Jsoup,16,1,0,10,120,18,58
jsoup-1.11.2,2017-11-19,org.jsoup.parser.HtmlTreeBuilder,177,2,0,26,2753,79,530
jsoup-1.11.2,2017-11-19,org.jsoup.nodes.FormElement,20,3,0,12,3,24,55
jsoup-1.11.2,2017-11-19,org.jsoup.UnsupportedMimeTypeException,4,4,0,0,0,1,18
jsoup-1.11.2,2017-11-19,org.jsoup.select.StructuralEvaluator,0,15,12,2,0,0,94
jsoup-1.11.2,2017-11-19,org.jsoup.nodes.EntitiesData,0,1,0,0,0,0,5
jsoup-1.11.2,2017-11-19,org.jsoup.select.Evaluator$IndexEquals,4,3,0,2,3,2,11
jsoup-1.11.2,2017-11-19,org.jsoup.select.Selector$SelectorParseException,1,5,0,0,0,1,5
jsoup-1.11.2,2017-11-19,org.jsoup.parser.Token$Tag,32,2,0,7,73,18,110
jsoup-1.11.2,2017-11-19,org.jsoup.nodes.XmlDeclaration,14,3,0,7,30,13,45
jsoup-1.11.2,2017-11-19,org.jsoup.parser.Token$Doctype,7,2,0,2,11,2,33
jsoup-1.11.2,2017-11-19,org.jsoup.select.Evaluator$TagEndsWith,3,2,0,2,0,3,12
jsoup-1.11.2,2017-11-19,org.jsoup.select.Evaluator$Tag,3,2,0,2,0,3,12
jsoup-1.11.2,2017-11-19,org.jsoup.nodes.Document$OutputSettings$Syntax,0,1,0,0,0,0,1
jsoup-1.11.2,2017-11-19,org.jsoup.parser.TokeniserState$Anonymous24,6,1,0,2,0,6,25
jsoup-1.11.2,2017-11-19,org.jsoup.parser.TokeniserState$Anonymous25,3,1,0,2,0,9,18
jsoup-1.11.2,2017-11-19,org.jsoup.parser.TokeniserState$Anonymous26,2,1,0,3,0,8,14
jsoup-1.11.2,2017-11-19,org.jsoup.parser.TokeniserState$Anonymous27,1,1,0,3,0,1,5
jsoup-1.11.2,2017-11-19,org.jsoup.parser.TokeniserState$Anonymous20,2,1,0,2,0,4,11
jsoup-1.11.2,2017-11-19,org.jsoup.parser.TokeniserState$Anonymous21,2,1,0,2,0,4,11
jsoup-1.11.2,2017-11-19,org.jsoup.parser.TokeniserState$Anonymous22,5,1,0,2,0,10,22
jsoup-1.11.2,2017-11-19,org.jsoup.parser.TokeniserState$Anonymous23,5,1,0,2,0,6,23
jsoup-1.11.2,2017-11-19,org.jsoup.parser.Tokeniser,70,1,0,17,215,53,209
jsoup-1.11.2,2017-11-19,org.jsoup.nodes.Comment,8,3,0,4,21,6,24
jsoup-1.11.2,2017-11-19,org.jsoup.select.Evaluator$IndexGreaterThan,4,3,0,2,3,2,11
jsoup-1.11.2,2017-11-19,org.jsoup.nodes.LeafNode,21,2,5,4,61,16,64
jsoup-1.11.2,2017-11-19,org.jsoup.parser.TokeniserState$Anonymous28,1,1,0,3,0,1,5
jsoup-1.11.2,2017-11-19,org.jsoup.parser.TokeniserState$Anonymous29,5,1,0,2,0,9,22
jsoup-1.11.2,2017-11-19,org.jsoup.select.Selector,13,5,0,8,15,10,53
jsoup-1.11.2,2017-11-19,org.jsoup.select.Evaluator$AttributeWithValueEnding,3,3,0,4,3,5,11
jsoup-1.11.2,2017-11-19,org.jsoup.select.StructuralEvaluator$ImmediatePreviousSibling,5,3,0,3,3,3,13
jsoup-1.11.2,2017-11-19,org.jsoup.select.Collector$FirstFinder,5,1,0,5,1,1,22
jsoup-1.11.2,2017-11-19,org.jsoup.parser.TokeniserState$Anonymous30,5,1,0,2,0,5,22
jsoup-1.11.2,2017-11-19,org.jsoup.helper.HttpConnection$KeyVal,14,1,0,3,22,6,52
jsoup-1.11.2,2017-11-19,org.jsoup.parser.HtmlTreeBuilderState$Anonymous5,16,1,0,7,1,18,33
jsoup-1.11.2,2017-11-19,org.jsoup.parser.TokeniserState$Anonymous35,14,1,0,3,0,8,28
jsoup-1.11.2,2017-11-19,org.jsoup.safety.Whitelist$Protocol,2,2,0,2,1,0,8
jsoup-1.11.2,2017-11-19,org.jsoup.parser.HtmlTreeBuilderState$Anonymous4,19,1,0,12,1,25,70
jsoup-1.11.2,2017-11-19,org.jsoup.parser.TokeniserState$Anonymous36,14,1,0,3,0,8,30
jsoup-1.11.2,2017-11-19,org.jsoup.parser.HtmlTreeBuilderState$Anonymous7,154,1,0,18,1,90,520
jsoup-1.11.2,2017-11-19,org.jsoup.parser.TokeniserState$Anonymous37,15,1,0,3,0,7,33
jsoup-1.11.2,2017-11-19,org.jsoup.parser.HtmlTreeBuilderState$Anonymous6,13,1,0,9,1,25,61
jsoup-1.11.2,2017-11-19,org.jsoup.parser.TokeniserState$Anonymous38,7,1,0,4,0,11,23
jsoup-1.11.2,2017-11-19,org.jsoup.parser.HtmlTreeBuilderState$Anonymous1,5,1,0,8,0,18,23
jsoup-1.11.2,2017-11-19,org.jsoup.parser.TokeniserState$Anonymous31,6,1,0,2,0,5,24
jsoup-1.11.2,2017-11-19,org.jsoup.parser.TokeniserState$Anonymous32,2,1,0,2,0,5,12
jsoup-1.11.2,2017-11-19,org.jsoup.parser.HtmlTreeBuilderState$Anonymous3,11,1,0,7,0,19,35
jsoup-1.11.2,2017-11-19,org.jsoup.parser.TokeniserState$Anonymous33,1,1,0,3,0,1,5
jsoup-1.11.2,2017-11-19,org.jsoup.parser.HtmlTreeBuilderState$Anonymous2,10,1,0,6,1,18,34
jsoup-1.11.2,2017-11-19,org.jsoup.parser.TokeniserState$Anonymous34,14,1,0,3,0,8,29
jsoup-1.11.2,2017-11-19,org.jsoup.parser.HtmlTreeBuilderState$Anonymous9,25,1,0,10,1,36,113
jsoup-1.11.2,2017-11-19,org.jsoup.parser.TokeniserState$Anonymous39,7,1,0,4,0,11,23
jsoup-1.11.2,2017-11-19,org.jsoup.parser.HtmlTreeBuilderState$Anonymous8,4,1,0,2,0,10,18
jsoup-1.11.2,2017-11-19,org.jsoup.nodes.Node,105,1,2,14,1509,75,345
jsoup-1.11.2,2017-11-19,org.jsoup.helper.DataUtil$BomCharset,1,1,0,0,0,0,8
jsoup-1.11.2,2017-11-19,org.jsoup.parser.HtmlTreeBuilderState,8,1,0,7,10,12,1503
jsoup-1.11.2,2017-11-19,org.jsoup.select.Evaluator$AttributeStarting,5,2,0,6,0,7,17
jsoup-1.11.2,2017-11-19,org.jsoup.parser.TokeniserState$Anonymous40,17,1,0,4,0,11,28
jsoup-1.11.2,2017-11-19,org.jsoup.nodes.DataNode,9,3,0,5,36,6,30
jsoup-1.11.2,2017-11-19,org.jsoup.parser.TokeniserState$Anonymous41,9,1,0,2,0,6,20
jsoup-1.11.2,2017-11-19,org.jsoup.nodes.Attributes,69,2,0,11,93,37,248
jsoup-1.11.2,2017-11-19,org.jsoup.helper.W3CDom,6,1,0,9,3,15,112
jsoup-1.11.2,2017-11-19,org.jsoup.parser.XmlTreeBuilder,29,2,0,24,66,53,93
jsoup-1.11.2,2017-11-19,org.jsoup.nodes.Document$OutputSettings,20,1,0,5,90,14,83
jsoup-1.11.2,2017-11-19,org.jsoup.select.CombiningEvaluator,6,6,4,2,0,5,68
jsoup-1.11.2,2017-11-19,org.jsoup.select.Evaluator$ContainsData,3,2,0,3,0,4,12
jsoup-1.11.2,2017-11-19,org.jsoup.helper.StringUtil,61,1,0,2,120,38,127
jsoup-1.11.2,2017-11-19,org.jsoup.internal.Normalizer,3,1,0,1,1,3,8
jsoup-1.11.2,2017-11-19,org.jsoup.nodes.Attributes$Dataset$EntrySet,3,3,0,1,1,1,11
jsoup-1.11.2,2017-11-19,org.jsoup.nodes.Attributes$Dataset,4,4,0,2,1,4,43
jsoup-1.11.2,2017-11-19,org.jsoup.parser.TokeniserState$Anonymous13,13,1,0,4,1,12,31
jsoup-1.11.2,2017-11-19,org.jsoup.parser.TokeniserState$Anonymous14,2,1,0,2,0,5,12
jsoup-1.11.2,2017-11-19,org.jsoup.helper.Validate,24,1,0,1,66,2,37
jsoup-1.11.2,2017-11-19,org.jsoup.parser.TokeniserState$Anonymous15,1,1,0,3,0,1,5
jsoup-1.11.2,2017-11-19,org.jsoup.parser.TokeniserState$Anonymous16,1,1,0,3,0,1,5
jsoup-1.11.2,2017-11-19,org.jsoup.parser.TokeniserState$Anonymous10,10,1,0,3,0,7,22
jsoup-1.11.2,2017-11-19,org.jsoup.parser.TokeniserState$Anonymous11,5,1,0,3,0,12,18
jsoup-1.11.2,2017-11-19,org.jsoup.parser.TokeniserState$Anonymous12,2,1,0,3,0,8,14
jsoup-1.11.2,2017-11-19,org.jsoup.parser.TokeniserState$Anonymous17,3,1,0,2,0,5,15
jsoup-1.11.2,2017-11-19,org.jsoup.parser.TokeniserState$Anonymous18,1,1,0,3,0,1,5
jsoup-1.11.2,2017-11-19,org.jsoup.parser.TokeniserState$Anonymous19,1,1,0,3,0,1,5
jsoup-1.11.2,2017-11-19,org.jsoup.select.Evaluator$CssNthEvaluator,13,2,0,4,3,4,24
jsoup-1.11.2,2017-11-19,org.jsoup.parser.Token$Comment,4,2,0,2,4,3,18
jsoup-1.11.2,2017-11-19,org.jsoup.select.Evaluator$IsFirstOfType,2,4,0,1,1,0,8
jsoup-1.11.2,2017-11-19,org.jsoup.nodes.Element$NodeList,2,5,0,3,0,1,10
jsoup-1.11.2,2017-11-19,org.jsoup.examples.Wikipedia,3,1,0,7,1,9,13
jsoup-1.11.2,2017-11-19,org.jsoup.parser.ParseError,5,1,0,0,0,1,21
jsoup-1.11.2,2017-11-19,org.jsoup.parser.TokeniserState$Anonymous64,5,1,0,2,0,6,23
jsoup-1.11.2,2017-11-19,org.jsoup.parser.TokeniserState$Anonymous65,8,1,0,2,0,5,18
jsoup-1.11.2,2017-11-19,org.jsoup.parser.TreeBuilder,15,1,2,13,18,12,63
jsoup-1.11.2,2017-11-19,org.jsoup.parser.TokeniserState$Anonymous66,3,1,0,2,0,3,14
jsoup-1.11.2,2017-11-19,org.jsoup.parser.TokeniserState$Anonymous67,3,1,0,2,0,5,9
jsoup-1.11.2,2017-11-19,org.jsoup.nodes.PseudoTextElement,3,3,0,4,3,0,9
jsoup-1.11.2,2017-11-19,org.jsoup.parser.TokeniserState$Anonymous1,5,1,0,3,0,8,18
jsoup-1.11.2,2017-11-19,org.jsoup.parser.Parser,24,1,0,12,71,18,85
jsoup-1.11.2,2017-11-19,org.jsoup.select.Evaluator$IsEmpty,6,2,0,6,1,1,12
jsoup-1.11.2,2017-11-19,org.jsoup.parser.TokeniserState$Anonymous7,3,1,0,3,0,7,15
jsoup-1.11.2,2017-11-19,org.jsoup.parser.TokeniserState$Anonymous6,1,1,0,3,0,1,5
jsoup-1.11.2,2017-11-19,org.jsoup.parser.TokeniserState$Anonymous9,4,1,0,2,0,9,21
jsoup-1.11.2,2017-11-19,org.jsoup.select.Evaluator$AttributeWithValueMatching,3,2,0,4,0,7,14
jsoup-1.11.2,2017-11-19,org.jsoup.parser.TokeniserState$Anonymous8,5,1,0,2,0,7,22
jsoup-1.11.2,2017-11-19,org.jsoup.parser.TokeniserState$Anonymous3,5,1,0,3,0,8,19
jsoup-1.11.2,2017-11-19,org.jsoup.parser.TokeniserState$Anonymous2,1,1,0,3,0,1,5
jsoup-1.11.2,2017-11-19,org.jsoup.parser.TokeniserState$Anonymous5,1,1,0,3,0,1,5
jsoup-1.11.2,2017-11-19,org.jsoup.parser.TokeniserState$Anonymous4,1,1,0,3,0,1,5
jsoup-1.11.2,2017-11-19,org.jsoup.examples.ListLinks,9,1,0,8,3,15,31
jsoup-1.11.2,2017-11-19,org.jsoup.select.Evaluator$IsNthChild,3,3,0,2,3,1,11
jsoup-1.11.2,2017-11-19,org.jsoup.helper.StringUtil$Anonymous1,1,1,0,0,0,0,5
jsoup-1.11.2,2017-11-19,org.jsoup.parser.HtmlTreeBuilderState$Constants,0,1,0,0,0,0,19
jsoup-1.11.2,2017-11-19,org.jsoup.select.Evaluator$Class,3,2,0,2,0,2,12
jsoup-1.11.2,2017-11-19,org.jsoup.nodes.Attributes$Anonymous1,4,1,0,2,0,1,14
jsoup-1.11.2,2017-11-19,org.jsoup.select.StructuralEvaluator$Has,6,3,0,3,3,3,14
jsoup-1.11.2,2017-11-19,org.jsoup.nodes.Node$OuterHtmlVisitor,6,1,0,4,0,5,27
jsoup-1.11.2,2017-11-19,org.jsoup.parser.Token,22,10,10,8,75,4,269
jsoup-1.11.2,2017-11-19,org.jsoup.safety.Cleaner$CleaningVisitor,11,1,0,8,0,9,42
jsoup-1.11.2,2017-11-19,org.jsoup.select.Evaluator$AttributeKeyPair,5,2,0,3,0,6,13
jsoup-1.11.2,2017-11-19,org.jsoup.select.Evaluator$IsNthLastOfType,5,3,0,4,3,7,16
jsoup-1.11.2,2017-11-19,org.jsoup.parser.Tag,50,1,0,3,40,11,152
jsoup-1.11.2,2017-11-19,org.jsoup.parser.Token$Character,5,2,0,2,4,1,21
jsoup-1.11.2,2017-11-19,org.jsoup.select.Evaluator$IsLastOfType,2,4,0,1,1,0,8
jsoup-1.11.2,2017-11-19,org.jsoup.select.Evaluator$Attribute,3,2,0,3,0,2,12
jsoup-1.11.2,2017-11-19,org.jsoup.select.NodeFilter$FilterResult,0,1,0,0,0,0,6
jsoup-1.11.2,2017-11-19,org.jsoup.Connection$KeyVal,9,1,0,1,36,0,11
jsoup-1.11.2,2017-11-19,org.jsoup.nodes.Entities,49,1,0,11,69,30,188
jsoup-1.11.2,2017-11-19,org.jsoup.select.Evaluator$AttributeWithValueContaining,3,3,0,4,3,5,11
jsoup-1.11.2,2017-11-19,org.jsoup.select.Elements,103,4,0,11,1326,50,267
jsoup-1.11.2,2017-11-19,org.jsoup.select.Evaluator$AllElements,2,2,0,2,1,0,8
jsoup-1.11.2,2017-11-19,org.jsoup.parser.TokeniserState$Anonymous46,5,1,0,2,0,6,23
jsoup-1.11.2,2017-11-19,org.jsoup.parser.TokeniserState$Anonymous47,4,1,0,2,0,10,18
jsoup-1.11.2,2017-11-19,org.jsoup.safety.Whitelist$AttributeKey,2,2,0,2,1,0,8
jsoup-1.11.2,2017-11-19,org.jsoup.parser.TokeniserState$Anonymous48,4,1,0,2,0,6,19
jsoup-1.11.2,2017-11-19,org.jsoup.parser.TokeniserState$Anonymous49,6,1,0,2,0,7,27
jsoup-1.11.2,2017-11-19,org.jsoup.parser.TokeniserState$Anonymous42,3,1,0,2,0,6,17
jsoup-1.11.2,2017-11-19,org.jsoup.nodes.TextNode,29,3,0,9,120,29,63
jsoup-1.11.2,2017-11-19,org.jsoup.parser.TokeniserState$Anonymous43,1,1,0,3,0,5,10
jsoup-1.11.2,2017-11-19,org.jsoup.parser.TokeniserState$Anonymous44,4,1,0,2,0,6,18
jsoup-1.11.2,2017-11-19,org.jsoup.select.Evaluator$AttributeWithValue,3,3,0,3,3,5,11
jsoup-1.11.2,2017-11-19,org.jsoup.parser.TokeniserState$Anonymous45,5,1,0,2,0,6,23
jsoup-1.11.2,2017-11-19,org.jsoup.select.Evaluator$AttributeWithValueNot,3,3,0,3,3,3,11
jsoup-1.11.2,2017-11-19,org.jsoup.parser.ParseErrorList,6,4,0,2,0,1,20
jsoup-1.11.2,2017-11-19,org.jsoup.nodes.BooleanAttribute,2,2,0,1,1,0,8
jsoup-1.11.2,2017-11-19,org.jsoup.nodes.Node$Anonymous1,2,1,0,1,1,1,7
jsoup-1.11.2,2017-11-19,org.jsoup.nodes.Element$Anonymous1,8,1,0,4,1,7,14
jsoup-1.11.2,2017-11-19,org.jsoup.nodes.Element$Anonymous2,3,1,0,2,1,2,10
jsoup-1.11.2,2017-11-19,org.jsoup.SerializationException,4,4,0,0,6,0,14
jsoup-1.11.2,2017-11-19,org.jsoup.select.CombiningEvaluator$Or,9,3,0,5,15,7,28
jsoup-1.11.2,2017-11-19,org.jsoup.select.Evaluator$ContainsText,3,2,0,3,0,4,12
jsoup-1.11.2,2017-11-19,org.jsoup.Connection$Base,18,1,0,2,153,0,20
jsoup-1.11.2,2017-11-19,org.jsoup.safety.Whitelist$TagName,2,2,0,2,1,0,8
jsoup-1.11.2,2017-11-19,org.jsoup.parser.TokeniserState$Anonymous50,5,1,0,2,0,7,23
jsoup-1.11.2,2017-11-19,org.jsoup.parser.TokeniserState$Anonymous51,8,1,0,2,0,6,18
jsoup-1.11.2,2017-11-19,org.jsoup.select.Evaluator$IsNthOfType,6,3,0,4,3,4,17
jsoup-1.11.2,2017-11-19,org.jsoup.select.Evaluator$Id,3,2,0,2,0,3,12
jsoup-1.11.2,2017-11-19,org.jsoup.parser.TokeniserState$Anonymous52,9,1,0,2,0,8,27
jsoup-1.11.2,2017-11-19,org.jsoup.select.StructuralEvaluator$PreviousSibling,6,3,0,3,3,3,17
jsoup-1.11.2,2017-11-19,org.jsoup.parser.TokeniserState$Anonymous57,5,1,0,2,0,6,23
jsoup-1.11.2,2017-11-19,org.jsoup.safety.Whitelist,59,5,0,12,84,64,295
jsoup-1.11.2,2017-11-19,org.jsoup.parser.TokeniserState$Anonymous58,5,1,0,2,0,6,23
jsoup-1.11.2,2017-11-19,org.jsoup.parser.TokeniserState$Anonymous59,10,1,0,2,0,5,26
jsoup-1.11.2,2017-11-19,org.jsoup.examples.HtmlToPlainText$FormattingVisitor,18,1,0,5,4,14,44
jsoup-1.11.2,2017-11-19,org.jsoup.parser.TokeniserState$Anonymous53,10,1,0,2,0,9,26
jsoup-1.11.2,2017-11-19,org.jsoup.select.Collector$Accumulator,5,1,0,5,1,2,18
jsoup-1.11.2,2017-11-19,org.jsoup.select.Collector,3,1,0,8,3,2,54
jsoup-1.11.2,2017-11-19,org.jsoup.parser.TokeniserState$Anonymous54,6,1,0,2,0,10,29
jsoup-1.11.2,2017-11-19,org.jsoup.parser.TokeniserState$Anonymous55,10,1,0,2,0,5,28
jsoup-1.11.2,2017-11-19,org.jsoup.nodes.Attributes$Dataset$DatasetIterator,5,1,0,2,0,9,17
jsoup-1.11.2,2017-11-19,org.jsoup.parser.TokeniserState$Anonymous56,10,1,0,2,0,5,25
jsoup-1.11.2,2017-11-19,org.jsoup.select.StructuralEvaluator$Not,3,3,0,3,3,2,11
jsoup-1.11.2,2017-11-19,org.jsoup.internal.ConstrainableInputStream,28,4,0,3,0,11,74
jsoup-1.11.2,2017-11-19,org.jsoup.parser.CharacterReader,138,1,0,4,0,25,325
jsoup-1.11.2,2017-11-19,org.jsoup.select.Evaluator$IsFirstChild,4,2,0,3,1,2,9
jsoup-1.11.2,2017-11-19,org.jsoup.parser.TokeniserState$Anonymous60,10,1,0,2,0,5,25
jsoup-1.11.2,2017-11-19,org.jsoup.parser.TokeniserState$Anonymous61,10,1,0,2,0,5,28
jsoup-1.11.2,2017-11-19,org.jsoup.parser.TokeniserState$Anonymous62,10,1,0,2,0,5,25
jsoup-1.11.2,2017-11-19,org.jsoup.parser.TokeniserState$Anonymous63,5,1,0,2,0,6,23
jsoup-1.11.2,2017-11-19,org.jsoup.select.StructuralEvaluator$Root,2,2,0,2,0,0,5
jsoup-1.11.2,2017-11-19,org.jsoup.helper.HttpConnection$Response,105,2,0,22,183,150,361
jsoup-1.11.2,2017-11-19,org.jsoup.select.NodeVisitor,2,1,0,1,1,0,4
jsoup-1.11.2,2017-11-19,org.jsoup.parser.Token$EOF,2,2,0,2,1,0,8
jsoup-1.11.2,2017-11-19,org.jsoup.parser.Token$StartTag,6,3,0,4,6,5,22
jsoup-1.11.2,2017-11-19,org.jsoup.select.Evaluator$AttributeWithValueStarting,3,3,0,4,3,5,11
jsoup-1.11.2,2017-11-19,org.jsoup.nodes.DocumentType,19,3,0,5,8,8,59
jsoup-1.11.2,2017-11-19,org.jsoup.Connection$Request,23,1,0,4,253,0,25
jsoup-1.11.2,2017-11-19,org.jsoup.examples.HtmlToPlainText,7,1,0,10,1,10,71
jsoup-1.11.2,2017-11-19,org.jsoup.HttpStatusException,4,4,0,0,0,1,18
jsoup-1.11.2,2017-11-19,org.jsoup.select.QueryParser,96,1,0,51,0,65,247
jsoup-1.11.2,2017-11-19,org.jsoup.parser.HtmlTreeBuilderState$Anonymous23,1,1,0,2,0,0,5
jsoup-1.11.2,2017-11-19,org.jsoup.parser.HtmlTreeBuilderState$Anonymous22,9,1,0,4,0,12,20
jsoup-1.11.2,2017-11-19,org.jsoup.select.Evaluator$Matches,3,2,0,2,0,4,13
jsoup-1.11.2,2017-11-19,org.jsoup.safety.Whitelist$AttributeValue,2,2,0,2,1,0,8
jsoup-1.11.2,2017-11-19,org.jsoup.select.Evaluator$IsOnlyChild,4,2,0,3,1,3,9
jsoup-1.11.2,2017-11-19,org.jsoup.Connection$Method,2,1,0,0,0,0,8
jsoup-1.11.2,2017-11-19,org.jsoup.UncheckedIOException,2,3,0,0,1,1,8
jsoup-1.11.2,2017-11-19,org.jsoup.helper.HttpConnection$Base,57,1,0,8,147,32,165
jsoup-1.11.2,2017-11-19,org.jsoup.parser.TokenQueue,88,1,0,4,0,34,199
jsoup-1.11.2,2017-11-19,org.jsoup.parser.ParseSettings,8,1,0,3,0,3,30
jsoup-1.11.2,2017-11-19,org.jsoup.select.NodeFilter,2,1,0,2,1,0,10
jsoup-1.11.2,2017-11-19,org.jsoup.parser.HtmlTreeBuilderState$Anonymous21,7,1,0,4,0,14,18
jsoup-1.11.2,2017-11-19,org.jsoup.parser.HtmlTreeBuilderState$Anonymous20,11,1,0,4,0,17,30
jsoup-1.11.2,2017-11-19,org.jsoup.helper.HttpConnection$Response$Anonymous2,3,1,0,0,3,0,9
jsoup-1.11.2,2017-11-19,org.jsoup.parser.HtmlTreeBuilderState$Anonymous12,14,1,0,9,1,19,44
jsoup-1.11.2,2017-11-19,org.jsoup.helper.HttpConnection$Response$Anonymous1,1,1,0,0,0,0,5
jsoup-1.11.2,2017-11-19,org.jsoup.parser.HtmlTreeBuilderState$Anonymous11,12,1,0,7,0,18,32
jsoup-1.11.2,2017-11-19,org.jsoup.parser.HtmlTreeBuilderState$Anonymous14,15,1,0,8,3,20,66
jsoup-1.11.2,2017-11-19,org.jsoup.parser.HtmlTreeBuilderState$Anonymous13,16,1,0,9,3,20,62
jsoup-1.11.2,2017-11-19,org.jsoup.parser.HtmlTreeBuilderState$Anonymous16,29,1,0,10,1,23,78
jsoup-1.11.2,2017-11-19,org.jsoup.helper.W3CDom$W3CBuilder,18,1,0,14,0,29,76
jsoup-1.11.2,2017-11-19,org.jsoup.parser.HtmlTreeBuilderState$Anonymous15,15,1,0,8,3,20,54
jsoup-1.11.2,2017-11-19,org.jsoup.parser.HtmlTreeBuilderState$Anonymous18,10,1,0,4,0,17,34
jsoup-1.11.2,2017-11-19,org.jsoup.parser.HtmlTreeBuilderState$Anonymous17,6,1,0,5,0,11,20
jsoup-1.11.2,2017-11-19,org.jsoup.parser.HtmlTreeBuilderState$Anonymous19,16,1,0,7,0,23,50
jsoup-1.11.2,2017-11-19,org.jsoup.select.Evaluator$ContainsOwnText,3,2,0,3,0,4,12
jsoup-1.11.2,2017-11-19,org.jsoup.parser.TokeniserState,31,1,0,7,13,25,1336
jsoup-1.11.2,2017-11-19,org.jsoup.select.Evaluator$IndexLessThan,5,3,0,2,3,2,11
jsoup-1.11.2,2017-11-19,org.jsoup.nodes.Entities$EscapeMode,8,1,0,2,4,3,25
jsoup-1.11.2,2017-11-19,org.jsoup.select.Evaluator$MatchText,4,2,0,6,1,7,15
jsoup-1.11.2,2017-11-19,org.jsoup.parser.HtmlTreeBuilderState$Anonymous10,7,1,0,7,0,19,35
jsoup-1.11.2,2017-11-19,org.jsoup.safety.Cleaner$ElementMeta,1,1,0,1,0,0,8
jsoup-1.11.2,2017-11-19,org.jsoup.select.Evaluator,2,54,50,7,1,0,446
jsoup-1.11.2,2017-11-19,org.jsoup.Connection,34,1,0,8,561,0,112
jsoup-1.11.2,2017-11-19,org.jsoup.select.Evaluator$IsRoot,4,2,0,3,1,1,9
jsoup-1.11.2,2017-11-19,org.jsoup.select.StructuralEvaluator$Parent,7,3,0,3,3,3,18
jsoup-1.11.2,2017-11-19,org.jsoup.select.Evaluator$IsLastChild,4,2,0,3,1,4,9
jsoup-1.11.2,2017-11-19,org.jsoup.select.Evaluator$IsNthLastChild,3,3,0,2,3,4,11
jsoup-1.11.2,2017-11-19,org.jsoup.parser.Token$TokenType,0,1,0,0,0,0,1
jsoup-1.11.2,2017-11-19,org.jsoup.nodes.Attribute,40,1,1,7,0,27,107
jsoup-1.11.3,2018-04-15,org.jsoup.nodes.Document$QuirksMode,0,1,0,0,0,0,1
jsoup-1.11.3,2018-04-15,org.jsoup.helper.DataUtil,62,1,0,15,85,57,159
jsoup-1.11.3,2018-04-15,org.jsoup.select.StructuralEvaluator$ImmediateParent,5,3,0,3,3,3,13
jsoup-1.11.3,2018-04-15,org.jsoup.helper.ChangeNotifyingArrayList,13,4,0,2,78,12,50
jsoup-1.11.3,2018-04-15,org.jsoup.Connection$Response,10,1,0,4,45,0,12
jsoup-1.11.3,2018-04-15,org.jsoup.select.Evaluator$IndexEvaluator,1,2,0,1,0,0,6
jsoup-1.11.3,2018-04-15,org.jsoup.select.Evaluator$IsOnlyOfType,7,2,0,5,1,4,15
jsoup-1.11.3,2018-04-15,org.jsoup.nodes.Entities$CoreCharset,3,1,0,1,0,2,6
jsoup-1.11.3,2018-04-15,org.jsoup.safety.Cleaner,13,1,0,14,13,20,97
jsoup-1.11.3,2018-04-15,org.jsoup.nodes.Element,209,6,3,44,5067,140,646
jsoup-1.11.3,2018-04-15,org.jsoup.helper.HttpConnection,56,3,0,14,0,41,935
jsoup-1.11.3,2018-04-15,org.jsoup.safety.Whitelist$TypedValue,11,1,0,2,0,4,27
jsoup-1.11.3,2018-04-15,org.jsoup.select.NodeTraversor,29,1,0,7,3,12,73
jsoup-1.11.3,2018-04-15,org.jsoup.select.Evaluator$MatchesOwn,3,2,0,2,0,4,13
jsoup-1.11.3,2018-04-15,org.jsoup.select.CombiningEvaluator$And,6,3,0,4,6,4,18
jsoup-1.11.3,2018-04-15,org.jsoup.parser.Token$EndTag,2,3,0,1,1,1,9
jsoup-1.11.3,2018-04-15,org.jsoup.helper.HttpConnection$Request,29,2,0,6,277,7,117
jsoup-1.11.3,2018-04-15,org.jsoup.nodes.Document,49,3,0,13,260,52,270
jsoup-1.11.3,2018-04-15,org.jsoup.Jsoup,16,1,0,10,120,18,58
jsoup-1.11.3,2018-04-15,org.jsoup.parser.HtmlTreeBuilder,177,2,0,27,2676,80,530
jsoup-1.11.3,2018-04-15,org.jsoup.nodes.FormElement,20,3,0,12,3,24,55
jsoup-1.11.3,2018-04-15,org.jsoup.UnsupportedMimeTypeException,4,4,0,0,0,1,18
jsoup-1.11.3,2018-04-15,org.jsoup.select.StructuralEvaluator,0,15,12,2,0,0,94
jsoup-1.11.3,2018-04-15,org.jsoup.nodes.EntitiesData,0,1,0,0,0,0,5
jsoup-1.11.3,2018-04-15,org.jsoup.select.Evaluator$IndexEquals,4,3,0,2,3,2,11
jsoup-1.11.3,2018-04-15,org.jsoup.select.Selector$SelectorParseException,1,5,0,0,0,1,5
jsoup-1.11.3,2018-04-15,org.jsoup.parser.Token$Tag,32,2,0,7,73,18,110
jsoup-1.11.3,2018-04-15,org.jsoup.nodes.XmlDeclaration,14,3,0,7,30,13,45
jsoup-1.11.3,2018-04-15,org.jsoup.parser.Token$Doctype,7,2,0,2,11,2,33
jsoup-1.11.3,2018-04-15,org.jsoup.select.Evaluator$TagEndsWith,3,2,0,2,0,3,12
jsoup-1.11.3,2018-04-15,org.jsoup.select.Evaluator$Tag,3,2,0,2,0,3,12
jsoup-1.11.3,2018-04-15,org.jsoup.nodes.Document$OutputSettings$Syntax,0,1,0,0,0,0,1
jsoup-1.11.3,2018-04-15,org.jsoup.parser.TokeniserState$Anonymous24,6,1,0,2,0,6,25
jsoup-1.11.3,2018-04-15,org.jsoup.parser.TokeniserState$Anonymous25,3,1,0,2,0,9,18
jsoup-1.11.3,2018-04-15,org.jsoup.parser.TokeniserState$Anonymous26,2,1,0,3,0,8,14
jsoup-1.11.3,2018-04-15,org.jsoup.parser.TokeniserState$Anonymous27,1,1,0,3,0,1,5
jsoup-1.11.3,2018-04-15,org.jsoup.parser.TokeniserState$Anonymous20,2,1,0,2,0,4,11
jsoup-1.11.3,2018-04-15,org.jsoup.parser.TokeniserState$Anonymous21,2,1,0,2,0,4,11
jsoup-1.11.3,2018-04-15,org.jsoup.parser.TokeniserState$Anonymous22,5,1,0,2,0,10,22
jsoup-1.11.3,2018-04-15,org.jsoup.parser.TokeniserState$Anonymous23,5,1,0,2,0,6,23
jsoup-1.11.3,2018-04-15,org.jsoup.parser.Tokeniser,72,1,0,17,215,53,215
jsoup-1.11.3,2018-04-15,org.jsoup.nodes.Comment,8,3,0,4,21,6,24
jsoup-1.11.3,2018-04-15,org.jsoup.select.Evaluator$IndexGreaterThan,4,3,0,2,3,2,11
jsoup-1.11.3,2018-04-15,org.jsoup.nodes.LeafNode,21,2,5,4,61,17,65
jsoup-1.11.3,2018-04-15,org.jsoup.parser.TokeniserState$Anonymous28,1,1,0,3,0,1,5
jsoup-1.11.3,2018-04-15,org.jsoup.parser.TokeniserState$Anonymous29,5,1,0,2,0,9,22
jsoup-1.11.3,2018-04-15,org.jsoup.select.Selector,13,5,0,8,15,10,53
jsoup-1.11.3,2018-04-15,org.jsoup.select.Evaluator$AttributeWithValueEnding,3,3,0,4,3,5,11
jsoup-1.11.3,2018-04-15,org.jsoup.select.StructuralEvaluator$ImmediatePreviousSibling,5,3,0,3,3,3,13
jsoup-1.11.3,2018-04-15,org.jsoup.select.Collector$FirstFinder,5,1,0,5,1,1,22
jsoup-1.11.3,2018-04-15,org.jsoup.parser.TokeniserState$Anonymous30,5,1,0,2,0,5,22
jsoup-1.11.3,2018-04-15,org.jsoup.helper.HttpConnection$KeyVal,14,1,0,3,22,6,52
jsoup-1.11.3,2018-04-15,org.jsoup.parser.HtmlTreeBuilderState$Anonymous5,16,1,0,7,1,18,33
jsoup-1.11.3,2018-04-15,org.jsoup.parser.TokeniserState$Anonymous35,14,1,0,3,0,8,28
jsoup-1.11.3,2018-04-15,org.jsoup.safety.Whitelist$Protocol,2,2,0,2,1,0,8
jsoup-1.11.3,2018-04-15,org.jsoup.parser.HtmlTreeBuilderState$Anonymous4,19,1,0,12,1,25,70
jsoup-1.11.3,2018-04-15,org.jsoup.parser.TokeniserState$Anonymous36,14,1,0,3,0,8,30
jsoup-1.11.3,2018-04-15,org.jsoup.parser.HtmlTreeBuilderState$Anonymous7,154,1,0,19,1,91,521
jsoup-1.11.3,2018-04-15,org.jsoup.parser.TokeniserState$Anonymous37,15,1,0,3,0,7,33
jsoup-1.11.3,2018-04-15,org.jsoup.parser.HtmlTreeBuilderState$Anonymous6,13,1,0,9,1,25,61
jsoup-1.11.3,2018-04-15,org.jsoup.parser.TokeniserState$Anonymous38,7,1,0,4,0,11,23
jsoup-1.11.3,2018-04-15,org.jsoup.parser.HtmlTreeBuilderState$Anonymous1,5,1,0,8,0,18,23
jsoup-1.11.3,2018-04-15,org.jsoup.parser.TokeniserState$Anonymous31,6,1,0,2,0,5,24
jsoup-1.11.3,2018-04-15,org.jsoup.parser.TokeniserState$Anonymous32,2,1,0,2,0,5,12
jsoup-1.11.3,2018-04-15,org.jsoup.parser.HtmlTreeBuilderState$Anonymous3,11,1,0,7,0,19,35
jsoup-1.11.3,2018-04-15,org.jsoup.parser.TokeniserState$Anonymous33,1,1,0,3,0,1,5
jsoup-1.11.3,2018-04-15,org.jsoup.parser.HtmlTreeBuilderState$Anonymous2,10,1,0,6,1,18,34
jsoup-1.11.3,2018-04-15,org.jsoup.parser.TokeniserState$Anonymous34,14,1,0,3,0,8,29
jsoup-1.11.3,2018-04-15,org.jsoup.parser.HtmlTreeBuilderState$Anonymous9,25,1,0,10,1,36,113
jsoup-1.11.3,2018-04-15,org.jsoup.parser.TokeniserState$Anonymous39,7,1,0,4,0,11,23
jsoup-1.11.3,2018-04-15,org.jsoup.parser.HtmlTreeBuilderState$Anonymous8,4,1,0,2,0,10,18
jsoup-1.11.3,2018-04-15,org.jsoup.nodes.Node,105,1,2,14,1509,75,345
jsoup-1.11.3,2018-04-15,org.jsoup.helper.DataUtil$BomCharset,1,1,0,0,0,0,8
jsoup-1.11.3,2018-04-15,org.jsoup.parser.HtmlTreeBuilderState,6,1,0,7,10,10,1500
jsoup-1.11.3,2018-04-15,org.jsoup.select.Evaluator$AttributeStarting,5,2,0,6,0,7,17
jsoup-1.11.3,2018-04-15,org.jsoup.parser.TokeniserState$Anonymous40,17,1,0,4,0,11,28
jsoup-1.11.3,2018-04-15,org.jsoup.nodes.DataNode,9,3,0,5,36,6,30
jsoup-1.11.3,2018-04-15,org.jsoup.parser.TokeniserState$Anonymous41,9,1,0,2,0,6,20
jsoup-1.11.3,2018-04-15,org.jsoup.nodes.Attributes,66,2,0,11,93,36,248
jsoup-1.11.3,2018-04-15,org.jsoup.helper.W3CDom,6,1,0,9,3,15,112
jsoup-1.11.3,2018-04-15,org.jsoup.parser.XmlTreeBuilder,31,2,0,25,66,55,95
jsoup-1.11.3,2018-04-15,org.jsoup.nodes.Document$OutputSettings,20,1,0,5,90,14,83
jsoup-1.11.3,2018-04-15,org.jsoup.select.CombiningEvaluator,6,6,4,2,0,5,68
jsoup-1.11.3,2018-04-15,org.jsoup.select.Evaluator$ContainsData,3,2,0,3,0,4,12
jsoup-1.11.3,2018-04-15,org.jsoup.helper.StringUtil,61,1,0,2,120,38,127
jsoup-1.11.3,2018-04-15,org.jsoup.internal.Normalizer,3,1,0,1,1,3,8
jsoup-1.11.3,2018-04-15,org.jsoup.nodes.Attributes$Dataset$EntrySet,3,3,0,1,1,1,11
jsoup-1.11.3,2018-04-15,org.jsoup.nodes.Attributes$Dataset,4,4,0,2,1,4,43
jsoup-1.11.3,2018-04-15,org.jsoup.parser.TokeniserState$Anonymous13,13,1,0,4,1,12,31
jsoup-1.11.3,2018-04-15,org.jsoup.parser.TokeniserState$Anonymous14,2,1,0,2,0,5,12
jsoup-1.11.3,2018-04-15,org.jsoup.helper.Validate,24,1,0,1,66,2,37
jsoup-1.11.3,2018-04-15,org.jsoup.parser.TokeniserState$Anonymous15,1,1,0,3,0,1,5
jsoup-1.11.3,2018-04-15,org.jsoup.parser.TokeniserState$Anonymous16,1,1,0,3,0,1,5
jsoup-1.11.3,2018-04-15,org.jsoup.parser.TokeniserState$Anonymous10,10,1,0,3,0,7,22
jsoup-1.11.3,2018-04-15,org.jsoup.parser.TokeniserState$Anonymous11,5,1,0,3,0,12,18
jsoup-1.11.3,2018-04-15,org.jsoup.parser.TokeniserState$Anonymous12,2,1,0,3,0,8,14
jsoup-1.11.3,2018-04-15,org.jsoup.parser.TokeniserState$Anonymous17,3,1,0,2,0,5,15
jsoup-1.11.3,2018-04-15,org.jsoup.parser.TokeniserState$Anonymous18,1,1,0,3,0,1,5
jsoup-1.11.3,2018-04-15,org.jsoup.parser.TokeniserState$Anonymous19,1,1,0,3,0,1,5
jsoup-1.11.3,2018-04-15,org.jsoup.select.Evaluator$CssNthEvaluator,13,2,0,4,3,4,24
jsoup-1.11.3,2018-04-15,org.jsoup.parser.Token$Comment,4,2,0,2,4,3,18
jsoup-1.11.3,2018-04-15,org.jsoup.select.Evaluator$IsFirstOfType,2,4,0,1,1,0,8
jsoup-1.11.3,2018-04-15,org.jsoup.nodes.Element$NodeList,2,5,0,3,0,1,10
jsoup-1.11.3,2018-04-15,org.jsoup.examples.Wikipedia,3,1,0,7,1,9,13
jsoup-1.11.3,2018-04-15,org.jsoup.parser.ParseError,5,1,0,0,0,1,21
jsoup-1.11.3,2018-04-15,org.jsoup.parser.TokeniserState$Anonymous64,5,1,0,2,0,6,23
jsoup-1.11.3,2018-04-15,org.jsoup.parser.TokeniserState$Anonymous65,8,1,0,2,0,5,18
jsoup-1.11.3,2018-04-15,org.jsoup.parser.TreeBuilder,15,1,2,13,18,12,63
jsoup-1.11.3,2018-04-15,org.jsoup.parser.TokeniserState$Anonymous66,3,1,0,2,0,3,14
jsoup-1.11.3,2018-04-15,org.jsoup.parser.TokeniserState$Anonymous67,3,1,0,3,0,7,10
jsoup-1.11.3,2018-04-15,org.jsoup.nodes.PseudoTextElement,3,3,0,4,3,0,9
jsoup-1.11.3,2018-04-15,org.jsoup.parser.TokeniserState$Anonymous1,5,1,0,3,0,8,18
jsoup-1.11.3,2018-04-15,org.jsoup.parser.Parser,24,1,0,12,71,18,85
jsoup-1.11.3,2018-04-15,org.jsoup.select.Evaluator$IsEmpty,6,2,0,6,1,1,12
jsoup-1.11.3,2018-04-15,org.jsoup.parser.TokeniserState$Anonymous7,3,1,0,3,0,7,15
jsoup-1.11.3,2018-04-15,org.jsoup.parser.TokeniserState$Anonymous6,1,1,0,3,0,1,5
jsoup-1.11.3,2018-04-15,org.jsoup.parser.TokeniserState$Anonymous9,4,1,0,2,0,9,21
jsoup-1.11.3,2018-04-15,org.jsoup.select.Evaluator$AttributeWithValueMatching,3,2,0,4,0,7,14
jsoup-1.11.3,2018-04-15,org.jsoup.parser.TokeniserState$Anonymous8,5,1,0,2,0,7,22
jsoup-1.11.3,2018-04-15,org.jsoup.parser.TokeniserState$Anonymous3,5,1,0,3,0,8,19
jsoup-1.11.3,2018-04-15,org.jsoup.parser.TokeniserState$Anonymous2,1,1,0,3,0,1,5
jsoup-1.11.3,2018-04-15,org.jsoup.parser.TokeniserState$Anonymous5,1,1,0,3,0,1,5
jsoup-1.11.3,2018-04-15,org.jsoup.parser.TokeniserState$Anonymous4,1,1,0,3,0,1,5
jsoup-1.11.3,2018-04-15,org.jsoup.examples.ListLinks,9,1,0,8,3,15,31
jsoup-1.11.3,2018-04-15,org.jsoup.select.Evaluator$IsNthChild,3,3,0,2,3,1,11
jsoup-1.11.3,2018-04-15,org.jsoup.helper.StringUtil$Anonymous1,1,1,0,0,0,0,5
jsoup-1.11.3,2018-04-15,org.jsoup.parser.HtmlTreeBuilderState$Constants,0,1,0,0,0,0,19
jsoup-1.11.3,2018-04-15,org.jsoup.select.Evaluator$Class,3,2,0,2,0,2,12
jsoup-1.11.3,2018-04-15,org.jsoup.nodes.Attributes$Anonymous1,4,1,0,2,0,1,14
jsoup-1.11.3,2018-04-15,org.jsoup.select.StructuralEvaluator$Has,6,3,0,3,3,3,14
jsoup-1.11.3,2018-04-15,org.jsoup.nodes.Node$OuterHtmlVisitor,6,1,0,4,0,5,27
jsoup-1.11.3,2018-04-15,org.jsoup.parser.Token,23,12,10,9,90,4,281
jsoup-1.11.3,2018-04-15,org.jsoup.safety.Cleaner$CleaningVisitor,11,1,0,8,0,9,42
jsoup-1.11.3,2018-04-15,org.jsoup.select.Evaluator$AttributeKeyPair,5,2,0,3,0,6,13
jsoup-1.11.3,2018-04-15,org.jsoup.select.Evaluator$IsNthLastOfType,5,3,0,4,3,7,16
jsoup-1.11.3,2018-04-15,org.jsoup.parser.Tag,50,1,0,3,40,11,152
jsoup-1.11.3,2018-04-15,org.jsoup.parser.Token$Character,5,2,0,2,4,1,21
jsoup-1.11.3,2018-04-15,org.jsoup.select.Evaluator$IsLastOfType,2,4,0,1,1,0,8
jsoup-1.11.3,2018-04-15,org.jsoup.select.Evaluator$Attribute,3,2,0,3,0,2,12
jsoup-1.11.3,2018-04-15,org.jsoup.select.NodeFilter$FilterResult,0,1,0,0,0,0,6
jsoup-1.11.3,2018-04-15,org.jsoup.Connection$KeyVal,9,1,0,1,36,0,11
jsoup-1.11.3,2018-04-15,org.jsoup.nodes.Entities,49,1,0,11,69,30,188
jsoup-1.11.3,2018-04-15,org.jsoup.parser.Token$CData,2,3,0,1,1,2,9
jsoup-1.11.3,2018-04-15,org.jsoup.select.Evaluator$AttributeWithValueContaining,3,3,0,4,3,5,11
jsoup-1.11.3,2018-04-15,org.jsoup.select.Elements,103,4,0,11,1326,50,267
jsoup-1.11.3,2018-04-15,org.jsoup.select.Evaluator$AllElements,2,2,0,2,1,0,8
jsoup-1.11.3,2018-04-15,org.jsoup.parser.TokeniserState$Anonymous46,5,1,0,2,0,6,23
jsoup-1.11.3,2018-04-15,org.jsoup.parser.TokeniserState$Anonymous47,4,1,0,2,0,10,18
jsoup-1.11.3,2018-04-15,org.jsoup.safety.Whitelist$AttributeKey,2,2,0,2,1,0,8
jsoup-1.11.3,2018-04-15,org.jsoup.parser.TokeniserState$Anonymous48,4,1,0,2,0,6,19
jsoup-1.11.3,2018-04-15,org.jsoup.parser.TokeniserState$Anonymous49,6,1,0,2,0,7,27
jsoup-1.11.3,2018-04-15,org.jsoup.parser.TokeniserState$Anonymous42,3,1,0,2,0,6,17
jsoup-1.11.3,2018-04-15,org.jsoup.nodes.TextNode,29,3,1,9,120,28,63
jsoup-1.11.3,2018-04-15,org.jsoup.parser.TokeniserState$Anonymous43,1,1,0,3,0,5,10
jsoup-1.11.3,2018-04-15,org.jsoup.parser.TokeniserState$Anonymous44,4,1,0,2,0,7,19
jsoup-1.11.3,2018-04-15,org.jsoup.select.Evaluator$AttributeWithValue,3,3,0,3,3,5,11
jsoup-1.11.3,2018-04-15,org.jsoup.parser.TokeniserState$Anonymous45,5,1,0,2,0,6,23
jsoup-1.11.3,2018-04-15,org.jsoup.select.Evaluator$AttributeWithValueNot,3,3,0,3,3,3,11
jsoup-1.11.3,2018-04-15,org.jsoup.parser.ParseErrorList,6,4,0,2,0,1,20
jsoup-1.11.3,2018-04-15,org.jsoup.nodes.BooleanAttribute,2,2,0,1,1,0,8
jsoup-1.11.3,2018-04-15,org.jsoup.nodes.Node$Anonymous1,2,1,0,1,1,1,7
jsoup-1.11.3,2018-04-15,org.jsoup.nodes.Element$Anonymous1,12,1,0,4,1,8,18
jsoup-1.11.3,2018-04-15,org.jsoup.nodes.Element$Anonymous2,3,1,0,2,1,2,10
jsoup-1.11.3,2018-04-15,org.jsoup.SerializationException,4,4,0,0,6,0,14
jsoup-1.11.3,2018-04-15,org.jsoup.select.CombiningEvaluator$Or,9,3,0,5,15,7,28
jsoup-1.11.3,2018-04-15,org.jsoup.select.Evaluator$ContainsText,3,2,0,3,0,4,12
jsoup-1.11.3,2018-04-15,org.jsoup.Connection$Base,18,1,0,2,153,0,20
jsoup-1.11.3,2018-04-15,org.jsoup.safety.Whitelist$TagName,2,2,0,2,1,0,8
jsoup-1.11.3,2018-04-15,org.jsoup.parser.TokeniserState$Anonymous50,5,1,0,2,0,7,23
jsoup-1.11.3,2018-04-15,org.jsoup.parser.TokeniserState$Anonymous51,8,1,0,2,0,6,18
jsoup-1.11.3,2018-04-15,org.jsoup.select.Evaluator$IsNthOfType,6,3,0,4,3,4,17
jsoup-1.11.3,2018-04-15,org.jsoup.select.Evaluator$Id,3,2,0,2,0,3,12
jsoup-1.11.3,2018-04-15,org.jsoup.parser.TokeniserState$Anonymous52,9,1,0,2,0,8,27
jsoup-1.11.3,2018-04-15,org.jsoup.select.StructuralEvaluator$PreviousSibling,6,3,0,3,3,3,17
jsoup-1.11.3,2018-04-15,org.jsoup.parser.TokeniserState$Anonymous57,5,1,0,2,0,6,23
jsoup-1.11.3,2018-04-15,org.jsoup.safety.Whitelist,59,5,0,12,84,64,295
jsoup-1.11.3,2018-04-15,org.jsoup.parser.TokeniserState$Anonymous58,5,1,0,2,0,6,23
jsoup-1.11.3,2018-04-15,org.jsoup.parser.TokeniserState$Anonymous59,10,1,0,2,0,5,26
jsoup-1.11.3,2018-04-15,org.jsoup.examples.HtmlToPlainText$FormattingVisitor,18,1,0,5,4,14,44
jsoup-1.11.3,2018-04-15,org.jsoup.parser.TokeniserState$Anonymous53,10,1,0,2,0,9,26
jsoup-1.11.3,2018-04-15,org.jsoup.select.Collector$Accumulator,5,1,0,5,1,2,18
jsoup-1.11.3,2018-04-15,org.jsoup.select.Collector,3,1,0,8,3,2,54
jsoup-1.11.3,2018-04-15,org.jsoup.parser.TokeniserState$Anonymous54,6,1,0,2,0,10,29
jsoup-1.11.3,2018-04-15,org.jsoup.parser.TokeniserState$Anonymous55,10,1,0,2,0,5,28
jsoup-1.11.3,2018-04-15,org.jsoup.nodes.Attributes$Dataset$DatasetIterator,5,1,0,2,0,9,17
jsoup-1.11.3,2018-04-15,org.jsoup.parser.TokeniserState$Anonymous56,10,1,0,2,0,5,25
jsoup-1.11.3,2018-04-15,org.jsoup.select.StructuralEvaluator$Not,3,3,0,3,3,2,11
jsoup-1.11.3,2018-04-15,org.jsoup.internal.ConstrainableInputStream,28,4,0,3,0,11,74
jsoup-1.11.3,2018-04-15,org.jsoup.parser.CharacterReader,141,1,0,4,0,26,332
jsoup-1.11.3,2018-04-15,org.jsoup.select.Evaluator$IsFirstChild,4,2,0,3,1,2,9
jsoup-1.11.3,2018-04-15,org.jsoup.parser.TokeniserState$Anonymous60,10,1,0,2,0,5,25
jsoup-1.11.3,2018-04-15,org.jsoup.parser.TokeniserState$Anonymous61,10,1,0,2,0,5,28
jsoup-1.11.3,2018-04-15,org.jsoup.parser.TokeniserState$Anonymous62,10,1,0,2,0,5,25
jsoup-1.11.3,2018-04-15,org.jsoup.parser.TokeniserState$Anonymous63,5,1,0,2,0,6,23
jsoup-1.11.3,2018-04-15,org.jsoup.select.StructuralEvaluator$Root,2,2,0,2,0,0,5
jsoup-1.11.3,2018-04-15,org.jsoup.helper.HttpConnection$Response,107,2,0,22,183,151,370
jsoup-1.11.3,2018-04-15,org.jsoup.select.NodeVisitor,2,1,0,1,1,0,4
jsoup-1.11.3,2018-04-15,org.jsoup.parser.Token$EOF,2,2,0,2,1,0,8
jsoup-1.11.3,2018-04-15,org.jsoup.parser.Token$StartTag,6,3,0,4,6,5,22
jsoup-1.11.3,2018-04-15,org.jsoup.select.Evaluator$AttributeWithValueStarting,3,3,0,4,3,5,11
jsoup-1.11.3,2018-04-15,org.jsoup.nodes.DocumentType,19,3,0,5,8,8,59
jsoup-1.11.3,2018-04-15,org.jsoup.Connection$Request,25,1,0,4,300,0,27
jsoup-1.11.3,2018-04-15,org.jsoup.examples.HtmlToPlainText,7,1,0,10,1,10,71
jsoup-1.11.3,2018-04-15,org.jsoup.HttpStatusException,4,4,0,0,0,1,18
jsoup-1.11.3,2018-04-15,org.jsoup.select.QueryParser,96,1,0,51,0,65,247
jsoup-1.11.3,2018-04-15,org.jsoup.parser.HtmlTreeBuilderState$Anonymous23,1,1,0,2,0,0,5
jsoup-1.11.3,2018-04-15,org.jsoup.parser.HtmlTreeBuilderState$Anonymous22,9,1,0,4,0,12,20
jsoup-1.11.3,2018-04-15,org.jsoup.select.Evaluator$Matches,3,2,0,2,0,4,13
jsoup-1.11.3,2018-04-15,org.jsoup.safety.Whitelist$AttributeValue,2,2,0,2,1,0,8
jsoup-1.11.3,2018-04-15,org.jsoup.select.Evaluator$IsOnlyChild,4,2,0,3,1,3,9
jsoup-1.11.3,2018-04-15,org.jsoup.Connection$Method,2,1,0,0,0,0,8
jsoup-1.11.3,2018-04-15,org.jsoup.UncheckedIOException,2,4,0,0,1,1,8
jsoup-1.11.3,2018-04-15,org.jsoup.helper.HttpConnection$Base,57,1,0,8,147,32,165
jsoup-1.11.3,2018-04-15,org.jsoup.parser.TokenQueue,92,1,0,4,0,34,201
jsoup-1.11.3,2018-04-15,org.jsoup.parser.ParseSettings,8,1,0,3,0,3,30
jsoup-1.11.3,2018-04-15,org.jsoup.select.NodeFilter,2,1,0,2,1,0,10
jsoup-1.11.3,2018-04-15,org.jsoup.parser.HtmlTreeBuilderState$Anonymous21,7,1,0,4,0,14,18
jsoup-1.11.3,2018-04-15,org.jsoup.parser.HtmlTreeBuilderState$Anonymous20,11,1,0,4,0,17,30
jsoup-1.11.3,2018-04-15,org.jsoup.helper.HttpConnection$Response$Anonymous2,3,1,0,0,3,0,9
jsoup-1.11.3,2018-04-15,org.jsoup.parser.HtmlTreeBuilderState$Anonymous12,14,1,0,9,1,19,44
jsoup-1.11.3,2018-04-15,org.jsoup.helper.HttpConnection$Response$Anonymous1,1,1,0,0,0,0,5
jsoup-1.11.3,2018-04-15,org.jsoup.parser.HtmlTreeBuilderState$Anonymous11,12,1,0,7,0,18,32
jsoup-1.11.3,2018-04-15,org.jsoup.parser.HtmlTreeBuilderState$Anonymous14,15,1,0,8,3,20,66
jsoup-1.11.3,2018-04-15,org.jsoup.parser.HtmlTreeBuilderState$Anonymous13,16,1,0,9,3,20,62
jsoup-1.11.3,2018-04-15,org.jsoup.parser.HtmlTreeBuilderState$Anonymous16,29,1,0,10,1,23,78
jsoup-1.11.3,2018-04-15,org.jsoup.helper.W3CDom$W3CBuilder,18,1,0,14,0,29,76
jsoup-1.11.3,2018-04-15,org.jsoup.parser.HtmlTreeBuilderState$Anonymous15,15,1,0,8,3,20,54
jsoup-1.11.3,2018-04-15,org.jsoup.parser.HtmlTreeBuilderState$Anonymous18,10,1,0,4,0,17,34
jsoup-1.11.3,2018-04-15,org.jsoup.parser.HtmlTreeBuilderState$Anonymous17,6,1,0,5,0,11,20
jsoup-1.11.3,2018-04-15,org.jsoup.parser.HtmlTreeBuilderState$Anonymous19,16,1,0,7,0,23,50
jsoup-1.11.3,2018-04-15,org.jsoup.select.Evaluator$ContainsOwnText,3,2,0,3,0,4,12
jsoup-1.11.3,2018-04-15,org.jsoup.parser.TokeniserState,31,1,0,7,13,25,1338
jsoup-1.11.3,2018-04-15,org.jsoup.select.Evaluator$IndexLessThan,5,3,0,2,3,2,11
jsoup-1.11.3,2018-04-15,org.jsoup.nodes.Entities$EscapeMode,8,1,0,2,4,3,25
jsoup-1.11.3,2018-04-15,org.jsoup.select.Evaluator$MatchText,4,2,0,6,1,7,15
jsoup-1.11.3,2018-04-15,org.jsoup.parser.HtmlTreeBuilderState$Anonymous10,7,1,0,7,0,19,35
jsoup-1.11.3,2018-04-15,org.jsoup.safety.Cleaner$ElementMeta,1,1,0,1,0,0,8
jsoup-1.11.3,2018-04-15,org.jsoup.select.Evaluator,2,54,50,7,1,0,446
jsoup-1.11.3,2018-04-15,org.jsoup.Connection,35,1,0,8,595,0,115
jsoup-1.11.3,2018-04-15,org.jsoup.select.Evaluator$IsRoot,4,2,0,3,1,1,9
jsoup-1.11.3,2018-04-15,org.jsoup.nodes.CDataNode,6,4,0,3,10,2,22
jsoup-1.11.3,2018-04-15,org.jsoup.select.StructuralEvaluator$Parent,7,3,0,3,3,3,18
jsoup-1.11.3,2018-04-15,org.jsoup.select.Evaluator$IsLastChild,4,2,0,3,1,4,9
jsoup-1.11.3,2018-04-15,org.jsoup.select.Evaluator$IsNthLastChild,3,3,0,2,3,4,11
jsoup-1.11.3,2018-04-15,org.jsoup.parser.Token$TokenType,0,1,0,0,0,0,1
jsoup-1.11.3,2018-04-15,org.jsoup.nodes.Attribute,40,1,1,7,0,27,107
jsoup-1.12.1,2019-05-12,org.jsoup.nodes.Document$QuirksMode,0,1,0,0,0,0,1
jsoup-1.12.1,2019-05-12,org.jsoup.helper.DataUtil,64,1,0,17,60,57,161
jsoup-1.12.1,2019-05-12,org.jsoup.select.StructuralEvaluator$ImmediateParent,5,3,0,3,3,3,13
jsoup-1.12.1,2019-05-12,org.jsoup.helper.ChangeNotifyingArrayList,13,4,0,2,78,12,50
jsoup-1.12.1,2019-05-12,org.jsoup.Connection$Response,10,1,0,4,45,0,12
jsoup-1.12.1,2019-05-12,org.jsoup.select.Evaluator$IndexEvaluator,1,2,0,1,0,0,6
jsoup-1.12.1,2019-05-12,org.jsoup.select.Evaluator$IsOnlyOfType,7,2,0,5,1,4,15
jsoup-1.12.1,2019-05-12,org.jsoup.nodes.Entities$CoreCharset,3,1,0,1,0,2,6
jsoup-1.12.1,2019-05-12,org.jsoup.safety.Cleaner,13,1,0,14,13,20,97
jsoup-1.12.1,2019-05-12,org.jsoup.nodes.Element,212,6,3,45,5288,145,658
jsoup-1.12.1,2019-05-12,org.jsoup.helper.HttpConnection,55,3,0,14,0,40,891
jsoup-1.12.1,2019-05-12,org.jsoup.safety.Whitelist$TypedValue,9,1,0,2,0,4,26
jsoup-1.12.1,2019-05-12,org.jsoup.select.NodeTraversor,29,1,0,7,3,12,73
jsoup-1.12.1,2019-05-12,org.jsoup.select.Evaluator$MatchesOwn,3,2,0,2,0,4,13
jsoup-1.12.1,2019-05-12,org.jsoup.select.CombiningEvaluator$And,6,3,0,4,6,4,18
jsoup-1.12.1,2019-05-12,org.jsoup.parser.Token$EndTag,2,3,0,1,1,1,9
jsoup-1.12.1,2019-05-12,org.jsoup.helper.HttpConnection$Request,27,2,0,6,230,7,110
jsoup-1.12.1,2019-05-12,org.jsoup.nodes.Document,51,3,0,14,305,53,279
jsoup-1.12.1,2019-05-12,org.jsoup.Jsoup,16,1,0,10,120,18,58
jsoup-1.12.1,2019-05-12,org.jsoup.parser.HtmlTreeBuilder,176,2,0,28,2606,81,528
jsoup-1.12.1,2019-05-12,org.jsoup.nodes.FormElement,20,3,0,12,3,24,55
jsoup-1.12.1,2019-05-12,org.jsoup.UnsupportedMimeTypeException,4,4,0,0,0,1,18
jsoup-1.12.1,2019-05-12,org.jsoup.select.StructuralEvaluator,0,15,12,2,0,0,94
jsoup-1.12.1,2019-05-12,org.jsoup.nodes.EntitiesData,0,1,0,0,0,0,5
jsoup-1.12.1,2019-05-12,org.jsoup.select.Evaluator$IndexEquals,4,3,0,2,3,2,11
jsoup-1.12.1,2019-05-12,org.jsoup.select.Selector$SelectorParseException,1,5,0,0,0,1,5
jsoup-1.12.1,2019-05-12,org.jsoup.parser.Token$Tag,32,2,0,7,73,18,110
jsoup-1.12.1,2019-05-12,org.jsoup.nodes.XmlDeclaration,14,3,0,8,30,14,45
jsoup-1.12.1,2019-05-12,org.jsoup.parser.Token$Doctype,7,2,0,2,11,2,33
jsoup-1.12.1,2019-05-12,org.jsoup.select.Evaluator$TagEndsWith,3,2,0,2,0,3,12
jsoup-1.12.1,2019-05-12,org.jsoup.select.Evaluator$Tag,3,2,0,2,0,3,12
jsoup-1.12.1,2019-05-12,org.jsoup.nodes.Document$OutputSettings$Syntax,0,1,0,0,0,0,1
jsoup-1.12.1,2019-05-12,org.jsoup.internal.StringUtil,64,1,0,3,130,42,130
jsoup-1.12.1,2019-05-12,org.jsoup.parser.TokeniserState$Anonymous24,6,1,0,2,0,6,25
jsoup-1.12.1,2019-05-12,org.jsoup.parser.TokeniserState$Anonymous25,3,1,0,2,0,9,18
jsoup-1.12.1,2019-05-12,org.jsoup.parser.TokeniserState$Anonymous26,2,1,0,3,0,8,14
jsoup-1.12.1,2019-05-12,org.jsoup.parser.TokeniserState$Anonymous27,1,1,0,3,0,1,5
jsoup-1.12.1,2019-05-12,org.jsoup.parser.TokeniserState$Anonymous20,2,1,0,2,0,4,11
jsoup-1.12.1,2019-05-12,org.jsoup.parser.TokeniserState$Anonymous21,2,1,0,2,0,4,11
jsoup-1.12.1,2019-05-12,org.jsoup.parser.TokeniserState$Anonymous22,5,1,0,2,0,10,22
jsoup-1.12.1,2019-05-12,org.jsoup.parser.TokeniserState$Anonymous23,5,1,0,2,0,6,23
jsoup-1.12.1,2019-05-12,org.jsoup.parser.Tokeniser,72,1,0,17,215,54,215
jsoup-1.12.1,2019-05-12,org.jsoup.nodes.Comment,12,3,0,12,36,22,39
jsoup-1.12.1,2019-05-12,org.jsoup.select.Evaluator$IndexGreaterThan,4,3,0,2,3,2,11
jsoup-1.12.1,2019-05-12,org.jsoup.nodes.LeafNode,21,2,5,4,61,17,65
jsoup-1.12.1,2019-05-12,org.jsoup.parser.TokeniserState$Anonymous28,1,1,0,3,0,1,5
jsoup-1.12.1,2019-05-12,org.jsoup.parser.TokeniserState$Anonymous29,5,1,0,2,0,9,22
jsoup-1.12.1,2019-05-12,org.jsoup.select.Selector,13,5,0,8,15,10,53
jsoup-1.12.1,2019-05-12,org.jsoup.select.Evaluator$AttributeWithValueEnding,3,3,0,4,3,5,11
jsoup-1.12.1,2019-05-12,org.jsoup.select.StructuralEvaluator$ImmediatePreviousSibling,5,3,0,3,3,3,13
jsoup-1.12.1,2019-05-12,org.jsoup.select.Collector$FirstFinder,5,1,0,5,1,1,22
jsoup-1.12.1,2019-05-12,org.jsoup.parser.TokeniserState$Anonymous30,5,1,0,2,0,5,22
jsoup-1.12.1,2019-05-12,org.jsoup.helper.HttpConnection$KeyVal,14,1,0,3,22,6,52
jsoup-1.12.1,2019-05-12,org.jsoup.parser.HtmlTreeBuilderState$Anonymous5,16,1,0,7,1,18,33
jsoup-1.12.1,2019-05-12,org.jsoup.parser.TokeniserState$Anonymous35,14,1,0,3,0,8,28
jsoup-1.12.1,2019-05-12,org.jsoup.safety.Whitelist$Protocol,2,2,0,2,1,0,8
jsoup-1.12.1,2019-05-12,org.jsoup.parser.HtmlTreeBuilderState$Anonymous4,19,1,0,12,1,25,70
jsoup-1.12.1,2019-05-12,org.jsoup.parser.TokeniserState$Anonymous36,14,1,0,3,0,8,30
jsoup-1.12.1,2019-05-12,org.jsoup.parser.HtmlTreeBuilderState$Anonymous7,154,1,0,18,1,89,521
jsoup-1.12.1,2019-05-12,org.jsoup.parser.TokeniserState$Anonymous37,15,1,0,3,0,7,33
jsoup-1.12.1,2019-05-12,org.jsoup.parser.HtmlTreeBuilderState$Anonymous6,13,1,0,9,1,25,61
jsoup-1.12.1,2019-05-12,org.jsoup.parser.TokeniserState$Anonymous38,7,1,0,4,0,11,23
jsoup-1.12.1,2019-05-12,org.jsoup.parser.HtmlTreeBuilderState$Anonymous1,5,1,0,8,0,18,23
jsoup-1.12.1,2019-05-12,org.jsoup.parser.TokeniserState$Anonymous31,6,1,0,2,0,5,24
jsoup-1.12.1,2019-05-12,org.jsoup.parser.TokeniserState$Anonymous32,2,1,0,2,0,5,12
jsoup-1.12.1,2019-05-12,org.jsoup.parser.HtmlTreeBuilderState$Anonymous3,11,1,0,7,0,19,35
jsoup-1.12.1,2019-05-12,org.jsoup.parser.TokeniserState$Anonymous33,1,1,0,3,0,1,5
jsoup-1.12.1,2019-05-12,org.jsoup.parser.HtmlTreeBuilderState$Anonymous2,10,1,0,6,1,18,34
jsoup-1.12.1,2019-05-12,org.jsoup.parser.TokeniserState$Anonymous34,14,1,0,3,0,8,31
jsoup-1.12.1,2019-05-12,org.jsoup.parser.HtmlTreeBuilderState$Anonymous9,25,1,0,10,1,36,113
jsoup-1.12.1,2019-05-12,org.jsoup.parser.TokeniserState$Anonymous39,7,1,0,4,0,11,23
jsoup-1.12.1,2019-05-12,org.jsoup.parser.HtmlTreeBuilderState$Anonymous8,4,1,0,2,0,10,18
jsoup-1.12.1,2019-05-12,org.jsoup.nodes.Node,102,1,2,16,1448,77,342
jsoup-1.12.1,2019-05-12,org.jsoup.helper.DataUtil$BomCharset,1,1,0,0,0,0,8
jsoup-1.12.1,2019-05-12,org.jsoup.parser.HtmlTreeBuilderState,6,1,0,7,10,10,1504
jsoup-1.12.1,2019-05-12,org.jsoup.select.Evaluator$AttributeStarting,5,2,0,6,0,7,17
jsoup-1.12.1,2019-05-12,org.jsoup.parser.TokeniserState$Anonymous40,17,1,0,4,0,11,28
jsoup-1.12.1,2019-05-12,org.jsoup.nodes.DataNode,9,3,0,5,36,6,30
jsoup-1.12.1,2019-05-12,org.jsoup.parser.TokeniserState$Anonymous41,9,1,0,2,0,6,20
jsoup-1.12.1,2019-05-12,org.jsoup.nodes.Attributes,66,2,0,12,93,37,248
jsoup-1.12.1,2019-05-12,org.jsoup.helper.W3CDom,6,1,0,9,3,15,113
jsoup-1.12.1,2019-05-12,org.jsoup.parser.XmlTreeBuilder,30,2,0,22,78,45,91
jsoup-1.12.1,2019-05-12,org.jsoup.nodes.Document$OutputSettings,20,1,0,5,90,14,83
jsoup-1.12.1,2019-05-12,org.jsoup.select.CombiningEvaluator,6,6,4,2,0,5,68
jsoup-1.12.1,2019-05-12,org.jsoup.select.Evaluator$ContainsData,3,2,0,3,0,4,12
jsoup-1.12.1,2019-05-12,org.jsoup.internal.Normalizer,3,1,0,1,1,3,8
jsoup-1.12.1,2019-05-12,org.jsoup.nodes.Attributes$Dataset$EntrySet,3,3,0,1,1,1,11
jsoup-1.12.1,2019-05-12,org.jsoup.nodes.Attributes$Dataset,4,4,0,2,1,4,43
jsoup-1.12.1,2019-05-12,org.jsoup.parser.TokeniserState$Anonymous13,13,1,0,4,1,12,31
jsoup-1.12.1,2019-05-12,org.jsoup.parser.TokeniserState$Anonymous14,2,1,0,2,0,5,12
jsoup-1.12.1,2019-05-12,org.jsoup.helper.Validate,24,1,0,1,66,2,37
jsoup-1.12.1,2019-05-12,org.jsoup.parser.TokeniserState$Anonymous15,1,1,0,3,0,1,5
jsoup-1.12.1,2019-05-12,org.jsoup.parser.TokeniserState$Anonymous16,1,1,0,3,0,1,5
jsoup-1.12.1,2019-05-12,org.jsoup.parser.TokeniserState$Anonymous10,11,1,0,3,0,9,24
jsoup-1.12.1,2019-05-12,org.jsoup.parser.TokeniserState$Anonymous11,5,1,0,3,0,12,18
jsoup-1.12.1,2019-05-12,org.jsoup.parser.TokeniserState$Anonymous12,2,1,0,3,0,8,14
jsoup-1.12.1,2019-05-12,org.jsoup.parser.TokeniserState$Anonymous17,3,1,0,2,0,5,15
jsoup-1.12.1,2019-05-12,org.jsoup.parser.TokeniserState$Anonymous18,1,1,0,3,0,1,5
jsoup-1.12.1,2019-05-12,org.jsoup.parser.TokeniserState$Anonymous19,1,1,0,3,0,1,5
jsoup-1.12.1,2019-05-12,org.jsoup.select.Evaluator$CssNthEvaluator,13,2,0,4,3,4,24
jsoup-1.12.1,2019-05-12,org.jsoup.parser.Token$Comment,4,2,0,2,4,3,18
jsoup-1.12.1,2019-05-12,org.jsoup.select.Evaluator$IsFirstOfType,2,4,0,1,1,0,8
jsoup-1.12.1,2019-05-12,org.jsoup.nodes.Element$NodeList,2,5,0,3,0,1,10
jsoup-1.12.1,2019-05-12,org.jsoup.examples.Wikipedia,3,1,0,7,1,9,13
jsoup-1.12.1,2019-05-12,org.jsoup.parser.ParseError,5,1,0,0,0,1,21
jsoup-1.12.1,2019-05-12,org.jsoup.parser.TokeniserState$Anonymous64,5,1,0,2,0,6,23
jsoup-1.12.1,2019-05-12,org.jsoup.parser.TokeniserState$Anonymous65,8,1,0,2,0,5,18
jsoup-1.12.1,2019-05-12,org.jsoup.parser.TreeBuilder,16,1,2,14,23,15,65
jsoup-1.12.1,2019-05-12,org.jsoup.parser.TokeniserState$Anonymous66,3,1,0,2,0,3,14
jsoup-1.12.1,2019-05-12,org.jsoup.parser.TokeniserState$Anonymous67,3,1,0,3,0,7,10
jsoup-1.12.1,2019-05-12,org.jsoup.nodes.PseudoTextElement,3,3,0,4,3,0,9
jsoup-1.12.1,2019-05-12,org.jsoup.parser.TokeniserState$Anonymous1,5,1,0,3,0,8,18
jsoup-1.12.1,2019-05-12,org.jsoup.parser.Parser,24,1,0,11,76,16,88
jsoup-1.12.1,2019-05-12,org.jsoup.select.Evaluator$IsEmpty,6,2,0,6,1,1,12
jsoup-1.12.1,2019-05-12,org.jsoup.parser.TokeniserState$Anonymous7,3,1,0,3,0,7,15
jsoup-1.12.1,2019-05-12,org.jsoup.parser.TokeniserState$Anonymous6,1,1,0,3,0,1,5
jsoup-1.12.1,2019-05-12,org.jsoup.parser.TokeniserState$Anonymous9,4,1,0,2,0,9,21
jsoup-1.12.1,2019-05-12,org.jsoup.select.Evaluator$AttributeWithValueMatching,3,2,0,4,0,7,14
jsoup-1.12.1,2019-05-12,org.jsoup.parser.TokeniserState$Anonymous8,5,1,0,2,0,7,22
jsoup-1.12.1,2019-05-12,org.jsoup.parser.TokeniserState$Anonymous3,5,1,0,3,0,8,19
jsoup-1.12.1,2019-05-12,org.jsoup.parser.TokeniserState$Anonymous2,1,1,0,3,0,1,5
jsoup-1.12.1,2019-05-12,org.jsoup.parser.TokeniserState$Anonymous5,1,1,0,3,0,1,5
jsoup-1.12.1,2019-05-12,org.jsoup.parser.TokeniserState$Anonymous4,1,1,0,3,0,1,5
jsoup-1.12.1,2019-05-12,org.jsoup.examples.ListLinks,9,1,0,8,3,15,31
jsoup-1.12.1,2019-05-12,org.jsoup.select.Evaluator$IsNthChild,3,3,0,2,3,1,11
jsoup-1.12.1,2019-05-12,org.jsoup.parser.HtmlTreeBuilderState$Constants,0,1,0,0,0,0,23
jsoup-1.12.1,2019-05-12,org.jsoup.select.Evaluator$Class,3,2,0,2,0,2,12
jsoup-1.12.1,2019-05-12,org.jsoup.nodes.Attributes$Anonymous1,4,1,0,2,0,1,14
jsoup-1.12.1,2019-05-12,org.jsoup.select.StructuralEvaluator$Has,6,3,0,3,3,3,14
jsoup-1.12.1,2019-05-12,org.jsoup.nodes.Node$OuterHtmlVisitor,6,1,0,4,0,5,27
jsoup-1.12.1,2019-05-12,org.jsoup.parser.Token,23,12,10,9,90,4,281
jsoup-1.12.1,2019-05-12,org.jsoup.safety.Cleaner$CleaningVisitor,11,1,0,8,0,9,42
jsoup-1.12.1,2019-05-12,org.jsoup.select.Evaluator$AttributeKeyPair,5,2,0,3,0,6,13
jsoup-1.12.1,2019-05-12,org.jsoup.select.Evaluator$IsNthLastOfType,5,3,0,4,3,7,16
jsoup-1.12.1,2019-05-12,org.jsoup.parser.Tag,51,1,0,4,59,12,157
jsoup-1.12.1,2019-05-12,org.jsoup.parser.Token$Character,5,2,0,2,4,1,21
jsoup-1.12.1,2019-05-12,org.jsoup.select.Evaluator$IsLastOfType,2,4,0,1,1,0,8
jsoup-1.12.1,2019-05-12,org.jsoup.select.Evaluator$Attribute,3,2,0,3,0,2,12
jsoup-1.12.1,2019-05-12,org.jsoup.select.NodeFilter$FilterResult,0,1,0,0,0,0,6
jsoup-1.12.1,2019-05-12,org.jsoup.Connection$KeyVal,9,1,0,1,36,0,11
jsoup-1.12.1,2019-05-12,org.jsoup.nodes.Entities,49,1,0,11,69,31,188
jsoup-1.12.1,2019-05-12,org.jsoup.parser.Token$CData,2,3,0,1,1,2,9
jsoup-1.12.1,2019-05-12,org.jsoup.select.Evaluator$AttributeWithValueContaining,3,3,0,4,3,5,11
jsoup-1.12.1,2019-05-12,org.jsoup.select.Elements,103,4,0,12,1326,51,267
jsoup-1.12.1,2019-05-12,org.jsoup.select.Evaluator$AllElements,2,2,0,2,1,0,8
jsoup-1.12.1,2019-05-12,org.jsoup.parser.TokeniserState$Anonymous46,5,1,0,2,0,6,23
jsoup-1.12.1,2019-05-12,org.jsoup.parser.TokeniserState$Anonymous47,4,1,0,2,0,10,18
jsoup-1.12.1,2019-05-12,org.jsoup.safety.Whitelist$AttributeKey,2,2,0,2,1,0,8
jsoup-1.12.1,2019-05-12,org.jsoup.parser.TokeniserState$Anonymous48,4,1,0,2,0,6,19
jsoup-1.12.1,2019-05-12,org.jsoup.parser.TokeniserState$Anonymous49,6,1,0,2,0,7,27
jsoup-1.12.1,2019-05-12,org.jsoup.parser.TokeniserState$Anonymous42,3,1,0,2,0,6,17
jsoup-1.12.1,2019-05-12,org.jsoup.nodes.TextNode,29,3,1,9,120,28,63
jsoup-1.12.1,2019-05-12,org.jsoup.parser.TokeniserState$Anonymous43,1,1,0,3,0,5,10
jsoup-1.12.1,2019-05-12,org.jsoup.parser.TokeniserState$Anonymous44,4,1,0,2,0,7,19
jsoup-1.12.1,2019-05-12,org.jsoup.select.Evaluator$AttributeWithValue,3,3,0,3,3,5,11
jsoup-1.12.1,2019-05-12,org.jsoup.parser.TokeniserState$Anonymous45,5,1,0,2,0,6,23
jsoup-1.12.1,2019-05-12,org.jsoup.select.Evaluator$AttributeWithValueNot,3,3,0,3,3,3,11
jsoup-1.12.1,2019-05-12,org.jsoup.parser.ParseErrorList,6,4,0,2,0,1,20
jsoup-1.12.1,2019-05-12,org.jsoup.nodes.BooleanAttribute,2,2,0,1,1,0,8
jsoup-1.12.1,2019-05-12,org.jsoup.nodes.Node$Anonymous1,2,1,0,1,1,1,7
jsoup-1.12.1,2019-05-12,org.jsoup.nodes.Element$Anonymous1,12,1,0,4,1,8,18
jsoup-1.12.1,2019-05-12,org.jsoup.nodes.Element$Anonymous2,3,1,0,2,1,2,10
jsoup-1.12.1,2019-05-12,org.jsoup.SerializationException,4,4,0,0,6,0,14
jsoup-1.12.1,2019-05-12,org.jsoup.select.CombiningEvaluator$Or,9,3,0,5,15,7,28
jsoup-1.12.1,2019-05-12,org.jsoup.select.Evaluator$ContainsText,3,2,0,3,0,4,12
jsoup-1.12.1,2019-05-12,org.jsoup.Connection$Base,18,1,0,2,153,0,20
jsoup-1.12.1,2019-05-12,org.jsoup.safety.Whitelist$TagName,2,2,0,2,1,0,8
jsoup-1.12.1,2019-05-12,org.jsoup.parser.TokeniserState$Anonymous50,5,1,0,2,0,7,23
jsoup-1.12.1,2019-05-12,org.jsoup.parser.TokeniserState$Anonymous51,8,1,0,2,0,6,18
jsoup-1.12.1,2019-05-12,org.jsoup.select.Evaluator$IsNthOfType,6,3,0,4,3,4,17
jsoup-1.12.1,2019-05-12,org.jsoup.select.Evaluator$Id,3,2,0,2,0,3,12
jsoup-1.12.1,2019-05-12,org.jsoup.parser.TokeniserState$Anonymous52,9,1,0,2,0,8,27
jsoup-1.12.1,2019-05-12,org.jsoup.select.StructuralEvaluator$PreviousSibling,6,3,0,3,3,3,17
jsoup-1.12.1,2019-05-12,org.jsoup.parser.TokeniserState$Anonymous57,5,1,0,2,0,6,23
jsoup-1.12.1,2019-05-12,org.jsoup.safety.Whitelist,57,5,0,12,84,64,294
jsoup-1.12.1,2019-05-12,org.jsoup.parser.TokeniserState$Anonymous58,5,1,0,2,0,6,23
jsoup-1.12.1,2019-05-12,org.jsoup.parser.TokeniserState$Anonymous59,10,1,0,2,0,5,26
jsoup-1.12.1,2019-05-12,org.jsoup.examples.HtmlToPlainText$FormattingVisitor,18,1,0,5,4,14,44
jsoup-1.12.1,2019-05-12,org.jsoup.parser.TokeniserState$Anonymous53,10,1,0,2,0,9,26
jsoup-1.12.1,2019-05-12,org.jsoup.select.Collector$Accumulator,5,1,0,5,1,2,18
jsoup-1.12.1,2019-05-12,org.jsoup.select.Collector,3,1,0,8,3,2,54
jsoup-1.12.1,2019-05-12,org.jsoup.parser.TokeniserState$Anonymous54,6,1,0,2,0,10,29
jsoup-1.12.1,2019-05-12,org.jsoup.parser.TokeniserState$Anonymous55,10,1,0,2,0,5,28
jsoup-1.12.1,2019-05-12,org.jsoup.nodes.Attributes$Dataset$DatasetIterator,5,1,0,2,0,9,17
jsoup-1.12.1,2019-05-12,org.jsoup.parser.TokeniserState$Anonymous56,10,1,0,2,0,5,25
jsoup-1.12.1,2019-05-12,org.jsoup.select.StructuralEvaluator$Not,3,3,0,3,3,2,11
jsoup-1.12.1,2019-05-12,org.jsoup.internal.ConstrainableInputStream,28,4,0,3,0,11,74
jsoup-1.12.1,2019-05-12,org.jsoup.parser.CharacterReader,148,1,0,4,0,27,359
jsoup-1.12.1,2019-05-12,org.jsoup.select.Evaluator$IsFirstChild,4,2,0,3,1,2,9
jsoup-1.12.1,2019-05-12,org.jsoup.parser.TokeniserState$Anonymous60,10,1,0,2,0,5,25
jsoup-1.12.1,2019-05-12,org.jsoup.parser.TokeniserState$Anonymous61,10,1,0,2,0,5,28
jsoup-1.12.1,2019-05-12,org.jsoup.parser.TokeniserState$Anonymous62,10,1,0,2,0,5,25
jsoup-1.12.1,2019-05-12,org.jsoup.parser.TokeniserState$Anonymous63,5,1,0,2,0,6,23
jsoup-1.12.1,2019-05-12,org.jsoup.select.StructuralEvaluator$Root,2,2,0,2,0,0,5
jsoup-1.12.1,2019-05-12,org.jsoup.helper.HttpConnection$Response,104,2,0,21,122,146,340
jsoup-1.12.1,2019-05-12,org.jsoup.select.NodeVisitor,2,1,0,1,1,0,4
jsoup-1.12.1,2019-05-12,org.jsoup.parser.Token$EOF,2,2,0,2,1,0,8
jsoup-1.12.1,2019-05-12,org.jsoup.parser.Token$StartTag,6,3,0,4,6,5,22
jsoup-1.12.1,2019-05-12,org.jsoup.select.Evaluator$AttributeWithValueStarting,3,3,0,4,3,5,11
jsoup-1.12.1,2019-05-12,org.jsoup.nodes.DocumentType,19,3,0,5,8,8,59
jsoup-1.12.1,2019-05-12,org.jsoup.Connection$Request,23,1,0,4,253,0,25
jsoup-1.12.1,2019-05-12,org.jsoup.examples.HtmlToPlainText,7,1,0,10,1,10,71
jsoup-1.12.1,2019-05-12,org.jsoup.HttpStatusException,4,4,0,0,0,1,18
jsoup-1.12.1,2019-05-12,org.jsoup.select.QueryParser,96,1,0,51,0,66,247
jsoup-1.12.1,2019-05-12,org.jsoup.parser.HtmlTreeBuilderState$Anonymous23,1,1,0,2,0,0,5
jsoup-1.12.1,2019-05-12,org.jsoup.nodes.NodeUtils,5,1,0,5,1,3,10
jsoup-1.12.1,2019-05-12,org.jsoup.parser.HtmlTreeBuilderState$Anonymous22,9,1,0,4,0,12,20
jsoup-1.12.1,2019-05-12,org.jsoup.select.Evaluator$Matches,3,2,0,2,0,4,13
jsoup-1.12.1,2019-05-12,org.jsoup.safety.Whitelist$AttributeValue,2,2,0,2,1,0,8
jsoup-1.12.1,2019-05-12,org.jsoup.select.Evaluator$IsOnlyChild,4,2,0,3,1,3,9
jsoup-1.12.1,2019-05-12,org.jsoup.Connection$Method,2,1,0,0,0,0,8
jsoup-1.12.1,2019-05-12,org.jsoup.UncheckedIOException,3,4,0,0,3,1,11
jsoup-1.12.1,2019-05-12,org.jsoup.helper.HttpConnection$Base,58,1,0,8,147,32,166
jsoup-1.12.1,2019-05-12,org.jsoup.parser.TokenQueue,92,1,0,4,0,34,201
jsoup-1.12.1,2019-05-12,org.jsoup.parser.ParseSettings,8,1,0,3,0,3,30
jsoup-1.12.1,2019-05-12,org.jsoup.select.NodeFilter,2,1,0,2,1,0,10
jsoup-1.12.1,2019-05-12,org.jsoup.parser.HtmlTreeBuilderState$Anonymous21,7,1,0,4,0,14,18
jsoup-1.12.1,2019-05-12,org.jsoup.parser.HtmlTreeBuilderState$Anonymous20,11,1,0,4,0,17,30
jsoup-1.12.1,2019-05-12,org.jsoup.parser.HtmlTreeBuilderState$Anonymous12,14,1,0,9,1,19,44
jsoup-1.12.1,2019-05-12,org.jsoup.parser.HtmlTreeBuilderState$Anonymous11,12,1,0,7,0,18,32
jsoup-1.12.1,2019-05-12,org.jsoup.parser.HtmlTreeBuilderState$Anonymous14,15,1,0,8,3,20,66
jsoup-1.12.1,2019-05-12,org.jsoup.parser.HtmlTreeBuilderState$Anonymous13,16,1,0,9,3,20,62
jsoup-1.12.1,2019-05-12,org.jsoup.parser.HtmlTreeBuilderState$Anonymous16,29,1,0,10,1,23,78
jsoup-1.12.1,2019-05-12,org.jsoup.helper.W3CDom$W3CBuilder,20,1,0,14,0,30,77
jsoup-1.12.1,2019-05-12,org.jsoup.parser.HtmlTreeBuilderState$Anonymous15,15,1,0,8,3,20,54
jsoup-1.12.1,2019-05-12,org.jsoup.parser.HtmlTreeBuilderState$Anonymous18,10,1,0,4,0,17,34
jsoup-1.12.1,2019-05-12,org.jsoup.parser.HtmlTreeBuilderState$Anonymous17,6,1,0,5,0,11,20
jsoup-1.12.1,2019-05-12,org.jsoup.parser.HtmlTreeBuilderState$Anonymous19,16,1,0,7,0,23,50
jsoup-1.12.1,2019-05-12,org.jsoup.select.Evaluator$ContainsOwnText,3,2,0,3,0,4,12
jsoup-1.12.1,2019-05-12,org.jsoup.parser.TokeniserState,31,1,0,7,13,25,1342
jsoup-1.12.1,2019-05-12,org.jsoup.select.Evaluator$IndexLessThan,5,3,0,2,3,2,11
jsoup-1.12.1,2019-05-12,org.jsoup.nodes.Entities$EscapeMode,8,1,0,2,4,3,25
jsoup-1.12.1,2019-05-12,org.jsoup.select.Evaluator$MatchText,4,2,0,6,1,7,15
jsoup-1.12.1,2019-05-12,org.jsoup.parser.HtmlTreeBuilderState$Anonymous10,7,1,0,7,0,19,35
jsoup-1.12.1,2019-05-12,org.jsoup.safety.Cleaner$ElementMeta,1,1,0,1,0,0,8
jsoup-1.12.1,2019-05-12,org.jsoup.select.Evaluator,2,54,50,7,1,0,446
jsoup-1.12.1,2019-05-12,org.jsoup.Connection,34,1,0,8,561,0,112
jsoup-1.12.1,2019-05-12,org.jsoup.select.Evaluator$IsRoot,4,2,0,3,1,1,9
jsoup-1.12.1,2019-05-12,org.jsoup.nodes.CDataNode,6,4,0,3,10,2,22
jsoup-1.12.1,2019-05-12,org.jsoup.select.StructuralEvaluator$Parent,7,3,0,3,3,3,18
jsoup-1.12.1,2019-05-12,org.jsoup.select.Evaluator$IsLastChild,4,2,0,3,1,4,9
jsoup-1.12.1,2019-05-12,org.jsoup.select.Evaluator$IsNthLastChild,3,3,0,2,3,4,11
jsoup-1.12.1,2019-05-12,org.jsoup.parser.Token$TokenType,0,1,0,0,0,0,1
jsoup-1.12.1,2019-05-12,org.jsoup.nodes.Attribute,40,1,1,8,0,28,109
jsoup-1.12.2,2020-02-08,org.jsoup.nodes.Document$QuirksMode,0,1,0,0,0,0,1
jsoup-1.12.2,2020-02-08,org.jsoup.helper.DataUtil,64,1,0,17,60,58,163
jsoup-1.12.2,2020-02-08,org.jsoup.select.StructuralEvaluator$ImmediateParent,5,3,0,3,3,3,13
jsoup-1.12.2,2020-02-08,org.jsoup.helper.ChangeNotifyingArrayList,13,4,0,2,78,12,50
jsoup-1.12.2,2020-02-08,org.jsoup.Connection$Response,10,1,0,4,45,0,12
jsoup-1.12.2,2020-02-08,org.jsoup.select.Evaluator$IndexEvaluator,1,2,0,1,0,0,6
jsoup-1.12.2,2020-02-08,org.jsoup.select.Evaluator$IsOnlyOfType,7,2,0,5,1,4,15
jsoup-1.12.2,2020-02-08,org.jsoup.nodes.Entities$CoreCharset,3,1,0,1,0,2,6
jsoup-1.12.2,2020-02-08,org.jsoup.safety.Cleaner,11,1,0,14,13,20,97
jsoup-1.12.2,2020-02-08,org.jsoup.nodes.Element,220,6,3,46,6098,155,680
jsoup-1.12.2,2020-02-08,org.jsoup.helper.HttpConnection,55,3,0,14,0,40,891
jsoup-1.12.2,2020-02-08,org.jsoup.safety.Whitelist$TypedValue,9,1,0,2,0,4,26
jsoup-1.12.2,2020-02-08,org.jsoup.select.NodeTraversor,29,1,0,7,3,12,73
jsoup-1.12.2,2020-02-08,org.jsoup.select.Evaluator$MatchesOwn,3,2,0,2,0,4,13
jsoup-1.12.2,2020-02-08,org.jsoup.select.CombiningEvaluator$And,6,3,0,4,6,4,18
jsoup-1.12.2,2020-02-08,org.jsoup.parser.Token$EndTag,2,3,0,1,1,1,9
jsoup-1.12.2,2020-02-08,org.jsoup.helper.HttpConnection$Request,27,2,0,6,230,7,110
jsoup-1.12.2,2020-02-08,org.jsoup.nodes.Document,55,3,0,15,332,53,286
jsoup-1.12.2,2020-02-08,org.jsoup.Jsoup,16,1,0,10,120,18,58
jsoup-1.12.2,2020-02-08,org.jsoup.parser.HtmlTreeBuilder,178,2,0,28,2606,84,534
jsoup-1.12.2,2020-02-08,org.jsoup.nodes.FormElement,22,3,0,12,9,25,59
jsoup-1.12.2,2020-02-08,org.jsoup.UnsupportedMimeTypeException,4,4,0,0,0,1,18
jsoup-1.12.2,2020-02-08,org.jsoup.select.StructuralEvaluator,0,15,12,2,0,0,94
jsoup-1.12.2,2020-02-08,org.jsoup.nodes.EntitiesData,1,1,0,0,0,0,10
jsoup-1.12.2,2020-02-08,org.jsoup.select.Evaluator$IndexEquals,4,3,0,2,3,2,11
jsoup-1.12.2,2020-02-08,org.jsoup.select.Selector$SelectorParseException,1,5,0,0,0,1,5
jsoup-1.12.2,2020-02-08,org.jsoup.parser.Token$Tag,32,2,0,7,73,18,110
jsoup-1.12.2,2020-02-08,org.jsoup.nodes.XmlDeclaration,15,3,0,8,39,15,48
jsoup-1.12.2,2020-02-08,org.jsoup.parser.Token$Doctype,7,2,0,2,11,2,33
jsoup-1.12.2,2020-02-08,org.jsoup.select.Evaluator$TagEndsWith,3,2,0,2,0,3,12
jsoup-1.12.2,2020-02-08,org.jsoup.select.Evaluator$Tag,3,2,0,2,0,3,12
jsoup-1.12.2,2020-02-08,org.jsoup.nodes.Document$OutputSettings$Syntax,0,1,0,0,0,0,1
jsoup-1.12.2,2020-02-08,org.jsoup.internal.StringUtil,61,1,0,3,130,41,130
jsoup-1.12.2,2020-02-08,org.jsoup.parser.TokeniserState$Anonymous24,6,1,0,2,0,6,25
jsoup-1.12.2,2020-02-08,org.jsoup.parser.TokeniserState$Anonymous25,3,1,0,2,0,9,18
jsoup-1.12.2,2020-02-08,org.jsoup.parser.TokeniserState$Anonymous26,2,1,0,3,0,8,14
jsoup-1.12.2,2020-02-08,org.jsoup.parser.TokeniserState$Anonymous27,1,1,0,3,0,1,5
jsoup-1.12.2,2020-02-08,org.jsoup.parser.TokeniserState$Anonymous20,2,1,0,2,0,4,11
jsoup-1.12.2,2020-02-08,org.jsoup.parser.TokeniserState$Anonymous21,2,1,0,2,0,4,11
jsoup-1.12.2,2020-02-08,org.jsoup.parser.TokeniserState$Anonymous22,5,1,0,2,0,10,22
jsoup-1.12.2,2020-02-08,org.jsoup.parser.TokeniserState$Anonymous23,5,1,0,2,0,6,23
jsoup-1.12.2,2020-02-08,org.jsoup.parser.Tokeniser,74,1,0,17,237,57,229
jsoup-1.12.2,2020-02-08,org.jsoup.nodes.Comment,13,3,0,12,45,23,42
jsoup-1.12.2,2020-02-08,org.jsoup.select.Evaluator$IndexGreaterThan,4,3,0,2,3,2,11
jsoup-1.12.2,2020-02-08,org.jsoup.nodes.LeafNode,24,2,5,4,78,19,73
jsoup-1.12.2,2020-02-08,org.jsoup.parser.TokeniserState$Anonymous28,1,1,0,3,0,1,5
jsoup-1.12.2,2020-02-08,org.jsoup.parser.TokeniserState$Anonymous29,5,1,0,2,0,9,22
jsoup-1.12.2,2020-02-08,org.jsoup.select.Selector,13,5,0,8,15,10,53
jsoup-1.12.2,2020-02-08,org.jsoup.select.Evaluator$AttributeWithValueEnding,3,3,0,4,3,5,11
jsoup-1.12.2,2020-02-08,org.jsoup.select.StructuralEvaluator$ImmediatePreviousSibling,5,3,0,3,3,3,13
jsoup-1.12.2,2020-02-08,org.jsoup.select.Collector$FirstFinder,5,1,0,5,1,1,22
jsoup-1.12.2,2020-02-08,org.jsoup.parser.TokeniserState$Anonymous30,5,1,0,2,0,5,22
jsoup-1.12.2,2020-02-08,org.jsoup.helper.HttpConnection$KeyVal,14,1,0,3,22,6,52
jsoup-1.12.2,2020-02-08,org.jsoup.parser.HtmlTreeBuilderState$Anonymous5,16,1,0,7,1,18,33
jsoup-1.12.2,2020-02-08,org.jsoup.parser.TokeniserState$Anonymous35,14,1,0,3,0,8,28
jsoup-1.12.2,2020-02-08,org.jsoup.safety.Whitelist$Protocol,2,2,0,2,1,0,8
jsoup-1.12.2,2020-02-08,org.jsoup.parser.HtmlTreeBuilderState$Anonymous4,19,1,0,12,1,25,70
jsoup-1.12.2,2020-02-08,org.jsoup.parser.TokeniserState$Anonymous36,14,1,0,3,0,8,30
jsoup-1.12.2,2020-02-08,org.jsoup.parser.HtmlTreeBuilderState$Anonymous7,155,1,0,18,1,90,523
jsoup-1.12.2,2020-02-08,org.jsoup.parser.TokeniserState$Anonymous37,15,1,0,3,0,7,33
jsoup-1.12.2,2020-02-08,org.jsoup.parser.HtmlTreeBuilderState$Anonymous6,13,1,0,9,1,25,61
jsoup-1.12.2,2020-02-08,org.jsoup.parser.TokeniserState$Anonymous38,7,1,0,4,0,11,23
jsoup-1.12.2,2020-02-08,org.jsoup.parser.HtmlTreeBuilderState$Anonymous1,5,1,0,8,0,18,23
jsoup-1.12.2,2020-02-08,org.jsoup.parser.TokeniserState$Anonymous31,6,1,0,2,0,5,24
jsoup-1.12.2,2020-02-08,org.jsoup.parser.TokeniserState$Anonymous32,2,1,0,2,0,5,12
jsoup-1.12.2,2020-02-08,org.jsoup.parser.HtmlTreeBuilderState$Anonymous3,11,1,0,7,0,19,35
jsoup-1.12.2,2020-02-08,org.jsoup.parser.TokeniserState$Anonymous33,1,1,0,3,0,1,5
jsoup-1.12.2,2020-02-08,org.jsoup.parser.HtmlTreeBuilderState$Anonymous2,10,1,0,6,1,18,34
jsoup-1.12.2,2020-02-08,org.jsoup.parser.TokeniserState$Anonymous34,14,1,0,3,0,8,31
jsoup-1.12.2,2020-02-08,org.jsoup.parser.HtmlTreeBuilderState$Anonymous9,25,1,0,10,1,36,113
jsoup-1.12.2,2020-02-08,org.jsoup.parser.TokeniserState$Anonymous39,7,1,0,4,0,11,23
jsoup-1.12.2,2020-02-08,org.jsoup.parser.HtmlTreeBuilderState$Anonymous8,4,1,0,2,0,10,18
jsoup-1.12.2,2020-02-08,org.jsoup.nodes.Node,109,1,2,16,1473,79,367
jsoup-1.12.2,2020-02-08,org.jsoup.helper.DataUtil$BomCharset,1,1,0,0,0,0,8
jsoup-1.12.2,2020-02-08,org.jsoup.parser.HtmlTreeBuilderState,6,1,0,7,10,10,1506
jsoup-1.12.2,2020-02-08,org.jsoup.select.Evaluator$AttributeStarting,5,2,0,6,0,7,17
jsoup-1.12.2,2020-02-08,org.jsoup.parser.TokeniserState$Anonymous40,17,1,0,4,0,11,28
jsoup-1.12.2,2020-02-08,org.jsoup.nodes.DataNode,10,3,0,5,45,7,33
jsoup-1.12.2,2020-02-08,org.jsoup.parser.TokeniserState$Anonymous41,9,1,0,2,0,6,20
jsoup-1.12.2,2020-02-08,org.jsoup.nodes.Attributes,77,2,0,13,102,39,268
jsoup-1.12.2,2020-02-08,org.jsoup.helper.W3CDom,21,1,0,13,43,36,153
jsoup-1.12.2,2020-02-08,org.jsoup.parser.XmlTreeBuilder,30,2,0,23,78,46,92
jsoup-1.12.2,2020-02-08,org.jsoup.nodes.Document$OutputSettings,20,1,0,5,90,14,83
jsoup-1.12.2,2020-02-08,org.jsoup.select.CombiningEvaluator,6,6,4,2,0,5,68
jsoup-1.12.2,2020-02-08,org.jsoup.select.Evaluator$ContainsData,3,2,0,3,0,4,12
jsoup-1.12.2,2020-02-08,org.jsoup.internal.Normalizer,5,1,0,1,3,4,11
jsoup-1.12.2,2020-02-08,org.jsoup.nodes.Attributes$Dataset$EntrySet,3,3,0,1,1,1,11
jsoup-1.12.2,2020-02-08,org.jsoup.nodes.Attributes$Dataset,4,4,0,2,1,4,43
jsoup-1.12.2,2020-02-08,org.jsoup.parser.TokeniserState$Anonymous13,13,1,0,4,1,12,31
jsoup-1.12.2,2020-02-08,org.jsoup.parser.TokeniserState$Anonymous14,2,1,0,2,0,5,12
jsoup-1.12.2,2020-02-08,org.jsoup.helper.Validate,25,1,0,1,78,2,40
jsoup-1.12.2,2020-02-08,org.jsoup.parser.TokeniserState$Anonymous15,1,1,0,3,0,1,5
jsoup-1.12.2,2020-02-08,org.jsoup.parser.TokeniserState$Anonymous16,1,1,0,3,0,1,5
jsoup-1.12.2,2020-02-08,org.jsoup.parser.TokeniserState$Anonymous10,11,1,0,3,0,9,24
jsoup-1.12.2,2020-02-08,org.jsoup.parser.TokeniserState$Anonymous11,5,1,0,3,0,12,18
jsoup-1.12.2,2020-02-08,org.jsoup.parser.TokeniserState$Anonymous12,2,1,0,3,0,8,14
jsoup-1.12.2,2020-02-08,org.jsoup.parser.TokeniserState$Anonymous17,4,1,0,2,0,6,19
jsoup-1.12.2,2020-02-08,org.jsoup.parser.TokeniserState$Anonymous18,1,1,0,3,0,1,5
jsoup-1.12.2,2020-02-08,org.jsoup.parser.TokeniserState$Anonymous19,1,1,0,3,0,1,5
jsoup-1.12.2,2020-02-08,org.jsoup.select.Evaluator$CssNthEvaluator,13,2,0,4,3,4,24
jsoup-1.12.2,2020-02-08,org.jsoup.parser.Token$Comment,4,2,0,2,4,3,18
jsoup-1.12.2,2020-02-08,org.jsoup.select.Evaluator$IsFirstOfType,2,4,0,1,1,0,8
jsoup-1.12.2,2020-02-08,org.jsoup.nodes.Element$NodeList,2,5,0,3,0,1,10
jsoup-1.12.2,2020-02-08,org.jsoup.examples.Wikipedia,3,1,0,7,1,9,13
jsoup-1.12.2,2020-02-08,org.jsoup.parser.ParseError,5,1,0,0,0,1,21
jsoup-1.12.2,2020-02-08,org.jsoup.parser.TokeniserState$Anonymous64,5,1,0,2,0,6,23
jsoup-1.12.2,2020-02-08,org.jsoup.parser.TokeniserState$Anonymous65,8,1,0,2,0,5,18
jsoup-1.12.2,2020-02-08,org.jsoup.parser.TreeBuilder,18,1,2,16,27,18,69
jsoup-1.12.2,2020-02-08,org.jsoup.parser.TokeniserState$Anonymous66,3,1,0,2,0,3,14
jsoup-1.12.2,2020-02-08,org.jsoup.parser.TokeniserState$Anonymous67,3,1,0,3,0,7,10
jsoup-1.12.2,2020-02-08,org.jsoup.nodes.PseudoTextElement,3,3,0,4,3,0,9
jsoup-1.12.2,2020-02-08,org.jsoup.parser.TokeniserState$Anonymous1,5,1,0,3,0,8,18
jsoup-1.12.2,2020-02-08,org.jsoup.parser.Parser,24,1,0,11,76,16,88
jsoup-1.12.2,2020-02-08,org.jsoup.select.Evaluator$IsEmpty,6,2,0,6,1,1,12
jsoup-1.12.2,2020-02-08,org.jsoup.parser.TokeniserState$Anonymous7,3,1,0,3,0,7,15
jsoup-1.12.2,2020-02-08,org.jsoup.parser.TokeniserState$Anonymous6,1,1,0,3,0,1,5
jsoup-1.12.2,2020-02-08,org.jsoup.parser.TokeniserState$Anonymous9,4,1,0,2,0,10,22
jsoup-1.12.2,2020-02-08,org.jsoup.select.Evaluator$AttributeWithValueMatching,3,2,0,4,0,7,14
jsoup-1.12.2,2020-02-08,org.jsoup.parser.TokeniserState$Anonymous8,5,1,0,2,0,8,23
jsoup-1.12.2,2020-02-08,org.jsoup.parser.TokeniserState$Anonymous3,5,1,0,3,0,8,19
jsoup-1.12.2,2020-02-08,org.jsoup.parser.TokeniserState$Anonymous2,1,1,0,3,0,1,5
jsoup-1.12.2,2020-02-08,org.jsoup.parser.TokeniserState$Anonymous5,1,1,0,3,0,1,5
jsoup-1.12.2,2020-02-08,org.jsoup.parser.TokeniserState$Anonymous4,1,1,0,3,0,1,5
jsoup-1.12.2,2020-02-08,org.jsoup.examples.ListLinks,9,1,0,8,3,15,31
jsoup-1.12.2,2020-02-08,org.jsoup.select.Evaluator$IsNthChild,3,3,0,2,3,1,11
jsoup-1.12.2,2020-02-08,org.jsoup.parser.HtmlTreeBuilderState$Constants,0,1,0,0,0,0,23
jsoup-1.12.2,2020-02-08,org.jsoup.select.Evaluator$Class,3,2,0,2,0,2,12
jsoup-1.12.2,2020-02-08,org.jsoup.nodes.Attributes$Anonymous1,4,1,0,2,0,1,14
jsoup-1.12.2,2020-02-08,org.jsoup.select.StructuralEvaluator$Has,6,3,0,3,3,3,14
jsoup-1.12.2,2020-02-08,org.jsoup.nodes.Node$OuterHtmlVisitor,6,1,0,4,0,5,27
jsoup-1.12.2,2020-02-08,org.jsoup.parser.Token,23,12,10,9,90,4,281
jsoup-1.12.2,2020-02-08,org.jsoup.safety.Cleaner$CleaningVisitor,11,1,0,8,0,9,42
jsoup-1.12.2,2020-02-08,org.jsoup.select.Evaluator$AttributeKeyPair,4,2,0,3,0,7,17
jsoup-1.12.2,2020-02-08,org.jsoup.select.Evaluator$IsNthLastOfType,5,3,0,4,3,7,16
jsoup-1.12.2,2020-02-08,org.jsoup.parser.Tag,49,1,0,4,47,11,153
jsoup-1.12.2,2020-02-08,org.jsoup.parser.Token$Character,5,2,0,2,4,1,21
jsoup-1.12.2,2020-02-08,org.jsoup.select.Evaluator$IsLastOfType,2,4,0,1,1,0,8
jsoup-1.12.2,2020-02-08,org.jsoup.select.Evaluator$Attribute,3,2,0,3,0,2,12
jsoup-1.12.2,2020-02-08,org.jsoup.select.NodeFilter$FilterResult,0,1,0,0,0,0,6
jsoup-1.12.2,2020-02-08,org.jsoup.Connection$KeyVal,9,1,0,1,36,0,11
jsoup-1.12.2,2020-02-08,org.jsoup.nodes.Entities,49,1,0,11,69,31,188
jsoup-1.12.2,2020-02-08,org.jsoup.parser.Token$CData,2,3,0,1,1,2,9
jsoup-1.12.2,2020-02-08,org.jsoup.select.Evaluator$AttributeWithValueContaining,3,3,0,4,3,5,11
jsoup-1.12.2,2020-02-08,org.jsoup.select.Elements,103,4,0,12,1326,51,267
jsoup-1.12.2,2020-02-08,org.jsoup.select.Evaluator$AllElements,2,2,0,2,1,0,8
jsoup-1.12.2,2020-02-08,org.jsoup.parser.TokeniserState$Anonymous46,5,1,0,2,0,6,23
jsoup-1.12.2,2020-02-08,org.jsoup.parser.TokeniserState$Anonymous47,4,1,0,2,0,10,18
jsoup-1.12.2,2020-02-08,org.jsoup.safety.Whitelist$AttributeKey,2,2,0,2,1,0,8
jsoup-1.12.2,2020-02-08,org.jsoup.parser.TokeniserState$Anonymous48,4,1,0,2,0,6,19
jsoup-1.12.2,2020-02-08,org.jsoup.parser.TokeniserState$Anonymous49,6,1,0,2,0,7,27
jsoup-1.12.2,2020-02-08,org.jsoup.parser.TokeniserState$Anonymous42,3,1,0,2,0,6,17
jsoup-1.12.2,2020-02-08,org.jsoup.nodes.TextNode,30,3,1,9,136,29,66
jsoup-1.12.2,2020-02-08,org.jsoup.parser.TokeniserState$Anonymous43,3,1,0,2,0,6,11
jsoup-1.12.2,2020-02-08,org.jsoup.parser.TokeniserState$Anonymous44,4,1,0,2,0,8,20
jsoup-1.12.2,2020-02-08,org.jsoup.select.Evaluator$AttributeWithValue,3,3,0,3,3,5,11
jsoup-1.12.2,2020-02-08,org.jsoup.parser.TokeniserState$Anonymous45,5,1,0,2,0,6,23
jsoup-1.12.2,2020-02-08,org.jsoup.select.Evaluator$AttributeWithValueNot,3,3,0,3,3,3,11
jsoup-1.12.2,2020-02-08,org.jsoup.parser.ParseErrorList,6,4,0,2,0,1,20
jsoup-1.12.2,2020-02-08,org.jsoup.nodes.BooleanAttribute,2,2,0,1,1,0,8
jsoup-1.12.2,2020-02-08,org.jsoup.nodes.Node$Anonymous1,2,1,0,1,1,1,7
jsoup-1.12.2,2020-02-08,org.jsoup.nodes.Element$Anonymous1,12,1,0,4,1,8,18
jsoup-1.12.2,2020-02-08,org.jsoup.nodes.Element$Anonymous2,3,1,0,2,1,2,10
jsoup-1.12.2,2020-02-08,org.jsoup.SerializationException,4,4,0,0,6,0,14
jsoup-1.12.2,2020-02-08,org.jsoup.select.CombiningEvaluator$Or,9,3,0,5,15,7,28
jsoup-1.12.2,2020-02-08,org.jsoup.select.Evaluator$ContainsText,3,2,0,3,0,4,12
jsoup-1.12.2,2020-02-08,org.jsoup.Connection$Base,18,1,0,2,153,0,20
jsoup-1.12.2,2020-02-08,org.jsoup.safety.Whitelist$TagName,2,2,0,2,1,0,8
jsoup-1.12.2,2020-02-08,org.jsoup.parser.TokeniserState$Anonymous50,5,1,0,2,0,7,23
jsoup-1.12.2,2020-02-08,org.jsoup.parser.TokeniserState$Anonymous51,8,1,0,2,0,6,18
jsoup-1.12.2,2020-02-08,org.jsoup.select.Evaluator$IsNthOfType,6,3,0,4,3,4,17
jsoup-1.12.2,2020-02-08,org.jsoup.select.Evaluator$Id,3,2,0,2,0,3,12
jsoup-1.12.2,2020-02-08,org.jsoup.parser.TokeniserState$Anonymous52,9,1,0,2,0,8,27
jsoup-1.12.2,2020-02-08,org.jsoup.select.StructuralEvaluator$PreviousSibling,6,3,0,3,3,3,17
jsoup-1.12.2,2020-02-08,org.jsoup.parser.TokeniserState$Anonymous57,5,1,0,2,0,6,23
jsoup-1.12.2,2020-02-08,org.jsoup.safety.Whitelist,57,5,0,12,84,64,294
jsoup-1.12.2,2020-02-08,org.jsoup.parser.TokeniserState$Anonymous58,5,1,0,2,0,6,23
jsoup-1.12.2,2020-02-08,org.jsoup.parser.TokeniserState$Anonymous59,10,1,0,2,0,5,26
jsoup-1.12.2,2020-02-08,org.jsoup.examples.HtmlToPlainText$FormattingVisitor,18,1,0,5,4,14,44
jsoup-1.12.2,2020-02-08,org.jsoup.parser.TokeniserState$Anonymous53,10,1,0,2,0,9,26
jsoup-1.12.2,2020-02-08,org.jsoup.select.Collector$Accumulator,5,1,0,5,1,2,18
jsoup-1.12.2,2020-02-08,org.jsoup.select.Collector,3,1,0,8,3,2,54
jsoup-1.12.2,2020-02-08,org.jsoup.parser.TokeniserState$Anonymous54,6,1,0,2,0,10,29
jsoup-1.12.2,2020-02-08,org.jsoup.parser.TokeniserState$Anonymous55,10,1,0,2,0,5,28
jsoup-1.12.2,2020-02-08,org.jsoup.nodes.Attributes$Dataset$DatasetIterator,5,1,0,2,0,9,17
jsoup-1.12.2,2020-02-08,org.jsoup.parser.TokeniserState$Anonymous56,10,1,0,2,0,5,25
jsoup-1.12.2,2020-02-08,org.jsoup.select.StructuralEvaluator$Not,3,3,0,3,3,2,11
jsoup-1.12.2,2020-02-08,org.jsoup.internal.ConstrainableInputStream,28,4,0,3,0,11,74
jsoup-1.12.2,2020-02-08,org.jsoup.parser.CharacterReader,150,1,0,4,0,27,368
jsoup-1.12.2,2020-02-08,org.jsoup.select.Evaluator$IsFirstChild,4,2,0,3,1,2,9
jsoup-1.12.2,2020-02-08,org.jsoup.parser.TokeniserState$Anonymous60,10,1,0,2,0,5,25
jsoup-1.12.2,2020-02-08,org.jsoup.parser.TokeniserState$Anonymous61,10,1,0,2,0,5,28
jsoup-1.12.2,2020-02-08,org.jsoup.parser.TokeniserState$Anonymous62,10,1,0,2,0,5,25
jsoup-1.12.2,2020-02-08,org.jsoup.parser.TokeniserState$Anonymous63,5,1,0,2,0,6,23
jsoup-1.12.2,2020-02-08,org.jsoup.select.StructuralEvaluator$Root,2,2,0,2,0,0,5
jsoup-1.12.2,2020-02-08,org.jsoup.helper.HttpConnection$Response,105,2,0,21,122,146,340
jsoup-1.12.2,2020-02-08,org.jsoup.select.NodeVisitor,2,1,0,1,1,0,4
jsoup-1.12.2,2020-02-08,org.jsoup.parser.Token$EOF,2,2,0,2,1,0,8
jsoup-1.12.2,2020-02-08,org.jsoup.parser.Token$StartTag,6,3,0,4,6,5,22
jsoup-1.12.2,2020-02-08,org.jsoup.select.Evaluator$AttributeWithValueStarting,3,3,0,4,3,5,11
jsoup-1.12.2,2020-02-08,org.jsoup.nodes.DocumentType,22,3,0,5,14,9,68
jsoup-1.12.2,2020-02-08,org.jsoup.Connection$Request,23,1,0,4,253,0,25
jsoup-1.12.2,2020-02-08,org.jsoup.examples.HtmlToPlainText,7,1,0,10,1,10,71
jsoup-1.12.2,2020-02-08,org.jsoup.HttpStatusException,4,4,0,0,0,1,18
jsoup-1.12.2,2020-02-08,org.jsoup.select.QueryParser,96,1,0,51,0,66,249
jsoup-1.12.2,2020-02-08,org.jsoup.parser.HtmlTreeBuilderState$Anonymous23,1,1,0,2,0,0,5
jsoup-1.12.2,2020-02-08,org.jsoup.nodes.NodeUtils,5,1,0,5,1,3,10
jsoup-1.12.2,2020-02-08,org.jsoup.parser.HtmlTreeBuilderState$Anonymous22,9,1,0,4,0,12,20
jsoup-1.12.2,2020-02-08,org.jsoup.select.Evaluator$Matches,3,2,0,2,0,4,13
jsoup-1.12.2,2020-02-08,org.jsoup.safety.Whitelist$AttributeValue,2,2,0,2,1,0,8
jsoup-1.12.2,2020-02-08,org.jsoup.select.Evaluator$IsOnlyChild,3,2,0,3,1,3,9
jsoup-1.12.2,2020-02-08,org.jsoup.Connection$Method,2,1,0,0,0,0,8
jsoup-1.12.2,2020-02-08,org.jsoup.UncheckedIOException,3,4,0,0,3,1,11
jsoup-1.12.2,2020-02-08,org.jsoup.helper.HttpConnection$Base,57,1,0,8,147,32,166
jsoup-1.12.2,2020-02-08,org.jsoup.parser.TokenQueue,92,1,0,4,0,33,201
jsoup-1.12.2,2020-02-08,org.jsoup.parser.ParseSettings,10,1,0,3,0,3,36
jsoup-1.12.2,2020-02-08,org.jsoup.select.NodeFilter,2,1,0,2,1,0,10
jsoup-1.12.2,2020-02-08,org.jsoup.parser.HtmlTreeBuilderState$Anonymous21,7,1,0,4,0,14,18
jsoup-1.12.2,2020-02-08,org.jsoup.parser.HtmlTreeBuilderState$Anonymous20,11,1,0,4,0,17,30
jsoup-1.12.2,2020-02-08,org.jsoup.parser.HtmlTreeBuilderState$Anonymous12,14,1,0,9,1,19,44
jsoup-1.12.2,2020-02-08,org.jsoup.parser.HtmlTreeBuilderState$Anonymous11,12,1,0,7,0,18,32
jsoup-1.12.2,2020-02-08,org.jsoup.parser.HtmlTreeBuilderState$Anonymous14,15,1,0,8,3,20,66
jsoup-1.12.2,2020-02-08,org.jsoup.parser.HtmlTreeBuilderState$Anonymous13,16,1,0,9,3,20,62
jsoup-1.12.2,2020-02-08,org.jsoup.parser.HtmlTreeBuilderState$Anonymous16,29,1,0,10,1,23,78
jsoup-1.12.2,2020-02-08,org.jsoup.helper.W3CDom$W3CBuilder,20,1,0,14,0,30,77
jsoup-1.12.2,2020-02-08,org.jsoup.parser.HtmlTreeBuilderState$Anonymous15,15,1,0,8,3,20,54
jsoup-1.12.2,2020-02-08,org.jsoup.parser.HtmlTreeBuilderState$Anonymous18,10,1,0,4,0,17,34
jsoup-1.12.2,2020-02-08,org.jsoup.parser.HtmlTreeBuilderState$Anonymous17,6,1,0,5,0,11,20
jsoup-1.12.2,2020-02-08,org.jsoup.parser.HtmlTreeBuilderState$Anonymous19,16,1,0,7,0,23,50
jsoup-1.12.2,2020-02-08,org.jsoup.select.Evaluator$ContainsOwnText,3,2,0,3,0,4,12
jsoup-1.12.2,2020-02-08,org.jsoup.parser.TokeniserState,31,1,0,7,13,25,1350
jsoup-1.12.2,2020-02-08,org.jsoup.select.Evaluator$IndexLessThan,5,3,0,2,3,2,11
jsoup-1.12.2,2020-02-08,org.jsoup.nodes.Entities$EscapeMode,8,1,0,2,4,3,25
jsoup-1.12.2,2020-02-08,org.jsoup.select.Evaluator$MatchText,4,2,0,6,1,7,15
jsoup-1.12.2,2020-02-08,org.jsoup.parser.HtmlTreeBuilderState$Anonymous10,7,1,0,7,0,19,35
jsoup-1.12.2,2020-02-08,org.jsoup.safety.Cleaner$ElementMeta,1,1,0,1,0,0,8
jsoup-1.12.2,2020-02-08,org.jsoup.select.Evaluator,2,54,50,7,1,0,450
jsoup-1.12.2,2020-02-08,org.jsoup.Connection,34,1,0,8,561,0,112
jsoup-1.12.2,2020-02-08,org.jsoup.select.Evaluator$IsRoot,4,2,0,3,1,1,9
jsoup-1.12.2,2020-02-08,org.jsoup.nodes.CDataNode,7,4,0,4,15,3,25
jsoup-1.12.2,2020-02-08,org.jsoup.select.StructuralEvaluator$Parent,7,3,0,3,3,3,18
jsoup-1.12.2,2020-02-08,org.jsoup.select.Evaluator$IsLastChild,4,2,0,3,1,4,9
jsoup-1.12.2,2020-02-08,org.jsoup.select.Evaluator$IsNthLastChild,3,3,0,2,3,4,11
jsoup-1.12.2,2020-02-08,org.jsoup.parser.Token$TokenType,0,1,0,0,0,0,1
jsoup-1.12.2,2020-02-08,org.jsoup.nodes.Attribute,40,1,1,8,0,28,109
jsoup-1.13.1,2020-02-29,org.jsoup.nodes.Document$QuirksMode,0,1,0,0,0,0,1
jsoup-1.13.1,2020-02-29,org.jsoup.helper.DataUtil,65,1,0,17,60,60,164
jsoup-1.13.1,2020-02-29,org.jsoup.select.StructuralEvaluator$ImmediateParent,5,3,0,3,3,3,13
jsoup-1.13.1,2020-02-29,org.jsoup.helper.ChangeNotifyingArrayList,13,4,0,2,78,12,50
jsoup-1.13.1,2020-02-29,org.jsoup.Connection$Response,10,1,0,4,45,0,12
jsoup-1.13.1,2020-02-29,org.jsoup.select.Evaluator$IndexEvaluator,1,2,0,1,0,0,6
jsoup-1.13.1,2020-02-29,org.jsoup.select.Evaluator$IsOnlyOfType,7,2,0,5,1,4,15
jsoup-1.13.1,2020-02-29,org.jsoup.nodes.Entities$CoreCharset,3,1,0,1,0,2,6
jsoup-1.13.1,2020-02-29,org.jsoup.safety.Cleaner,11,1,0,14,13,20,97
jsoup-1.13.1,2020-02-29,org.jsoup.nodes.Element,234,6,3,46,6699,164,712
jsoup-1.13.1,2020-02-29,org.jsoup.helper.HttpConnection,55,3,0,14,0,40,891
jsoup-1.13.1,2020-02-29,org.jsoup.safety.Whitelist$TypedValue,9,1,0,2,0,4,26
jsoup-1.13.1,2020-02-29,org.jsoup.select.NodeTraversor,27,1,0,7,6,12,66
jsoup-1.13.1,2020-02-29,org.jsoup.select.Evaluator$MatchesOwn,3,2,0,2,0,4,13
jsoup-1.13.1,2020-02-29,org.jsoup.select.CombiningEvaluator$And,6,3,0,4,6,4,18
jsoup-1.13.1,2020-02-29,org.jsoup.parser.Token$EndTag,3,3,0,1,1,0,9
jsoup-1.13.1,2020-02-29,org.jsoup.helper.HttpConnection$Request,27,2,0,6,230,7,110
jsoup-1.13.1,2020-02-29,org.jsoup.nodes.Document,55,3,0,15,332,53,286
jsoup-1.13.1,2020-02-29,org.jsoup.Jsoup,16,1,0,10,120,18,58
jsoup-1.13.1,2020-02-29,org.jsoup.parser.HtmlTreeBuilder,180,2,0,28,2606,84,536
jsoup-1.13.1,2020-02-29,org.jsoup.nodes.FormElement,22,3,0,12,9,25,59
jsoup-1.13.1,2020-02-29,org.jsoup.UnsupportedMimeTypeException,4,4,0,0,0,1,18
jsoup-1.13.1,2020-02-29,org.jsoup.select.StructuralEvaluator,0,15,12,2,0,0,94
jsoup-1.13.1,2020-02-29,org.jsoup.nodes.EntitiesData,1,1,0,0,0,0,10
jsoup-1.13.1,2020-02-29,org.jsoup.select.Evaluator$IndexEquals,4,3,0,2,3,2,11
jsoup-1.13.1,2020-02-29,org.jsoup.select.Selector$SelectorParseException,1,5,0,0,0,1,5
jsoup-1.13.1,2020-02-29,org.jsoup.parser.Token$Tag,33,2,0,7,73,18,111
jsoup-1.13.1,2020-02-29,org.jsoup.nodes.XmlDeclaration,14,3,0,8,34,15,45
jsoup-1.13.1,2020-02-29,org.jsoup.parser.Token$Doctype,7,2,0,2,11,2,33
jsoup-1.13.1,2020-02-29,org.jsoup.select.Evaluator$TagEndsWith,3,2,0,2,0,3,12
jsoup-1.13.1,2020-02-29,org.jsoup.select.Evaluator$Tag,3,2,0,2,0,3,12
jsoup-1.13.1,2020-02-29,org.jsoup.nodes.Document$OutputSettings$Syntax,0,1,0,0,0,0,1
jsoup-1.13.1,2020-02-29,org.jsoup.internal.StringUtil,61,1,0,3,130,41,130
jsoup-1.13.1,2020-02-29,org.jsoup.parser.TokeniserState$Anonymous24,6,1,0,2,0,6,25
jsoup-1.13.1,2020-02-29,org.jsoup.parser.TokeniserState$Anonymous25,3,1,0,2,0,9,18
jsoup-1.13.1,2020-02-29,org.jsoup.parser.TokeniserState$Anonymous26,2,1,0,3,0,8,14
jsoup-1.13.1,2020-02-29,org.jsoup.parser.TokeniserState$Anonymous27,1,1,0,3,0,1,5
jsoup-1.13.1,2020-02-29,org.jsoup.parser.TokeniserState$Anonymous20,2,1,0,2,0,4,11
jsoup-1.13.1,2020-02-29,org.jsoup.parser.TokeniserState$Anonymous21,2,1,0,2,0,4,11
jsoup-1.13.1,2020-02-29,org.jsoup.parser.TokeniserState$Anonymous22,5,1,0,2,0,10,22
jsoup-1.13.1,2020-02-29,org.jsoup.parser.TokeniserState$Anonymous23,5,1,0,2,0,6,23
jsoup-1.13.1,2020-02-29,org.jsoup.parser.Tokeniser,73,1,0,17,237,54,224
jsoup-1.13.1,2020-02-29,org.jsoup.nodes.Comment,17,3,0,13,45,28,42
jsoup-1.13.1,2020-02-29,org.jsoup.select.Evaluator$IndexGreaterThan,4,3,0,2,3,2,11
jsoup-1.13.1,2020-02-29,org.jsoup.nodes.LeafNode,24,2,5,4,78,19,73
jsoup-1.13.1,2020-02-29,org.jsoup.parser.TokeniserState$Anonymous28,1,1,0,3,0,1,5
jsoup-1.13.1,2020-02-29,org.jsoup.parser.TokeniserState$Anonymous29,5,1,0,2,0,9,22
jsoup-1.13.1,2020-02-29,org.jsoup.select.Selector,13,5,0,8,15,10,53
jsoup-1.13.1,2020-02-29,org.jsoup.select.Evaluator$AttributeWithValueEnding,3,3,0,4,3,5,11
jsoup-1.13.1,2020-02-29,org.jsoup.select.StructuralEvaluator$ImmediatePreviousSibling,5,3,0,3,3,3,13
jsoup-1.13.1,2020-02-29,org.jsoup.select.Collector$FirstFinder,5,1,0,5,1,1,22
jsoup-1.13.1,2020-02-29,org.jsoup.parser.TokeniserState$Anonymous30,5,1,0,2,0,5,22
jsoup-1.13.1,2020-02-29,org.jsoup.helper.HttpConnection$KeyVal,14,1,0,3,22,6,52
jsoup-1.13.1,2020-02-29,org.jsoup.parser.HtmlTreeBuilderState$Anonymous5,16,1,0,7,1,18,33
jsoup-1.13.1,2020-02-29,org.jsoup.parser.TokeniserState$Anonymous35,14,1,0,3,0,8,28
jsoup-1.13.1,2020-02-29,org.jsoup.safety.Whitelist$Protocol,2,2,0,2,1,0,8
jsoup-1.13.1,2020-02-29,org.jsoup.parser.HtmlTreeBuilderState$Anonymous4,19,1,0,12,1,25,70
jsoup-1.13.1,2020-02-29,org.jsoup.parser.TokeniserState$Anonymous36,14,1,0,3,0,8,30
jsoup-1.13.1,2020-02-29,org.jsoup.parser.HtmlTreeBuilderState$Anonymous7,173,1,0,18,10,93,501
jsoup-1.13.1,2020-02-29,org.jsoup.parser.TokeniserState$Anonymous37,15,1,0,3,0,7,33
jsoup-1.13.1,2020-02-29,org.jsoup.parser.HtmlTreeBuilderState$Anonymous6,13,1,0,9,1,25,61
jsoup-1.13.1,2020-02-29,org.jsoup.parser.TokeniserState$Anonymous38,7,1,0,4,0,11,23
jsoup-1.13.1,2020-02-29,org.jsoup.parser.HtmlTreeBuilderState$Anonymous1,5,1,0,8,0,18,23
jsoup-1.13.1,2020-02-29,org.jsoup.parser.TokeniserState$Anonymous31,6,1,0,2,0,5,24
jsoup-1.13.1,2020-02-29,org.jsoup.parser.TokeniserState$Anonymous32,2,1,0,2,0,5,12
jsoup-1.13.1,2020-02-29,org.jsoup.parser.HtmlTreeBuilderState$Anonymous3,11,1,0,7,0,21,35
jsoup-1.13.1,2020-02-29,org.jsoup.parser.TokeniserState$Anonymous33,1,1,0,3,0,1,5
jsoup-1.13.1,2020-02-29,org.jsoup.parser.HtmlTreeBuilderState$Anonymous2,10,1,0,6,1,20,34
jsoup-1.13.1,2020-02-29,org.jsoup.parser.TokeniserState$Anonymous34,14,1,0,3,0,8,31
jsoup-1.13.1,2020-02-29,org.jsoup.parser.HtmlTreeBuilderState$Anonymous9,25,1,0,10,1,36,113
jsoup-1.13.1,2020-02-29,org.jsoup.parser.TokeniserState$Anonymous39,7,1,0,4,0,11,23
jsoup-1.13.1,2020-02-29,org.jsoup.parser.HtmlTreeBuilderState$Anonymous8,4,1,0,2,0,10,18
jsoup-1.13.1,2020-02-29,org.jsoup.nodes.Node,109,1,2,16,1473,79,360
jsoup-1.13.1,2020-02-29,org.jsoup.helper.DataUtil$BomCharset,1,1,0,0,0,0,8
jsoup-1.13.1,2020-02-29,org.jsoup.parser.HtmlTreeBuilderState,6,1,0,6,10,9,1508
jsoup-1.13.1,2020-02-29,org.jsoup.select.Evaluator$AttributeStarting,5,2,0,6,0,7,17
jsoup-1.13.1,2020-02-29,org.jsoup.parser.TokeniserState$Anonymous40,17,1,0,4,0,11,28
jsoup-1.13.1,2020-02-29,org.jsoup.nodes.DataNode,9,3,0,5,36,7,30
jsoup-1.13.1,2020-02-29,org.jsoup.parser.TokeniserState$Anonymous41,9,1,0,2,0,6,20
jsoup-1.13.1,2020-02-29,org.jsoup.nodes.Attributes,91,2,0,12,156,42,294
jsoup-1.13.1,2020-02-29,org.jsoup.helper.W3CDom,21,1,0,13,43,36,153
jsoup-1.13.1,2020-02-29,org.jsoup.parser.XmlTreeBuilder,31,2,0,23,78,46,92
jsoup-1.13.1,2020-02-29,org.jsoup.nodes.Document$OutputSettings,20,1,0,5,90,14,83
jsoup-1.13.1,2020-02-29,org.jsoup.select.CombiningEvaluator,6,6,4,2,0,5,68
jsoup-1.13.1,2020-02-29,org.jsoup.select.Evaluator$ContainsData,3,2,0,3,0,4,12
jsoup-1.13.1,2020-02-29,org.jsoup.internal.Normalizer,5,1,0,1,3,4,11
jsoup-1.13.1,2020-02-29,org.jsoup.nodes.Attributes$Dataset$EntrySet,3,3,0,1,1,1,11
jsoup-1.13.1,2020-02-29,org.jsoup.nodes.Attributes$Dataset,4,4,0,2,1,4,43
jsoup-1.13.1,2020-02-29,org.jsoup.parser.TokeniserState$Anonymous13,13,1,0,4,1,12,31
jsoup-1.13.1,2020-02-29,org.jsoup.parser.TokeniserState$Anonymous14,2,1,0,2,0,5,12
jsoup-1.13.1,2020-02-29,org.jsoup.helper.Validate,25,1,0,1,78,2,40
jsoup-1.13.1,2020-02-29,org.jsoup.parser.TokeniserState$Anonymous15,1,1,0,3,0,1,5
jsoup-1.13.1,2020-02-29,org.jsoup.parser.TokeniserState$Anonymous16,1,1,0,3,0,1,5
jsoup-1.13.1,2020-02-29,org.jsoup.parser.TokeniserState$Anonymous10,11,1,0,3,0,9,24
jsoup-1.13.1,2020-02-29,org.jsoup.parser.TokeniserState$Anonymous11,5,1,0,3,0,12,18
jsoup-1.13.1,2020-02-29,org.jsoup.parser.TokeniserState$Anonymous12,2,1,0,3,0,8,14
jsoup-1.13.1,2020-02-29,org.jsoup.parser.TokeniserState$Anonymous17,4,1,0,2,0,6,19
jsoup-1.13.1,2020-02-29,org.jsoup.parser.TokeniserState$Anonymous18,1,1,0,3,0,1,5
jsoup-1.13.1,2020-02-29,org.jsoup.parser.TokeniserState$Anonymous19,1,1,0,3,0,1,5
jsoup-1.13.1,2020-02-29,org.jsoup.select.Evaluator$CssNthEvaluator,13,2,0,4,3,4,24
jsoup-1.13.1,2020-02-29,org.jsoup.parser.Token$Comment,10,2,0,2,1,7,41
jsoup-1.13.1,2020-02-29,org.jsoup.select.Evaluator$IsFirstOfType,2,4,0,1,1,0,8
jsoup-1.13.1,2020-02-29,org.jsoup.nodes.Element$NodeList,2,5,0,3,0,1,10
jsoup-1.13.1,2020-02-29,org.jsoup.examples.Wikipedia,3,1,0,7,1,9,13
jsoup-1.13.1,2020-02-29,org.jsoup.parser.ParseError,5,1,0,0,0,1,21
jsoup-1.13.1,2020-02-29,org.jsoup.parser.TokeniserState$Anonymous64,5,1,0,2,0,6,23
jsoup-1.13.1,2020-02-29,org.jsoup.parser.TokeniserState$Anonymous65,8,1,0,2,0,5,18
jsoup-1.13.1,2020-02-29,org.jsoup.parser.TreeBuilder,18,1,2,17,23,19,77
jsoup-1.13.1,2020-02-29,org.jsoup.parser.TokeniserState$Anonymous66,3,1,0,2,0,3,14
jsoup-1.13.1,2020-02-29,org.jsoup.parser.TokeniserState$Anonymous67,3,1,0,3,0,7,10
jsoup-1.13.1,2020-02-29,org.jsoup.nodes.PseudoTextElement,3,3,0,4,3,0,9
jsoup-1.13.1,2020-02-29,org.jsoup.parser.TokeniserState$Anonymous1,5,1,0,3,0,8,18
jsoup-1.13.1,2020-02-29,org.jsoup.parser.Parser,23,1,0,11,57,15,85
jsoup-1.13.1,2020-02-29,org.jsoup.select.Evaluator$IsEmpty,6,2,0,6,1,1,12
jsoup-1.13.1,2020-02-29,org.jsoup.parser.TokeniserState$Anonymous7,3,1,0,3,0,7,15
jsoup-1.13.1,2020-02-29,org.jsoup.parser.TokeniserState$Anonymous6,1,1,0,3,0,1,5
jsoup-1.13.1,2020-02-29,org.jsoup.parser.TokeniserState$Anonymous9,4,1,0,2,0,10,22
jsoup-1.13.1,2020-02-29,org.jsoup.select.Evaluator$AttributeWithValueMatching,3,2,0,4,0,7,14
jsoup-1.13.1,2020-02-29,org.jsoup.parser.TokeniserState$Anonymous8,5,1,0,2,0,8,23
jsoup-1.13.1,2020-02-29,org.jsoup.parser.TokeniserState$Anonymous3,5,1,0,3,0,8,19
jsoup-1.13.1,2020-02-29,org.jsoup.parser.TokeniserState$Anonymous2,1,1,0,3,0,1,5
jsoup-1.13.1,2020-02-29,org.jsoup.parser.TokeniserState$Anonymous5,1,1,0,3,0,1,5
jsoup-1.13.1,2020-02-29,org.jsoup.parser.TokeniserState$Anonymous4,1,1,0,3,0,1,5
jsoup-1.13.1,2020-02-29,org.jsoup.examples.ListLinks,9,1,0,8,3,16,31
jsoup-1.13.1,2020-02-29,org.jsoup.select.Evaluator$IsNthChild,3,3,0,2,3,1,11
jsoup-1.13.1,2020-02-29,org.jsoup.parser.HtmlTreeBuilderState$Constants,0,1,0,0,0,0,40
jsoup-1.13.1,2020-02-29,org.jsoup.select.Evaluator$Class,3,2,0,2,0,2,12
jsoup-1.13.1,2020-02-29,org.jsoup.nodes.Attributes$Anonymous1,6,1,0,2,0,2,18
jsoup-1.13.1,2020-02-29,org.jsoup.select.StructuralEvaluator$Has,6,3,0,3,3,3,14
jsoup-1.13.1,2020-02-29,org.jsoup.nodes.Node$OuterHtmlVisitor,6,1,0,4,0,5,27
jsoup-1.13.1,2020-02-29,org.jsoup.parser.Token,23,12,10,9,90,4,304
jsoup-1.13.1,2020-02-29,org.jsoup.safety.Cleaner$CleaningVisitor,11,1,0,8,0,9,42
jsoup-1.13.1,2020-02-29,org.jsoup.select.Evaluator$AttributeKeyPair,4,2,0,3,0,7,17
jsoup-1.13.1,2020-02-29,org.jsoup.select.Evaluator$IsNthLastOfType,5,3,0,4,3,7,16
jsoup-1.13.1,2020-02-29,org.jsoup.parser.Tag,51,1,0,4,34,14,160
jsoup-1.13.1,2020-02-29,org.jsoup.parser.Token$Character,5,2,0,2,4,1,21
jsoup-1.13.1,2020-02-29,org.jsoup.select.Evaluator$IsLastOfType,2,4,0,1,1,0,8
jsoup-1.13.1,2020-02-29,org.jsoup.select.Evaluator$Attribute,3,2,0,3,0,2,12
jsoup-1.13.1,2020-02-29,org.jsoup.select.NodeFilter$FilterResult,0,1,0,0,0,0,6
jsoup-1.13.1,2020-02-29,org.jsoup.Connection$KeyVal,9,1,0,1,36,0,11
jsoup-1.13.1,2020-02-29,org.jsoup.nodes.Entities,48,1,0,11,56,32,185
jsoup-1.13.1,2020-02-29,org.jsoup.parser.Token$CData,2,3,0,1,1,2,9
jsoup-1.13.1,2020-02-29,org.jsoup.select.Evaluator$AttributeWithValueContaining,3,3,0,4,3,5,11
jsoup-1.13.1,2020-02-29,org.jsoup.select.Elements,110,4,0,16,1540,62,289
jsoup-1.13.1,2020-02-29,org.jsoup.select.Evaluator$AllElements,2,2,0,2,1,0,8
jsoup-1.13.1,2020-02-29,org.jsoup.parser.TokeniserState$Anonymous46,5,1,0,3,0,6,23
jsoup-1.13.1,2020-02-29,org.jsoup.parser.TokeniserState$Anonymous47,4,1,0,3,0,10,18
jsoup-1.13.1,2020-02-29,org.jsoup.safety.Whitelist$AttributeKey,2,2,0,2,1,0,8
jsoup-1.13.1,2020-02-29,org.jsoup.parser.TokeniserState$Anonymous48,4,1,0,3,0,6,19
jsoup-1.13.1,2020-02-29,org.jsoup.parser.TokeniserState$Anonymous49,6,1,0,3,0,7,27
jsoup-1.13.1,2020-02-29,org.jsoup.parser.TokeniserState$Anonymous42,3,1,0,2,0,6,17
jsoup-1.13.1,2020-02-29,org.jsoup.nodes.TextNode,28,3,1,10,105,29,61
jsoup-1.13.1,2020-02-29,org.jsoup.parser.TokeniserState$Anonymous43,3,1,0,3,0,6,11
jsoup-1.13.1,2020-02-29,org.jsoup.parser.TokeniserState$Anonymous44,4,1,0,2,0,8,20
jsoup-1.13.1,2020-02-29,org.jsoup.select.Evaluator$AttributeWithValue,3,3,0,3,3,5,11
jsoup-1.13.1,2020-02-29,org.jsoup.parser.TokeniserState$Anonymous45,5,1,0,3,0,7,23
jsoup-1.13.1,2020-02-29,org.jsoup.select.Evaluator$AttributeWithValueNot,3,3,0,3,3,3,11
jsoup-1.13.1,2020-02-29,org.jsoup.parser.ParseErrorList,6,4,0,2,0,1,20
jsoup-1.13.1,2020-02-29,org.jsoup.nodes.Element$Anonymous1,12,1,0,4,1,8,18
jsoup-1.13.1,2020-02-29,org.jsoup.nodes.Element$Anonymous2,3,1,0,2,1,2,10
jsoup-1.13.1,2020-02-29,org.jsoup.SerializationException,4,4,0,0,6,0,14
jsoup-1.13.1,2020-02-29,org.jsoup.select.CombiningEvaluator$Or,9,3,0,5,15,7,28
jsoup-1.13.1,2020-02-29,org.jsoup.select.Evaluator$ContainsText,3,2,0,3,0,4,12
jsoup-1.13.1,2020-02-29,org.jsoup.Connection$Base,18,1,0,2,153,0,20
jsoup-1.13.1,2020-02-29,org.jsoup.safety.Whitelist$TagName,2,2,0,2,1,0,8
jsoup-1.13.1,2020-02-29,org.jsoup.parser.TokeniserState$Anonymous50,5,1,0,3,0,7,23
jsoup-1.13.1,2020-02-29,org.jsoup.parser.TokeniserState$Anonymous51,8,1,0,2,0,6,18
jsoup-1.13.1,2020-02-29,org.jsoup.select.Evaluator$IsNthOfType,6,3,0,4,3,4,17
jsoup-1.13.1,2020-02-29,org.jsoup.select.Evaluator$Id,3,2,0,2,0,3,12
jsoup-1.13.1,2020-02-29,org.jsoup.parser.TokeniserState$Anonymous52,9,1,0,2,0,8,27
jsoup-1.13.1,2020-02-29,org.jsoup.select.StructuralEvaluator$PreviousSibling,6,3,0,3,3,3,17
jsoup-1.13.1,2020-02-29,org.jsoup.parser.TokeniserState$Anonymous57,5,1,0,2,0,6,23
jsoup-1.13.1,2020-02-29,org.jsoup.safety.Whitelist,57,5,0,12,84,64,294
jsoup-1.13.1,2020-02-29,org.jsoup.parser.TokeniserState$Anonymous58,5,1,0,2,0,6,23
jsoup-1.13.1,2020-02-29,org.jsoup.parser.TokeniserState$Anonymous59,10,1,0,2,0,5,26
jsoup-1.13.1,2020-02-29,org.jsoup.examples.HtmlToPlainText$FormattingVisitor,18,1,0,5,4,14,44
jsoup-1.13.1,2020-02-29,org.jsoup.parser.TokeniserState$Anonymous53,10,1,0,2,0,9,26
jsoup-1.13.1,2020-02-29,org.jsoup.select.Collector$Accumulator,5,1,0,5,1,2,18
jsoup-1.13.1,2020-02-29,org.jsoup.select.Collector,3,1,0,8,3,2,54
jsoup-1.13.1,2020-02-29,org.jsoup.parser.TokeniserState$Anonymous54,6,1,0,2,0,10,29
jsoup-1.13.1,2020-02-29,org.jsoup.parser.TokeniserState$Anonymous55,10,1,0,2,0,5,28
jsoup-1.13.1,2020-02-29,org.jsoup.nodes.Attributes$Dataset$DatasetIterator,5,1,0,2,0,9,17
jsoup-1.13.1,2020-02-29,org.jsoup.parser.TokeniserState$Anonymous56,10,1,0,2,0,5,25
jsoup-1.13.1,2020-02-29,org.jsoup.select.StructuralEvaluator$Not,3,3,0,3,3,2,11
jsoup-1.13.1,2020-02-29,org.jsoup.internal.ConstrainableInputStream,28,4,0,3,0,11,74
jsoup-1.13.1,2020-02-29,org.jsoup.parser.CharacterReader,161,1,0,4,0,28,405
jsoup-1.13.1,2020-02-29,org.jsoup.select.Evaluator$IsFirstChild,4,2,0,3,1,2,9
jsoup-1.13.1,2020-02-29,org.jsoup.parser.TokeniserState$Anonymous60,10,1,0,2,0,5,25
jsoup-1.13.1,2020-02-29,org.jsoup.parser.TokeniserState$Anonymous61,10,1,0,2,0,5,28
jsoup-1.13.1,2020-02-29,org.jsoup.parser.TokeniserState$Anonymous62,10,1,0,2,0,5,25
jsoup-1.13.1,2020-02-29,org.jsoup.parser.TokeniserState$Anonymous63,5,1,0,2,0,6,23
jsoup-1.13.1,2020-02-29,org.jsoup.select.StructuralEvaluator$Root,2,2,0,2,0,0,5
jsoup-1.13.1,2020-02-29,org.jsoup.helper.HttpConnection$Response,105,2,0,21,122,146,340
jsoup-1.13.1,2020-02-29,org.jsoup.select.NodeVisitor,2,1,0,1,1,0,4
jsoup-1.13.1,2020-02-29,org.jsoup.parser.Token$EOF,2,2,0,2,1,0,8
jsoup-1.13.1,2020-02-29,org.jsoup.parser.Token$StartTag,6,3,0,4,6,5,21
jsoup-1.13.1,2020-02-29,org.jsoup.select.Evaluator$AttributeWithValueStarting,3,3,0,4,3,5,11
jsoup-1.13.1,2020-02-29,org.jsoup.nodes.DocumentType,20,3,0,5,19,9,56
jsoup-1.13.1,2020-02-29,org.jsoup.Connection$Request,23,1,0,4,253,0,25
jsoup-1.13.1,2020-02-29,org.jsoup.examples.HtmlToPlainText,7,1,0,10,1,10,71
jsoup-1.13.1,2020-02-29,org.jsoup.HttpStatusException,4,4,0,0,0,1,18
jsoup-1.13.1,2020-02-29,org.jsoup.select.QueryParser,96,1,0,51,0,66,249
jsoup-1.13.1,2020-02-29,org.jsoup.parser.HtmlTreeBuilderState$Anonymous23,1,1,0,2,0,0,5
jsoup-1.13.1,2020-02-29,org.jsoup.nodes.NodeUtils,5,1,0,5,1,3,10
jsoup-1.13.1,2020-02-29,org.jsoup.parser.HtmlTreeBuilderState$Anonymous22,9,1,0,4,0,12,20
jsoup-1.13.1,2020-02-29,org.jsoup.select.Evaluator$Matches,3,2,0,2,0,4,13
jsoup-1.13.1,2020-02-29,org.jsoup.safety.Whitelist$AttributeValue,2,2,0,2,1,0,8
jsoup-1.13.1,2020-02-29,org.jsoup.select.Evaluator$IsOnlyChild,3,2,0,3,1,3,9
jsoup-1.13.1,2020-02-29,org.jsoup.Connection$Method,2,1,0,0,0,0,8
jsoup-1.13.1,2020-02-29,org.jsoup.UncheckedIOException,3,4,0,0,3,1,11
jsoup-1.13.1,2020-02-29,org.jsoup.helper.HttpConnection$Base,57,1,0,8,147,32,166
jsoup-1.13.1,2020-02-29,org.jsoup.parser.TokenQueue,92,1,0,4,0,33,201
jsoup-1.13.1,2020-02-29,org.jsoup.parser.ParseSettings,11,1,0,3,0,3,36
jsoup-1.13.1,2020-02-29,org.jsoup.select.NodeFilter,2,1,0,2,1,0,10
jsoup-1.13.1,2020-02-29,org.jsoup.parser.HtmlTreeBuilderState$Anonymous21,7,1,0,5,0,19,24
jsoup-1.13.1,2020-02-29,org.jsoup.parser.HtmlTreeBuilderState$Anonymous20,11,1,0,4,0,17,30
jsoup-1.13.1,2020-02-29,org.jsoup.parser.HtmlTreeBuilderState$Anonymous12,14,1,0,9,1,19,44
jsoup-1.13.1,2020-02-29,org.jsoup.parser.HtmlTreeBuilderState$Anonymous11,12,1,0,7,0,18,32
jsoup-1.13.1,2020-02-29,org.jsoup.parser.HtmlTreeBuilderState$Anonymous14,15,1,0,8,3,20,66
jsoup-1.13.1,2020-02-29,org.jsoup.parser.HtmlTreeBuilderState$Anonymous13,16,1,0,9,3,20,62
jsoup-1.13.1,2020-02-29,org.jsoup.parser.HtmlTreeBuilderState$Anonymous16,29,1,0,10,1,23,78
jsoup-1.13.1,2020-02-29,org.jsoup.helper.W3CDom$W3CBuilder,20,1,0,14,0,30,77
jsoup-1.13.1,2020-02-29,org.jsoup.parser.HtmlTreeBuilderState$Anonymous15,15,1,0,8,3,20,54
jsoup-1.13.1,2020-02-29,org.jsoup.parser.HtmlTreeBuilderState$Anonymous18,10,1,0,4,0,19,34
jsoup-1.13.1,2020-02-29,org.jsoup.parser.HtmlTreeBuilderState$Anonymous17,6,1,0,5,0,11,20
jsoup-1.13.1,2020-02-29,org.jsoup.parser.HtmlTreeBuilderState$Anonymous19,16,1,0,7,0,23,50
jsoup-1.13.1,2020-02-29,org.jsoup.select.Evaluator$ContainsOwnText,3,2,0,3,0,4,12
jsoup-1.13.1,2020-02-29,org.jsoup.parser.TokeniserState,31,1,0,7,13,25,1350
jsoup-1.13.1,2020-02-29,org.jsoup.select.Evaluator$IndexLessThan,5,3,0,2,3,2,11
jsoup-1.13.1,2020-02-29,org.jsoup.nodes.Entities$EscapeMode,8,1,0,2,4,3,25
jsoup-1.13.1,2020-02-29,org.jsoup.select.Evaluator$MatchText,4,2,0,6,1,7,15
jsoup-1.13.1,2020-02-29,org.jsoup.parser.HtmlTreeBuilderState$Anonymous10,7,1,0,7,0,19,36
jsoup-1.13.1,2020-02-29,org.jsoup.safety.Cleaner$ElementMeta,1,1,0,1,0,0,8
jsoup-1.13.1,2020-02-29,org.jsoup.select.Evaluator,2,54,50,7,1,0,450
jsoup-1.13.1,2020-02-29,org.jsoup.Connection,34,1,0,8,561,0,112
jsoup-1.13.1,2020-02-29,org.jsoup.select.Evaluator$IsRoot,4,2,0,3,1,1,9
jsoup-1.13.1,2020-02-29,org.jsoup.nodes.CDataNode,7,4,0,4,15,3,25
jsoup-1.13.1,2020-02-29,org.jsoup.select.StructuralEvaluator$Parent,7,3,0,3,3,3,18
jsoup-1.13.1,2020-02-29,org.jsoup.select.Evaluator$IsLastChild,4,2,0,3,1,4,9
jsoup-1.13.1,2020-02-29,org.jsoup.select.Evaluator$IsNthLastChild,3,3,0,2,3,4,11
jsoup-1.13.1,2020-02-29,org.jsoup.parser.Token$TokenType,0,1,0,0,0,0,1
jsoup-1.13.1,2020-02-29,org.jsoup.nodes.Attribute,39,1,0,8,0,28,109
jsoup-1.14.1,2021-07-10,org.jsoup.nodes.Document$QuirksMode,0,1,0,0,0,0,1
jsoup-1.14.1,2021-07-10,org.jsoup.helper.DataUtil,69,1,0,19,60,67,172
jsoup-1.14.1,2021-07-10,org.jsoup.select.StructuralEvaluator$ImmediateParent,5,3,0,3,3,3,13
jsoup-1.14.1,2021-07-10,org.jsoup.helper.ChangeNotifyingArrayList,13,4,0,2,78,12,50
jsoup-1.14.1,2021-07-10,org.jsoup.Connection$Response,10,1,0,5,45,0,12
jsoup-1.14.1,2021-07-10,org.jsoup.select.Evaluator$IndexEvaluator,1,2,0,1,0,0,6
jsoup-1.14.1,2021-07-10,org.jsoup.select.Evaluator$IsOnlyOfType,7,2,0,5,1,4,15
jsoup-1.14.1,2021-07-10,org.jsoup.nodes.Entities$CoreCharset,3,1,0,1,0,2,6
jsoup-1.14.1,2021-07-10,org.jsoup.safety.Cleaner,11,1,0,16,15,23,102
jsoup-1.14.1,2021-07-10,org.jsoup.nodes.Element,248,6,3,48,7159,167,745
jsoup-1.14.1,2021-07-10,org.jsoup.helper.HttpConnection,63,3,0,16,0,50,975
jsoup-1.14.1,2021-07-10,org.jsoup.select.NodeTraversor,31,1,0,7,6,14,73
jsoup-1.14.1,2021-07-10,org.jsoup.safety.Safelist$AttributeKey,2,2,0,2,1,0,8
jsoup-1.14.1,2021-07-10,org.jsoup.select.Evaluator$MatchesOwn,3,2,0,2,0,4,13
jsoup-1.14.1,2021-07-10,org.jsoup.select.CombiningEvaluator$And,6,3,0,4,6,4,18
jsoup-1.14.1,2021-07-10,org.jsoup.parser.Token$EndTag,2,3,0,1,1,1,9
jsoup-1.14.1,2021-07-10,org.jsoup.helper.HttpConnection$Request,30,2,0,7,227,11,138
jsoup-1.14.1,2021-07-10,org.jsoup.nodes.Document,59,3,0,20,379,56,289
jsoup-1.14.1,2021-07-10,org.jsoup.Jsoup,21,1,0,12,210,21,73
jsoup-1.14.1,2021-07-10,org.jsoup.parser.HtmlTreeBuilder,189,2,0,30,2922,90,562
jsoup-1.14.1,2021-07-10,org.jsoup.nodes.FormElement,23,3,0,13,9,28,61
jsoup-1.14.1,2021-07-10,org.jsoup.UnsupportedMimeTypeException,4,4,0,0,0,1,18
jsoup-1.14.1,2021-07-10,org.jsoup.select.StructuralEvaluator,0,15,12,2,0,0,94
jsoup-1.14.1,2021-07-10,org.jsoup.nodes.EntitiesData,1,1,0,0,0,0,10
jsoup-1.14.1,2021-07-10,org.jsoup.select.Evaluator$IndexEquals,4,3,0,2,3,2,11
jsoup-1.14.1,2021-07-10,org.jsoup.select.Selector$SelectorParseException,1,5,0,0,0,1,5
jsoup-1.14.1,2021-07-10,org.jsoup.parser.Token$Tag,38,2,0,7,116,19,117
jsoup-1.14.1,2021-07-10,org.jsoup.nodes.XmlDeclaration,14,3,0,8,34,15,45
jsoup-1.14.1,2021-07-10,org.jsoup.parser.Token$Doctype,7,2,0,2,11,2,33
jsoup-1.14.1,2021-07-10,org.jsoup.select.Evaluator$TagEndsWith,3,2,0,2,0,3,12
jsoup-1.14.1,2021-07-10,org.jsoup.helper.CookieUtil,14,1,0,5,6,23,48
jsoup-1.14.1,2021-07-10,org.jsoup.select.Evaluator$Tag,3,2,0,2,0,3,12
jsoup-1.14.1,2021-07-10,org.jsoup.nodes.Document$OutputSettings$Syntax,0,1,0,0,0,0,1
jsoup-1.14.1,2021-07-10,org.jsoup.internal.StringUtil,63,1,0,4,145,47,173
jsoup-1.14.1,2021-07-10,org.jsoup.parser.TokeniserState$Anonymous24,6,1,0,2,0,6,25
jsoup-1.14.1,2021-07-10,org.jsoup.parser.TokeniserState$Anonymous25,3,1,0,2,0,9,19
jsoup-1.14.1,2021-07-10,org.jsoup.parser.TokeniserState$Anonymous26,2,1,0,3,0,8,14
jsoup-1.14.1,2021-07-10,org.jsoup.parser.TokeniserState$Anonymous27,1,1,0,3,0,1,5
jsoup-1.14.1,2021-07-10,org.jsoup.parser.TokeniserState$Anonymous20,2,1,0,2,0,4,11
jsoup-1.14.1,2021-07-10,org.jsoup.parser.TokeniserState$Anonymous21,2,1,0,2,0,4,11
jsoup-1.14.1,2021-07-10,org.jsoup.parser.TokeniserState$Anonymous22,5,1,0,2,0,10,22
jsoup-1.14.1,2021-07-10,org.jsoup.parser.TokeniserState$Anonymous23,5,1,0,2,0,6,23
jsoup-1.14.1,2021-07-10,org.jsoup.parser.Tokeniser,78,1,0,17,254,56,242
jsoup-1.14.1,2021-07-10,org.jsoup.nodes.Comment,19,3,0,13,55,31,48
jsoup-1.14.1,2021-07-10,org.jsoup.select.Evaluator$IndexGreaterThan,4,3,0,2,3,2,11
jsoup-1.14.1,2021-07-10,org.jsoup.nodes.LeafNode,24,2,5,4,78,18,72
jsoup-1.14.1,2021-07-10,org.jsoup.parser.TokeniserState$Anonymous28,1,1,0,3,0,1,5
jsoup-1.14.1,2021-07-10,org.jsoup.parser.TokeniserState$Anonymous29,5,1,0,2,0,9,22
jsoup-1.14.1,2021-07-10,org.jsoup.select.Selector,13,5,0,9,15,9,52
jsoup-1.14.1,2021-07-10,org.jsoup.select.Evaluator$AttributeWithValueEnding,3,3,0,4,3,5,11
jsoup-1.14.1,2021-07-10,org.jsoup.select.StructuralEvaluator$ImmediatePreviousSibling,5,3,0,3,3,3,13
jsoup-1.14.1,2021-07-10,org.jsoup.select.Collector$FirstFinder,5,1,0,6,1,1,22
jsoup-1.14.1,2021-07-10,org.jsoup.parser.TokeniserState$Anonymous30,5,1,0,2,0,5,22
jsoup-1.14.1,2021-07-10,org.jsoup.safety.Safelist$AttributeValue,2,2,0,2,1,0,8
jsoup-1.14.1,2021-07-10,org.jsoup.helper.HttpConnection$KeyVal,14,1,0,4,10,4,56
jsoup-1.14.1,2021-07-10,org.jsoup.parser.HtmlTreeBuilderState$Anonymous5,16,1,0,7,1,18,33
jsoup-1.14.1,2021-07-10,org.jsoup.parser.TokeniserState$Anonymous35,14,1,0,3,0,8,28
jsoup-1.14.1,2021-07-10,org.jsoup.parser.HtmlTreeBuilderState$Anonymous4,19,1,0,12,1,25,70
jsoup-1.14.1,2021-07-10,org.jsoup.parser.TokeniserState$Anonymous36,14,1,0,3,0,8,30
jsoup-1.14.1,2021-07-10,org.jsoup.parser.HtmlTreeBuilderState$Anonymous7,177,1,0,18,10,95,513
jsoup-1.14.1,2021-07-10,org.jsoup.parser.TokeniserState$Anonymous37,15,1,0,3,0,7,33
jsoup-1.14.1,2021-07-10,org.jsoup.parser.HtmlTreeBuilderState$Anonymous6,13,1,0,9,1,25,61
jsoup-1.14.1,2021-07-10,org.jsoup.parser.TokeniserState$Anonymous38,7,1,0,4,0,11,23
jsoup-1.14.1,2021-07-10,org.jsoup.parser.HtmlTreeBuilderState$Anonymous1,5,1,0,8,0,18,23
jsoup-1.14.1,2021-07-10,org.jsoup.parser.TokeniserState$Anonymous31,6,1,0,2,0,5,24
jsoup-1.14.1,2021-07-10,org.jsoup.parser.TokeniserState$Anonymous32,2,1,0,2,0,5,12
jsoup-1.14.1,2021-07-10,org.jsoup.parser.HtmlTreeBuilderState$Anonymous3,11,1,0,7,0,21,35
jsoup-1.14.1,2021-07-10,org.jsoup.parser.TokeniserState$Anonymous33,1,1,0,3,0,1,5
jsoup-1.14.1,2021-07-10,org.jsoup.parser.HtmlTreeBuilderState$Anonymous2,10,1,0,6,1,20,34
jsoup-1.14.1,2021-07-10,org.jsoup.parser.TokeniserState$Anonymous34,14,1,0,3,0,8,31
jsoup-1.14.1,2021-07-10,org.jsoup.parser.HtmlTreeBuilderState$Anonymous9,26,1,0,10,1,37,113
jsoup-1.14.1,2021-07-10,org.jsoup.parser.TokeniserState$Anonymous39,7,1,0,4,0,11,23
jsoup-1.14.1,2021-07-10,org.jsoup.parser.HtmlTreeBuilderState$Anonymous8,4,1,0,2,0,10,18
jsoup-1.14.1,2021-07-10,org.jsoup.nodes.Node,120,1,2,17,1473,78,367
jsoup-1.14.1,2021-07-10,org.jsoup.safety.Safelist$TypedValue,9,1,0,2,0,4,26
jsoup-1.14.1,2021-07-10,org.jsoup.helper.DataUtil$BomCharset,1,1,0,0,0,0,8
jsoup-1.14.1,2021-07-10,org.jsoup.parser.HtmlTreeBuilderState,6,1,0,6,10,9,1521
jsoup-1.14.1,2021-07-10,org.jsoup.select.Evaluator$AttributeStarting,5,2,0,6,0,7,17
jsoup-1.14.1,2021-07-10,org.jsoup.parser.TokeniserState$Anonymous40,17,1,0,4,0,11,28
jsoup-1.14.1,2021-07-10,org.jsoup.nodes.DataNode,9,3,0,5,36,7,30
jsoup-1.14.1,2021-07-10,org.jsoup.parser.TokeniserState$Anonymous41,9,1,0,2,0,6,20
jsoup-1.14.1,2021-07-10,org.jsoup.nodes.Attributes,90,2,0,13,149,41,288
jsoup-1.14.1,2021-07-10,org.jsoup.helper.W3CDom,21,1,0,14,43,36,156
jsoup-1.14.1,2021-07-10,org.jsoup.parser.XmlTreeBuilder,32,2,0,24,91,49,95
jsoup-1.14.1,2021-07-10,org.jsoup.nodes.Document$OutputSettings,20,1,0,6,100,14,82
jsoup-1.14.1,2021-07-10,org.jsoup.select.CombiningEvaluator,6,6,4,3,0,5,68
jsoup-1.14.1,2021-07-10,org.jsoup.select.Evaluator$ContainsData,3,2,0,3,0,4,12
jsoup-1.14.1,2021-07-10,org.jsoup.internal.Normalizer,5,1,0,1,3,4,11
jsoup-1.14.1,2021-07-10,org.jsoup.nodes.Attributes$Dataset$EntrySet,3,3,0,1,1,1,11
jsoup-1.14.1,2021-07-10,org.jsoup.nodes.Attributes$Dataset,4,4,0,2,1,4,43
jsoup-1.14.1,2021-07-10,org.jsoup.parser.TokeniserState$Anonymous13,13,1,0,4,1,12,32
jsoup-1.14.1,2021-07-10,org.jsoup.parser.TokeniserState$Anonymous14,2,1,0,2,0,5,12
jsoup-1.14.1,2021-07-10,org.jsoup.helper.Validate,25,1,0,2,78,2,40
jsoup-1.14.1,2021-07-10,org.jsoup.parser.TokeniserState$Anonymous15,1,1,0,3,0,1,5
jsoup-1.14.1,2021-07-10,org.jsoup.parser.TokeniserState$Anonymous16,1,1,0,3,0,1,5
jsoup-1.14.1,2021-07-10,org.jsoup.parser.TokeniserState$Anonymous10,11,1,0,3,0,9,24
jsoup-1.14.1,2021-07-10,org.jsoup.parser.TokeniserState$Anonymous11,5,1,0,3,0,11,17
jsoup-1.14.1,2021-07-10,org.jsoup.parser.TokeniserState$Anonymous12,2,1,0,3,0,8,14
jsoup-1.14.1,2021-07-10,org.jsoup.parser.TokeniserState$Anonymous17,4,1,0,2,0,6,19
jsoup-1.14.1,2021-07-10,org.jsoup.parser.TokeniserState$Anonymous18,1,1,0,3,0,1,5
jsoup-1.14.1,2021-07-10,org.jsoup.parser.TokeniserState$Anonymous19,1,1,0,3,0,1,5
jsoup-1.14.1,2021-07-10,org.jsoup.select.Evaluator$CssNthEvaluator,13,2,0,4,3,4,24
jsoup-1.14.1,2021-07-10,org.jsoup.parser.Token$Comment,10,2,0,2,1,7,41
jsoup-1.14.1,2021-07-10,org.jsoup.select.Evaluator$IsFirstOfType,2,4,0,1,1,0,8
jsoup-1.14.1,2021-07-10,org.jsoup.nodes.Element$NodeList,2,5,0,3,0,1,10
jsoup-1.14.1,2021-07-10,org.jsoup.examples.Wikipedia,3,1,0,7,1,9,13
jsoup-1.14.1,2021-07-10,org.jsoup.parser.ParseError,5,1,0,0,0,1,21
jsoup-1.14.1,2021-07-10,org.jsoup.safety.Safelist,58,5,1,12,76,68,302
jsoup-1.14.1,2021-07-10,org.jsoup.parser.TokeniserState$Anonymous64,5,1,0,2,0,6,23
jsoup-1.14.1,2021-07-10,org.jsoup.parser.TokeniserState$Anonymous65,8,1,0,2,0,5,18
jsoup-1.14.1,2021-07-10,org.jsoup.parser.TreeBuilder,20,1,2,18,46,20,82
jsoup-1.14.1,2021-07-10,org.jsoup.parser.TokeniserState$Anonymous66,3,1,0,2,0,3,14
jsoup-1.14.1,2021-07-10,org.jsoup.parser.TokeniserState$Anonymous67,3,1,0,3,0,7,10
jsoup-1.14.1,2021-07-10,org.jsoup.nodes.PseudoTextElement,3,3,0,4,3,0,9
jsoup-1.14.1,2021-07-10,org.jsoup.parser.TokeniserState$Anonymous1,5,1,0,3,0,8,18
jsoup-1.14.1,2021-07-10,org.jsoup.parser.Parser,26,1,0,11,87,18,96
jsoup-1.14.1,2021-07-10,org.jsoup.select.Evaluator$IsEmpty,6,2,0,6,1,1,12
jsoup-1.14.1,2021-07-10,org.jsoup.parser.TokeniserState$Anonymous7,3,1,0,3,0,7,15
jsoup-1.14.1,2021-07-10,org.jsoup.parser.TokeniserState$Anonymous6,1,1,0,3,0,1,5
jsoup-1.14.1,2021-07-10,org.jsoup.parser.TokeniserState$Anonymous9,4,1,0,2,0,10,22
jsoup-1.14.1,2021-07-10,org.jsoup.select.Evaluator$AttributeWithValueMatching,3,2,0,4,0,7,14
jsoup-1.14.1,2021-07-10,org.jsoup.parser.TokeniserState$Anonymous8,5,1,0,2,0,8,23
jsoup-1.14.1,2021-07-10,org.jsoup.parser.TokeniserState$Anonymous3,5,1,0,3,0,8,19
jsoup-1.14.1,2021-07-10,org.jsoup.parser.TokeniserState$Anonymous2,1,1,0,3,0,1,5
jsoup-1.14.1,2021-07-10,org.jsoup.parser.TokeniserState$Anonymous5,1,1,0,3,0,1,5
jsoup-1.14.1,2021-07-10,org.jsoup.parser.TokeniserState$Anonymous4,1,1,0,3,0,1,5
jsoup-1.14.1,2021-07-10,org.jsoup.internal.StringUtil$Anonymous1,1,1,0,0,0,0,5
jsoup-1.14.1,2021-07-10,org.jsoup.examples.ListLinks,9,1,0,8,3,16,31
jsoup-1.14.1,2021-07-10,org.jsoup.select.Evaluator$IsNthChild,3,3,0,2,3,1,11
jsoup-1.14.1,2021-07-10,org.jsoup.parser.HtmlTreeBuilderState$Constants,0,1,0,0,0,0,40
jsoup-1.14.1,2021-07-10,org.jsoup.safety.Safelist$TagName,2,2,0,2,1,0,8
jsoup-1.14.1,2021-07-10,org.jsoup.select.Evaluator$Class,3,2,0,2,0,2,12
jsoup-1.14.1,2021-07-10,org.jsoup.nodes.Attributes$Anonymous1,6,1,0,2,0,2,18
jsoup-1.14.1,2021-07-10,org.jsoup.select.StructuralEvaluator$Has,6,3,0,3,3,3,14
jsoup-1.14.1,2021-07-10,org.jsoup.nodes.Node$OuterHtmlVisitor,6,1,0,4,0,5,27
jsoup-1.14.1,2021-07-10,org.jsoup.parser.Token,23,12,10,9,90,4,313
jsoup-1.14.1,2021-07-10,org.jsoup.safety.Cleaner$CleaningVisitor,11,1,0,8,0,9,42
jsoup-1.14.1,2021-07-10,org.jsoup.select.Evaluator$AttributeKeyPair,4,2,0,3,0,7,17
jsoup-1.14.1,2021-07-10,org.jsoup.select.Evaluator$IsNthLastOfType,6,3,0,4,3,7,17
jsoup-1.14.1,2021-07-10,org.jsoup.parser.Tag,51,1,0,4,34,14,160
jsoup-1.14.1,2021-07-10,org.jsoup.parser.Token$Character,5,2,0,2,4,1,21
jsoup-1.14.1,2021-07-10,org.jsoup.select.Evaluator$IsLastOfType,2,4,0,1,1,0,8
jsoup-1.14.1,2021-07-10,org.jsoup.select.Evaluator$Attribute,3,2,0,3,0,2,12
jsoup-1.14.1,2021-07-10,org.jsoup.internal.StringUtil$StringJoiner,5,1,0,4,0,5,25
jsoup-1.14.1,2021-07-10,org.jsoup.select.NodeFilter$FilterResult,0,1,0,0,0,0,6
jsoup-1.14.1,2021-07-10,org.jsoup.Connection$KeyVal,9,1,0,2,36,0,11
jsoup-1.14.1,2021-07-10,org.jsoup.nodes.Entities,49,1,0,11,56,33,185
jsoup-1.14.1,2021-07-10,org.jsoup.parser.Token$CData,2,3,0,1,1,2,9
jsoup-1.14.1,2021-07-10,org.jsoup.select.Evaluator$AttributeWithValueContaining,3,3,0,4,3,5,11
jsoup-1.14.1,2021-07-10,org.jsoup.select.Elements,110,4,0,17,1540,59,286
jsoup-1.14.1,2021-07-10,org.jsoup.select.Evaluator$AllElements,2,2,0,2,1,0,8
jsoup-1.14.1,2021-07-10,org.jsoup.parser.TokeniserState$Anonymous46,5,1,0,3,0,6,23
jsoup-1.14.1,2021-07-10,org.jsoup.parser.TokeniserState$Anonymous47,4,1,0,3,0,10,18
jsoup-1.14.1,2021-07-10,org.jsoup.parser.TokeniserState$Anonymous48,4,1,0,3,0,6,19
jsoup-1.14.1,2021-07-10,org.jsoup.parser.TokeniserState$Anonymous49,6,1,0,3,0,7,27
jsoup-1.14.1,2021-07-10,org.jsoup.parser.TokeniserState$Anonymous42,3,1,0,2,0,6,17
jsoup-1.14.1,2021-07-10,org.jsoup.nodes.TextNode,28,3,1,10,105,29,61
jsoup-1.14.1,2021-07-10,org.jsoup.parser.TokeniserState$Anonymous43,3,1,0,3,0,6,11
jsoup-1.14.1,2021-07-10,org.jsoup.parser.TokeniserState$Anonymous44,4,1,0,2,0,8,20
jsoup-1.14.1,2021-07-10,org.jsoup.select.Evaluator$AttributeWithValue,3,3,0,3,3,5,11
jsoup-1.14.1,2021-07-10,org.jsoup.parser.TokeniserState$Anonymous45,5,1,0,3,0,7,23
jsoup-1.14.1,2021-07-10,org.jsoup.select.Evaluator$AttributeWithValueNot,3,3,0,3,3,3,11
jsoup-1.14.1,2021-07-10,org.jsoup.parser.ParseErrorList,7,4,0,2,0,1,25
jsoup-1.14.1,2021-07-10,org.jsoup.nodes.Element$Anonymous1,12,1,0,4,1,8,18
jsoup-1.14.1,2021-07-10,org.jsoup.nodes.Element$Anonymous2,3,1,0,2,1,2,10
jsoup-1.14.1,2021-07-10,org.jsoup.SerializationException,4,4,0,0,6,0,14
jsoup-1.14.1,2021-07-10,org.jsoup.select.CombiningEvaluator$Or,9,3,0,5,15,7,28
jsoup-1.14.1,2021-07-10,org.jsoup.select.Evaluator$ContainsText,3,2,0,3,0,4,12
jsoup-1.14.1,2021-07-10,org.jsoup.Connection$Base,18,1,0,4,153,0,20
jsoup-1.14.1,2021-07-10,org.jsoup.parser.TokeniserState$Anonymous50,5,1,0,3,0,7,23
jsoup-1.14.1,2021-07-10,org.jsoup.parser.TokeniserState$Anonymous51,8,1,0,2,0,6,18
jsoup-1.14.1,2021-07-10,org.jsoup.select.Evaluator$IsNthOfType,7,3,0,4,3,4,18
jsoup-1.14.1,2021-07-10,org.jsoup.select.Evaluator$Id,3,2,0,2,0,3,12
jsoup-1.14.1,2021-07-10,org.jsoup.parser.TokeniserState$Anonymous52,9,1,0,2,0,8,27
jsoup-1.14.1,2021-07-10,org.jsoup.select.StructuralEvaluator$PreviousSibling,6,3,0,3,3,3,17
jsoup-1.14.1,2021-07-10,org.jsoup.parser.TokeniserState$Anonymous57,5,1,0,2,0,6,23
jsoup-1.14.1,2021-07-10,org.jsoup.safety.Whitelist,19,2,0,5,171,17,68
jsoup-1.14.1,2021-07-10,org.jsoup.parser.TokeniserState$Anonymous58,5,1,0,2,0,6,23
jsoup-1.14.1,2021-07-10,org.jsoup.parser.TokeniserState$Anonymous59,10,1,0,2,0,5,26
jsoup-1.14.1,2021-07-10,org.jsoup.examples.HtmlToPlainText$FormattingVisitor,18,1,0,5,4,14,44
jsoup-1.14.1,2021-07-10,org.jsoup.parser.TokeniserState$Anonymous53,10,1,0,2,0,9,26
jsoup-1.14.1,2021-07-10,org.jsoup.select.Collector$Accumulator,5,1,0,5,1,2,18
jsoup-1.14.1,2021-07-10,org.jsoup.select.Collector,3,1,0,9,3,2,54
jsoup-1.14.1,2021-07-10,org.jsoup.parser.TokeniserState$Anonymous54,6,1,0,2,0,10,29
jsoup-1.14.1,2021-07-10,org.jsoup.parser.TokeniserState$Anonymous55,10,1,0,2,0,5,28
jsoup-1.14.1,2021-07-10,org.jsoup.nodes.Attributes$Dataset$DatasetIterator,5,1,0,2,0,9,17
jsoup-1.14.1,2021-07-10,org.jsoup.parser.TokeniserState$Anonymous56,10,1,0,2,0,5,25
jsoup-1.14.1,2021-07-10,org.jsoup.select.StructuralEvaluator$Not,3,3,0,3,3,2,11
jsoup-1.14.1,2021-07-10,org.jsoup.internal.ConstrainableInputStream,28,4,0,3,0,11,74
jsoup-1.14.1,2021-07-10,org.jsoup.parser.CharacterReader,168,1,0,4,0,29,421
jsoup-1.14.1,2021-07-10,org.jsoup.select.Evaluator$IsFirstChild,4,2,0,3,1,2,9
jsoup-1.14.1,2021-07-10,org.jsoup.parser.TokeniserState$Anonymous60,10,1,0,2,0,5,25
jsoup-1.14.1,2021-07-10,org.jsoup.parser.TokeniserState$Anonymous61,10,1,0,2,0,5,28
jsoup-1.14.1,2021-07-10,org.jsoup.parser.TokeniserState$Anonymous62,10,1,0,2,0,5,25
jsoup-1.14.1,2021-07-10,org.jsoup.parser.TokeniserState$Anonymous63,5,1,0,2,0,6,23
jsoup-1.14.1,2021-07-10,org.jsoup.select.StructuralEvaluator$Root,2,2,0,2,0,0,5
jsoup-1.14.1,2021-07-10,org.jsoup.helper.HttpConnection$Response,99,2,0,23,55,149,342
jsoup-1.14.1,2021-07-10,org.jsoup.select.NodeVisitor,2,1,0,1,1,0,4
jsoup-1.14.1,2021-07-10,org.jsoup.safety.Safelist$Protocol,2,2,0,2,1,0,8
jsoup-1.14.1,2021-07-10,org.jsoup.parser.Token$EOF,3,2,0,2,3,0,11
jsoup-1.14.1,2021-07-10,org.jsoup.parser.Token$StartTag,6,3,0,4,6,6,21
jsoup-1.14.1,2021-07-10,org.jsoup.select.Evaluator$AttributeWithValueStarting,3,3,0,4,3,5,11
jsoup-1.14.1,2021-07-10,org.jsoup.nodes.DocumentType,20,3,0,5,19,9,56
jsoup-1.14.1,2021-07-10,org.jsoup.Connection$Request,23,1,0,5,253,0,25
jsoup-1.14.1,2021-07-10,org.jsoup.examples.HtmlToPlainText,7,1,0,10,1,10,71
jsoup-1.14.1,2021-07-10,org.jsoup.HttpStatusException,3,4,0,0,0,0,15
jsoup-1.14.1,2021-07-10,org.jsoup.select.QueryParser,97,1,0,51,0,66,257
jsoup-1.14.1,2021-07-10,org.jsoup.parser.HtmlTreeBuilderState$Anonymous23,1,1,0,2,0,0,5
jsoup-1.14.1,2021-07-10,org.jsoup.nodes.NodeUtils,5,1,0,5,1,3,10
jsoup-1.14.1,2021-07-10,org.jsoup.parser.HtmlTreeBuilderState$Anonymous22,9,1,0,4,0,12,20
jsoup-1.14.1,2021-07-10,org.jsoup.select.Evaluator$Matches,3,2,0,2,0,4,13
jsoup-1.14.1,2021-07-10,org.jsoup.select.Evaluator$IsOnlyChild,3,2,0,3,1,3,9
jsoup-1.14.1,2021-07-10,org.jsoup.Connection$Method,2,1,0,0,0,0,8
jsoup-1.14.1,2021-07-10,org.jsoup.UncheckedIOException,3,4,0,0,3,1,11
jsoup-1.14.1,2021-07-10,org.jsoup.helper.HttpConnection$Base,61,1,0,10,134,34,181
jsoup-1.14.1,2021-07-10,org.jsoup.parser.TokenQueue,90,1,0,4,0,33,201
jsoup-1.14.1,2021-07-10,org.jsoup.parser.ParseSettings,12,1,0,3,0,3,39
jsoup-1.14.1,2021-07-10,org.jsoup.select.NodeFilter,2,1,0,2,1,0,10
jsoup-1.14.1,2021-07-10,org.jsoup.parser.HtmlTreeBuilderState$Anonymous21,7,1,0,5,0,19,24
jsoup-1.14.1,2021-07-10,org.jsoup.parser.HtmlTreeBuilderState$Anonymous20,11,1,0,4,0,17,30
jsoup-1.14.1,2021-07-10,org.jsoup.parser.HtmlTreeBuilderState$Anonymous12,14,1,0,9,1,19,44
jsoup-1.14.1,2021-07-10,org.jsoup.parser.HtmlTreeBuilderState$Anonymous11,12,1,0,7,0,18,32
jsoup-1.14.1,2021-07-10,org.jsoup.parser.HtmlTreeBuilderState$Anonymous14,16,1,0,8,3,19,67
jsoup-1.14.1,2021-07-10,org.jsoup.parser.HtmlTreeBuilderState$Anonymous13,16,1,0,9,3,20,62
jsoup-1.14.1,2021-07-10,org.jsoup.parser.HtmlTreeBuilderState$Anonymous16,29,1,0,10,1,23,78
jsoup-1.14.1,2021-07-10,org.jsoup.helper.W3CDom$W3CBuilder,20,1,0,14,0,32,80
jsoup-1.14.1,2021-07-10,org.jsoup.parser.HtmlTreeBuilderState$Anonymous15,15,1,0,8,3,20,54
jsoup-1.14.1,2021-07-10,org.jsoup.parser.HtmlTreeBuilderState$Anonymous18,10,1,0,4,0,19,34
jsoup-1.14.1,2021-07-10,org.jsoup.parser.HtmlTreeBuilderState$Anonymous17,6,1,0,5,0,11,20
jsoup-1.14.1,2021-07-10,org.jsoup.parser.HtmlTreeBuilderState$Anonymous19,16,1,0,7,0,23,50
jsoup-1.14.1,2021-07-10,org.jsoup.select.Evaluator$ContainsOwnText,3,2,0,3,0,4,12
jsoup-1.14.1,2021-07-10,org.jsoup.parser.TokeniserState,31,1,0,7,13,26,1350
jsoup-1.14.1,2021-07-10,org.jsoup.select.Evaluator$IndexLessThan,5,3,0,2,3,2,11
jsoup-1.14.1,2021-07-10,org.jsoup.nodes.Entities$EscapeMode,8,1,0,2,4,3,25
jsoup-1.14.1,2021-07-10,org.jsoup.select.Evaluator$MatchText,4,2,0,6,1,7,15
jsoup-1.14.1,2021-07-10,org.jsoup.parser.HtmlTreeBuilderState$Anonymous10,7,1,0,7,0,19,36
jsoup-1.14.1,2021-07-10,org.jsoup.safety.Cleaner$ElementMeta,1,1,0,1,0,0,8
jsoup-1.14.1,2021-07-10,org.jsoup.select.Evaluator,2,54,50,7,1,0,453
jsoup-1.14.1,2021-07-10,org.jsoup.Connection,37,1,0,9,666,0,115
jsoup-1.14.1,2021-07-10,org.jsoup.select.Evaluator$IsRoot,4,2,0,3,1,1,9
jsoup-1.14.1,2021-07-10,org.jsoup.nodes.CDataNode,7,4,0,4,15,3,25
jsoup-1.14.1,2021-07-10,org.jsoup.select.StructuralEvaluator$Parent,7,3,0,3,3,3,18
jsoup-1.14.1,2021-07-10,org.jsoup.select.Evaluator$IsLastChild,4,2,0,3,1,4,9
jsoup-1.14.1,2021-07-10,org.jsoup.select.Evaluator$IsNthLastChild,4,3,0,2,3,4,12
jsoup-1.14.1,2021-07-10,org.jsoup.parser.Token$TokenType,0,1,0,0,0,0,1
jsoup-1.14.1,2021-07-10,org.jsoup.nodes.Attribute,39,1,0,9,0,29,109
jsoup-1.14.2,2021-08-15,org.jsoup.nodes.Document$QuirksMode,0,1,0,0,0,0,1
jsoup-1.14.2,2021-08-15,org.jsoup.helper.DataUtil,70,1,0,19,72,69,189
jsoup-1.14.2,2021-08-15,org.jsoup.select.StructuralEvaluator$ImmediateParent,5,3,0,3,3,3,13
jsoup-1.14.2,2021-08-15,org.jsoup.helper.ChangeNotifyingArrayList,13,4,0,2,78,12,50
jsoup-1.14.2,2021-08-15,org.jsoup.Connection$Response,10,1,0,5,45,0,12
jsoup-1.14.2,2021-08-15,org.jsoup.select.Evaluator$IndexEvaluator,1,2,0,1,0,0,6
jsoup-1.14.2,2021-08-15,org.jsoup.select.Evaluator$IsOnlyOfType,7,2,0,5,1,4,15
jsoup-1.14.2,2021-08-15,org.jsoup.nodes.Entities$CoreCharset,3,1,0,1,0,2,6
jsoup-1.14.2,2021-08-15,org.jsoup.safety.Cleaner,11,1,0,16,15,23,102
jsoup-1.14.2,2021-08-15,org.jsoup.nodes.Element,248,6,3,48,7159,167,745
jsoup-1.14.2,2021-08-15,org.jsoup.helper.HttpConnection,63,3,0,16,0,50,987
jsoup-1.14.2,2021-08-15,org.jsoup.select.NodeTraversor,31,1,0,7,6,14,75
jsoup-1.14.2,2021-08-15,org.jsoup.safety.Safelist$AttributeKey,2,2,0,2,1,0,8
jsoup-1.14.2,2021-08-15,org.jsoup.select.Evaluator$MatchesOwn,3,2,0,2,0,4,13
jsoup-1.14.2,2021-08-15,org.jsoup.select.CombiningEvaluator$And,6,3,0,4,6,4,18
jsoup-1.14.2,2021-08-15,org.jsoup.parser.Token$EndTag,2,3,0,1,1,1,9
jsoup-1.14.2,2021-08-15,org.jsoup.helper.HttpConnection$Request,30,2,0,7,227,11,138
jsoup-1.14.2,2021-08-15,org.jsoup.nodes.Document,59,3,0,20,379,56,289
jsoup-1.14.2,2021-08-15,org.jsoup.Jsoup,22,1,0,12,231,22,76
jsoup-1.14.2,2021-08-15,org.jsoup.parser.HtmlTreeBuilder,197,2,0,30,2906,92,576
jsoup-1.14.2,2021-08-15,org.jsoup.nodes.FormElement,23,3,0,13,9,28,61
jsoup-1.14.2,2021-08-15,org.jsoup.UnsupportedMimeTypeException,4,4,0,0,0,1,18
jsoup-1.14.2,2021-08-15,org.jsoup.select.StructuralEvaluator,0,15,12,2,0,0,94
jsoup-1.14.2,2021-08-15,org.jsoup.nodes.EntitiesData,1,1,0,0,0,0,10
jsoup-1.14.2,2021-08-15,org.jsoup.select.Evaluator$IndexEquals,4,3,0,2,3,2,11
jsoup-1.14.2,2021-08-15,org.jsoup.select.Selector$SelectorParseException,1,5,0,0,0,1,5
jsoup-1.14.2,2021-08-15,org.jsoup.parser.Token$Tag,42,2,0,8,123,21,141
jsoup-1.14.2,2021-08-15,org.jsoup.nodes.XmlDeclaration,15,3,0,9,34,17,52
jsoup-1.14.2,2021-08-15,org.jsoup.parser.Token$Doctype,7,2,0,2,11,2,33
jsoup-1.14.2,2021-08-15,org.jsoup.select.Evaluator$TagEndsWith,3,2,0,2,0,3,12
jsoup-1.14.2,2021-08-15,org.jsoup.helper.CookieUtil,14,1,0,5,6,23,48
jsoup-1.14.2,2021-08-15,org.jsoup.select.Evaluator$Tag,3,2,0,2,0,3,12
jsoup-1.14.2,2021-08-15,org.jsoup.nodes.Document$OutputSettings$Syntax,0,1,0,0,0,0,1
jsoup-1.14.2,2021-08-15,org.jsoup.internal.StringUtil,64,1,0,4,145,48,174
jsoup-1.14.2,2021-08-15,org.jsoup.parser.TokeniserState$Anonymous24,6,1,0,2,0,6,25
jsoup-1.14.2,2021-08-15,org.jsoup.parser.TokeniserState$Anonymous25,3,1,0,2,0,9,19
jsoup-1.14.2,2021-08-15,org.jsoup.parser.TokeniserState$Anonymous26,2,1,0,3,0,8,14
jsoup-1.14.2,2021-08-15,org.jsoup.parser.TokeniserState$Anonymous27,1,1,0,3,0,1,5
jsoup-1.14.2,2021-08-15,org.jsoup.parser.TokeniserState$Anonymous20,2,1,0,2,0,4,11
jsoup-1.14.2,2021-08-15,org.jsoup.parser.TokeniserState$Anonymous21,2,1,0,2,0,4,11
jsoup-1.14.2,2021-08-15,org.jsoup.parser.TokeniserState$Anonymous22,5,1,0,2,0,10,22
jsoup-1.14.2,2021-08-15,org.jsoup.parser.TokeniserState$Anonymous23,5,1,0,2,0,6,23
jsoup-1.14.2,2021-08-15,org.jsoup.parser.Tokeniser,78,1,0,18,254,56,242
jsoup-1.14.2,2021-08-15,org.jsoup.nodes.Comment,19,3,0,13,55,31,48
jsoup-1.14.2,2021-08-15,org.jsoup.select.Evaluator$IndexGreaterThan,4,3,0,2,3,2,11
jsoup-1.14.2,2021-08-15,org.jsoup.nodes.LeafNode,24,2,5,4,78,18,72
jsoup-1.14.2,2021-08-15,org.jsoup.parser.TokeniserState$Anonymous28,1,1,0,3,0,1,5
jsoup-1.14.2,2021-08-15,org.jsoup.parser.TokeniserState$Anonymous29,5,1,0,2,0,9,22
jsoup-1.14.2,2021-08-15,org.jsoup.select.Selector,13,5,0,9,15,9,52
jsoup-1.14.2,2021-08-15,org.jsoup.select.Evaluator$AttributeWithValueEnding,3,3,0,4,3,5,11
jsoup-1.14.2,2021-08-15,org.jsoup.select.StructuralEvaluator$ImmediatePreviousSibling,5,3,0,3,3,3,13
jsoup-1.14.2,2021-08-15,org.jsoup.select.Collector$FirstFinder,5,1,0,6,1,1,22
jsoup-1.14.2,2021-08-15,org.jsoup.parser.TokeniserState$Anonymous30,5,1,0,2,0,5,22
jsoup-1.14.2,2021-08-15,org.jsoup.safety.Safelist$AttributeValue,2,2,0,2,1,0,8
jsoup-1.14.2,2021-08-15,org.jsoup.helper.HttpConnection$KeyVal,14,1,0,4,10,4,56
jsoup-1.14.2,2021-08-15,org.jsoup.parser.HtmlTreeBuilderState$Anonymous5,16,1,0,7,1,18,33
jsoup-1.14.2,2021-08-15,org.jsoup.parser.TokeniserState$Anonymous35,13,1,0,3,0,8,25
jsoup-1.14.2,2021-08-15,org.jsoup.parser.HtmlTreeBuilderState$Anonymous4,19,1,0,12,1,25,70
jsoup-1.14.2,2021-08-15,org.jsoup.parser.TokeniserState$Anonymous36,14,1,0,3,0,8,30
jsoup-1.14.2,2021-08-15,org.jsoup.parser.HtmlTreeBuilderState$Anonymous7,179,1,0,18,10,95,522
jsoup-1.14.2,2021-08-15,org.jsoup.parser.TokeniserState$Anonymous37,15,1,0,3,0,7,33
jsoup-1.14.2,2021-08-15,org.jsoup.parser.HtmlTreeBuilderState$Anonymous6,13,1,0,9,1,25,61
jsoup-1.14.2,2021-08-15,org.jsoup.parser.TokeniserState$Anonymous38,7,1,0,4,0,11,23
jsoup-1.14.2,2021-08-15,org.jsoup.parser.HtmlTreeBuilderState$Anonymous1,5,1,0,8,0,18,23
jsoup-1.14.2,2021-08-15,org.jsoup.parser.TokeniserState$Anonymous31,6,1,0,2,0,5,24
jsoup-1.14.2,2021-08-15,org.jsoup.parser.TokeniserState$Anonymous32,2,1,0,2,0,5,12
jsoup-1.14.2,2021-08-15,org.jsoup.parser.HtmlTreeBuilderState$Anonymous3,11,1,0,7,0,21,35
jsoup-1.14.2,2021-08-15,org.jsoup.parser.TokeniserState$Anonymous33,1,1,0,3,0,1,5
jsoup-1.14.2,2021-08-15,org.jsoup.parser.HtmlTreeBuilderState$Anonymous2,10,1,0,6,1,20,34
jsoup-1.14.2,2021-08-15,org.jsoup.parser.TokeniserState$Anonymous34,14,1,0,3,0,8,31
jsoup-1.14.2,2021-08-15,org.jsoup.parser.HtmlTreeBuilderState$Anonymous9,27,1,0,10,1,38,119
jsoup-1.14.2,2021-08-15,org.jsoup.parser.TokeniserState$Anonymous39,7,1,0,4,0,11,23
jsoup-1.14.2,2021-08-15,org.jsoup.parser.HtmlTreeBuilderState$Anonymous8,4,1,0,2,0,10,18
jsoup-1.14.2,2021-08-15,org.jsoup.nodes.Node,122,1,2,17,1535,79,370
jsoup-1.14.2,2021-08-15,org.jsoup.safety.Safelist$TypedValue,9,1,0,2,0,4,26
jsoup-1.14.2,2021-08-15,org.jsoup.helper.DataUtil$BomCharset,1,1,0,0,0,0,8
jsoup-1.14.2,2021-08-15,org.jsoup.parser.HtmlTreeBuilderState,6,1,0,6,10,9,1541
jsoup-1.14.2,2021-08-15,org.jsoup.select.Evaluator$AttributeStarting,5,2,0,6,0,7,17
jsoup-1.14.2,2021-08-15,org.jsoup.parser.TokeniserState$Anonymous40,17,1,0,4,0,11,28
jsoup-1.14.2,2021-08-15,org.jsoup.nodes.DataNode,9,3,0,5,36,7,30
jsoup-1.14.2,2021-08-15,org.jsoup.parser.TokeniserState$Anonymous41,9,1,0,2,0,6,20
jsoup-1.14.2,2021-08-15,org.jsoup.nodes.Attributes,88,2,0,13,153,41,284
jsoup-1.14.2,2021-08-15,org.jsoup.helper.W3CDom,21,1,0,14,43,36,156
jsoup-1.14.2,2021-08-15,org.jsoup.parser.XmlTreeBuilder,32,2,0,24,91,49,95
jsoup-1.14.2,2021-08-15,org.jsoup.nodes.Document$OutputSettings,20,1,0,6,100,14,82
jsoup-1.14.2,2021-08-15,org.jsoup.select.CombiningEvaluator,6,6,4,3,0,5,68
jsoup-1.14.2,2021-08-15,org.jsoup.select.Evaluator$ContainsData,3,2,0,3,0,4,12
jsoup-1.14.2,2021-08-15,org.jsoup.internal.Normalizer,5,1,0,1,3,4,11
jsoup-1.14.2,2021-08-15,org.jsoup.nodes.Attributes$Dataset$EntrySet,3,3,0,1,1,1,11
jsoup-1.14.2,2021-08-15,org.jsoup.nodes.Attributes$Dataset,4,4,0,2,1,4,43
jsoup-1.14.2,2021-08-15,org.jsoup.parser.TokeniserState$Anonymous13,13,1,0,4,1,12,32
jsoup-1.14.2,2021-08-15,org.jsoup.parser.TokeniserState$Anonymous14,2,1,0,2,0,5,12
jsoup-1.14.2,2021-08-15,org.jsoup.helper.Validate,25,1,0,2,78,2,40
jsoup-1.14.2,2021-08-15,org.jsoup.parser.TokeniserState$Anonymous15,1,1,0,3,0,1,5
jsoup-1.14.2,2021-08-15,org.jsoup.parser.TokeniserState$Anonymous16,1,1,0,3,0,1,5
jsoup-1.14.2,2021-08-15,org.jsoup.parser.TokeniserState$Anonymous10,11,1,0,3,0,9,24
jsoup-1.14.2,2021-08-15,org.jsoup.parser.TokeniserState$Anonymous11,5,1,0,3,0,11,17
jsoup-1.14.2,2021-08-15,org.jsoup.parser.TokeniserState$Anonymous12,2,1,0,3,0,8,14
jsoup-1.14.2,2021-08-15,org.jsoup.parser.TokeniserState$Anonymous17,4,1,0,2,0,6,19
jsoup-1.14.2,2021-08-15,org.jsoup.parser.TokeniserState$Anonymous18,1,1,0,3,0,1,5
jsoup-1.14.2,2021-08-15,org.jsoup.parser.TokeniserState$Anonymous19,1,1,0,3,0,1,5
jsoup-1.14.2,2021-08-15,org.jsoup.select.Evaluator$CssNthEvaluator,13,2,0,4,3,4,24
jsoup-1.14.2,2021-08-15,org.jsoup.parser.Token$Comment,10,2,0,2,1,7,41
jsoup-1.14.2,2021-08-15,org.jsoup.select.Evaluator$IsFirstOfType,2,4,0,1,1,0,8
jsoup-1.14.2,2021-08-15,org.jsoup.nodes.Element$NodeList,2,5,0,3,0,1,10
jsoup-1.14.2,2021-08-15,org.jsoup.examples.Wikipedia,3,1,0,7,1,9,13
jsoup-1.14.2,2021-08-15,org.jsoup.parser.ParseError,5,1,0,0,0,1,21
jsoup-1.14.2,2021-08-15,org.jsoup.safety.Safelist,58,5,1,12,76,68,302
jsoup-1.14.2,2021-08-15,org.jsoup.parser.TokeniserState$Anonymous64,5,1,0,2,0,6,23
jsoup-1.14.2,2021-08-15,org.jsoup.parser.TokeniserState$Anonymous65,8,1,0,2,0,5,18
jsoup-1.14.2,2021-08-15,org.jsoup.parser.TreeBuilder,23,1,2,18,53,23,87
jsoup-1.14.2,2021-08-15,org.jsoup.parser.TokeniserState$Anonymous66,3,1,0,2,0,3,14
jsoup-1.14.2,2021-08-15,org.jsoup.parser.TokeniserState$Anonymous67,3,1,0,3,0,7,10
jsoup-1.14.2,2021-08-15,org.jsoup.nodes.PseudoTextElement,3,3,0,4,3,0,9
jsoup-1.14.2,2021-08-15,org.jsoup.parser.TokeniserState$Anonymous1,5,1,0,3,0,8,18
jsoup-1.14.2,2021-08-15,org.jsoup.parser.Parser,26,1,0,11,87,18,96
jsoup-1.14.2,2021-08-15,org.jsoup.select.Evaluator$IsEmpty,6,2,0,6,1,1,12
jsoup-1.14.2,2021-08-15,org.jsoup.parser.TokeniserState$Anonymous7,3,1,0,3,0,7,15
jsoup-1.14.2,2021-08-15,org.jsoup.parser.TokeniserState$Anonymous6,1,1,0,3,0,1,5
jsoup-1.14.2,2021-08-15,org.jsoup.parser.TokeniserState$Anonymous9,4,1,0,3,0,11,23
jsoup-1.14.2,2021-08-15,org.jsoup.select.Evaluator$AttributeWithValueMatching,3,2,0,4,0,7,14
jsoup-1.14.2,2021-08-15,org.jsoup.parser.TokeniserState$Anonymous8,5,1,0,2,0,8,23
jsoup-1.14.2,2021-08-15,org.jsoup.parser.TokeniserState$Anonymous3,5,1,0,3,0,8,19
jsoup-1.14.2,2021-08-15,org.jsoup.parser.TokeniserState$Anonymous2,1,1,0,3,0,1,5
jsoup-1.14.2,2021-08-15,org.jsoup.parser.TokeniserState$Anonymous5,1,1,0,3,0,1,5
jsoup-1.14.2,2021-08-15,org.jsoup.parser.TokeniserState$Anonymous4,1,1,0,3,0,1,5
jsoup-1.14.2,2021-08-15,org.jsoup.internal.StringUtil$Anonymous1,1,1,0,0,0,0,5
jsoup-1.14.2,2021-08-15,org.jsoup.examples.ListLinks,9,1,0,8,3,16,31
jsoup-1.14.2,2021-08-15,org.jsoup.select.Evaluator$IsNthChild,3,3,0,2,3,1,11
jsoup-1.14.2,2021-08-15,org.jsoup.parser.HtmlTreeBuilderState$Constants,0,1,0,0,0,0,40
jsoup-1.14.2,2021-08-15,org.jsoup.safety.Safelist$TagName,2,2,0,2,1,0,8
jsoup-1.14.2,2021-08-15,org.jsoup.select.Evaluator$Class,3,2,0,2,0,2,12
jsoup-1.14.2,2021-08-15,org.jsoup.nodes.Attributes$Anonymous1,6,1,0,2,0,2,18
jsoup-1.14.2,2021-08-15,org.jsoup.select.StructuralEvaluator$Has,6,3,0,3,3,3,14
jsoup-1.14.2,2021-08-15,org.jsoup.nodes.Node$OuterHtmlVisitor,6,1,0,4,0,5,27
jsoup-1.14.2,2021-08-15,org.jsoup.parser.Token,23,12,10,9,90,4,337
jsoup-1.14.2,2021-08-15,org.jsoup.safety.Cleaner$CleaningVisitor,11,1,0,8,0,9,42
jsoup-1.14.2,2021-08-15,org.jsoup.select.Evaluator$AttributeKeyPair,4,2,0,3,0,7,17
jsoup-1.14.2,2021-08-15,org.jsoup.select.Evaluator$IsNthLastOfType,6,3,0,4,3,7,17
jsoup-1.14.2,2021-08-15,org.jsoup.parser.Tag,51,1,0,4,34,14,160
jsoup-1.14.2,2021-08-15,org.jsoup.parser.Token$Character,5,2,0,2,4,1,21
jsoup-1.14.2,2021-08-15,org.jsoup.select.Evaluator$IsLastOfType,2,4,0,1,1,0,8
jsoup-1.14.2,2021-08-15,org.jsoup.select.Evaluator$Attribute,3,2,0,3,0,2,12
jsoup-1.14.2,2021-08-15,org.jsoup.internal.StringUtil$StringJoiner,5,1,0,4,0,5,25
jsoup-1.14.2,2021-08-15,org.jsoup.select.NodeFilter$FilterResult,0,1,0,0,0,0,6
jsoup-1.14.2,2021-08-15,org.jsoup.Connection$KeyVal,9,1,0,2,36,0,11
jsoup-1.14.2,2021-08-15,org.jsoup.nodes.Entities,53,1,0,11,56,34,192
jsoup-1.14.2,2021-08-15,org.jsoup.parser.Token$CData,2,3,0,1,1,2,9
jsoup-1.14.2,2021-08-15,org.jsoup.select.Evaluator$AttributeWithValueContaining,3,3,0,4,3,5,11
jsoup-1.14.2,2021-08-15,org.jsoup.select.Elements,110,4,0,17,1540,59,286
jsoup-1.14.2,2021-08-15,org.jsoup.select.Evaluator$AllElements,2,2,0,2,1,0,8
jsoup-1.14.2,2021-08-15,org.jsoup.parser.TokeniserState$Anonymous46,5,1,0,3,0,6,23
jsoup-1.14.2,2021-08-15,org.jsoup.parser.TokeniserState$Anonymous47,4,1,0,3,0,10,18
jsoup-1.14.2,2021-08-15,org.jsoup.parser.TokeniserState$Anonymous48,4,1,0,3,0,6,19
jsoup-1.14.2,2021-08-15,org.jsoup.parser.TokeniserState$Anonymous49,6,1,0,3,0,7,27
jsoup-1.14.2,2021-08-15,org.jsoup.parser.TokeniserState$Anonymous42,3,1,0,2,0,6,17
jsoup-1.14.2,2021-08-15,org.jsoup.nodes.TextNode,28,3,1,10,105,29,61
jsoup-1.14.2,2021-08-15,org.jsoup.parser.TokeniserState$Anonymous43,3,1,0,3,0,6,11
jsoup-1.14.2,2021-08-15,org.jsoup.parser.TokeniserState$Anonymous44,4,1,0,2,0,7,20
jsoup-1.14.2,2021-08-15,org.jsoup.select.Evaluator$AttributeWithValue,3,3,0,3,3,5,11
jsoup-1.14.2,2021-08-15,org.jsoup.parser.TokeniserState$Anonymous45,5,1,0,3,0,7,23
jsoup-1.14.2,2021-08-15,org.jsoup.select.Evaluator$AttributeWithValueNot,3,3,0,3,3,3,11
jsoup-1.14.2,2021-08-15,org.jsoup.parser.ParseErrorList,7,4,0,2,0,1,25
jsoup-1.14.2,2021-08-15,org.jsoup.nodes.Element$Anonymous1,12,1,0,4,1,8,18
jsoup-1.14.2,2021-08-15,org.jsoup.nodes.Element$Anonymous2,3,1,0,2,1,2,10
jsoup-1.14.2,2021-08-15,org.jsoup.SerializationException,4,4,0,0,6,0,14
jsoup-1.14.2,2021-08-15,org.jsoup.select.CombiningEvaluator$Or,9,3,0,5,15,7,28
jsoup-1.14.2,2021-08-15,org.jsoup.select.Evaluator$ContainsText,3,2,0,3,0,4,12
jsoup-1.14.2,2021-08-15,org.jsoup.Connection$Base,18,1,0,4,153,0,20
jsoup-1.14.2,2021-08-15,org.jsoup.parser.TokeniserState$Anonymous50,5,1,0,3,0,7,23
jsoup-1.14.2,2021-08-15,org.jsoup.parser.TokeniserState$Anonymous51,8,1,0,2,0,6,18
jsoup-1.14.2,2021-08-15,org.jsoup.select.Evaluator$IsNthOfType,7,3,0,4,3,4,18
jsoup-1.14.2,2021-08-15,org.jsoup.select.Evaluator$Id,3,2,0,2,0,3,12
jsoup-1.14.2,2021-08-15,org.jsoup.parser.TokeniserState$Anonymous52,9,1,0,2,0,8,27
jsoup-1.14.2,2021-08-15,org.jsoup.select.StructuralEvaluator$PreviousSibling,6,3,0,3,3,3,17
jsoup-1.14.2,2021-08-15,org.jsoup.parser.TokeniserState$Anonymous57,5,1,0,2,0,6,23
jsoup-1.14.2,2021-08-15,org.jsoup.safety.Whitelist,19,2,0,5,171,17,68
jsoup-1.14.2,2021-08-15,org.jsoup.parser.TokeniserState$Anonymous58,5,1,0,2,0,6,23
jsoup-1.14.2,2021-08-15,org.jsoup.parser.TokeniserState$Anonymous59,10,1,0,2,0,5,26
jsoup-1.14.2,2021-08-15,org.jsoup.examples.HtmlToPlainText$FormattingVisitor,18,1,0,5,4,14,44
jsoup-1.14.2,2021-08-15,org.jsoup.parser.TokeniserState$Anonymous53,10,1,0,2,0,9,26
jsoup-1.14.2,2021-08-15,org.jsoup.select.Collector$Accumulator,5,1,0,5,1,2,18
jsoup-1.14.2,2021-08-15,org.jsoup.select.Collector,3,1,0,9,3,2,54
jsoup-1.14.2,2021-08-15,org.jsoup.parser.TokeniserState$Anonymous54,6,1,0,2,0,10,29
jsoup-1.14.2,2021-08-15,org.jsoup.parser.TokeniserState$Anonymous55,10,1,0,2,0,5,28
jsoup-1.14.2,2021-08-15,org.jsoup.nodes.Attributes$Dataset$DatasetIterator,5,1,0,2,0,9,17
jsoup-1.14.2,2021-08-15,org.jsoup.parser.TokeniserState$Anonymous56,10,1,0,2,0,5,25
jsoup-1.14.2,2021-08-15,org.jsoup.select.StructuralEvaluator$Not,3,3,0,3,3,2,11
jsoup-1.14.2,2021-08-15,org.jsoup.internal.ConstrainableInputStream,28,4,0,3,0,11,74
jsoup-1.14.2,2021-08-15,org.jsoup.parser.CharacterReader,173,1,0,4,0,29,417
jsoup-1.14.2,2021-08-15,org.jsoup.select.Evaluator$IsFirstChild,4,2,0,3,1,2,9
jsoup-1.14.2,2021-08-15,org.jsoup.parser.TokeniserState$Anonymous60,10,1,0,2,0,5,25
jsoup-1.14.2,2021-08-15,org.jsoup.parser.TokeniserState$Anonymous61,10,1,0,2,0,5,28
jsoup-1.14.2,2021-08-15,org.jsoup.parser.TokeniserState$Anonymous62,10,1,0,2,0,5,25
jsoup-1.14.2,2021-08-15,org.jsoup.parser.TokeniserState$Anonymous63,5,1,0,2,0,6,23
jsoup-1.14.2,2021-08-15,org.jsoup.select.StructuralEvaluator$Root,2,2,0,2,0,0,5
jsoup-1.14.2,2021-08-15,org.jsoup.helper.HttpConnection$Response,100,2,0,23,55,150,354
jsoup-1.14.2,2021-08-15,org.jsoup.select.NodeVisitor,2,1,0,1,1,0,4
jsoup-1.14.2,2021-08-15,org.jsoup.safety.Safelist$Protocol,2,2,0,2,1,0,8
jsoup-1.14.2,2021-08-15,org.jsoup.parser.Token$EOF,3,2,0,2,3,0,11
jsoup-1.14.2,2021-08-15,org.jsoup.parser.Token$StartTag,6,3,0,4,6,6,21
jsoup-1.14.2,2021-08-15,org.jsoup.select.Evaluator$AttributeWithValueStarting,3,3,0,4,3,5,11
jsoup-1.14.2,2021-08-15,org.jsoup.nodes.DocumentType,20,3,0,5,19,9,56
jsoup-1.14.2,2021-08-15,org.jsoup.Connection$Request,23,1,0,5,253,0,25
jsoup-1.14.2,2021-08-15,org.jsoup.examples.HtmlToPlainText,7,1,0,10,1,10,71
jsoup-1.14.2,2021-08-15,org.jsoup.HttpStatusException,3,4,0,0,0,0,15
jsoup-1.14.2,2021-08-15,org.jsoup.select.QueryParser,98,1,0,51,0,67,259
jsoup-1.14.2,2021-08-15,org.jsoup.parser.HtmlTreeBuilderState$Anonymous23,1,1,0,2,0,0,5
jsoup-1.14.2,2021-08-15,org.jsoup.nodes.NodeUtils,5,1,0,5,1,3,10
jsoup-1.14.2,2021-08-15,org.jsoup.parser.HtmlTreeBuilderState$Anonymous22,9,1,0,4,0,12,20
jsoup-1.14.2,2021-08-15,org.jsoup.select.Evaluator$Matches,3,2,0,2,0,4,13
jsoup-1.14.2,2021-08-15,org.jsoup.select.Evaluator$IsOnlyChild,3,2,0,3,1,3,9
jsoup-1.14.2,2021-08-15,org.jsoup.Connection$Method,2,1,0,0,0,0,8
jsoup-1.14.2,2021-08-15,org.jsoup.UncheckedIOException,3,4,0,0,3,1,11
jsoup-1.14.2,2021-08-15,org.jsoup.helper.HttpConnection$Base,61,1,0,10,134,34,181
jsoup-1.14.2,2021-08-15,org.jsoup.parser.TokenQueue,93,1,0,4,0,33,211
jsoup-1.14.2,2021-08-15,org.jsoup.parser.ParseSettings,12,1,0,3,0,3,39
jsoup-1.14.2,2021-08-15,org.jsoup.select.NodeFilter,2,1,0,2,1,0,10
jsoup-1.14.2,2021-08-15,org.jsoup.parser.HtmlTreeBuilderState$Anonymous21,9,1,0,5,0,19,27
jsoup-1.14.2,2021-08-15,org.jsoup.parser.HtmlTreeBuilderState$Anonymous20,11,1,0,4,0,17,30
jsoup-1.14.2,2021-08-15,org.jsoup.parser.HtmlTreeBuilderState$Anonymous12,14,1,0,8,1,18,44
jsoup-1.14.2,2021-08-15,org.jsoup.parser.HtmlTreeBuilderState$Anonymous11,12,1,0,6,0,17,32
jsoup-1.14.2,2021-08-15,org.jsoup.parser.HtmlTreeBuilderState$Anonymous14,16,1,0,8,3,19,67
jsoup-1.14.2,2021-08-15,org.jsoup.parser.HtmlTreeBuilderState$Anonymous13,16,1,0,9,3,20,62
jsoup-1.14.2,2021-08-15,org.jsoup.parser.HtmlTreeBuilderState$Anonymous16,29,1,0,10,1,24,78
jsoup-1.14.2,2021-08-15,org.jsoup.helper.W3CDom$W3CBuilder,20,1,0,14,0,32,80
jsoup-1.14.2,2021-08-15,org.jsoup.parser.HtmlTreeBuilderState$Anonymous15,15,1,0,7,3,18,54
jsoup-1.14.2,2021-08-15,org.jsoup.parser.HtmlTreeBuilderState$Anonymous18,10,1,0,4,0,19,34
jsoup-1.14.2,2021-08-15,org.jsoup.parser.HtmlTreeBuilderState$Anonymous17,6,1,0,4,0,12,22
jsoup-1.14.2,2021-08-15,org.jsoup.parser.HtmlTreeBuilderState$Anonymous19,16,1,0,6,0,22,50
jsoup-1.14.2,2021-08-15,org.jsoup.select.Evaluator$ContainsOwnText,3,2,0,3,0,4,12
jsoup-1.14.2,2021-08-15,org.jsoup.parser.TokeniserState,31,1,0,7,13,27,1348
jsoup-1.14.2,2021-08-15,org.jsoup.select.Evaluator$IndexLessThan,5,3,0,2,3,2,11
jsoup-1.14.2,2021-08-15,org.jsoup.nodes.Entities$EscapeMode,8,1,0,2,4,3,25
jsoup-1.14.2,2021-08-15,org.jsoup.select.Evaluator$MatchText,4,2,0,6,1,7,15
jsoup-1.14.2,2021-08-15,org.jsoup.parser.HtmlTreeBuilderState$Anonymous10,7,1,0,7,0,19,36
jsoup-1.14.2,2021-08-15,org.jsoup.safety.Cleaner$ElementMeta,1,1,0,1,0,0,8
jsoup-1.14.2,2021-08-15,org.jsoup.select.Evaluator,2,54,50,7,1,0,453
jsoup-1.14.2,2021-08-15,org.jsoup.Connection,37,1,0,9,666,0,115
jsoup-1.14.2,2021-08-15,org.jsoup.select.Evaluator$IsRoot,4,2,0,3,1,1,9
jsoup-1.14.2,2021-08-15,org.jsoup.nodes.CDataNode,7,4,0,4,15,3,25
jsoup-1.14.2,2021-08-15,org.jsoup.select.StructuralEvaluator$Parent,7,3,0,3,3,3,18
jsoup-1.14.2,2021-08-15,org.jsoup.select.Evaluator$IsLastChild,4,2,0,3,1,4,9
jsoup-1.14.2,2021-08-15,org.jsoup.select.Evaluator$IsNthLastChild,4,3,0,2,3,4,12
jsoup-1.14.2,2021-08-15,org.jsoup.parser.Token$TokenType,0,1,0,0,0,0,1
jsoup-1.14.2,2021-08-15,org.jsoup.nodes.Attribute,39,1,0,9,0,29,111
jsoup-1.14.3,2021-09-30,org.jsoup.nodes.Document$QuirksMode,0,1,0,0,0,0,1
jsoup-1.14.3,2021-09-30,org.jsoup.helper.DataUtil,70,1,0,19,72,69,189
jsoup-1.14.3,2021-09-30,org.jsoup.select.StructuralEvaluator$ImmediateParent,5,3,0,3,3,3,13
jsoup-1.14.3,2021-09-30,org.jsoup.helper.ChangeNotifyingArrayList,13,4,0,2,78,12,50
jsoup-1.14.3,2021-09-30,org.jsoup.Connection$Response,10,1,0,5,45,0,12
jsoup-1.14.3,2021-09-30,org.jsoup.select.Evaluator$IndexEvaluator,1,2,0,1,0,0,6
jsoup-1.14.3,2021-09-30,org.jsoup.select.Evaluator$IsOnlyOfType,7,2,0,5,1,4,15
jsoup-1.14.3,2021-09-30,org.jsoup.nodes.Entities$CoreCharset,3,1,0,1,0,2,6
jsoup-1.14.3,2021-09-30,org.jsoup.safety.Cleaner,11,1,0,16,15,23,102
jsoup-1.14.3,2021-09-30,org.jsoup.nodes.Element,250,6,3,48,7412,169,752
jsoup-1.14.3,2021-09-30,org.jsoup.helper.HttpConnection,63,3,0,16,0,50,987
jsoup-1.14.3,2021-09-30,org.jsoup.select.NodeTraversor,31,1,0,7,6,14,75
jsoup-1.14.3,2021-09-30,org.jsoup.safety.Safelist$AttributeKey,2,2,0,2,1,0,8
jsoup-1.14.3,2021-09-30,org.jsoup.select.Evaluator$MatchesOwn,3,2,0,2,0,4,13
jsoup-1.14.3,2021-09-30,org.jsoup.select.CombiningEvaluator$And,6,3,0,4,6,4,18
jsoup-1.14.3,2021-09-30,org.jsoup.parser.Token$EndTag,2,3,0,1,1,1,9
jsoup-1.14.3,2021-09-30,org.jsoup.helper.HttpConnection$Request,30,2,0,7,227,11,138
jsoup-1.14.3,2021-09-30,org.jsoup.nodes.Document,59,3,0,20,379,56,289
jsoup-1.14.3,2021-09-30,org.jsoup.Jsoup,23,1,0,12,253,22,79
jsoup-1.14.3,2021-09-30,org.jsoup.parser.HtmlTreeBuilder,220,2,0,28,3436,103,616
jsoup-1.14.3,2021-09-30,org.jsoup.nodes.FormElement,23,3,0,13,9,28,61
jsoup-1.14.3,2021-09-30,org.jsoup.UnsupportedMimeTypeException,4,4,0,0,0,1,18
jsoup-1.14.3,2021-09-30,org.jsoup.select.StructuralEvaluator,0,15,12,2,0,0,100
jsoup-1.14.3,2021-09-30,org.jsoup.nodes.EntitiesData,1,1,0,0,0,0,10
jsoup-1.14.3,2021-09-30,org.jsoup.select.Evaluator$IndexEquals,4,3,0,2,3,2,11
jsoup-1.14.3,2021-09-30,org.jsoup.select.Selector$SelectorParseException,1,5,0,0,0,1,5
jsoup-1.14.3,2021-09-30,org.jsoup.parser.Token$Tag,42,2,0,8,123,21,141
jsoup-1.14.3,2021-09-30,org.jsoup.nodes.XmlDeclaration,15,3,0,9,34,17,52
jsoup-1.14.3,2021-09-30,org.jsoup.parser.Token$Doctype,8,2,0,2,18,3,36
jsoup-1.14.3,2021-09-30,org.jsoup.select.Evaluator$TagEndsWith,3,2,0,2,0,3,12
jsoup-1.14.3,2021-09-30,org.jsoup.helper.CookieUtil,14,1,0,5,6,23,48
jsoup-1.14.3,2021-09-30,org.jsoup.select.Evaluator$Tag,3,2,0,2,0,3,12
jsoup-1.14.3,2021-09-30,org.jsoup.nodes.Document$OutputSettings$Syntax,0,1,0,0,0,0,1
jsoup-1.14.3,2021-09-30,org.jsoup.internal.StringUtil,64,1,0,4,145,48,174
jsoup-1.14.3,2021-09-30,org.jsoup.parser.TokeniserState$Anonymous24,6,1,0,2,0,6,25
jsoup-1.14.3,2021-09-30,org.jsoup.parser.TokeniserState$Anonymous25,3,1,0,2,0,9,19
jsoup-1.14.3,2021-09-30,org.jsoup.parser.TokeniserState$Anonymous26,2,1,0,3,0,8,14
jsoup-1.14.3,2021-09-30,org.jsoup.parser.TokeniserState$Anonymous27,1,1,0,3,0,1,5
jsoup-1.14.3,2021-09-30,org.jsoup.parser.TokeniserState$Anonymous20,2,1,0,2,0,4,11
jsoup-1.14.3,2021-09-30,org.jsoup.parser.TokeniserState$Anonymous21,2,1,0,2,0,4,11
jsoup-1.14.3,2021-09-30,org.jsoup.parser.TokeniserState$Anonymous22,5,1,0,2,0,10,22
jsoup-1.14.3,2021-09-30,org.jsoup.parser.TokeniserState$Anonymous23,5,1,0,2,0,6,23
jsoup-1.14.3,2021-09-30,org.jsoup.parser.Tokeniser,82,1,0,18,287,57,251
jsoup-1.14.3,2021-09-30,org.jsoup.nodes.Comment,19,3,0,13,55,31,48
jsoup-1.14.3,2021-09-30,org.jsoup.select.Evaluator$IndexGreaterThan,4,3,0,2,3,2,11
jsoup-1.14.3,2021-09-30,org.jsoup.nodes.LeafNode,24,2,5,4,78,18,72
jsoup-1.14.3,2021-09-30,org.jsoup.parser.TokeniserState$Anonymous28,1,1,0,3,0,1,5
jsoup-1.14.3,2021-09-30,org.jsoup.parser.TokeniserState$Anonymous29,5,1,0,2,0,9,22
jsoup-1.14.3,2021-09-30,org.jsoup.select.Selector,13,5,0,9,15,9,52
jsoup-1.14.3,2021-09-30,org.jsoup.select.Evaluator$AttributeWithValueEnding,3,3,0,4,3,5,11
jsoup-1.14.3,2021-09-30,org.jsoup.select.StructuralEvaluator$ImmediatePreviousSibling,5,3,0,3,3,3,13
jsoup-1.14.3,2021-09-30,org.jsoup.select.Collector$FirstFinder,6,1,0,7,2,2,27
jsoup-1.14.3,2021-09-30,org.jsoup.parser.TokeniserState$Anonymous30,5,1,0,2,0,5,22
jsoup-1.14.3,2021-09-30,org.jsoup.safety.Safelist$AttributeValue,2,2,0,2,1,0,8
jsoup-1.14.3,2021-09-30,org.jsoup.helper.HttpConnection$KeyVal,14,1,0,4,10,4,56
jsoup-1.14.3,2021-09-30,org.jsoup.parser.HtmlTreeBuilderState$Anonymous5,16,1,0,7,1,18,33
jsoup-1.14.3,2021-09-30,org.jsoup.parser.TokeniserState$Anonymous35,13,1,0,3,0,8,25
jsoup-1.14.3,2021-09-30,org.jsoup.parser.HtmlTreeBuilderState$Anonymous4,23,1,0,12,1,36,90
jsoup-1.14.3,2021-09-30,org.jsoup.parser.TokeniserState$Anonymous36,14,1,0,3,0,8,30
jsoup-1.14.3,2021-09-30,org.jsoup.parser.HtmlTreeBuilderState$Anonymous7,191,1,0,18,10,99,541
jsoup-1.14.3,2021-09-30,org.jsoup.parser.TokeniserState$Anonymous37,15,1,0,3,0,7,33
jsoup-1.14.3,2021-09-30,org.jsoup.parser.HtmlTreeBuilderState$Anonymous6,14,1,0,9,1,25,65
jsoup-1.14.3,2021-09-30,org.jsoup.parser.TokeniserState$Anonymous38,7,1,0,4,0,11,23
jsoup-1.14.3,2021-09-30,org.jsoup.parser.HtmlTreeBuilderState$Anonymous1,5,1,0,8,0,18,23
jsoup-1.14.3,2021-09-30,org.jsoup.parser.TokeniserState$Anonymous31,6,1,0,2,0,5,24
jsoup-1.14.3,2021-09-30,org.jsoup.parser.TokeniserState$Anonymous32,2,1,0,2,0,5,12
jsoup-1.14.3,2021-09-30,org.jsoup.parser.HtmlTreeBuilderState$Anonymous3,11,1,0,7,0,21,35
jsoup-1.14.3,2021-09-30,org.jsoup.parser.TokeniserState$Anonymous33,1,1,0,3,0,1,5
jsoup-1.14.3,2021-09-30,org.jsoup.parser.HtmlTreeBuilderState$Anonymous2,10,1,0,6,1,20,34
jsoup-1.14.3,2021-09-30,org.jsoup.parser.TokeniserState$Anonymous34,14,1,0,3,0,8,31
jsoup-1.14.3,2021-09-30,org.jsoup.parser.HtmlTreeBuilderState$Anonymous9,29,1,0,10,1,39,122
jsoup-1.14.3,2021-09-30,org.jsoup.parser.TokeniserState$Anonymous39,7,1,0,4,0,11,23
jsoup-1.14.3,2021-09-30,org.jsoup.parser.HtmlTreeBuilderState$Anonymous8,4,1,0,2,0,10,18
jsoup-1.14.3,2021-09-30,org.jsoup.nodes.Node,126,1,2,17,1590,80,375
jsoup-1.14.3,2021-09-30,org.jsoup.safety.Safelist$TypedValue,9,1,0,2,0,4,26
jsoup-1.14.3,2021-09-30,org.jsoup.helper.DataUtil$BomCharset,1,1,0,0,0,0,8
jsoup-1.14.3,2021-09-30,org.jsoup.parser.HtmlTreeBuilderState,6,1,0,6,10,9,1655
jsoup-1.14.3,2021-09-30,org.jsoup.select.Evaluator$AttributeStarting,5,2,0,6,0,7,17
jsoup-1.14.3,2021-09-30,org.jsoup.parser.TokeniserState$Anonymous40,17,1,0,4,0,11,28
jsoup-1.14.3,2021-09-30,org.jsoup.nodes.DataNode,9,3,0,5,36,7,30
jsoup-1.14.3,2021-09-30,org.jsoup.parser.TokeniserState$Anonymous41,9,1,0,2,0,6,20
jsoup-1.14.3,2021-09-30,org.jsoup.nodes.Attributes,91,2,0,12,147,40,288
jsoup-1.14.3,2021-09-30,org.jsoup.helper.W3CDom,32,1,0,18,83,52,199
jsoup-1.14.3,2021-09-30,org.jsoup.parser.XmlTreeBuilder,33,2,0,24,91,49,98
jsoup-1.14.3,2021-09-30,org.jsoup.nodes.Document$OutputSettings,20,1,0,6,100,14,82
jsoup-1.14.3,2021-09-30,org.jsoup.select.CombiningEvaluator,6,6,4,3,0,5,68
jsoup-1.14.3,2021-09-30,org.jsoup.select.Evaluator$ContainsData,3,2,0,3,0,4,12
jsoup-1.14.3,2021-09-30,org.jsoup.internal.Normalizer,5,1,0,1,3,4,11
jsoup-1.14.3,2021-09-30,org.jsoup.nodes.Attributes$Dataset$EntrySet,3,3,0,1,1,1,11
jsoup-1.14.3,2021-09-30,org.jsoup.nodes.Attributes$Dataset,4,4,0,2,1,4,43
jsoup-1.14.3,2021-09-30,org.jsoup.parser.TokeniserState$Anonymous13,13,1,0,4,1,12,32
jsoup-1.14.3,2021-09-30,org.jsoup.parser.TokeniserState$Anonymous14,2,1,0,2,0,5,12
jsoup-1.14.3,2021-09-30,org.jsoup.helper.Validate,25,1,0,2,78,2,40
jsoup-1.14.3,2021-09-30,org.jsoup.parser.TokeniserState$Anonymous15,1,1,0,3,0,1,5
jsoup-1.14.3,2021-09-30,org.jsoup.parser.TokeniserState$Anonymous16,1,1,0,3,0,1,5
jsoup-1.14.3,2021-09-30,org.jsoup.parser.TokeniserState$Anonymous10,11,1,0,3,0,9,24
jsoup-1.14.3,2021-09-30,org.jsoup.parser.TokeniserState$Anonymous11,5,1,0,3,0,12,17
jsoup-1.14.3,2021-09-30,org.jsoup.parser.TokeniserState$Anonymous12,2,1,0,3,0,8,14
jsoup-1.14.3,2021-09-30,org.jsoup.parser.TokeniserState$Anonymous17,4,1,0,2,0,6,19
jsoup-1.14.3,2021-09-30,org.jsoup.parser.TokeniserState$Anonymous18,1,1,0,3,0,1,5
jsoup-1.14.3,2021-09-30,org.jsoup.parser.TokeniserState$Anonymous19,1,1,0,3,0,1,5
jsoup-1.14.3,2021-09-30,org.jsoup.select.Evaluator$CssNthEvaluator,13,2,0,4,3,4,24
jsoup-1.14.3,2021-09-30,org.jsoup.parser.Token$Comment,10,2,0,2,1,7,41
jsoup-1.14.3,2021-09-30,org.jsoup.select.Evaluator$IsFirstOfType,2,4,0,1,1,0,8
jsoup-1.14.3,2021-09-30,org.jsoup.nodes.Element$NodeList,2,5,0,3,0,1,10
jsoup-1.14.3,2021-09-30,org.jsoup.examples.Wikipedia,3,1,0,7,1,9,13
jsoup-1.14.3,2021-09-30,org.jsoup.parser.ParseError,8,1,0,1,0,4,37
jsoup-1.14.3,2021-09-30,org.jsoup.safety.Safelist,58,5,1,12,76,68,302
jsoup-1.14.3,2021-09-30,org.jsoup.parser.TokeniserState$Anonymous64,5,1,0,2,0,6,23
jsoup-1.14.3,2021-09-30,org.jsoup.parser.TokeniserState$Anonymous65,8,1,0,2,0,5,18
jsoup-1.14.3,2021-09-30,org.jsoup.parser.TreeBuilder,26,1,2,19,78,28,102
jsoup-1.14.3,2021-09-30,org.jsoup.parser.TokeniserState$Anonymous66,3,1,0,2,0,3,14
jsoup-1.14.3,2021-09-30,org.jsoup.parser.TokeniserState$Anonymous67,3,1,0,3,0,7,10
jsoup-1.14.3,2021-09-30,org.jsoup.nodes.PseudoTextElement,3,3,0,4,3,0,9
jsoup-1.14.3,2021-09-30,org.jsoup.parser.TokeniserState$Anonymous1,5,1,0,3,0,8,18
jsoup-1.14.3,2021-09-30,org.jsoup.parser.Parser,26,1,0,11,87,18,96
jsoup-1.14.3,2021-09-30,org.jsoup.select.Evaluator$IsEmpty,6,2,0,6,1,1,12
jsoup-1.14.3,2021-09-30,org.jsoup.parser.TokeniserState$Anonymous7,3,1,0,3,0,7,15
jsoup-1.14.3,2021-09-30,org.jsoup.parser.TokeniserState$Anonymous6,1,1,0,3,0,1,5
jsoup-1.14.3,2021-09-30,org.jsoup.parser.TokeniserState$Anonymous9,4,1,0,3,0,11,23
jsoup-1.14.3,2021-09-30,org.jsoup.select.Evaluator$AttributeWithValueMatching,3,2,0,4,0,7,14
jsoup-1.14.3,2021-09-30,org.jsoup.parser.TokeniserState$Anonymous8,5,1,0,2,0,8,23
jsoup-1.14.3,2021-09-30,org.jsoup.parser.TokeniserState$Anonymous3,5,1,0,3,0,8,19
jsoup-1.14.3,2021-09-30,org.jsoup.parser.TokeniserState$Anonymous2,1,1,0,3,0,1,5
jsoup-1.14.3,2021-09-30,org.jsoup.parser.TokeniserState$Anonymous5,1,1,0,3,0,1,5
jsoup-1.14.3,2021-09-30,org.jsoup.parser.TokeniserState$Anonymous4,1,1,0,3,0,1,5
jsoup-1.14.3,2021-09-30,org.jsoup.internal.StringUtil$Anonymous1,1,1,0,0,0,0,5
jsoup-1.14.3,2021-09-30,org.jsoup.examples.ListLinks,9,1,0,8,3,16,31
jsoup-1.14.3,2021-09-30,org.jsoup.select.Evaluator$IsNthChild,3,3,0,2,3,1,11
jsoup-1.14.3,2021-09-30,org.jsoup.parser.HtmlTreeBuilderState$Constants,0,1,0,0,0,0,42
jsoup-1.14.3,2021-09-30,org.jsoup.safety.Safelist$TagName,2,2,0,2,1,0,8
jsoup-1.14.3,2021-09-30,org.jsoup.select.Evaluator$Class,3,2,0,2,0,2,12
jsoup-1.14.3,2021-09-30,org.jsoup.nodes.Attributes$Anonymous1,6,1,0,2,0,2,18
jsoup-1.14.3,2021-09-30,org.jsoup.select.StructuralEvaluator$Has,6,3,0,5,1,4,20
jsoup-1.14.3,2021-09-30,org.jsoup.nodes.Node$OuterHtmlVisitor,6,1,0,4,0,5,27
jsoup-1.14.3,2021-09-30,org.jsoup.parser.Token,23,12,10,9,90,4,340
jsoup-1.14.3,2021-09-30,org.jsoup.safety.Cleaner$CleaningVisitor,11,1,0,8,0,9,42
jsoup-1.14.3,2021-09-30,org.jsoup.select.Evaluator$AttributeKeyPair,4,2,0,3,0,7,17
jsoup-1.14.3,2021-09-30,org.jsoup.select.Evaluator$IsNthLastOfType,6,3,0,4,3,7,17
jsoup-1.14.3,2021-09-30,org.jsoup.parser.Tag,51,1,0,4,34,14,160
jsoup-1.14.3,2021-09-30,org.jsoup.parser.Token$Character,5,2,0,2,4,1,21
jsoup-1.14.3,2021-09-30,org.jsoup.select.Evaluator$IsLastOfType,2,4,0,1,1,0,8
jsoup-1.14.3,2021-09-30,org.jsoup.select.Evaluator$Attribute,3,2,0,3,0,2,12
jsoup-1.14.3,2021-09-30,org.jsoup.internal.StringUtil$StringJoiner,5,1,0,4,0,5,25
jsoup-1.14.3,2021-09-30,org.jsoup.select.NodeFilter$FilterResult,0,1,0,0,0,0,6
jsoup-1.14.3,2021-09-30,org.jsoup.Connection$KeyVal,9,1,0,2,36,0,11
jsoup-1.14.3,2021-09-30,org.jsoup.nodes.Entities,53,1,0,11,56,34,192
jsoup-1.14.3,2021-09-30,org.jsoup.parser.Token$CData,2,3,0,1,1,2,9
jsoup-1.14.3,2021-09-30,org.jsoup.select.Evaluator$AttributeWithValueContaining,3,3,0,4,3,5,11
jsoup-1.14.3,2021-09-30,org.jsoup.select.Elements,110,4,0,17,1540,59,286
jsoup-1.14.3,2021-09-30,org.jsoup.select.Evaluator$AllElements,2,2,0,2,1,0,8
jsoup-1.14.3,2021-09-30,org.jsoup.parser.TokeniserState$Anonymous46,5,1,0,3,0,6,23
jsoup-1.14.3,2021-09-30,org.jsoup.parser.TokeniserState$Anonymous47,4,1,0,3,0,10,18
jsoup-1.14.3,2021-09-30,org.jsoup.parser.TokeniserState$Anonymous48,4,1,0,3,0,6,19
jsoup-1.14.3,2021-09-30,org.jsoup.parser.TokeniserState$Anonymous49,6,1,0,3,0,7,27
jsoup-1.14.3,2021-09-30,org.jsoup.parser.TokeniserState$Anonymous42,3,1,0,2,0,6,17
jsoup-1.14.3,2021-09-30,org.jsoup.nodes.TextNode,28,3,1,10,105,29,61
jsoup-1.14.3,2021-09-30,org.jsoup.parser.TokeniserState$Anonymous43,3,1,0,3,0,6,11
jsoup-1.14.3,2021-09-30,org.jsoup.parser.TokeniserState$Anonymous44,4,1,0,2,0,7,20
jsoup-1.14.3,2021-09-30,org.jsoup.select.Evaluator$AttributeWithValue,3,3,0,3,3,5,11
jsoup-1.14.3,2021-09-30,org.jsoup.parser.TokeniserState$Anonymous45,5,1,0,3,0,7,23
jsoup-1.14.3,2021-09-30,org.jsoup.select.Evaluator$AttributeWithValueNot,3,3,0,3,3,3,11
jsoup-1.14.3,2021-09-30,org.jsoup.parser.ParseErrorList,7,4,0,2,0,1,25
jsoup-1.14.3,2021-09-30,org.jsoup.nodes.Element$Anonymous1,12,1,0,4,1,8,18
jsoup-1.14.3,2021-09-30,org.jsoup.nodes.Element$Anonymous2,3,1,0,2,1,2,10
jsoup-1.14.3,2021-09-30,org.jsoup.SerializationException,4,4,0,0,6,0,14
jsoup-1.14.3,2021-09-30,org.jsoup.select.CombiningEvaluator$Or,9,3,0,5,15,7,28
jsoup-1.14.3,2021-09-30,org.jsoup.select.Evaluator$ContainsText,3,2,0,4,0,5,12
jsoup-1.14.3,2021-09-30,org.jsoup.Connection$Base,18,1,0,4,153,0,20
jsoup-1.14.3,2021-09-30,org.jsoup.parser.TokeniserState$Anonymous50,5,1,0,3,0,7,23
jsoup-1.14.3,2021-09-30,org.jsoup.parser.TokeniserState$Anonymous51,8,1,0,2,0,6,18
jsoup-1.14.3,2021-09-30,org.jsoup.select.Evaluator$IsNthOfType,7,3,0,4,3,4,18
jsoup-1.14.3,2021-09-30,org.jsoup.select.Evaluator$Id,3,2,0,2,0,3,12
jsoup-1.14.3,2021-09-30,org.jsoup.parser.TokeniserState$Anonymous52,9,1,0,2,0,8,27
jsoup-1.14.3,2021-09-30,org.jsoup.select.StructuralEvaluator$PreviousSibling,6,3,0,3,3,3,17
jsoup-1.14.3,2021-09-30,org.jsoup.parser.TokeniserState$Anonymous57,5,1,0,2,0,6,23
jsoup-1.14.3,2021-09-30,org.jsoup.safety.Whitelist,19,2,0,5,171,17,68
jsoup-1.14.3,2021-09-30,org.jsoup.parser.TokeniserState$Anonymous58,5,1,0,2,0,6,23
jsoup-1.14.3,2021-09-30,org.jsoup.parser.TokeniserState$Anonymous59,10,1,0,2,0,5,26
jsoup-1.14.3,2021-09-30,org.jsoup.examples.HtmlToPlainText$FormattingVisitor,18,1,0,5,4,14,44
jsoup-1.14.3,2021-09-30,org.jsoup.parser.TokeniserState$Anonymous53,10,1,0,2,0,9,26
jsoup-1.14.3,2021-09-30,org.jsoup.select.Collector$Accumulator,5,1,0,5,1,2,18
jsoup-1.14.3,2021-09-30,org.jsoup.select.Collector,3,1,0,9,3,2,58
jsoup-1.14.3,2021-09-30,org.jsoup.parser.TokeniserState$Anonymous54,6,1,0,2,0,10,29
jsoup-1.14.3,2021-09-30,org.jsoup.parser.TokeniserState$Anonymous55,10,1,0,2,0,5,28
jsoup-1.14.3,2021-09-30,org.jsoup.nodes.Attributes$Dataset$DatasetIterator,5,1,0,2,0,9,17
jsoup-1.14.3,2021-09-30,org.jsoup.parser.TokeniserState$Anonymous56,10,1,0,2,0,5,25
jsoup-1.14.3,2021-09-30,org.jsoup.select.StructuralEvaluator$Not,3,3,0,3,3,2,11
jsoup-1.14.3,2021-09-30,org.jsoup.internal.ConstrainableInputStream,28,4,0,3,0,11,74
jsoup-1.14.3,2021-09-30,org.jsoup.parser.CharacterReader,200,1,0,5,0,42,480
jsoup-1.14.3,2021-09-30,org.jsoup.select.Evaluator$IsFirstChild,4,2,0,3,1,2,9
jsoup-1.14.3,2021-09-30,org.jsoup.parser.TokeniserState$Anonymous60,10,1,0,2,0,5,25
jsoup-1.14.3,2021-09-30,org.jsoup.parser.TokeniserState$Anonymous61,10,1,0,2,0,5,28
jsoup-1.14.3,2021-09-30,org.jsoup.parser.TokeniserState$Anonymous62,10,1,0,2,0,5,25
jsoup-1.14.3,2021-09-30,org.jsoup.parser.TokeniserState$Anonymous63,5,1,0,2,0,6,23
jsoup-1.14.3,2021-09-30,org.jsoup.select.StructuralEvaluator$Root,2,2,0,2,0,0,5
jsoup-1.14.3,2021-09-30,org.jsoup.helper.HttpConnection$Response,100,2,0,23,55,150,354
jsoup-1.14.3,2021-09-30,org.jsoup.select.NodeVisitor,2,1,0,1,1,0,4
jsoup-1.14.3,2021-09-30,org.jsoup.safety.Safelist$Protocol,2,2,0,2,1,0,8
jsoup-1.14.3,2021-09-30,org.jsoup.parser.Token$EOF,3,2,0,2,3,0,11
jsoup-1.14.3,2021-09-30,org.jsoup.parser.Token$StartTag,6,3,0,4,6,6,21
jsoup-1.14.3,2021-09-30,org.jsoup.select.Evaluator$AttributeWithValueStarting,3,3,0,4,3,5,11
jsoup-1.14.3,2021-09-30,org.jsoup.nodes.DocumentType,20,3,0,5,19,9,56
jsoup-1.14.3,2021-09-30,org.jsoup.Connection$Request,23,1,0,5,253,0,25
jsoup-1.14.3,2021-09-30,org.jsoup.examples.HtmlToPlainText,7,1,0,10,1,10,71
jsoup-1.14.3,2021-09-30,org.jsoup.HttpStatusException,3,4,0,0,0,0,15
jsoup-1.14.3,2021-09-30,org.jsoup.select.QueryParser,98,1,0,51,0,67,259
jsoup-1.14.3,2021-09-30,org.jsoup.parser.HtmlTreeBuilderState$Anonymous23,9,1,0,4,0,12,20
jsoup-1.14.3,2021-09-30,org.jsoup.nodes.NodeUtils,6,1,0,11,3,8,19
jsoup-1.14.3,2021-09-30,org.jsoup.parser.HtmlTreeBuilderState$Anonymous22,9,1,0,5,0,19,27
jsoup-1.14.3,2021-09-30,org.jsoup.select.Evaluator$Matches,3,2,0,2,0,4,13
jsoup-1.14.3,2021-09-30,org.jsoup.parser.HtmlTreeBuilderState$Anonymous24,1,1,0,2,0,0,5
jsoup-1.14.3,2021-09-30,org.jsoup.select.Evaluator$IsOnlyChild,3,2,0,3,1,3,9
jsoup-1.14.3,2021-09-30,org.jsoup.Connection$Method,2,1,0,0,0,0,8
jsoup-1.14.3,2021-09-30,org.jsoup.UncheckedIOException,3,4,0,0,3,1,11
jsoup-1.14.3,2021-09-30,org.jsoup.helper.HttpConnection$Base,61,1,0,10,134,34,181
jsoup-1.14.3,2021-09-30,org.jsoup.parser.TokenQueue,93,1,0,4,0,33,211
jsoup-1.14.3,2021-09-30,org.jsoup.parser.ParseSettings,13,1,0,3,0,3,42
jsoup-1.14.3,2021-09-30,org.jsoup.select.NodeFilter,2,1,0,2,1,0,10
jsoup-1.14.3,2021-09-30,org.jsoup.parser.HtmlTreeBuilderState$Anonymous21,11,1,0,4,0,17,30
jsoup-1.14.3,2021-09-30,org.jsoup.parser.HtmlTreeBuilderState$Anonymous20,16,1,0,6,0,22,50
jsoup-1.14.3,2021-09-30,org.jsoup.parser.HtmlTreeBuilderState$Anonymous12,16,1,0,8,1,16,55
jsoup-1.14.3,2021-09-30,org.jsoup.parser.HtmlTreeBuilderState$Anonymous11,12,1,0,6,0,17,32
jsoup-1.14.3,2021-09-30,org.jsoup.parser.HtmlTreeBuilderState$Anonymous14,15,1,0,8,3,19,64
jsoup-1.14.3,2021-09-30,org.jsoup.parser.HtmlTreeBuilderState$Anonymous13,15,1,0,9,3,20,59
jsoup-1.14.3,2021-09-30,org.jsoup.parser.HtmlTreeBuilderState$Anonymous16,31,1,0,10,1,24,79
jsoup-1.14.3,2021-09-30,org.jsoup.helper.W3CDom$W3CBuilder,21,1,0,14,0,31,84
jsoup-1.14.3,2021-09-30,org.jsoup.parser.HtmlTreeBuilderState$Anonymous15,15,1,0,7,3,18,54
jsoup-1.14.3,2021-09-30,org.jsoup.parser.HtmlTreeBuilderState$Anonymous18,17,1,0,4,0,17,60
jsoup-1.14.3,2021-09-30,org.jsoup.parser.HtmlTreeBuilderState$Anonymous17,6,1,0,4,0,12,22
jsoup-1.14.3,2021-09-30,org.jsoup.parser.HtmlTreeBuilderState$Anonymous19,10,1,0,4,0,19,34
jsoup-1.14.3,2021-09-30,org.jsoup.select.Evaluator$ContainsOwnText,3,2,0,4,0,5,12
jsoup-1.14.3,2021-09-30,org.jsoup.parser.TokeniserState,31,1,0,7,13,27,1348
jsoup-1.14.3,2021-09-30,org.jsoup.select.Evaluator$IndexLessThan,5,3,0,2,3,2,11
jsoup-1.14.3,2021-09-30,org.jsoup.nodes.Entities$EscapeMode,8,1,0,2,4,3,25
jsoup-1.14.3,2021-09-30,org.jsoup.select.Evaluator$MatchText,4,2,0,6,1,7,15
jsoup-1.14.3,2021-09-30,org.jsoup.parser.HtmlTreeBuilderState$Anonymous10,7,1,0,7,0,19,36
jsoup-1.14.3,2021-09-30,org.jsoup.safety.Cleaner$ElementMeta,1,1,0,1,0,0,8
jsoup-1.14.3,2021-09-30,org.jsoup.select.Evaluator,2,54,50,7,1,0,453
jsoup-1.14.3,2021-09-30,org.jsoup.Connection,37,1,0,9,666,0,115
jsoup-1.14.3,2021-09-30,org.jsoup.select.Evaluator$IsRoot,4,2,0,3,1,1,9
jsoup-1.14.3,2021-09-30,org.jsoup.nodes.CDataNode,7,4,0,4,15,3,25
jsoup-1.14.3,2021-09-30,org.jsoup.select.StructuralEvaluator$Parent,7,3,0,3,3,3,18
jsoup-1.14.3,2021-09-30,org.jsoup.select.Evaluator$IsLastChild,4,2,0,3,1,4,9
jsoup-1.14.3,2021-09-30,org.jsoup.select.Evaluator$IsNthLastChild,4,3,0,2,3,4,12
jsoup-1.14.3,2021-09-30,org.jsoup.parser.Token$TokenType,0,1,0,0,0,0,1
jsoup-1.14.3,2021-09-30,org.jsoup.nodes.Attribute,48,1,0,10,0,35,131
jsoup-1.15.1,2022-05-15,org.jsoup.nodes.Document$QuirksMode,0,1,0,0,0,0,1
jsoup-1.15.1,2022-05-15,org.jsoup.helper.DataUtil,70,1,0,19,72,69,189
jsoup-1.15.1,2022-05-15,org.jsoup.select.StructuralEvaluator$ImmediateParent,5,3,0,3,3,3,13
jsoup-1.15.1,2022-05-15,org.jsoup.helper.ChangeNotifyingArrayList,13,4,0,2,78,12,50
jsoup-1.15.1,2022-05-15,org.jsoup.Connection$Response,10,1,0,5,45,0,12
jsoup-1.15.1,2022-05-15,org.jsoup.select.Evaluator$IndexEvaluator,1,2,0,1,0,0,6
jsoup-1.15.1,2022-05-15,org.jsoup.select.Evaluator$IsOnlyOfType,7,2,0,5,1,4,15
jsoup-1.15.1,2022-05-15,org.jsoup.select.Evaluator$ContainsWholeText,3,2,0,2,0,3,12
jsoup-1.15.1,2022-05-15,org.jsoup.nodes.Entities$CoreCharset,3,1,0,1,0,2,6
jsoup-1.15.1,2022-05-15,org.jsoup.safety.Cleaner,10,1,0,15,13,23,98
jsoup-1.15.1,2022-05-15,org.jsoup.nodes.Element,259,6,3,49,8127,174,776
jsoup-1.15.1,2022-05-15,org.jsoup.helper.HttpConnection,63,3,0,16,0,50,987
jsoup-1.15.1,2022-05-15,org.jsoup.select.NodeTraversor,34,1,0,7,6,14,88
jsoup-1.15.1,2022-05-15,org.jsoup.safety.Safelist$AttributeKey,2,2,0,2,1,0,8
jsoup-1.15.1,2022-05-15,org.jsoup.select.Evaluator$MatchesOwn,3,2,0,2,0,4,13
jsoup-1.15.1,2022-05-15,org.jsoup.select.CombiningEvaluator$And,6,3,0,4,6,4,18
jsoup-1.15.1,2022-05-15,org.jsoup.parser.Token$EndTag,2,3,0,1,1,1,9
jsoup-1.15.1,2022-05-15,org.jsoup.helper.HttpConnection$Request,30,2,0,7,227,11,138
jsoup-1.15.1,2022-05-15,org.jsoup.nodes.Document,61,3,0,21,397,57,304
jsoup-1.15.1,2022-05-15,org.jsoup.Jsoup,20,1,0,11,190,19,70
jsoup-1.15.1,2022-05-15,org.jsoup.parser.HtmlTreeBuilder,222,2,0,28,3410,101,622
jsoup-1.15.1,2022-05-15,org.jsoup.nodes.FormElement,23,3,0,13,9,28,61
jsoup-1.15.1,2022-05-15,org.jsoup.UnsupportedMimeTypeException,4,4,0,0,0,1,18
jsoup-1.15.1,2022-05-15,org.jsoup.select.StructuralEvaluator,0,15,12,2,0,0,100
jsoup-1.15.1,2022-05-15,org.jsoup.nodes.EntitiesData,1,1,0,0,0,0,10
jsoup-1.15.1,2022-05-15,org.jsoup.select.Evaluator$IndexEquals,4,3,0,2,3,2,11
jsoup-1.15.1,2022-05-15,org.jsoup.select.Selector$SelectorParseException,2,5,0,0,1,1,8
jsoup-1.15.1,2022-05-15,org.jsoup.parser.Token$Tag,42,2,0,8,123,21,141
jsoup-1.15.1,2022-05-15,org.jsoup.nodes.XmlDeclaration,15,3,0,9,34,17,52
jsoup-1.15.1,2022-05-15,org.jsoup.parser.Token$Doctype,8,2,0,2,18,3,36
jsoup-1.15.1,2022-05-15,org.jsoup.select.Evaluator$TagEndsWith,3,2,0,2,0,3,12
jsoup-1.15.1,2022-05-15,org.jsoup.helper.CookieUtil,14,1,0,5,6,23,48
jsoup-1.15.1,2022-05-15,org.jsoup.select.Evaluator$Tag,3,2,0,2,0,3,12
jsoup-1.15.1,2022-05-15,org.jsoup.nodes.Document$OutputSettings$Syntax,0,1,0,0,0,0,1
jsoup-1.15.1,2022-05-15,org.jsoup.internal.StringUtil,71,1,0,4,180,51,181
jsoup-1.15.1,2022-05-15,org.jsoup.parser.TokeniserState$Anonymous24,6,1,0,2,0,6,25
jsoup-1.15.1,2022-05-15,org.jsoup.parser.TokeniserState$Anonymous25,3,1,0,2,0,9,19
jsoup-1.15.1,2022-05-15,org.jsoup.parser.TokeniserState$Anonymous26,2,1,0,3,0,8,14
jsoup-1.15.1,2022-05-15,org.jsoup.parser.TokeniserState$Anonymous27,1,1,0,3,0,1,5
jsoup-1.15.1,2022-05-15,org.jsoup.parser.TokeniserState$Anonymous20,2,1,0,2,0,4,11
jsoup-1.15.1,2022-05-15,org.jsoup.parser.TokeniserState$Anonymous21,2,1,0,2,0,4,11
jsoup-1.15.1,2022-05-15,org.jsoup.parser.TokeniserState$Anonymous22,5,1,0,2,0,10,22
jsoup-1.15.1,2022-05-15,org.jsoup.parser.TokeniserState$Anonymous23,5,1,0,2,0,6,23
jsoup-1.15.1,2022-05-15,org.jsoup.parser.Tokeniser,82,1,0,18,287,57,251
jsoup-1.15.1,2022-05-15,org.jsoup.nodes.Comment,19,3,0,13,55,31,48
jsoup-1.15.1,2022-05-15,org.jsoup.select.Evaluator$IndexGreaterThan,4,3,0,2,3,2,11
jsoup-1.15.1,2022-05-15,org.jsoup.nodes.LeafNode,24,2,5,3,78,17,71
jsoup-1.15.1,2022-05-15,org.jsoup.parser.TokeniserState$Anonymous28,1,1,0,3,0,1,5
jsoup-1.15.1,2022-05-15,org.jsoup.parser.TokeniserState$Anonymous29,5,1,0,2,0,9,22
jsoup-1.15.1,2022-05-15,org.jsoup.select.Selector,13,5,0,9,15,9,55
jsoup-1.15.1,2022-05-15,org.jsoup.select.Evaluator$AttributeWithValueEnding,3,3,0,4,3,5,11
jsoup-1.15.1,2022-05-15,org.jsoup.select.StructuralEvaluator$ImmediatePreviousSibling,5,3,0,3,3,3,13
jsoup-1.15.1,2022-05-15,org.jsoup.select.Collector$FirstFinder,6,1,0,7,2,2,27
jsoup-1.15.1,2022-05-15,org.jsoup.parser.TokeniserState$Anonymous30,5,1,0,2,0,5,22
jsoup-1.15.1,2022-05-15,org.jsoup.safety.Safelist$AttributeValue,2,2,0,2,1,0,8
jsoup-1.15.1,2022-05-15,org.jsoup.helper.HttpConnection$KeyVal,14,1,0,4,10,4,56
jsoup-1.15.1,2022-05-15,org.jsoup.parser.HtmlTreeBuilderState$Anonymous5,16,1,0,7,1,18,33
jsoup-1.15.1,2022-05-15,org.jsoup.parser.TokeniserState$Anonymous35,13,1,0,3,0,8,25
jsoup-1.15.1,2022-05-15,org.jsoup.parser.HtmlTreeBuilderState$Anonymous4,23,1,0,12,1,36,90
jsoup-1.15.1,2022-05-15,org.jsoup.parser.TokeniserState$Anonymous36,14,1,0,3,0,8,30
jsoup-1.15.1,2022-05-15,org.jsoup.parser.HtmlTreeBuilderState$Anonymous7,207,1,0,18,10,99,539
jsoup-1.15.1,2022-05-15,org.jsoup.parser.TokeniserState$Anonymous37,15,1,0,3,0,7,33
jsoup-1.15.1,2022-05-15,org.jsoup.helper.Consumer,1,1,0,1,0,0,3
jsoup-1.15.1,2022-05-15,org.jsoup.parser.HtmlTreeBuilderState$Anonymous6,14,1,0,9,1,25,65
jsoup-1.15.1,2022-05-15,org.jsoup.parser.TokeniserState$Anonymous38,7,1,0,4,0,11,23
jsoup-1.15.1,2022-05-15,org.jsoup.parser.HtmlTreeBuilderState$Anonymous1,5,1,0,8,0,18,23
jsoup-1.15.1,2022-05-15,org.jsoup.parser.TokeniserState$Anonymous31,6,1,0,2,0,5,24
jsoup-1.15.1,2022-05-15,org.jsoup.parser.TokeniserState$Anonymous32,2,1,0,2,0,5,12
jsoup-1.15.1,2022-05-15,org.jsoup.parser.HtmlTreeBuilderState$Anonymous3,11,1,0,7,0,21,35
jsoup-1.15.1,2022-05-15,org.jsoup.parser.TokeniserState$Anonymous33,1,1,0,3,0,1,5
jsoup-1.15.1,2022-05-15,org.jsoup.parser.HtmlTreeBuilderState$Anonymous2,10,1,0,6,1,20,34
jsoup-1.15.1,2022-05-15,org.jsoup.parser.TokeniserState$Anonymous34,14,1,0,3,0,8,31
jsoup-1.15.1,2022-05-15,org.jsoup.parser.HtmlTreeBuilderState$Anonymous9,29,1,0,10,1,38,121
jsoup-1.15.1,2022-05-15,org.jsoup.parser.TokeniserState$Anonymous39,7,1,0,4,0,11,23
jsoup-1.15.1,2022-05-15,org.jsoup.parser.HtmlTreeBuilderState$Anonymous8,4,1,0,2,0,10,18
jsoup-1.15.1,2022-05-15,org.jsoup.nodes.Node,130,1,2,18,1654,85,388
jsoup-1.15.1,2022-05-15,org.jsoup.safety.Safelist$TypedValue,9,1,0,2,0,4,26
jsoup-1.15.1,2022-05-15,org.jsoup.helper.DataUtil$BomCharset,1,1,0,0,0,0,8
jsoup-1.15.1,2022-05-15,org.jsoup.parser.HtmlTreeBuilderState,6,1,0,6,10,9,1650
jsoup-1.15.1,2022-05-15,org.jsoup.select.Evaluator$AttributeStarting,5,2,0,6,0,7,17
jsoup-1.15.1,2022-05-15,org.jsoup.parser.TokeniserState$Anonymous40,17,1,0,4,0,11,28
jsoup-1.15.1,2022-05-15,org.jsoup.nodes.DataNode,8,3,0,4,28,6,26
jsoup-1.15.1,2022-05-15,org.jsoup.parser.TokeniserState$Anonymous41,9,1,0,2,0,6,20
jsoup-1.15.1,2022-05-15,org.jsoup.nodes.Attributes,93,2,0,12,147,40,290
jsoup-1.15.1,2022-05-15,org.jsoup.helper.W3CDom,36,1,0,19,112,56,216
jsoup-1.15.1,2022-05-15,org.jsoup.parser.XmlTreeBuilder,33,2,0,24,91,49,98
jsoup-1.15.1,2022-05-15,org.jsoup.nodes.Document$OutputSettings,23,1,0,6,133,14,91
jsoup-1.15.1,2022-05-15,org.jsoup.select.CombiningEvaluator,6,6,4,3,0,5,68
jsoup-1.15.1,2022-05-15,org.jsoup.select.Evaluator$ContainsData,3,2,0,3,0,4,12
jsoup-1.15.1,2022-05-15,org.jsoup.internal.Normalizer,5,1,0,1,3,4,11
jsoup-1.15.1,2022-05-15,org.jsoup.nodes.Attributes$Dataset$EntrySet,3,3,0,1,1,1,11
jsoup-1.15.1,2022-05-15,org.jsoup.nodes.Attributes$Dataset,4,4,0,2,1,4,43
jsoup-1.15.1,2022-05-15,org.jsoup.parser.TokeniserState$Anonymous13,13,1,0,4,1,12,32
jsoup-1.15.1,2022-05-15,org.jsoup.parser.TokeniserState$Anonymous14,2,1,0,2,0,5,12
jsoup-1.15.1,2022-05-15,org.jsoup.helper.Validate,25,1,0,2,78,2,40
jsoup-1.15.1,2022-05-15,org.jsoup.parser.TokeniserState$Anonymous15,1,1,0,3,0,1,5
jsoup-1.15.1,2022-05-15,org.jsoup.parser.TokeniserState$Anonymous16,1,1,0,3,0,1,5
jsoup-1.15.1,2022-05-15,org.jsoup.parser.TokeniserState$Anonymous10,11,1,0,3,0,9,24
jsoup-1.15.1,2022-05-15,org.jsoup.parser.TokeniserState$Anonymous11,5,1,0,3,0,12,17
jsoup-1.15.1,2022-05-15,org.jsoup.parser.TokeniserState$Anonymous12,2,1,0,3,0,8,14
jsoup-1.15.1,2022-05-15,org.jsoup.parser.TokeniserState$Anonymous17,4,1,0,2,0,6,19
jsoup-1.15.1,2022-05-15,org.jsoup.parser.TokeniserState$Anonymous18,1,1,0,3,0,1,5
jsoup-1.15.1,2022-05-15,org.jsoup.parser.TokeniserState$Anonymous19,1,1,0,3,0,1,5
jsoup-1.15.1,2022-05-15,org.jsoup.select.Evaluator$CssNthEvaluator,13,2,0,4,3,4,24
jsoup-1.15.1,2022-05-15,org.jsoup.parser.Token$Comment,10,2,0,2,1,7,41
jsoup-1.15.1,2022-05-15,org.jsoup.select.Evaluator$IsFirstOfType,2,4,0,1,1,0,8
jsoup-1.15.1,2022-05-15,org.jsoup.nodes.Element$NodeList,2,5,0,3,0,1,10
jsoup-1.15.1,2022-05-15,org.jsoup.examples.Wikipedia,3,1,0,7,1,9,13
jsoup-1.15.1,2022-05-15,org.jsoup.parser.ParseError,8,1,0,1,0,4,37
jsoup-1.15.1,2022-05-15,org.jsoup.safety.Safelist,62,5,0,12,76,77,312
jsoup-1.15.1,2022-05-15,org.jsoup.parser.TokeniserState$Anonymous64,5,1,0,2,0,6,23
jsoup-1.15.1,2022-05-15,org.jsoup.parser.TokeniserState$Anonymous65,8,1,0,2,0,5,18
jsoup-1.15.1,2022-05-15,org.jsoup.parser.TreeBuilder,26,1,2,19,78,28,102
jsoup-1.15.1,2022-05-15,org.jsoup.parser.TokeniserState$Anonymous66,3,1,0,2,0,3,14
jsoup-1.15.1,2022-05-15,org.jsoup.parser.TokeniserState$Anonymous67,3,1,0,3,0,7,10
jsoup-1.15.1,2022-05-15,org.jsoup.nodes.PseudoTextElement,3,3,0,4,3,0,9
jsoup-1.15.1,2022-05-15,org.jsoup.parser.TokeniserState$Anonymous1,5,1,0,3,0,8,18
jsoup-1.15.1,2022-05-15,org.jsoup.parser.Parser,26,1,0,11,87,18,96
jsoup-1.15.1,2022-05-15,org.jsoup.select.Evaluator$IsEmpty,6,2,0,6,1,1,12
jsoup-1.15.1,2022-05-15,org.jsoup.parser.TokeniserState$Anonymous7,3,1,0,3,0,7,15
jsoup-1.15.1,2022-05-15,org.jsoup.parser.TokeniserState$Anonymous6,1,1,0,3,0,1,5
jsoup-1.15.1,2022-05-15,org.jsoup.parser.TokeniserState$Anonymous9,4,1,0,3,0,11,23
jsoup-1.15.1,2022-05-15,org.jsoup.select.Evaluator$AttributeWithValueMatching,3,2,0,4,0,7,14
jsoup-1.15.1,2022-05-15,org.jsoup.parser.TokeniserState$Anonymous8,5,1,0,2,0,8,23
jsoup-1.15.1,2022-05-15,org.jsoup.parser.TokeniserState$Anonymous3,5,1,0,3,0,8,19
jsoup-1.15.1,2022-05-15,org.jsoup.parser.TokeniserState$Anonymous2,1,1,0,3,0,1,5
jsoup-1.15.1,2022-05-15,org.jsoup.parser.TokeniserState$Anonymous5,1,1,0,3,0,1,5
jsoup-1.15.1,2022-05-15,org.jsoup.parser.TokeniserState$Anonymous4,1,1,0,3,0,1,5
jsoup-1.15.1,2022-05-15,org.jsoup.internal.StringUtil$Anonymous1,1,1,0,0,0,0,5
jsoup-1.15.1,2022-05-15,org.jsoup.examples.ListLinks,9,1,0,8,3,16,31
jsoup-1.15.1,2022-05-15,org.jsoup.select.Evaluator$IsNthChild,3,3,0,2,3,1,11
jsoup-1.15.1,2022-05-15,org.jsoup.parser.HtmlTreeBuilderState$Constants,0,1,0,0,0,0,40
jsoup-1.15.1,2022-05-15,org.jsoup.safety.Safelist$TagName,2,2,0,2,1,0,8
jsoup-1.15.1,2022-05-15,org.jsoup.select.Evaluator$Class,3,2,0,2,0,2,12
jsoup-1.15.1,2022-05-15,org.jsoup.nodes.Attributes$Anonymous1,6,1,0,2,0,2,18
jsoup-1.15.1,2022-05-15,org.jsoup.select.StructuralEvaluator$Has,6,3,0,5,1,4,20
jsoup-1.15.1,2022-05-15,org.jsoup.nodes.Node$OuterHtmlVisitor,6,1,0,4,0,5,27
jsoup-1.15.1,2022-05-15,org.jsoup.parser.Token,23,12,10,9,90,4,340
jsoup-1.15.1,2022-05-15,org.jsoup.safety.Cleaner$CleaningVisitor,11,1,0,8,0,9,42
jsoup-1.15.1,2022-05-15,org.jsoup.select.Evaluator$AttributeKeyPair,4,2,0,3,0,7,17
jsoup-1.15.1,2022-05-15,org.jsoup.select.Evaluator$ContainsWholeOwnText,3,2,0,2,0,3,12
jsoup-1.15.1,2022-05-15,org.jsoup.select.Evaluator$IsNthLastOfType,6,3,0,4,3,7,17
jsoup-1.15.1,2022-05-15,org.jsoup.parser.Tag,51,1,0,4,34,14,160
jsoup-1.15.1,2022-05-15,org.jsoup.parser.Token$Character,5,2,0,2,4,1,21
jsoup-1.15.1,2022-05-15,org.jsoup.select.Evaluator$IsLastOfType,2,4,0,1,1,0,8
jsoup-1.15.1,2022-05-15,org.jsoup.select.Evaluator$Attribute,3,2,0,3,0,2,12
jsoup-1.15.1,2022-05-15,org.jsoup.internal.StringUtil$StringJoiner,5,1,0,4,0,5,25
jsoup-1.15.1,2022-05-15,org.jsoup.select.NodeFilter$FilterResult,0,1,0,0,0,0,6
jsoup-1.15.1,2022-05-15,org.jsoup.Connection$KeyVal,9,1,0,2,36,0,11
jsoup-1.15.1,2022-05-15,org.jsoup.nodes.Entities,53,1,0,11,56,34,192
jsoup-1.15.1,2022-05-15,org.jsoup.parser.Token$CData,2,3,0,1,1,2,9
jsoup-1.15.1,2022-05-15,org.jsoup.select.Evaluator$AttributeWithValueContaining,3,3,0,4,3,5,11
jsoup-1.15.1,2022-05-15,org.jsoup.select.Elements,110,4,0,17,1540,59,286
jsoup-1.15.1,2022-05-15,org.jsoup.select.Evaluator$AllElements,2,2,0,2,1,0,8
jsoup-1.15.1,2022-05-15,org.jsoup.parser.TokeniserState$Anonymous46,5,1,0,3,0,6,23
jsoup-1.15.1,2022-05-15,org.jsoup.parser.TokeniserState$Anonymous47,4,1,0,3,0,10,18
jsoup-1.15.1,2022-05-15,org.jsoup.parser.TokeniserState$Anonymous48,4,1,0,3,0,6,19
jsoup-1.15.1,2022-05-15,org.jsoup.parser.TokeniserState$Anonymous49,6,1,0,3,0,7,24
jsoup-1.15.1,2022-05-15,org.jsoup.parser.TokeniserState$Anonymous42,3,1,0,2,0,6,17
jsoup-1.15.1,2022-05-15,org.jsoup.nodes.TextNode,33,3,1,10,105,30,65
jsoup-1.15.1,2022-05-15,org.jsoup.parser.TokeniserState$Anonymous43,3,1,0,3,0,6,11
jsoup-1.15.1,2022-05-15,org.jsoup.parser.TokeniserState$Anonymous44,4,1,0,2,0,7,20
jsoup-1.15.1,2022-05-15,org.jsoup.select.Evaluator$AttributeWithValue,3,3,0,3,3,5,11
jsoup-1.15.1,2022-05-15,org.jsoup.parser.TokeniserState$Anonymous45,5,1,0,3,0,7,23
jsoup-1.15.1,2022-05-15,org.jsoup.select.Evaluator$AttributeWithValueNot,3,3,0,3,3,3,11
jsoup-1.15.1,2022-05-15,org.jsoup.parser.ParseErrorList,8,4,0,2,1,2,28
jsoup-1.15.1,2022-05-15,org.jsoup.nodes.Element$Anonymous1,12,1,0,4,1,8,18
jsoup-1.15.1,2022-05-15,org.jsoup.SerializationException,4,4,0,0,6,0,14
jsoup-1.15.1,2022-05-15,org.jsoup.select.CombiningEvaluator$Or,9,3,0,5,15,7,28
jsoup-1.15.1,2022-05-15,org.jsoup.select.Evaluator$ContainsText,3,2,0,4,0,5,12
jsoup-1.15.1,2022-05-15,org.jsoup.Connection$Base,18,1,0,4,153,0,20
jsoup-1.15.1,2022-05-15,org.jsoup.parser.TokeniserState$Anonymous50,5,1,0,3,0,7,23
jsoup-1.15.1,2022-05-15,org.jsoup.parser.TokeniserState$Anonymous51,8,1,0,2,0,6,18
jsoup-1.15.1,2022-05-15,org.jsoup.select.Evaluator$IsNthOfType,7,3,0,4,3,4,18
jsoup-1.15.1,2022-05-15,org.jsoup.select.Evaluator$Id,3,2,0,2,0,3,12
jsoup-1.15.1,2022-05-15,org.jsoup.parser.TokeniserState$Anonymous52,9,1,0,2,0,8,27
jsoup-1.15.1,2022-05-15,org.jsoup.select.StructuralEvaluator$PreviousSibling,6,3,0,3,3,3,17
jsoup-1.15.1,2022-05-15,org.jsoup.parser.TokeniserState$Anonymous57,5,1,0,2,0,6,23
jsoup-1.15.1,2022-05-15,org.jsoup.parser.TokeniserState$Anonymous58,5,1,0,2,0,6,23
jsoup-1.15.1,2022-05-15,org.jsoup.parser.TokeniserState$Anonymous59,10,1,0,2,0,5,26
jsoup-1.15.1,2022-05-15,org.jsoup.examples.HtmlToPlainText$FormattingVisitor,18,1,0,5,4,14,44
jsoup-1.15.1,2022-05-15,org.jsoup.parser.TokeniserState$Anonymous53,10,1,0,2,0,9,26
jsoup-1.15.1,2022-05-15,org.jsoup.select.Collector$Accumulator,5,1,0,5,1,2,18
jsoup-1.15.1,2022-05-15,org.jsoup.select.Collector,3,1,0,9,3,2,58
jsoup-1.15.1,2022-05-15,org.jsoup.parser.TokeniserState$Anonymous54,6,1,0,2,0,10,29
jsoup-1.15.1,2022-05-15,org.jsoup.parser.TokeniserState$Anonymous55,10,1,0,2,0,5,28
jsoup-1.15.1,2022-05-15,org.jsoup.nodes.Attributes$Dataset$DatasetIterator,5,1,0,2,0,9,17
jsoup-1.15.1,2022-05-15,org.jsoup.parser.TokeniserState$Anonymous56,10,1,0,2,0,5,25
jsoup-1.15.1,2022-05-15,org.jsoup.select.StructuralEvaluator$Not,3,3,0,3,3,2,11
jsoup-1.15.1,2022-05-15,org.jsoup.internal.ConstrainableInputStream,28,4,0,3,0,11,74
jsoup-1.15.1,2022-05-15,org.jsoup.parser.CharacterReader,200,1,0,5,0,42,480
jsoup-1.15.1,2022-05-15,org.jsoup.select.Evaluator$IsFirstChild,4,2,0,3,1,2,9
jsoup-1.15.1,2022-05-15,org.jsoup.parser.TokeniserState$Anonymous60,10,1,0,2,0,5,25
jsoup-1.15.1,2022-05-15,org.jsoup.parser.TokeniserState$Anonymous61,10,1,0,2,0,5,28
jsoup-1.15.1,2022-05-15,org.jsoup.parser.TokeniserState$Anonymous62,10,1,0,2,0,5,25
jsoup-1.15.1,2022-05-15,org.jsoup.parser.TokeniserState$Anonymous63,5,1,0,2,0,6,23
jsoup-1.15.1,2022-05-15,org.jsoup.select.StructuralEvaluator$Root,2,2,0,2,0,0,5
jsoup-1.15.1,2022-05-15,org.jsoup.helper.HttpConnection$Response,100,2,0,23,55,150,354
jsoup-1.15.1,2022-05-15,org.jsoup.select.NodeVisitor,2,1,0,1,1,0,5
jsoup-1.15.1,2022-05-15,org.jsoup.safety.Safelist$Protocol,2,2,0,2,1,0,8
jsoup-1.15.1,2022-05-15,org.jsoup.parser.Token$EOF,3,2,0,2,3,0,11
jsoup-1.15.1,2022-05-15,org.jsoup.parser.Token$StartTag,6,3,0,4,6,6,21
jsoup-1.15.1,2022-05-15,org.jsoup.select.Evaluator$AttributeWithValueStarting,3,3,0,4,3,5,11
jsoup-1.15.1,2022-05-15,org.jsoup.nodes.DocumentType,20,3,0,5,19,9,56
jsoup-1.15.1,2022-05-15,org.jsoup.Connection$Request,23,1,0,5,253,0,25
jsoup-1.15.1,2022-05-15,org.jsoup.examples.HtmlToPlainText,7,1,0,10,1,10,71
jsoup-1.15.1,2022-05-15,org.jsoup.HttpStatusException,3,4,0,0,0,0,15
jsoup-1.15.1,2022-05-15,org.jsoup.select.QueryParser,108,1,0,55,0,69,277
jsoup-1.15.1,2022-05-15,org.jsoup.select.Evaluator$MatchesWholeText,3,2,0,2,0,4,13
jsoup-1.15.1,2022-05-15,org.jsoup.parser.HtmlTreeBuilderState$Anonymous23,9,1,0,4,0,12,20
jsoup-1.15.1,2022-05-15,org.jsoup.nodes.NodeUtils,6,1,0,12,3,9,20
jsoup-1.15.1,2022-05-15,org.jsoup.parser.HtmlTreeBuilderState$Anonymous22,9,1,0,5,0,19,27
jsoup-1.15.1,2022-05-15,org.jsoup.select.Evaluator$Matches,3,2,0,2,0,4,13
jsoup-1.15.1,2022-05-15,org.jsoup.parser.HtmlTreeBuilderState$Anonymous24,1,1,0,2,0,0,5
jsoup-1.15.1,2022-05-15,org.jsoup.select.Evaluator$IsOnlyChild,3,2,0,3,1,3,9
jsoup-1.15.1,2022-05-15,org.jsoup.Connection$Method,2,1,0,0,0,0,8
jsoup-1.15.1,2022-05-15,org.jsoup.UncheckedIOException,3,4,0,0,3,1,11
jsoup-1.15.1,2022-05-15,org.jsoup.helper.HttpConnection$Base,61,1,0,10,134,34,181
jsoup-1.15.1,2022-05-15,org.jsoup.parser.TokenQueue,78,1,0,4,0,29,189
jsoup-1.15.1,2022-05-15,org.jsoup.parser.ParseSettings,13,1,0,3,0,3,42
jsoup-1.15.1,2022-05-15,org.jsoup.select.NodeFilter,2,1,0,2,1,0,12
jsoup-1.15.1,2022-05-15,org.jsoup.parser.HtmlTreeBuilderState$Anonymous21,11,1,0,4,0,17,30
jsoup-1.15.1,2022-05-15,org.jsoup.parser.HtmlTreeBuilderState$Anonymous20,16,1,0,6,0,22,50
jsoup-1.15.1,2022-05-15,org.jsoup.select.Evaluator$MatchesWholeOwnText,3,2,0,2,0,4,13
jsoup-1.15.1,2022-05-15,org.jsoup.parser.HtmlTreeBuilderState$Anonymous12,16,1,0,8,1,16,55
jsoup-1.15.1,2022-05-15,org.jsoup.parser.HtmlTreeBuilderState$Anonymous11,12,1,0,6,0,17,32
jsoup-1.15.1,2022-05-15,org.jsoup.parser.HtmlTreeBuilderState$Anonymous14,15,1,0,8,3,19,64
jsoup-1.15.1,2022-05-15,org.jsoup.parser.HtmlTreeBuilderState$Anonymous13,15,1,0,9,3,20,59
jsoup-1.15.1,2022-05-15,org.jsoup.parser.HtmlTreeBuilderState$Anonymous16,31,1,0,10,1,24,79
jsoup-1.15.1,2022-05-15,org.jsoup.helper.W3CDom$W3CBuilder,22,1,0,16,0,32,88
jsoup-1.15.1,2022-05-15,org.jsoup.parser.HtmlTreeBuilderState$Anonymous15,15,1,0,7,3,18,54
jsoup-1.15.1,2022-05-15,org.jsoup.parser.HtmlTreeBuilderState$Anonymous18,17,1,0,4,0,17,60
jsoup-1.15.1,2022-05-15,org.jsoup.parser.HtmlTreeBuilderState$Anonymous17,6,1,0,4,0,12,22
jsoup-1.15.1,2022-05-15,org.jsoup.parser.HtmlTreeBuilderState$Anonymous19,10,1,0,4,0,19,34
jsoup-1.15.1,2022-05-15,org.jsoup.select.Evaluator$ContainsOwnText,3,2,0,4,0,5,12
jsoup-1.15.1,2022-05-15,org.jsoup.parser.TokeniserState,31,1,0,7,13,27,1345
jsoup-1.15.1,2022-05-15,org.jsoup.select.Evaluator$IndexLessThan,5,3,0,2,3,2,11
jsoup-1.15.1,2022-05-15,org.jsoup.nodes.Entities$EscapeMode,8,1,0,2,4,3,25
jsoup-1.15.1,2022-05-15,org.jsoup.select.Evaluator$MatchText,4,2,0,6,1,7,15
jsoup-1.15.1,2022-05-15,org.jsoup.parser.HtmlTreeBuilderState$Anonymous10,7,1,0,7,0,19,36
jsoup-1.15.1,2022-05-15,org.jsoup.safety.Cleaner$ElementMeta,1,1,0,1,0,0,8
jsoup-1.15.1,2022-05-15,org.jsoup.select.Evaluator,2,58,58,7,1,0,503
jsoup-1.15.1,2022-05-15,org.jsoup.Connection,37,1,0,9,666,0,115
jsoup-1.15.1,2022-05-15,org.jsoup.select.Evaluator$IsRoot,4,2,0,3,1,1,9
jsoup-1.15.1,2022-05-15,org.jsoup.nodes.CDataNode,7,4,0,4,15,3,25
jsoup-1.15.1,2022-05-15,org.jsoup.select.StructuralEvaluator$Parent,7,3,0,3,3,3,18
jsoup-1.15.1,2022-05-15,org.jsoup.select.Evaluator$IsLastChild,4,2,0,3,1,4,9
jsoup-1.15.1,2022-05-15,org.jsoup.select.Evaluator$IsNthLastChild,4,3,0,2,3,4,12
jsoup-1.15.1,2022-05-15,org.jsoup.parser.Token$TokenType,0,1,0,0,0,0,1
jsoup-1.15.1,2022-05-15,org.jsoup.nodes.Attribute,48,1,0,11,0,36,131
jsoup-1.15.2,2022-07-04,org.jsoup.nodes.Document$QuirksMode,0,1,0,0,0,0,1
jsoup-1.15.2,2022-07-04,org.jsoup.helper.DataUtil,70,1,0,20,72,69,189
jsoup-1.15.2,2022-07-04,org.jsoup.select.StructuralEvaluator$ImmediateParent,5,3,0,3,3,3,13
jsoup-1.15.2,2022-07-04,org.jsoup.helper.ChangeNotifyingArrayList,13,4,0,2,78,12,50
jsoup-1.15.2,2022-07-04,org.jsoup.Connection$Response,10,1,0,5,45,0,12
jsoup-1.15.2,2022-07-04,org.jsoup.nodes.Range,17,1,0,5,0,9,80
jsoup-1.15.2,2022-07-04,org.jsoup.select.Evaluator$IndexEvaluator,1,2,0,1,0,0,6
jsoup-1.15.2,2022-07-04,org.jsoup.select.Evaluator$IsOnlyOfType,7,2,0,5,1,4,15
jsoup-1.15.2,2022-07-04,org.jsoup.select.Evaluator$ContainsWholeText,3,2,0,2,0,3,12
jsoup-1.15.2,2022-07-04,org.jsoup.nodes.Entities$CoreCharset,3,1,0,1,0,2,6
jsoup-1.15.2,2022-07-04,org.jsoup.safety.Cleaner,10,1,0,15,13,23,98
jsoup-1.15.2,2022-07-04,org.jsoup.nodes.Element,269,6,3,50,8669,176,802
jsoup-1.15.2,2022-07-04,org.jsoup.helper.HttpConnection,63,3,0,16,0,50,987
jsoup-1.15.2,2022-07-04,org.jsoup.select.NodeTraversor,34,1,0,7,6,14,88
jsoup-1.15.2,2022-07-04,org.jsoup.safety.Safelist$AttributeKey,2,2,0,2,1,0,8
jsoup-1.15.2,2022-07-04,org.jsoup.select.Evaluator$MatchesOwn,3,2,0,2,0,4,13
jsoup-1.15.2,2022-07-04,org.jsoup.select.CombiningEvaluator$And,6,3,0,4,6,4,18
jsoup-1.15.2,2022-07-04,org.jsoup.parser.Token$EndTag,2,3,0,1,1,1,9
jsoup-1.15.2,2022-07-04,org.jsoup.helper.HttpConnection$Request,30,2,0,7,227,11,138
jsoup-1.15.2,2022-07-04,org.jsoup.nodes.Document,61,3,0,21,397,57,304
jsoup-1.15.2,2022-07-04,org.jsoup.Jsoup,20,1,0,12,190,19,70
jsoup-1.15.2,2022-07-04,org.jsoup.parser.HtmlTreeBuilder,226,2,0,28,3587,105,637
jsoup-1.15.2,2022-07-04,org.jsoup.nodes.FormElement,23,3,0,13,9,28,61
jsoup-1.15.2,2022-07-04,org.jsoup.UnsupportedMimeTypeException,4,4,0,0,0,1,18
jsoup-1.15.2,2022-07-04,org.jsoup.select.StructuralEvaluator,0,15,12,2,0,0,100
jsoup-1.15.2,2022-07-04,org.jsoup.nodes.EntitiesData,1,1,0,0,0,0,10
jsoup-1.15.2,2022-07-04,org.jsoup.select.Evaluator$IndexEquals,4,3,0,2,3,2,11
jsoup-1.15.2,2022-07-04,org.jsoup.select.Selector$SelectorParseException,2,5,0,0,1,1,8
jsoup-1.15.2,2022-07-04,org.jsoup.parser.Token$Tag,42,2,0,8,123,22,142
jsoup-1.15.2,2022-07-04,org.jsoup.nodes.XmlDeclaration,15,3,0,9,34,17,52
jsoup-1.15.2,2022-07-04,org.jsoup.parser.Token$Doctype,8,2,0,2,18,4,37
jsoup-1.15.2,2022-07-04,org.jsoup.select.Evaluator$TagEndsWith,3,2,0,2,0,3,12
jsoup-1.15.2,2022-07-04,org.jsoup.helper.CookieUtil,14,1,0,5,6,23,48
jsoup-1.15.2,2022-07-04,org.jsoup.select.Evaluator$Tag,3,2,0,2,0,3,12
jsoup-1.15.2,2022-07-04,org.jsoup.nodes.Document$OutputSettings$Syntax,0,1,0,0,0,0,1
jsoup-1.15.2,2022-07-04,org.jsoup.internal.StringUtil,71,1,0,4,180,51,181
jsoup-1.15.2,2022-07-04,org.jsoup.parser.TokeniserState$Anonymous24,6,1,0,2,0,6,25
jsoup-1.15.2,2022-07-04,org.jsoup.parser.TokeniserState$Anonymous25,3,1,0,2,0,9,19
jsoup-1.15.2,2022-07-04,org.jsoup.parser.TokeniserState$Anonymous26,2,1,0,3,0,8,14
jsoup-1.15.2,2022-07-04,org.jsoup.parser.TokeniserState$Anonymous27,1,1,0,3,0,1,5
jsoup-1.15.2,2022-07-04,org.jsoup.parser.TokeniserState$Anonymous20,2,1,0,2,0,4,11
jsoup-1.15.2,2022-07-04,org.jsoup.parser.TokeniserState$Anonymous21,2,1,0,2,0,4,11
jsoup-1.15.2,2022-07-04,org.jsoup.parser.TokeniserState$Anonymous22,5,1,0,2,0,10,22
jsoup-1.15.2,2022-07-04,org.jsoup.parser.TokeniserState$Anonymous23,5,1,0,2,0,6,23
jsoup-1.15.2,2022-07-04,org.jsoup.parser.Tokeniser,85,1,0,18,191,61,269
jsoup-1.15.2,2022-07-04,org.jsoup.nodes.Comment,19,3,0,13,55,31,48
jsoup-1.15.2,2022-07-04,org.jsoup.select.Evaluator$IndexGreaterThan,4,3,0,2,3,2,11
jsoup-1.15.2,2022-07-04,org.jsoup.nodes.LeafNode,24,2,5,3,78,17,71
jsoup-1.15.2,2022-07-04,org.jsoup.parser.TokeniserState$Anonymous28,1,1,0,3,0,1,5
jsoup-1.15.2,2022-07-04,org.jsoup.parser.TokeniserState$Anonymous29,5,1,0,2,0,9,22
jsoup-1.15.2,2022-07-04,org.jsoup.select.Selector,13,5,0,9,15,9,55
jsoup-1.15.2,2022-07-04,org.jsoup.select.Evaluator$AttributeWithValueEnding,3,3,0,4,3,5,11
jsoup-1.15.2,2022-07-04,org.jsoup.select.StructuralEvaluator$ImmediatePreviousSibling,5,3,0,3,3,3,13
jsoup-1.15.2,2022-07-04,org.jsoup.select.Collector$FirstFinder,6,1,0,7,2,2,27
jsoup-1.15.2,2022-07-04,org.jsoup.parser.TokeniserState$Anonymous30,5,1,0,2,0,5,22
jsoup-1.15.2,2022-07-04,org.jsoup.safety.Safelist$AttributeValue,2,2,0,2,1,0,8
jsoup-1.15.2,2022-07-04,org.jsoup.helper.HttpConnection$KeyVal,14,1,0,4,10,4,56
jsoup-1.15.2,2022-07-04,org.jsoup.parser.HtmlTreeBuilderState$Anonymous5,16,1,0,7,1,18,33
jsoup-1.15.2,2022-07-04,org.jsoup.parser.TokeniserState$Anonymous35,13,1,0,3,0,8,25
jsoup-1.15.2,2022-07-04,org.jsoup.parser.HtmlTreeBuilderState$Anonymous4,23,1,0,12,1,36,90
jsoup-1.15.2,2022-07-04,org.jsoup.parser.TokeniserState$Anonymous36,14,1,0,3,0,8,30
jsoup-1.15.2,2022-07-04,org.jsoup.parser.HtmlTreeBuilderState$Anonymous7,208,1,0,18,10,99,540
jsoup-1.15.2,2022-07-04,org.jsoup.parser.TokeniserState$Anonymous37,15,1,0,3,0,7,33
jsoup-1.15.2,2022-07-04,org.jsoup.helper.Consumer,1,1,0,1,0,0,3
jsoup-1.15.2,2022-07-04,org.jsoup.parser.HtmlTreeBuilderState$Anonymous6,14,1,0,9,1,25,65
jsoup-1.15.2,2022-07-04,org.jsoup.parser.TokeniserState$Anonymous38,7,1,0,4,0,11,23
jsoup-1.15.2,2022-07-04,org.jsoup.parser.HtmlTreeBuilderState$Anonymous1,5,1,0,9,0,19,24
jsoup-1.15.2,2022-07-04,org.jsoup.parser.TokeniserState$Anonymous31,6,1,0,2,0,5,24
jsoup-1.15.2,2022-07-04,org.jsoup.parser.TokeniserState$Anonymous32,2,1,0,2,0,5,12
jsoup-1.15.2,2022-07-04,org.jsoup.parser.HtmlTreeBuilderState$Anonymous3,11,1,0,7,0,21,35
jsoup-1.15.2,2022-07-04,org.jsoup.parser.TokeniserState$Anonymous33,1,1,0,3,0,1,5
jsoup-1.15.2,2022-07-04,org.jsoup.parser.HtmlTreeBuilderState$Anonymous2,10,1,0,6,1,20,34
jsoup-1.15.2,2022-07-04,org.jsoup.parser.TokeniserState$Anonymous34,14,1,0,3,0,8,31
jsoup-1.15.2,2022-07-04,org.jsoup.parser.HtmlTreeBuilderState$Anonymous9,29,1,0,10,1,38,121
jsoup-1.15.2,2022-07-04,org.jsoup.parser.TokeniserState$Anonymous39,7,1,0,4,0,11,23
jsoup-1.15.2,2022-07-04,org.jsoup.parser.HtmlTreeBuilderState$Anonymous8,4,1,0,2,0,10,18
jsoup-1.15.2,2022-07-04,org.jsoup.nodes.Node,134,1,2,19,1852,87,401
jsoup-1.15.2,2022-07-04,org.jsoup.safety.Safelist$TypedValue,9,1,0,2,0,4,26
jsoup-1.15.2,2022-07-04,org.jsoup.helper.DataUtil$BomCharset,1,1,0,0,0,0,8
jsoup-1.15.2,2022-07-04,org.jsoup.parser.HtmlTreeBuilderState,6,1,0,6,10,9,1647
jsoup-1.15.2,2022-07-04,org.jsoup.select.Evaluator$AttributeStarting,5,2,0,6,0,7,17
jsoup-1.15.2,2022-07-04,org.jsoup.parser.TokeniserState$Anonymous40,17,1,0,4,0,11,28
jsoup-1.15.2,2022-07-04,org.jsoup.nodes.DataNode,8,3,0,4,28,6,26
jsoup-1.15.2,2022-07-04,org.jsoup.parser.TokeniserState$Anonymous41,9,1,0,2,0,6,20
jsoup-1.15.2,2022-07-04,org.jsoup.nodes.Attributes,100,2,0,12,173,44,308
jsoup-1.15.2,2022-07-04,org.jsoup.helper.W3CDom,38,1,0,19,135,56,227
jsoup-1.15.2,2022-07-04,org.jsoup.parser.XmlTreeBuilder,34,2,0,24,105,51,106
jsoup-1.15.2,2022-07-04,org.jsoup.nodes.Document$OutputSettings,23,1,0,6,133,14,91
jsoup-1.15.2,2022-07-04,org.jsoup.select.CombiningEvaluator,6,6,4,3,0,5,68
jsoup-1.15.2,2022-07-04,org.jsoup.select.Evaluator$ContainsData,3,2,0,3,0,4,12
jsoup-1.15.2,2022-07-04,org.jsoup.internal.Normalizer,5,1,0,1,3,4,11
jsoup-1.15.2,2022-07-04,org.jsoup.nodes.Attributes$Dataset$EntrySet,3,3,0,1,1,1,11
jsoup-1.15.2,2022-07-04,org.jsoup.nodes.Attributes$Dataset,4,4,0,2,1,4,43
jsoup-1.15.2,2022-07-04,org.jsoup.parser.TokeniserState$Anonymous13,13,1,0,4,1,12,32
jsoup-1.15.2,2022-07-04,org.jsoup.parser.TokeniserState$Anonymous14,2,1,0,2,0,5,12
jsoup-1.15.2,2022-07-04,org.jsoup.helper.Validate,27,1,0,2,91,2,44
jsoup-1.15.2,2022-07-04,org.jsoup.parser.TokeniserState$Anonymous15,1,1,0,3,0,1,5
jsoup-1.15.2,2022-07-04,org.jsoup.parser.TokeniserState$Anonymous16,1,1,0,3,0,1,5
jsoup-1.15.2,2022-07-04,org.jsoup.parser.TokeniserState$Anonymous10,11,1,0,3,0,9,24
jsoup-1.15.2,2022-07-04,org.jsoup.parser.TokeniserState$Anonymous11,5,1,0,3,0,12,17
jsoup-1.15.2,2022-07-04,org.jsoup.parser.TokeniserState$Anonymous12,2,1,0,3,0,8,14
jsoup-1.15.2,2022-07-04,org.jsoup.parser.TokeniserState$Anonymous17,4,1,0,2,0,6,19
jsoup-1.15.2,2022-07-04,org.jsoup.parser.TokeniserState$Anonymous18,1,1,0,3,0,1,5
jsoup-1.15.2,2022-07-04,org.jsoup.parser.TokeniserState$Anonymous19,1,1,0,3,0,1,5
jsoup-1.15.2,2022-07-04,org.jsoup.select.Evaluator$CssNthEvaluator,13,2,0,4,3,4,24
jsoup-1.15.2,2022-07-04,org.jsoup.parser.Token$Comment,10,2,0,2,1,8,42
jsoup-1.15.2,2022-07-04,org.jsoup.select.Evaluator$IsFirstOfType,2,4,0,1,1,0,8
jsoup-1.15.2,2022-07-04,org.jsoup.nodes.Element$NodeList,2,5,0,3,0,1,10
jsoup-1.15.2,2022-07-04,org.jsoup.examples.Wikipedia,3,1,0,7,1,9,13
jsoup-1.15.2,2022-07-04,org.jsoup.parser.ParseError,8,1,0,1,0,4,37
jsoup-1.15.2,2022-07-04,org.jsoup.safety.Safelist,62,5,0,12,76,77,312
jsoup-1.15.2,2022-07-04,org.jsoup.parser.TokeniserState$Anonymous64,5,1,0,2,0,6,23
jsoup-1.15.2,2022-07-04,org.jsoup.parser.TokeniserState$Anonymous65,8,1,0,2,0,5,18
jsoup-1.15.2,2022-07-04,org.jsoup.parser.TreeBuilder,32,1,2,22,115,35,121
jsoup-1.15.2,2022-07-04,org.jsoup.parser.TokeniserState$Anonymous66,3,1,0,2,0,3,14
jsoup-1.15.2,2022-07-04,org.jsoup.parser.TokeniserState$Anonymous67,3,1,0,3,0,7,10
jsoup-1.15.2,2022-07-04,org.jsoup.nodes.PseudoTextElement,3,3,0,4,3,0,9
jsoup-1.15.2,2022-07-04,org.jsoup.parser.TokeniserState$Anonymous1,5,1,0,3,0,8,18
jsoup-1.15.2,2022-07-04,org.jsoup.parser.Parser,28,1,0,11,126,18,105
jsoup-1.15.2,2022-07-04,org.jsoup.select.Evaluator$IsEmpty,6,2,0,6,1,1,12
jsoup-1.15.2,2022-07-04,org.jsoup.parser.TokeniserState$Anonymous7,3,1,0,3,0,7,15
jsoup-1.15.2,2022-07-04,org.jsoup.parser.TokeniserState$Anonymous6,1,1,0,3,0,1,5
jsoup-1.15.2,2022-07-04,org.jsoup.parser.TokeniserState$Anonymous9,4,1,0,3,0,11,23
jsoup-1.15.2,2022-07-04,org.jsoup.select.Evaluator$AttributeWithValueMatching,3,2,0,4,0,7,14
jsoup-1.15.2,2022-07-04,org.jsoup.parser.TokeniserState$Anonymous8,5,1,0,2,0,8,23
jsoup-1.15.2,2022-07-04,org.jsoup.nodes.Range$Position,15,1,0,1,0,1,37
jsoup-1.15.2,2022-07-04,org.jsoup.parser.TokeniserState$Anonymous3,5,1,0,3,0,8,19
jsoup-1.15.2,2022-07-04,org.jsoup.parser.TokeniserState$Anonymous2,1,1,0,3,0,1,5
jsoup-1.15.2,2022-07-04,org.jsoup.parser.TokeniserState$Anonymous5,1,1,0,3,0,1,5
jsoup-1.15.2,2022-07-04,org.jsoup.parser.TokeniserState$Anonymous4,1,1,0,3,0,1,5
jsoup-1.15.2,2022-07-04,org.jsoup.internal.StringUtil$Anonymous1,1,1,0,0,0,0,5
jsoup-1.15.2,2022-07-04,org.jsoup.examples.ListLinks,9,1,0,8,3,16,31
jsoup-1.15.2,2022-07-04,org.jsoup.select.Evaluator$IsNthChild,3,3,0,2,3,1,11
jsoup-1.15.2,2022-07-04,org.jsoup.parser.HtmlTreeBuilderState$Constants,0,1,0,0,0,0,40
jsoup-1.15.2,2022-07-04,org.jsoup.safety.Safelist$TagName,2,2,0,2,1,0,8
jsoup-1.15.2,2022-07-04,org.jsoup.select.Evaluator$Class,3,2,0,2,0,2,12
jsoup-1.15.2,2022-07-04,org.jsoup.nodes.Attributes$Anonymous1,6,1,0,2,0,2,18
jsoup-1.15.2,2022-07-04,org.jsoup.select.StructuralEvaluator$Has,6,3,0,5,1,4,20
jsoup-1.15.2,2022-07-04,org.jsoup.nodes.Node$OuterHtmlVisitor,6,1,0,4,0,5,27
jsoup-1.15.2,2022-07-04,org.jsoup.parser.Token,27,12,10,9,148,4,363
jsoup-1.15.2,2022-07-04,org.jsoup.safety.Cleaner$CleaningVisitor,11,1,0,8,0,9,42
jsoup-1.15.2,2022-07-04,org.jsoup.select.Evaluator$AttributeKeyPair,4,2,0,3,0,7,17
jsoup-1.15.2,2022-07-04,org.jsoup.select.Evaluator$ContainsWholeOwnText,3,2,0,2,0,3,12
jsoup-1.15.2,2022-07-04,org.jsoup.select.Evaluator$IsNthLastOfType,6,3,0,4,3,7,17
jsoup-1.15.2,2022-07-04,org.jsoup.parser.Tag,51,1,0,4,34,14,160
jsoup-1.15.2,2022-07-04,org.jsoup.parser.Token$Character,5,2,0,2,4,2,22
jsoup-1.15.2,2022-07-04,org.jsoup.select.Evaluator$IsLastOfType,2,4,0,1,1,0,8
jsoup-1.15.2,2022-07-04,org.jsoup.select.Evaluator$Attribute,3,2,0,3,0,2,12
jsoup-1.15.2,2022-07-04,org.jsoup.internal.StringUtil$StringJoiner,5,1,0,4,0,5,25
jsoup-1.15.2,2022-07-04,org.jsoup.select.NodeFilter$FilterResult,0,1,0,0,0,0,6
jsoup-1.15.2,2022-07-04,org.jsoup.Connection$KeyVal,9,1,0,2,36,0,11
jsoup-1.15.2,2022-07-04,org.jsoup.nodes.Entities,55,1,0,11,56,34,202
jsoup-1.15.2,2022-07-04,org.jsoup.parser.Token$CData,2,3,0,1,1,2,9
jsoup-1.15.2,2022-07-04,org.jsoup.select.Evaluator$AttributeWithValueContaining,3,3,0,4,3,5,11
jsoup-1.15.2,2022-07-04,org.jsoup.select.Elements,110,4,0,17,1540,59,286
jsoup-1.15.2,2022-07-04,org.jsoup.select.Evaluator$AllElements,2,2,0,2,1,0,8
jsoup-1.15.2,2022-07-04,org.jsoup.parser.TokeniserState$Anonymous46,5,1,0,3,0,6,23
jsoup-1.15.2,2022-07-04,org.jsoup.parser.TokeniserState$Anonymous47,4,1,0,3,0,10,18
jsoup-1.15.2,2022-07-04,org.jsoup.parser.TokeniserState$Anonymous48,4,1,0,3,0,6,19
jsoup-1.15.2,2022-07-04,org.jsoup.parser.TokeniserState$Anonymous49,6,1,0,3,0,7,24
jsoup-1.15.2,2022-07-04,org.jsoup.parser.TokeniserState$Anonymous42,3,1,0,2,0,6,17
jsoup-1.15.2,2022-07-04,org.jsoup.nodes.TextNode,31,3,1,10,105,31,70
jsoup-1.15.2,2022-07-04,org.jsoup.parser.TokeniserState$Anonymous43,3,1,0,3,0,6,11
jsoup-1.15.2,2022-07-04,org.jsoup.parser.TokeniserState$Anonymous44,4,1,0,2,0,7,20
jsoup-1.15.2,2022-07-04,org.jsoup.select.Evaluator$AttributeWithValue,3,3,0,3,3,5,11
jsoup-1.15.2,2022-07-04,org.jsoup.parser.TokeniserState$Anonymous45,5,1,0,3,0,7,23
jsoup-1.15.2,2022-07-04,org.jsoup.select.Evaluator$AttributeWithValueNot,3,3,0,3,3,3,11
jsoup-1.15.2,2022-07-04,org.jsoup.parser.ParseErrorList,8,4,0,2,1,2,28
jsoup-1.15.2,2022-07-04,org.jsoup.nodes.Element$Anonymous1,12,1,0,4,1,8,18
jsoup-1.15.2,2022-07-04,org.jsoup.SerializationException,4,4,0,0,6,0,14
jsoup-1.15.2,2022-07-04,org.jsoup.select.CombiningEvaluator$Or,9,3,0,5,15,7,28
jsoup-1.15.2,2022-07-04,org.jsoup.select.Evaluator$ContainsText,3,2,0,4,0,5,12
jsoup-1.15.2,2022-07-04,org.jsoup.Connection$Base,18,1,0,4,153,0,20
jsoup-1.15.2,2022-07-04,org.jsoup.parser.TokeniserState$Anonymous50,5,1,0,3,0,7,23
jsoup-1.15.2,2022-07-04,org.jsoup.parser.TokeniserState$Anonymous51,8,1,0,2,0,6,18
jsoup-1.15.2,2022-07-04,org.jsoup.select.Evaluator$IsNthOfType,7,3,0,4,3,4,18
jsoup-1.15.2,2022-07-04,org.jsoup.select.Evaluator$Id,3,2,0,2,0,3,12
jsoup-1.15.2,2022-07-04,org.jsoup.parser.TokeniserState$Anonymous52,9,1,0,2,0,8,27
jsoup-1.15.2,2022-07-04,org.jsoup.select.StructuralEvaluator$PreviousSibling,6,3,0,3,3,3,17
jsoup-1.15.2,2022-07-04,org.jsoup.parser.TokeniserState$Anonymous57,5,1,0,2,0,6,23
jsoup-1.15.2,2022-07-04,org.jsoup.parser.TokeniserState$Anonymous58,5,1,0,2,0,6,23
jsoup-1.15.2,2022-07-04,org.jsoup.parser.TokeniserState$Anonymous59,10,1,0,2,0,5,26
jsoup-1.15.2,2022-07-04,org.jsoup.examples.HtmlToPlainText$FormattingVisitor,18,1,0,5,4,14,44
jsoup-1.15.2,2022-07-04,org.jsoup.parser.TokeniserState$Anonymous53,10,1,0,2,0,9,26
jsoup-1.15.2,2022-07-04,org.jsoup.select.Collector$Accumulator,5,1,0,5,1,2,18
jsoup-1.15.2,2022-07-04,org.jsoup.select.Collector,3,1,0,9,3,2,58
jsoup-1.15.2,2022-07-04,org.jsoup.parser.TokeniserState$Anonymous54,6,1,0,2,0,10,29
jsoup-1.15.2,2022-07-04,org.jsoup.parser.TokeniserState$Anonymous55,10,1,0,2,0,5,28
jsoup-1.15.2,2022-07-04,org.jsoup.nodes.Attributes$Dataset$DatasetIterator,5,1,0,2,0,9,17
jsoup-1.15.2,2022-07-04,org.jsoup.parser.TokeniserState$Anonymous56,10,1,0,2,0,5,25
jsoup-1.15.2,2022-07-04,org.jsoup.select.StructuralEvaluator$Not,3,3,0,3,3,2,11
jsoup-1.15.2,2022-07-04,org.jsoup.internal.ConstrainableInputStream,28,4,0,3,5,11,72
jsoup-1.15.2,2022-07-04,org.jsoup.parser.CharacterReader,201,1,0,5,0,44,487
jsoup-1.15.2,2022-07-04,org.jsoup.select.Evaluator$IsFirstChild,4,2,0,3,1,2,9
jsoup-1.15.2,2022-07-04,org.jsoup.parser.TokeniserState$Anonymous60,10,1,0,2,0,5,25
jsoup-1.15.2,2022-07-04,org.jsoup.parser.TokeniserState$Anonymous61,10,1,0,2,0,5,28
jsoup-1.15.2,2022-07-04,org.jsoup.parser.TokeniserState$Anonymous62,10,1,0,2,0,5,25
jsoup-1.15.2,2022-07-04,org.jsoup.parser.TokeniserState$Anonymous63,5,1,0,2,0,6,23
jsoup-1.15.2,2022-07-04,org.jsoup.select.StructuralEvaluator$Root,2,2,0,2,0,0,5
jsoup-1.15.2,2022-07-04,org.jsoup.helper.HttpConnection$Response,100,2,0,23,55,150,354
jsoup-1.15.2,2022-07-04,org.jsoup.select.NodeVisitor,2,1,0,1,1,0,5
jsoup-1.15.2,2022-07-04,org.jsoup.safety.Safelist$Protocol,2,2,0,2,1,0,8
jsoup-1.15.2,2022-07-04,org.jsoup.parser.Token$EOF,3,2,0,2,3,1,12
jsoup-1.15.2,2022-07-04,org.jsoup.parser.Token$StartTag,6,3,0,4,6,6,21
jsoup-1.15.2,2022-07-04,org.jsoup.select.Evaluator$AttributeWithValueStarting,3,3,0,4,3,5,11
jsoup-1.15.2,2022-07-04,org.jsoup.nodes.DocumentType,22,3,0,5,19,10,57
jsoup-1.15.2,2022-07-04,org.jsoup.Connection$Request,23,1,0,5,253,0,25
jsoup-1.15.2,2022-07-04,org.jsoup.examples.HtmlToPlainText,7,1,0,10,1,10,71
jsoup-1.15.2,2022-07-04,org.jsoup.HttpStatusException,3,4,0,0,0,0,15
jsoup-1.15.2,2022-07-04,org.jsoup.select.QueryParser,108,1,0,55,0,69,277
jsoup-1.15.2,2022-07-04,org.jsoup.select.Evaluator$MatchesWholeText,3,2,0,2,0,4,13
jsoup-1.15.2,2022-07-04,org.jsoup.parser.HtmlTreeBuilderState$Anonymous23,9,1,0,4,0,12,20
jsoup-1.15.2,2022-07-04,org.jsoup.nodes.NodeUtils,6,1,0,12,3,10,20
jsoup-1.15.2,2022-07-04,org.jsoup.parser.HtmlTreeBuilderState$Anonymous22,7,1,0,4,0,16,21
jsoup-1.15.2,2022-07-04,org.jsoup.select.Evaluator$Matches,3,2,0,2,0,4,13
jsoup-1.15.2,2022-07-04,org.jsoup.parser.HtmlTreeBuilderState$Anonymous24,1,1,0,2,0,0,5
jsoup-1.15.2,2022-07-04,org.jsoup.select.Evaluator$IsOnlyChild,3,2,0,3,1,3,9
jsoup-1.15.2,2022-07-04,org.jsoup.Connection$Method,2,1,0,0,0,0,8
jsoup-1.15.2,2022-07-04,org.jsoup.UncheckedIOException,3,4,0,0,3,1,11
jsoup-1.15.2,2022-07-04,org.jsoup.helper.HttpConnection$Base,61,1,0,10,134,34,181
jsoup-1.15.2,2022-07-04,org.jsoup.parser.TokenQueue,78,1,0,4,0,29,189
jsoup-1.15.2,2022-07-04,org.jsoup.parser.ParseSettings,13,1,0,4,0,3,42
jsoup-1.15.2,2022-07-04,org.jsoup.select.NodeFilter,2,1,0,2,1,0,12
jsoup-1.15.2,2022-07-04,org.jsoup.parser.HtmlTreeBuilderState$Anonymous21,11,1,0,4,0,17,30
jsoup-1.15.2,2022-07-04,org.jsoup.parser.HtmlTreeBuilderState$Anonymous20,16,1,0,6,0,22,50
jsoup-1.15.2,2022-07-04,org.jsoup.select.Evaluator$MatchesWholeOwnText,3,2,0,2,0,4,13
jsoup-1.15.2,2022-07-04,org.jsoup.parser.HtmlTreeBuilderState$Anonymous12,16,1,0,8,1,16,55
jsoup-1.15.2,2022-07-04,org.jsoup.parser.HtmlTreeBuilderState$Anonymous11,12,1,0,6,0,17,32
jsoup-1.15.2,2022-07-04,org.jsoup.parser.HtmlTreeBuilderState$Anonymous14,15,1,0,8,3,19,64
jsoup-1.15.2,2022-07-04,org.jsoup.parser.HtmlTreeBuilderState$Anonymous13,15,1,0,9,3,20,59
jsoup-1.15.2,2022-07-04,org.jsoup.parser.HtmlTreeBuilderState$Anonymous16,31,1,0,10,1,24,79
jsoup-1.15.2,2022-07-04,org.jsoup.helper.W3CDom$W3CBuilder,23,1,0,16,0,32,89
jsoup-1.15.2,2022-07-04,org.jsoup.parser.HtmlTreeBuilderState$Anonymous15,15,1,0,7,3,18,54
jsoup-1.15.2,2022-07-04,org.jsoup.parser.HtmlTreeBuilderState$Anonymous18,17,1,0,4,0,17,60
jsoup-1.15.2,2022-07-04,org.jsoup.parser.HtmlTreeBuilderState$Anonymous17,6,1,0,4,0,12,22
jsoup-1.15.2,2022-07-04,org.jsoup.parser.HtmlTreeBuilderState$Anonymous19,11,1,0,4,0,22,35
jsoup-1.15.2,2022-07-04,org.jsoup.select.Evaluator$ContainsOwnText,3,2,0,4,0,5,12
jsoup-1.15.2,2022-07-04,org.jsoup.parser.TokeniserState,31,1,0,7,13,27,1345
jsoup-1.15.2,2022-07-04,org.jsoup.select.Evaluator$IndexLessThan,5,3,0,2,3,2,11
jsoup-1.15.2,2022-07-04,org.jsoup.nodes.Entities$EscapeMode,8,1,0,2,4,3,25
jsoup-1.15.2,2022-07-04,org.jsoup.select.Evaluator$MatchText,4,2,0,6,1,7,15
jsoup-1.15.2,2022-07-04,org.jsoup.parser.HtmlTreeBuilderState$Anonymous10,7,1,0,7,0,19,36
jsoup-1.15.2,2022-07-04,org.jsoup.safety.Cleaner$ElementMeta,1,1,0,1,0,0,8
jsoup-1.15.2,2022-07-04,org.jsoup.select.Evaluator,2,58,58,7,1,0,503
jsoup-1.15.2,2022-07-04,org.jsoup.Connection,37,1,0,9,666,0,115
jsoup-1.15.2,2022-07-04,org.jsoup.select.Evaluator$IsRoot,4,2,0,3,1,1,9
jsoup-1.15.2,2022-07-04,org.jsoup.nodes.CDataNode,7,4,0,4,15,3,25
jsoup-1.15.2,2022-07-04,org.jsoup.select.StructuralEvaluator$Parent,7,3,0,3,3,3,18
jsoup-1.15.2,2022-07-04,org.jsoup.select.Evaluator$IsLastChild,4,2,0,3,1,4,9
jsoup-1.15.2,2022-07-04,org.jsoup.select.Evaluator$IsNthLastChild,4,3,0,2,3,4,12
jsoup-1.15.2,2022-07-04,org.jsoup.parser.Token$TokenType,0,1,0,0,0,0,1
jsoup-1.15.2,2022-07-04,org.jsoup.nodes.Attribute,48,1,0,11,0,36,131
jsoup-1.15.3,2022-08-24,org.jsoup.nodes.Document$QuirksMode,0,1,0,0,0,0,1
jsoup-1.15.3,2022-08-24,org.jsoup.helper.DataUtil,70,1,0,20,72,69,189
jsoup-1.15.3,2022-08-24,org.jsoup.select.StructuralEvaluator$ImmediateParent,5,3,0,3,3,3,13
jsoup-1.15.3,2022-08-24,org.jsoup.helper.ChangeNotifyingArrayList,13,4,0,2,78,12,50
jsoup-1.15.3,2022-08-24,org.jsoup.Connection$Response,10,1,0,5,45,0,12
jsoup-1.15.3,2022-08-24,org.jsoup.nodes.Range,17,1,0,5,0,9,80
jsoup-1.15.3,2022-08-24,org.jsoup.select.Evaluator$IndexEvaluator,1,2,0,1,0,0,6
jsoup-1.15.3,2022-08-24,org.jsoup.select.Evaluator$IsOnlyOfType,7,2,0,5,1,4,15
jsoup-1.15.3,2022-08-24,org.jsoup.select.Evaluator$ContainsWholeText,3,2,0,2,0,3,12
jsoup-1.15.3,2022-08-24,org.jsoup.nodes.Entities$CoreCharset,3,1,0,1,0,2,6
jsoup-1.15.3,2022-08-24,org.jsoup.safety.Cleaner,12,1,0,16,13,27,100
jsoup-1.15.3,2022-08-24,org.jsoup.nodes.Element,270,6,3,50,8669,176,802
jsoup-1.15.3,2022-08-24,org.jsoup.helper.HttpConnection,63,3,0,16,0,53,987
jsoup-1.15.3,2022-08-24,org.jsoup.select.NodeTraversor,34,1,0,7,6,14,88
jsoup-1.15.3,2022-08-24,org.jsoup.safety.Safelist$AttributeKey,2,2,0,2,1,0,8
jsoup-1.15.3,2022-08-24,org.jsoup.select.Evaluator$MatchesOwn,3,2,0,2,0,4,13
jsoup-1.15.3,2022-08-24,org.jsoup.select.CombiningEvaluator$And,6,3,0,4,6,4,18
jsoup-1.15.3,2022-08-24,org.jsoup.parser.Token$EndTag,2,3,0,1,1,1,9
jsoup-1.15.3,2022-08-24,org.jsoup.helper.HttpConnection$Request,30,2,0,7,227,11,138
jsoup-1.15.3,2022-08-24,org.jsoup.nodes.Document,61,3,0,21,397,57,304
jsoup-1.15.3,2022-08-24,org.jsoup.Jsoup,20,1,0,12,190,19,70
jsoup-1.15.3,2022-08-24,org.jsoup.parser.HtmlTreeBuilder,226,2,0,28,3587,105,637
jsoup-1.15.3,2022-08-24,org.jsoup.nodes.FormElement,23,3,0,13,9,28,61
jsoup-1.15.3,2022-08-24,org.jsoup.UnsupportedMimeTypeException,4,4,0,0,0,1,18
jsoup-1.15.3,2022-08-24,org.jsoup.select.StructuralEvaluator,0,15,12,2,0,0,100
jsoup-1.15.3,2022-08-24,org.jsoup.nodes.EntitiesData,1,1,0,0,0,0,10
jsoup-1.15.3,2022-08-24,org.jsoup.select.Evaluator$IndexEquals,4,3,0,2,3,2,11
jsoup-1.15.3,2022-08-24,org.jsoup.select.Selector$SelectorParseException,2,5,0,0,1,1,8
jsoup-1.15.3,2022-08-24,org.jsoup.parser.Token$Tag,42,2,0,8,123,22,142
jsoup-1.15.3,2022-08-24,org.jsoup.nodes.XmlDeclaration,15,3,0,9,34,17,52
jsoup-1.15.3,2022-08-24,org.jsoup.parser.Token$Doctype,8,2,0,2,18,4,37
jsoup-1.15.3,2022-08-24,org.jsoup.select.Evaluator$TagEndsWith,3,2,0,2,0,3,12
jsoup-1.15.3,2022-08-24,org.jsoup.helper.CookieUtil,14,1,0,5,6,23,48
jsoup-1.15.3,2022-08-24,org.jsoup.select.Evaluator$Tag,3,2,0,2,0,3,12
jsoup-1.15.3,2022-08-24,org.jsoup.nodes.Document$OutputSettings$Syntax,0,1,0,0,0,0,1
jsoup-1.15.3,2022-08-24,org.jsoup.internal.StringUtil,72,1,0,4,198,53,188
jsoup-1.15.3,2022-08-24,org.jsoup.parser.TokeniserState$Anonymous24,6,1,0,2,0,6,25
jsoup-1.15.3,2022-08-24,org.jsoup.parser.TokeniserState$Anonymous25,3,1,0,2,0,9,19
jsoup-1.15.3,2022-08-24,org.jsoup.parser.TokeniserState$Anonymous26,2,1,0,3,0,8,14
jsoup-1.15.3,2022-08-24,org.jsoup.parser.TokeniserState$Anonymous27,1,1,0,3,0,1,5
jsoup-1.15.3,2022-08-24,org.jsoup.parser.TokeniserState$Anonymous20,2,1,0,2,0,4,11
jsoup-1.15.3,2022-08-24,org.jsoup.parser.TokeniserState$Anonymous21,2,1,0,2,0,4,11
jsoup-1.15.3,2022-08-24,org.jsoup.parser.TokeniserState$Anonymous22,5,1,0,2,0,10,22
jsoup-1.15.3,2022-08-24,org.jsoup.parser.TokeniserState$Anonymous23,5,1,0,2,0,6,23
jsoup-1.15.3,2022-08-24,org.jsoup.parser.Tokeniser,85,1,0,18,191,61,269
jsoup-1.15.3,2022-08-24,org.jsoup.nodes.Comment,19,3,0,13,55,31,48
jsoup-1.15.3,2022-08-24,org.jsoup.select.Evaluator$IndexGreaterThan,4,3,0,2,3,2,11
jsoup-1.15.3,2022-08-24,org.jsoup.nodes.LeafNode,24,2,5,3,78,17,71
jsoup-1.15.3,2022-08-24,org.jsoup.parser.TokeniserState$Anonymous28,1,1,0,3,0,1,5
jsoup-1.15.3,2022-08-24,org.jsoup.parser.TokeniserState$Anonymous29,5,1,0,2,0,9,22
jsoup-1.15.3,2022-08-24,org.jsoup.select.Selector,13,5,0,9,15,9,55
jsoup-1.15.3,2022-08-24,org.jsoup.select.Evaluator$AttributeWithValueEnding,3,3,0,4,3,5,11
jsoup-1.15.3,2022-08-24,org.jsoup.select.StructuralEvaluator$ImmediatePreviousSibling,5,3,0,3,3,3,13
jsoup-1.15.3,2022-08-24,org.jsoup.select.Collector$FirstFinder,6,1,0,7,2,2,27
jsoup-1.15.3,2022-08-24,org.jsoup.parser.TokeniserState$Anonymous30,5,1,0,2,0,5,22
jsoup-1.15.3,2022-08-24,org.jsoup.safety.Safelist$AttributeValue,2,2,0,2,1,0,8
jsoup-1.15.3,2022-08-24,org.jsoup.helper.HttpConnection$KeyVal,14,1,0,4,10,4,56
jsoup-1.15.3,2022-08-24,org.jsoup.parser.HtmlTreeBuilderState$Anonymous5,16,1,0,7,1,18,33
jsoup-1.15.3,2022-08-24,org.jsoup.parser.TokeniserState$Anonymous35,13,1,0,3,0,8,25
jsoup-1.15.3,2022-08-24,org.jsoup.parser.HtmlTreeBuilderState$Anonymous4,23,1,0,12,1,36,90
jsoup-1.15.3,2022-08-24,org.jsoup.parser.TokeniserState$Anonymous36,14,1,0,3,0,8,30
jsoup-1.15.3,2022-08-24,org.jsoup.parser.HtmlTreeBuilderState$Anonymous7,208,1,0,18,10,99,540
jsoup-1.15.3,2022-08-24,org.jsoup.parser.TokeniserState$Anonymous37,15,1,0,3,0,7,33
jsoup-1.15.3,2022-08-24,org.jsoup.helper.Consumer,1,1,0,1,0,0,3
jsoup-1.15.3,2022-08-24,org.jsoup.parser.HtmlTreeBuilderState$Anonymous6,14,1,0,9,1,25,65
jsoup-1.15.3,2022-08-24,org.jsoup.parser.TokeniserState$Anonymous38,7,1,0,4,0,11,23
jsoup-1.15.3,2022-08-24,org.jsoup.parser.HtmlTreeBuilderState$Anonymous1,5,1,0,9,0,19,24
jsoup-1.15.3,2022-08-24,org.jsoup.parser.TokeniserState$Anonymous31,6,1,0,2,0,5,24
jsoup-1.15.3,2022-08-24,org.jsoup.parser.TokeniserState$Anonymous32,2,1,0,2,0,5,12
jsoup-1.15.3,2022-08-24,org.jsoup.parser.HtmlTreeBuilderState$Anonymous3,11,1,0,7,0,21,35
jsoup-1.15.3,2022-08-24,org.jsoup.parser.TokeniserState$Anonymous33,1,1,0,3,0,1,5
jsoup-1.15.3,2022-08-24,org.jsoup.parser.HtmlTreeBuilderState$Anonymous2,10,1,0,6,1,20,34
jsoup-1.15.3,2022-08-24,org.jsoup.parser.TokeniserState$Anonymous34,14,1,0,3,0,8,31
jsoup-1.15.3,2022-08-24,org.jsoup.parser.HtmlTreeBuilderState$Anonymous9,29,1,0,10,1,38,121
jsoup-1.15.3,2022-08-24,org.jsoup.parser.TokeniserState$Anonymous39,7,1,0,4,0,11,23
jsoup-1.15.3,2022-08-24,org.jsoup.parser.HtmlTreeBuilderState$Anonymous8,4,1,0,2,0,10,18
jsoup-1.15.3,2022-08-24,org.jsoup.nodes.Node,134,1,2,19,1852,87,401
jsoup-1.15.3,2022-08-24,org.jsoup.safety.Safelist$TypedValue,9,1,0,2,0,4,26
jsoup-1.15.3,2022-08-24,org.jsoup.helper.DataUtil$BomCharset,1,1,0,0,0,0,8
jsoup-1.15.3,2022-08-24,org.jsoup.parser.HtmlTreeBuilderState,6,1,0,6,10,9,1647
jsoup-1.15.3,2022-08-24,org.jsoup.select.Evaluator$AttributeStarting,5,2,0,6,0,7,17
jsoup-1.15.3,2022-08-24,org.jsoup.parser.TokeniserState$Anonymous40,17,1,0,4,0,11,28
jsoup-1.15.3,2022-08-24,org.jsoup.nodes.DataNode,8,3,0,4,28,6,26
jsoup-1.15.3,2022-08-24,org.jsoup.parser.TokeniserState$Anonymous41,9,1,0,2,0,6,20
jsoup-1.15.3,2022-08-24,org.jsoup.nodes.Attributes,100,2,0,12,173,44,308
jsoup-1.15.3,2022-08-24,org.jsoup.helper.W3CDom,38,1,0,19,135,57,227
jsoup-1.15.3,2022-08-24,org.jsoup.parser.XmlTreeBuilder,34,2,0,24,105,51,106
jsoup-1.15.3,2022-08-24,org.jsoup.nodes.Document$OutputSettings,23,1,0,6,133,14,91
jsoup-1.15.3,2022-08-24,org.jsoup.select.CombiningEvaluator,6,6,4,3,0,5,68
jsoup-1.15.3,2022-08-24,org.jsoup.select.Evaluator$ContainsData,3,2,0,3,0,4,12
jsoup-1.15.3,2022-08-24,org.jsoup.internal.Normalizer,5,1,0,1,3,4,11
jsoup-1.15.3,2022-08-24,org.jsoup.nodes.Attributes$Dataset$EntrySet,3,3,0,1,1,1,11
jsoup-1.15.3,2022-08-24,org.jsoup.nodes.Attributes$Dataset,4,4,0,2,1,4,43
jsoup-1.15.3,2022-08-24,org.jsoup.parser.TokeniserState$Anonymous13,13,1,0,4,1,12,32
jsoup-1.15.3,2022-08-24,org.jsoup.parser.TokeniserState$Anonymous14,2,1,0,2,0,5,12
jsoup-1.15.3,2022-08-24,org.jsoup.helper.Validate,34,1,0,3,136,3,54
jsoup-1.15.3,2022-08-24,org.jsoup.parser.TokeniserState$Anonymous15,1,1,0,3,0,1,5
jsoup-1.15.3,2022-08-24,org.jsoup.parser.TokeniserState$Anonymous16,1,1,0,3,0,1,5
jsoup-1.15.3,2022-08-24,org.jsoup.parser.TokeniserState$Anonymous10,11,1,0,3,0,9,24
jsoup-1.15.3,2022-08-24,org.jsoup.parser.TokeniserState$Anonymous11,5,1,0,3,0,12,17
jsoup-1.15.3,2022-08-24,org.jsoup.parser.TokeniserState$Anonymous12,2,1,0,3,0,8,14
jsoup-1.15.3,2022-08-24,org.jsoup.parser.TokeniserState$Anonymous17,4,1,0,2,0,6,19
jsoup-1.15.3,2022-08-24,org.jsoup.parser.TokeniserState$Anonymous18,1,1,0,3,0,1,5
jsoup-1.15.3,2022-08-24,org.jsoup.parser.TokeniserState$Anonymous19,1,1,0,3,0,1,5
jsoup-1.15.3,2022-08-24,org.jsoup.select.Evaluator$CssNthEvaluator,13,2,0,4,3,4,24
jsoup-1.15.3,2022-08-24,org.jsoup.parser.Token$Comment,10,2,0,2,1,8,42
jsoup-1.15.3,2022-08-24,org.jsoup.select.Evaluator$IsFirstOfType,2,4,0,1,1,0,8
jsoup-1.15.3,2022-08-24,org.jsoup.nodes.Element$NodeList,2,5,0,3,0,1,10
jsoup-1.15.3,2022-08-24,org.jsoup.examples.Wikipedia,3,1,0,7,1,9,13
jsoup-1.15.3,2022-08-24,org.jsoup.parser.ParseError,8,1,0,1,0,4,37
jsoup-1.15.3,2022-08-24,org.jsoup.safety.Safelist,62,5,0,12,76,77,312
jsoup-1.15.3,2022-08-24,org.jsoup.parser.TokeniserState$Anonymous64,5,1,0,2,0,6,23
jsoup-1.15.3,2022-08-24,org.jsoup.parser.TokeniserState$Anonymous65,8,1,0,2,0,5,18
jsoup-1.15.3,2022-08-24,org.jsoup.parser.TreeBuilder,32,1,2,22,115,35,121
jsoup-1.15.3,2022-08-24,org.jsoup.parser.TokeniserState$Anonymous66,3,1,0,2,0,3,14
jsoup-1.15.3,2022-08-24,org.jsoup.parser.TokeniserState$Anonymous67,3,1,0,3,0,7,10
jsoup-1.15.3,2022-08-24,org.jsoup.nodes.PseudoTextElement,3,3,0,4,3,0,9
jsoup-1.15.3,2022-08-24,org.jsoup.parser.TokeniserState$Anonymous1,5,1,0,3,0,8,18
jsoup-1.15.3,2022-08-24,org.jsoup.parser.Parser,28,1,0,11,126,18,105
jsoup-1.15.3,2022-08-24,org.jsoup.select.Evaluator$IsEmpty,6,2,0,6,1,1,12
jsoup-1.15.3,2022-08-24,org.jsoup.parser.TokeniserState$Anonymous7,3,1,0,3,0,7,15
jsoup-1.15.3,2022-08-24,org.jsoup.parser.TokeniserState$Anonymous6,1,1,0,3,0,1,5
jsoup-1.15.3,2022-08-24,org.jsoup.parser.TokeniserState$Anonymous9,4,1,0,3,0,11,23
jsoup-1.15.3,2022-08-24,org.jsoup.select.Evaluator$AttributeWithValueMatching,3,2,0,4,0,7,14
jsoup-1.15.3,2022-08-24,org.jsoup.parser.TokeniserState$Anonymous8,5,1,0,2,0,8,23
jsoup-1.15.3,2022-08-24,org.jsoup.nodes.Range$Position,15,1,0,1,0,1,37
jsoup-1.15.3,2022-08-24,org.jsoup.parser.TokeniserState$Anonymous3,5,1,0,3,0,8,19
jsoup-1.15.3,2022-08-24,org.jsoup.parser.TokeniserState$Anonymous2,1,1,0,3,0,1,5
jsoup-1.15.3,2022-08-24,org.jsoup.parser.TokeniserState$Anonymous5,1,1,0,3,0,1,5
jsoup-1.15.3,2022-08-24,org.jsoup.parser.TokeniserState$Anonymous4,1,1,0,3,0,1,5
jsoup-1.15.3,2022-08-24,org.jsoup.internal.StringUtil$Anonymous1,1,1,0,0,0,0,5
jsoup-1.15.3,2022-08-24,org.jsoup.examples.ListLinks,9,1,0,8,3,16,31
jsoup-1.15.3,2022-08-24,org.jsoup.select.Evaluator$IsNthChild,3,3,0,2,3,1,11
jsoup-1.15.3,2022-08-24,org.jsoup.parser.HtmlTreeBuilderState$Constants,0,1,0,0,0,0,40
jsoup-1.15.3,2022-08-24,org.jsoup.safety.Safelist$TagName,2,2,0,2,1,0,8
jsoup-1.15.3,2022-08-24,org.jsoup.select.Evaluator$Class,3,2,0,2,0,2,12
jsoup-1.15.3,2022-08-24,org.jsoup.nodes.Attributes$Anonymous1,6,1,0,2,0,2,18
jsoup-1.15.3,2022-08-24,org.jsoup.select.StructuralEvaluator$Has,6,3,0,5,1,4,20
jsoup-1.15.3,2022-08-24,org.jsoup.nodes.Node$OuterHtmlVisitor,6,1,0,4,0,5,27
jsoup-1.15.3,2022-08-24,org.jsoup.parser.Token,27,12,10,9,148,4,363
jsoup-1.15.3,2022-08-24,org.jsoup.safety.Cleaner$CleaningVisitor,11,1,0,8,0,9,42
jsoup-1.15.3,2022-08-24,org.jsoup.select.Evaluator$AttributeKeyPair,4,2,0,3,0,7,17
jsoup-1.15.3,2022-08-24,org.jsoup.select.Evaluator$ContainsWholeOwnText,3,2,0,2,0,3,12
jsoup-1.15.3,2022-08-24,org.jsoup.select.Evaluator$IsNthLastOfType,6,3,0,4,3,7,17
jsoup-1.15.3,2022-08-24,org.jsoup.parser.Tag,51,1,0,4,34,14,160
jsoup-1.15.3,2022-08-24,org.jsoup.parser.Token$Character,5,2,0,2,4,2,22
jsoup-1.15.3,2022-08-24,org.jsoup.select.Evaluator$IsLastOfType,2,4,0,1,1,0,8
jsoup-1.15.3,2022-08-24,org.jsoup.select.Evaluator$Attribute,3,2,0,3,0,2,12
jsoup-1.15.3,2022-08-24,org.jsoup.internal.StringUtil$StringJoiner,5,1,0,4,0,5,25
jsoup-1.15.3,2022-08-24,org.jsoup.select.NodeFilter$FilterResult,0,1,0,0,0,0,6
jsoup-1.15.3,2022-08-24,org.jsoup.Connection$KeyVal,9,1,0,2,36,0,11
jsoup-1.15.3,2022-08-24,org.jsoup.nodes.Entities,55,1,0,11,56,34,202
jsoup-1.15.3,2022-08-24,org.jsoup.parser.Token$CData,2,3,0,1,1,2,9
jsoup-1.15.3,2022-08-24,org.jsoup.select.Evaluator$AttributeWithValueContaining,3,3,0,4,3,5,11
jsoup-1.15.3,2022-08-24,org.jsoup.select.Elements,110,4,0,17,1540,59,286
jsoup-1.15.3,2022-08-24,org.jsoup.select.Evaluator$AllElements,2,2,0,2,1,0,8
jsoup-1.15.3,2022-08-24,org.jsoup.parser.TokeniserState$Anonymous46,5,1,0,3,0,6,23
jsoup-1.15.3,2022-08-24,org.jsoup.parser.TokeniserState$Anonymous47,4,1,0,3,0,10,18
jsoup-1.15.3,2022-08-24,org.jsoup.parser.TokeniserState$Anonymous48,4,1,0,3,0,6,19
jsoup-1.15.3,2022-08-24,org.jsoup.parser.TokeniserState$Anonymous49,6,1,0,3,0,7,24
jsoup-1.15.3,2022-08-24,org.jsoup.parser.TokeniserState$Anonymous42,3,1,0,2,0,6,17
jsoup-1.15.3,2022-08-24,org.jsoup.nodes.TextNode,31,3,1,10,105,31,70
jsoup-1.15.3,2022-08-24,org.jsoup.parser.TokeniserState$Anonymous43,3,1,0,3,0,6,11
jsoup-1.15.3,2022-08-24,org.jsoup.parser.TokeniserState$Anonymous44,4,1,0,2,0,7,20
jsoup-1.15.3,2022-08-24,org.jsoup.select.Evaluator$AttributeWithValue,3,3,0,3,3,5,11
jsoup-1.15.3,2022-08-24,org.jsoup.parser.TokeniserState$Anonymous45,5,1,0,3,0,7,23
jsoup-1.15.3,2022-08-24,org.jsoup.select.Evaluator$AttributeWithValueNot,3,3,0,3,3,3,11
jsoup-1.15.3,2022-08-24,org.jsoup.parser.ParseErrorList,8,4,0,2,1,2,28
jsoup-1.15.3,2022-08-24,org.jsoup.nodes.Element$Anonymous1,12,1,0,4,1,8,18
jsoup-1.15.3,2022-08-24,org.jsoup.SerializationException,4,4,0,0,6,0,14
jsoup-1.15.3,2022-08-24,org.jsoup.select.CombiningEvaluator$Or,9,3,0,5,15,7,28
jsoup-1.15.3,2022-08-24,org.jsoup.select.Evaluator$ContainsText,3,2,0,4,0,5,12
jsoup-1.15.3,2022-08-24,org.jsoup.Connection$Base,18,1,0,4,153,0,20
jsoup-1.15.3,2022-08-24,org.jsoup.parser.TokeniserState$Anonymous50,5,1,0,3,0,7,23
jsoup-1.15.3,2022-08-24,org.jsoup.parser.TokeniserState$Anonymous51,8,1,0,2,0,6,18
jsoup-1.15.3,2022-08-24,org.jsoup.select.Evaluator$IsNthOfType,7,3,0,4,3,4,18
jsoup-1.15.3,2022-08-24,org.jsoup.select.Evaluator$Id,3,2,0,2,0,3,12
jsoup-1.15.3,2022-08-24,org.jsoup.parser.TokeniserState$Anonymous52,9,1,0,2,0,8,27
jsoup-1.15.3,2022-08-24,org.jsoup.select.StructuralEvaluator$PreviousSibling,6,3,0,3,3,3,17
jsoup-1.15.3,2022-08-24,org.jsoup.parser.TokeniserState$Anonymous57,5,1,0,2,0,6,23
jsoup-1.15.3,2022-08-24,org.jsoup.parser.TokeniserState$Anonymous58,5,1,0,2,0,6,23
jsoup-1.15.3,2022-08-24,org.jsoup.parser.TokeniserState$Anonymous59,10,1,0,2,0,5,26
jsoup-1.15.3,2022-08-24,org.jsoup.examples.HtmlToPlainText$FormattingVisitor,18,1,0,5,4,14,44
jsoup-1.15.3,2022-08-24,org.jsoup.parser.TokeniserState$Anonymous53,10,1,0,2,0,9,26
jsoup-1.15.3,2022-08-24,org.jsoup.select.Collector$Accumulator,5,1,0,5,1,2,18
jsoup-1.15.3,2022-08-24,org.jsoup.select.Collector,3,1,0,9,3,2,58
jsoup-1.15.3,2022-08-24,org.jsoup.parser.TokeniserState$Anonymous54,6,1,0,2,0,10,29
jsoup-1.15.3,2022-08-24,org.jsoup.parser.TokeniserState$Anonymous55,10,1,0,2,0,5,28
jsoup-1.15.3,2022-08-24,org.jsoup.helper.ValidationException,4,5,0,2,1,8,17
jsoup-1.15.3,2022-08-24,org.jsoup.nodes.Attributes$Dataset$DatasetIterator,5,1,0,2,0,9,17
jsoup-1.15.3,2022-08-24,org.jsoup.parser.TokeniserState$Anonymous56,10,1,0,2,0,5,25
jsoup-1.15.3,2022-08-24,org.jsoup.select.StructuralEvaluator$Not,3,3,0,3,3,2,11
jsoup-1.15.3,2022-08-24,org.jsoup.internal.ConstrainableInputStream,29,4,0,3,0,12,74
jsoup-1.15.3,2022-08-24,org.jsoup.parser.CharacterReader,201,1,0,5,0,44,487
jsoup-1.15.3,2022-08-24,org.jsoup.select.Evaluator$IsFirstChild,4,2,0,3,1,2,9
jsoup-1.15.3,2022-08-24,org.jsoup.parser.TokeniserState$Anonymous60,10,1,0,2,0,5,25
jsoup-1.15.3,2022-08-24,org.jsoup.parser.TokeniserState$Anonymous61,10,1,0,2,0,5,28
jsoup-1.15.3,2022-08-24,org.jsoup.parser.TokeniserState$Anonymous62,10,1,0,2,0,5,25
jsoup-1.15.3,2022-08-24,org.jsoup.parser.TokeniserState$Anonymous63,5,1,0,2,0,6,23
jsoup-1.15.3,2022-08-24,org.jsoup.select.StructuralEvaluator$Root,2,2,0,2,0,0,5
jsoup-1.15.3,2022-08-24,org.jsoup.helper.HttpConnection$Response,100,2,0,23,55,151,354
jsoup-1.15.3,2022-08-24,org.jsoup.select.NodeVisitor,2,1,0,1,1,0,5
jsoup-1.15.3,2022-08-24,org.jsoup.safety.Safelist$Protocol,2,2,0,2,1,0,8
jsoup-1.15.3,2022-08-24,org.jsoup.parser.Token$EOF,3,2,0,2,3,1,12
jsoup-1.15.3,2022-08-24,org.jsoup.parser.Token$StartTag,6,3,0,4,6,6,21
jsoup-1.15.3,2022-08-24,org.jsoup.select.Evaluator$AttributeWithValueStarting,3,3,0,4,3,5,11
jsoup-1.15.3,2022-08-24,org.jsoup.nodes.DocumentType,22,3,0,5,19,10,57
jsoup-1.15.3,2022-08-24,org.jsoup.Connection$Request,23,1,0,5,253,0,25
jsoup-1.15.3,2022-08-24,org.jsoup.examples.HtmlToPlainText,7,1,0,10,1,10,71
jsoup-1.15.3,2022-08-24,org.jsoup.HttpStatusException,3,4,0,0,0,0,15
jsoup-1.15.3,2022-08-24,org.jsoup.select.QueryParser,108,1,0,55,0,69,277
jsoup-1.15.3,2022-08-24,org.jsoup.select.Evaluator$MatchesWholeText,3,2,0,2,0,4,13
jsoup-1.15.3,2022-08-24,org.jsoup.parser.HtmlTreeBuilderState$Anonymous23,9,1,0,4,0,12,20
jsoup-1.15.3,2022-08-24,org.jsoup.nodes.NodeUtils,6,1,0,12,3,10,20
jsoup-1.15.3,2022-08-24,org.jsoup.parser.HtmlTreeBuilderState$Anonymous22,7,1,0,4,0,16,21
jsoup-1.15.3,2022-08-24,org.jsoup.select.Evaluator$Matches,3,2,0,2,0,4,13
jsoup-1.15.3,2022-08-24,org.jsoup.parser.HtmlTreeBuilderState$Anonymous24,1,1,0,2,0,0,5
jsoup-1.15.3,2022-08-24,org.jsoup.select.Evaluator$IsOnlyChild,3,2,0,3,1,3,9
jsoup-1.15.3,2022-08-24,org.jsoup.Connection$Method,2,1,0,0,0,0,8
jsoup-1.15.3,2022-08-24,org.jsoup.UncheckedIOException,3,4,0,0,3,1,11
jsoup-1.15.3,2022-08-24,org.jsoup.helper.HttpConnection$Base,61,1,0,10,134,34,181
jsoup-1.15.3,2022-08-24,org.jsoup.parser.TokenQueue,78,1,0,4,0,29,189
jsoup-1.15.3,2022-08-24,org.jsoup.parser.ParseSettings,13,1,0,4,0,3,42
jsoup-1.15.3,2022-08-24,org.jsoup.select.NodeFilter,2,1,0,2,1,0,12
jsoup-1.15.3,2022-08-24,org.jsoup.parser.HtmlTreeBuilderState$Anonymous21,11,1,0,4,0,17,30
jsoup-1.15.3,2022-08-24,org.jsoup.parser.HtmlTreeBuilderState$Anonymous20,16,1,0,6,0,22,50
jsoup-1.15.3,2022-08-24,org.jsoup.select.Evaluator$MatchesWholeOwnText,3,2,0,2,0,4,13
jsoup-1.15.3,2022-08-24,org.jsoup.parser.HtmlTreeBuilderState$Anonymous12,16,1,0,8,1,16,55
jsoup-1.15.3,2022-08-24,org.jsoup.parser.HtmlTreeBuilderState$Anonymous11,12,1,0,6,0,17,32
jsoup-1.15.3,2022-08-24,org.jsoup.parser.HtmlTreeBuilderState$Anonymous14,15,1,0,8,3,19,64
jsoup-1.15.3,2022-08-24,org.jsoup.parser.HtmlTreeBuilderState$Anonymous13,15,1,0,9,3,20,59
jsoup-1.15.3,2022-08-24,org.jsoup.parser.HtmlTreeBuilderState$Anonymous16,31,1,0,10,1,24,79
jsoup-1.15.3,2022-08-24,org.jsoup.helper.W3CDom$W3CBuilder,23,1,0,16,0,32,89
jsoup-1.15.3,2022-08-24,org.jsoup.parser.HtmlTreeBuilderState$Anonymous15,15,1,0,7,3,18,54
jsoup-1.15.3,2022-08-24,org.jsoup.parser.HtmlTreeBuilderState$Anonymous18,17,1,0,4,0,17,60
jsoup-1.15.3,2022-08-24,org.jsoup.parser.HtmlTreeBuilderState$Anonymous17,6,1,0,4,0,12,22
jsoup-1.15.3,2022-08-24,org.jsoup.parser.HtmlTreeBuilderState$Anonymous19,11,1,0,4,0,22,35
jsoup-1.15.3,2022-08-24,org.jsoup.select.Evaluator$ContainsOwnText,3,2,0,4,0,5,12
jsoup-1.15.3,2022-08-24,org.jsoup.parser.TokeniserState,31,1,0,7,13,27,1345
jsoup-1.15.3,2022-08-24,org.jsoup.select.Evaluator$IndexLessThan,5,3,0,2,3,2,11
jsoup-1.15.3,2022-08-24,org.jsoup.nodes.Entities$EscapeMode,8,1,0,2,4,3,25
jsoup-1.15.3,2022-08-24,org.jsoup.select.Evaluator$MatchText,4,2,0,6,1,7,15
jsoup-1.15.3,2022-08-24,org.jsoup.parser.HtmlTreeBuilderState$Anonymous10,7,1,0,7,0,19,36
jsoup-1.15.3,2022-08-24,org.jsoup.safety.Cleaner$ElementMeta,1,1,0,1,0,0,8
jsoup-1.15.3,2022-08-24,org.jsoup.select.Evaluator,2,58,58,7,1,0,503
jsoup-1.15.3,2022-08-24,org.jsoup.Connection,37,1,0,9,666,0,115
jsoup-1.15.3,2022-08-24,org.jsoup.select.Evaluator$IsRoot,4,2,0,3,1,1,9
jsoup-1.15.3,2022-08-24,org.jsoup.nodes.CDataNode,7,4,0,4,15,3,25
jsoup-1.15.3,2022-08-24,org.jsoup.select.StructuralEvaluator$Parent,7,3,0,3,3,3,18
jsoup-1.15.3,2022-08-24,org.jsoup.select.Evaluator$IsLastChild,4,2,0,3,1,4,9
jsoup-1.15.3,2022-08-24,org.jsoup.select.Evaluator$IsNthLastChild,4,3,0,2,3,4,12
jsoup-1.15.3,2022-08-24,org.jsoup.parser.Token$TokenType,0,1,0,0,0,0,1
jsoup-1.15.3,2022-08-24,org.jsoup.nodes.Attribute,48,1,0,11,0,36,131
jsoup-1.15.4,2023-02-18,org.jsoup.nodes.Document$QuirksMode,0,1,0,0,0,0,1
jsoup-1.15.4,2023-02-18,org.jsoup.helper.DataUtil,70,1,0,20,72,69,189
jsoup-1.15.4,2023-02-18,org.jsoup.select.StructuralEvaluator$ImmediateParent,5,3,0,3,3,3,13
jsoup-1.15.4,2023-02-18,org.jsoup.helper.ChangeNotifyingArrayList,13,4,0,2,78,12,50
jsoup-1.15.4,2023-02-18,org.jsoup.Connection$Response,10,1,0,5,45,0,12
jsoup-1.15.4,2023-02-18,org.jsoup.nodes.Range,17,1,0,5,0,9,80
jsoup-1.15.4,2023-02-18,org.jsoup.select.Evaluator$IndexEvaluator,1,2,0,1,0,0,6
jsoup-1.15.4,2023-02-18,org.jsoup.select.Evaluator$IsOnlyOfType,7,2,0,5,1,4,15
jsoup-1.15.4,2023-02-18,org.jsoup.select.Evaluator$ContainsWholeText,3,2,0,2,0,3,12
jsoup-1.15.4,2023-02-18,org.jsoup.nodes.Entities$CoreCharset,3,1,0,1,0,2,6
jsoup-1.15.4,2023-02-18,org.jsoup.safety.Cleaner,12,1,0,16,13,27,100
jsoup-1.15.4,2023-02-18,org.jsoup.nodes.Element,263,6,3,53,8528,180,802
jsoup-1.15.4,2023-02-18,org.jsoup.helper.HttpConnection,63,3,0,16,0,57,983
jsoup-1.15.4,2023-02-18,org.jsoup.select.NodeTraversor,34,1,0,7,6,14,88
jsoup-1.15.4,2023-02-18,org.jsoup.safety.Safelist$AttributeKey,2,2,0,2,1,0,8
jsoup-1.15.4,2023-02-18,org.jsoup.select.Evaluator$MatchesOwn,3,2,0,2,0,4,13
jsoup-1.15.4,2023-02-18,org.jsoup.select.CombiningEvaluator$And,6,3,0,4,6,4,18
jsoup-1.15.4,2023-02-18,org.jsoup.parser.Token$EndTag,2,3,0,1,1,1,9
jsoup-1.15.4,2023-02-18,org.jsoup.helper.HttpConnection$Request,30,2,0,7,231,9,136
jsoup-1.15.4,2023-02-18,org.jsoup.nodes.Document,65,3,0,22,460,59,315
jsoup-1.15.4,2023-02-18,org.jsoup.Jsoup,20,1,0,12,190,19,70
jsoup-1.15.4,2023-02-18,org.jsoup.parser.HtmlTreeBuilder,226,2,0,28,3587,105,637
jsoup-1.15.4,2023-02-18,org.jsoup.nodes.FormElement,23,3,0,13,9,28,61
jsoup-1.15.4,2023-02-18,org.jsoup.UnsupportedMimeTypeException,4,4,0,0,0,1,18
jsoup-1.15.4,2023-02-18,org.jsoup.select.StructuralEvaluator,0,15,12,2,0,0,100
jsoup-1.15.4,2023-02-18,org.jsoup.nodes.EntitiesData,1,1,0,0,0,0,10
jsoup-1.15.4,2023-02-18,org.jsoup.select.Evaluator$IndexEquals,4,3,0,2,3,2,11
jsoup-1.15.4,2023-02-18,org.jsoup.select.Selector$SelectorParseException,2,5,0,0,1,1,8
jsoup-1.15.4,2023-02-18,org.jsoup.parser.Token$Tag,42,2,0,8,123,22,142
jsoup-1.15.4,2023-02-18,org.jsoup.nodes.XmlDeclaration,15,3,0,9,34,17,52
jsoup-1.15.4,2023-02-18,org.jsoup.parser.Token$Doctype,8,2,0,2,18,4,37
jsoup-1.15.4,2023-02-18,org.jsoup.select.Evaluator$TagEndsWith,3,2,0,2,0,3,12
jsoup-1.15.4,2023-02-18,org.jsoup.helper.CookieUtil,14,1,0,5,6,23,48
jsoup-1.15.4,2023-02-18,org.jsoup.select.Evaluator$Tag,3,2,0,2,0,3,12
jsoup-1.15.4,2023-02-18,org.jsoup.nodes.Document$OutputSettings$Syntax,0,1,0,0,0,0,1
jsoup-1.15.4,2023-02-18,org.jsoup.internal.StringUtil,72,1,0,4,198,53,188
jsoup-1.15.4,2023-02-18,org.jsoup.parser.TokeniserState$Anonymous24,6,1,0,2,0,6,25
jsoup-1.15.4,2023-02-18,org.jsoup.parser.TokeniserState$Anonymous25,3,1,0,2,0,9,19
jsoup-1.15.4,2023-02-18,org.jsoup.parser.TokeniserState$Anonymous26,2,1,0,3,0,8,14
jsoup-1.15.4,2023-02-18,org.jsoup.parser.TokeniserState$Anonymous27,1,1,0,3,0,1,5
jsoup-1.15.4,2023-02-18,org.jsoup.parser.TokeniserState$Anonymous20,2,1,0,2,0,4,11
jsoup-1.15.4,2023-02-18,org.jsoup.parser.TokeniserState$Anonymous21,2,1,0,2,0,4,11
jsoup-1.15.4,2023-02-18,org.jsoup.parser.TokeniserState$Anonymous22,5,1,0,2,0,10,22
jsoup-1.15.4,2023-02-18,org.jsoup.parser.TokeniserState$Anonymous23,5,1,0,2,0,6,23
jsoup-1.15.4,2023-02-18,org.jsoup.parser.Tokeniser,85,1,0,18,191,61,269
jsoup-1.15.4,2023-02-18,org.jsoup.nodes.Comment,19,3,0,13,55,31,48
jsoup-1.15.4,2023-02-18,org.jsoup.select.Evaluator$IndexGreaterThan,4,3,0,2,3,2,11
jsoup-1.15.4,2023-02-18,org.jsoup.nodes.LeafNode,24,2,5,3,78,17,71
jsoup-1.15.4,2023-02-18,org.jsoup.parser.TokeniserState$Anonymous28,1,1,0,3,0,1,5
jsoup-1.15.4,2023-02-18,org.jsoup.parser.TokeniserState$Anonymous29,5,1,0,2,0,9,22
jsoup-1.15.4,2023-02-18,org.jsoup.select.Selector,13,5,0,9,15,9,55
jsoup-1.15.4,2023-02-18,org.jsoup.select.Evaluator$AttributeWithValueEnding,3,3,0,4,3,5,11
jsoup-1.15.4,2023-02-18,org.jsoup.select.StructuralEvaluator$ImmediatePreviousSibling,5,3,0,3,3,3,13
jsoup-1.15.4,2023-02-18,org.jsoup.select.Collector$FirstFinder,6,1,0,7,2,2,27
jsoup-1.15.4,2023-02-18,org.jsoup.parser.TokeniserState$Anonymous30,5,1,0,2,0,5,22
jsoup-1.15.4,2023-02-18,org.jsoup.safety.Safelist$AttributeValue,2,2,0,2,1,0,8
jsoup-1.15.4,2023-02-18,org.jsoup.helper.HttpConnection$KeyVal,14,1,0,4,10,4,56
jsoup-1.15.4,2023-02-18,org.jsoup.parser.HtmlTreeBuilderState$Anonymous5,16,1,0,7,1,18,33
jsoup-1.15.4,2023-02-18,org.jsoup.parser.TokeniserState$Anonymous35,13,1,0,3,0,8,25
jsoup-1.15.4,2023-02-18,org.jsoup.parser.HtmlTreeBuilderState$Anonymous4,23,1,0,12,1,36,90
jsoup-1.15.4,2023-02-18,org.jsoup.parser.TokeniserState$Anonymous36,14,1,0,3,0,8,30
jsoup-1.15.4,2023-02-18,org.jsoup.parser.HtmlTreeBuilderState$Anonymous7,208,1,0,18,10,99,540
jsoup-1.15.4,2023-02-18,org.jsoup.parser.TokeniserState$Anonymous37,15,1,0,3,0,7,33
jsoup-1.15.4,2023-02-18,org.jsoup.helper.Consumer,1,1,0,1,0,0,3
jsoup-1.15.4,2023-02-18,org.jsoup.parser.HtmlTreeBuilderState$Anonymous6,14,1,0,9,1,25,65
jsoup-1.15.4,2023-02-18,org.jsoup.parser.TokeniserState$Anonymous38,7,1,0,4,0,11,23
jsoup-1.15.4,2023-02-18,org.jsoup.parser.HtmlTreeBuilderState$Anonymous1,5,1,0,9,0,19,24
jsoup-1.15.4,2023-02-18,org.jsoup.parser.TokeniserState$Anonymous31,6,1,0,2,0,5,24
jsoup-1.15.4,2023-02-18,org.jsoup.parser.TokeniserState$Anonymous32,2,1,0,2,0,5,12
jsoup-1.15.4,2023-02-18,org.jsoup.parser.HtmlTreeBuilderState$Anonymous3,11,1,0,7,0,21,35
jsoup-1.15.4,2023-02-18,org.jsoup.parser.TokeniserState$Anonymous33,1,1,0,3,0,1,5
jsoup-1.15.4,2023-02-18,org.jsoup.parser.HtmlTreeBuilderState$Anonymous2,10,1,0,6,1,20,34
jsoup-1.15.4,2023-02-18,org.jsoup.parser.TokeniserState$Anonymous34,14,1,0,3,0,8,31
jsoup-1.15.4,2023-02-18,org.jsoup.parser.HtmlTreeBuilderState$Anonymous9,29,1,0,10,1,38,121
jsoup-1.15.4,2023-02-18,org.jsoup.parser.TokeniserState$Anonymous39,7,1,0,4,0,11,23
jsoup-1.15.4,2023-02-18,org.jsoup.parser.HtmlTreeBuilderState$Anonymous8,4,1,0,2,0,10,18
jsoup-1.15.4,2023-02-18,org.jsoup.nodes.Node,140,1,2,19,2130,90,417
jsoup-1.15.4,2023-02-18,org.jsoup.safety.Safelist$TypedValue,9,1,0,2,0,4,26
jsoup-1.15.4,2023-02-18,org.jsoup.helper.DataUtil$BomCharset,1,1,0,0,0,0,8
jsoup-1.15.4,2023-02-18,org.jsoup.parser.HtmlTreeBuilderState,6,1,0,6,10,9,1647
jsoup-1.15.4,2023-02-18,org.jsoup.select.Evaluator$AttributeStarting,5,2,0,6,0,7,17
jsoup-1.15.4,2023-02-18,org.jsoup.parser.TokeniserState$Anonymous40,17,1,0,4,0,11,28
jsoup-1.15.4,2023-02-18,org.jsoup.nodes.DataNode,8,3,0,4,28,6,26
jsoup-1.15.4,2023-02-18,org.jsoup.parser.TokeniserState$Anonymous41,9,1,0,2,0,6,20
jsoup-1.15.4,2023-02-18,org.jsoup.nodes.Attributes,100,2,0,12,173,44,308
jsoup-1.15.4,2023-02-18,org.jsoup.helper.W3CDom,38,1,0,19,135,57,227
jsoup-1.15.4,2023-02-18,org.jsoup.parser.XmlTreeBuilder,34,2,0,24,105,51,106
jsoup-1.15.4,2023-02-18,org.jsoup.nodes.Document$OutputSettings,23,1,0,6,133,14,91
jsoup-1.15.4,2023-02-18,org.jsoup.select.CombiningEvaluator,6,6,4,3,0,5,68
jsoup-1.15.4,2023-02-18,org.jsoup.select.Evaluator$ContainsData,3,2,0,3,0,4,12
jsoup-1.15.4,2023-02-18,org.jsoup.internal.Normalizer,5,1,0,1,3,4,11
jsoup-1.15.4,2023-02-18,org.jsoup.nodes.Attributes$Dataset$EntrySet,3,3,0,1,1,1,11
jsoup-1.15.4,2023-02-18,org.jsoup.nodes.Attributes$Dataset,4,4,0,2,1,4,43
jsoup-1.15.4,2023-02-18,org.jsoup.parser.TokeniserState$Anonymous13,13,1,0,4,1,12,32
jsoup-1.15.4,2023-02-18,org.jsoup.parser.TokeniserState$Anonymous14,2,1,0,2,0,5,12
jsoup-1.15.4,2023-02-18,org.jsoup.helper.Validate,35,1,0,3,153,3,57
jsoup-1.15.4,2023-02-18,org.jsoup.parser.TokeniserState$Anonymous15,1,1,0,3,0,1,5
jsoup-1.15.4,2023-02-18,org.jsoup.parser.TokeniserState$Anonymous16,1,1,0,3,0,1,5
jsoup-1.15.4,2023-02-18,org.jsoup.parser.TokeniserState$Anonymous10,11,1,0,3,0,9,24
jsoup-1.15.4,2023-02-18,org.jsoup.parser.TokeniserState$Anonymous11,5,1,0,3,0,12,17
jsoup-1.15.4,2023-02-18,org.jsoup.parser.TokeniserState$Anonymous12,2,1,0,3,0,8,14
jsoup-1.15.4,2023-02-18,org.jsoup.parser.TokeniserState$Anonymous17,4,1,0,2,0,6,19
jsoup-1.15.4,2023-02-18,org.jsoup.parser.TokeniserState$Anonymous18,1,1,0,3,0,1,5
jsoup-1.15.4,2023-02-18,org.jsoup.parser.TokeniserState$Anonymous19,1,1,0,3,0,1,5
jsoup-1.15.4,2023-02-18,org.jsoup.select.Evaluator$CssNthEvaluator,13,2,0,4,3,4,24
jsoup-1.15.4,2023-02-18,org.jsoup.parser.Token$Comment,10,2,0,2,1,8,42
jsoup-1.15.4,2023-02-18,org.jsoup.select.Evaluator$IsFirstOfType,2,4,0,1,1,0,8
jsoup-1.15.4,2023-02-18,org.jsoup.nodes.Element$NodeList,2,5,0,3,0,1,10
jsoup-1.15.4,2023-02-18,org.jsoup.examples.Wikipedia,3,1,0,7,1,9,13
jsoup-1.15.4,2023-02-18,org.jsoup.parser.ParseError,8,1,0,1,0,4,37
jsoup-1.15.4,2023-02-18,org.jsoup.safety.Safelist,62,5,0,12,76,80,317
jsoup-1.15.4,2023-02-18,org.jsoup.parser.TokeniserState$Anonymous64,5,1,0,2,0,6,23
jsoup-1.15.4,2023-02-18,org.jsoup.parser.TokeniserState$Anonymous65,8,1,0,2,0,5,18
jsoup-1.15.4,2023-02-18,org.jsoup.parser.TreeBuilder,32,1,2,22,115,35,121
jsoup-1.15.4,2023-02-18,org.jsoup.parser.TokeniserState$Anonymous66,3,1,0,2,0,3,14
jsoup-1.15.4,2023-02-18,org.jsoup.parser.TokeniserState$Anonymous67,3,1,0,3,0,7,10
jsoup-1.15.4,2023-02-18,org.jsoup.nodes.PseudoTextElement,3,3,0,4,3,0,9
jsoup-1.15.4,2023-02-18,org.jsoup.parser.TokeniserState$Anonymous1,5,1,0,3,0,8,18
jsoup-1.15.4,2023-02-18,org.jsoup.parser.Parser,28,1,0,11,126,18,105
jsoup-1.15.4,2023-02-18,org.jsoup.select.Evaluator$IsEmpty,6,2,0,6,1,1,12
jsoup-1.15.4,2023-02-18,org.jsoup.parser.TokeniserState$Anonymous7,3,1,0,3,0,7,15
jsoup-1.15.4,2023-02-18,org.jsoup.parser.TokeniserState$Anonymous6,1,1,0,3,0,1,5
jsoup-1.15.4,2023-02-18,org.jsoup.parser.TokeniserState$Anonymous9,4,1,0,3,0,11,23
jsoup-1.15.4,2023-02-18,org.jsoup.select.Evaluator$AttributeWithValueMatching,3,2,0,4,0,7,14
jsoup-1.15.4,2023-02-18,org.jsoup.parser.TokeniserState$Anonymous8,5,1,0,2,0,8,23
jsoup-1.15.4,2023-02-18,org.jsoup.nodes.Range$Position,15,1,0,1,0,1,37
jsoup-1.15.4,2023-02-18,org.jsoup.parser.TokeniserState$Anonymous3,5,1,0,3,0,8,19
jsoup-1.15.4,2023-02-18,org.jsoup.parser.TokeniserState$Anonymous2,1,1,0,3,0,1,5
jsoup-1.15.4,2023-02-18,org.jsoup.parser.TokeniserState$Anonymous5,1,1,0,3,0,1,5
jsoup-1.15.4,2023-02-18,org.jsoup.parser.TokeniserState$Anonymous4,1,1,0,3,0,1,5
jsoup-1.15.4,2023-02-18,org.jsoup.internal.StringUtil$Anonymous1,1,1,0,0,0,0,5
jsoup-1.15.4,2023-02-18,org.jsoup.examples.ListLinks,9,1,0,8,3,16,31
jsoup-1.15.4,2023-02-18,org.jsoup.select.Evaluator$IsNthChild,3,3,0,2,3,1,11
jsoup-1.15.4,2023-02-18,org.jsoup.parser.HtmlTreeBuilderState$Constants,0,1,0,0,0,0,40
jsoup-1.15.4,2023-02-18,org.jsoup.safety.Safelist$TagName,2,2,0,2,1,0,8
jsoup-1.15.4,2023-02-18,org.jsoup.select.Evaluator$Class,3,2,0,2,0,2,12
jsoup-1.15.4,2023-02-18,org.jsoup.nodes.Attributes$Anonymous1,6,1,0,2,0,2,18
jsoup-1.15.4,2023-02-18,org.jsoup.select.StructuralEvaluator$Has,6,3,0,5,1,4,20
jsoup-1.15.4,2023-02-18,org.jsoup.nodes.Node$OuterHtmlVisitor,6,1,0,4,0,5,27
jsoup-1.15.4,2023-02-18,org.jsoup.parser.Token,27,12,10,9,148,4,363
jsoup-1.15.4,2023-02-18,org.jsoup.safety.Cleaner$CleaningVisitor,11,1,0,8,0,9,42
jsoup-1.15.4,2023-02-18,org.jsoup.select.Evaluator$AttributeKeyPair,4,2,0,3,0,7,17
jsoup-1.15.4,2023-02-18,org.jsoup.select.Evaluator$ContainsWholeOwnText,3,2,0,2,0,3,12
jsoup-1.15.4,2023-02-18,org.jsoup.select.Evaluator$IsNthLastOfType,6,3,0,4,3,7,17
jsoup-1.15.4,2023-02-18,org.jsoup.parser.Tag,51,1,0,4,34,14,160
jsoup-1.15.4,2023-02-18,org.jsoup.parser.Token$Character,5,2,0,2,4,2,22
jsoup-1.15.4,2023-02-18,org.jsoup.select.Evaluator$IsLastOfType,2,4,0,1,1,0,8
jsoup-1.15.4,2023-02-18,org.jsoup.select.Evaluator$Attribute,3,2,0,3,0,2,12
jsoup-1.15.4,2023-02-18,org.jsoup.internal.StringUtil$StringJoiner,5,1,0,4,0,5,25
jsoup-1.15.4,2023-02-18,org.jsoup.select.NodeFilter$FilterResult,0,1,0,0,0,0,6
jsoup-1.15.4,2023-02-18,org.jsoup.Connection$KeyVal,9,1,0,2,36,0,11
jsoup-1.15.4,2023-02-18,org.jsoup.nodes.Entities,55,1,0,11,56,34,202
jsoup-1.15.4,2023-02-18,org.jsoup.parser.Token$CData,2,3,0,1,1,2,9
jsoup-1.15.4,2023-02-18,org.jsoup.select.Evaluator$AttributeWithValueContaining,3,3,0,4,3,5,11
jsoup-1.15.4,2023-02-18,org.jsoup.select.Elements,110,4,0,17,1540,59,286
jsoup-1.15.4,2023-02-18,org.jsoup.select.Evaluator$AllElements,2,2,0,2,1,0,8
jsoup-1.15.4,2023-02-18,org.jsoup.parser.TokeniserState$Anonymous46,5,1,0,3,0,6,23
jsoup-1.15.4,2023-02-18,org.jsoup.parser.TokeniserState$Anonymous47,4,1,0,3,0,10,18
jsoup-1.15.4,2023-02-18,org.jsoup.parser.TokeniserState$Anonymous48,4,1,0,3,0,6,19
jsoup-1.15.4,2023-02-18,org.jsoup.parser.TokeniserState$Anonymous49,6,1,0,3,0,7,24
jsoup-1.15.4,2023-02-18,org.jsoup.parser.TokeniserState$Anonymous42,3,1,0,2,0,6,17
jsoup-1.15.4,2023-02-18,org.jsoup.nodes.TextNode,34,3,1,10,105,35,72
jsoup-1.15.4,2023-02-18,org.jsoup.parser.TokeniserState$Anonymous43,3,1,0,3,0,6,11
jsoup-1.15.4,2023-02-18,org.jsoup.parser.TokeniserState$Anonymous44,4,1,0,2,0,7,20
jsoup-1.15.4,2023-02-18,org.jsoup.select.Evaluator$AttributeWithValue,3,3,0,3,3,5,11
jsoup-1.15.4,2023-02-18,org.jsoup.parser.TokeniserState$Anonymous45,5,1,0,3,0,7,23
jsoup-1.15.4,2023-02-18,org.jsoup.select.Evaluator$AttributeWithValueNot,3,3,0,3,3,3,11
jsoup-1.15.4,2023-02-18,org.jsoup.parser.ParseErrorList,8,4,0,2,1,2,28
jsoup-1.15.4,2023-02-18,org.jsoup.nodes.Element$Anonymous1,14,1,0,4,1,8,19
jsoup-1.15.4,2023-02-18,org.jsoup.SerializationException,4,4,0,0,6,0,14
jsoup-1.15.4,2023-02-18,org.jsoup.select.CombiningEvaluator$Or,9,3,0,5,15,7,28
jsoup-1.15.4,2023-02-18,org.jsoup.select.Evaluator$ContainsText,3,2,0,4,0,5,12
jsoup-1.15.4,2023-02-18,org.jsoup.Connection$Base,18,1,0,4,153,0,20
jsoup-1.15.4,2023-02-18,org.jsoup.parser.TokeniserState$Anonymous50,5,1,0,3,0,7,23
jsoup-1.15.4,2023-02-18,org.jsoup.parser.TokeniserState$Anonymous51,8,1,0,2,0,6,18
jsoup-1.15.4,2023-02-18,org.jsoup.select.Evaluator$IsNthOfType,7,3,0,4,3,4,18
jsoup-1.15.4,2023-02-18,org.jsoup.select.Evaluator$Id,3,2,0,2,0,3,12
jsoup-1.15.4,2023-02-18,org.jsoup.parser.TokeniserState$Anonymous52,9,1,0,2,0,8,27
jsoup-1.15.4,2023-02-18,org.jsoup.select.StructuralEvaluator$PreviousSibling,6,3,0,3,3,3,17
jsoup-1.15.4,2023-02-18,org.jsoup.parser.TokeniserState$Anonymous57,5,1,0,2,0,6,23
jsoup-1.15.4,2023-02-18,org.jsoup.parser.TokeniserState$Anonymous58,5,1,0,2,0,6,23
jsoup-1.15.4,2023-02-18,org.jsoup.parser.TokeniserState$Anonymous59,10,1,0,2,0,5,26
jsoup-1.15.4,2023-02-18,org.jsoup.examples.HtmlToPlainText$FormattingVisitor,18,1,0,5,4,14,44
jsoup-1.15.4,2023-02-18,org.jsoup.parser.TokeniserState$Anonymous53,10,1,0,2,0,9,26
jsoup-1.15.4,2023-02-18,org.jsoup.select.Collector,5,1,0,8,3,4,46
jsoup-1.15.4,2023-02-18,org.jsoup.parser.TokeniserState$Anonymous54,6,1,0,2,0,10,29
jsoup-1.15.4,2023-02-18,org.jsoup.parser.TokeniserState$Anonymous55,10,1,0,2,0,5,28
jsoup-1.15.4,2023-02-18,org.jsoup.helper.ValidationException,4,5,0,2,1,8,17
jsoup-1.15.4,2023-02-18,org.jsoup.nodes.Attributes$Dataset$DatasetIterator,5,1,0,2,0,9,17
jsoup-1.15.4,2023-02-18,org.jsoup.parser.TokeniserState$Anonymous56,10,1,0,2,0,5,25
jsoup-1.15.4,2023-02-18,org.jsoup.select.StructuralEvaluator$Not,3,3,0,3,3,2,11
jsoup-1.15.4,2023-02-18,org.jsoup.internal.ConstrainableInputStream,29,4,0,3,0,12,74
jsoup-1.15.4,2023-02-18,org.jsoup.parser.CharacterReader,201,1,0,5,0,44,487
jsoup-1.15.4,2023-02-18,org.jsoup.select.Evaluator$IsFirstChild,4,2,0,3,1,2,9
jsoup-1.15.4,2023-02-18,org.jsoup.parser.TokeniserState$Anonymous60,10,1,0,2,0,5,25
jsoup-1.15.4,2023-02-18,org.jsoup.parser.TokeniserState$Anonymous61,10,1,0,2,0,5,28
jsoup-1.15.4,2023-02-18,org.jsoup.parser.TokeniserState$Anonymous62,10,1,0,2,0,5,25
jsoup-1.15.4,2023-02-18,org.jsoup.parser.TokeniserState$Anonymous63,5,1,0,2,0,6,23
jsoup-1.15.4,2023-02-18,org.jsoup.select.StructuralEvaluator$Root,2,2,0,2,0,0,5
jsoup-1.15.4,2023-02-18,org.jsoup.helper.HttpConnection$Response,100,2,0,23,55,151,354
jsoup-1.15.4,2023-02-18,org.jsoup.select.NodeVisitor,2,1,0,1,1,0,5
jsoup-1.15.4,2023-02-18,org.jsoup.safety.Safelist$Protocol,2,2,0,2,1,0,8
jsoup-1.15.4,2023-02-18,org.jsoup.parser.Token$EOF,3,2,0,2,3,1,12
jsoup-1.15.4,2023-02-18,org.jsoup.parser.Token$StartTag,6,3,0,4,6,6,21
jsoup-1.15.4,2023-02-18,org.jsoup.select.Evaluator$AttributeWithValueStarting,3,3,0,4,3,5,11
jsoup-1.15.4,2023-02-18,org.jsoup.nodes.DocumentType,22,3,0,5,19,10,57
jsoup-1.15.4,2023-02-18,org.jsoup.Connection$Request,23,1,0,5,253,0,25
jsoup-1.15.4,2023-02-18,org.jsoup.examples.HtmlToPlainText,7,1,0,10,1,10,71
jsoup-1.15.4,2023-02-18,org.jsoup.HttpStatusException,3,4,0,0,0,0,15
jsoup-1.15.4,2023-02-18,org.jsoup.select.QueryParser,108,1,0,56,0,69,277
jsoup-1.15.4,2023-02-18,org.jsoup.select.Evaluator$MatchesWholeText,3,2,0,2,0,4,13
jsoup-1.15.4,2023-02-18,org.jsoup.parser.HtmlTreeBuilderState$Anonymous23,9,1,0,4,0,12,20
jsoup-1.15.4,2023-02-18,org.jsoup.nodes.NodeUtils,6,1,0,12,3,10,20
jsoup-1.15.4,2023-02-18,org.jsoup.parser.HtmlTreeBuilderState$Anonymous22,7,1,0,4,0,16,21
jsoup-1.15.4,2023-02-18,org.jsoup.select.Evaluator$Matches,3,2,0,2,0,4,13
jsoup-1.15.4,2023-02-18,org.jsoup.parser.HtmlTreeBuilderState$Anonymous24,1,1,0,2,0,0,5
jsoup-1.15.4,2023-02-18,org.jsoup.select.Evaluator$IsOnlyChild,3,2,0,3,1,3,9
jsoup-1.15.4,2023-02-18,org.jsoup.Connection$Method,2,1,0,0,0,0,8
jsoup-1.15.4,2023-02-18,org.jsoup.UncheckedIOException,3,4,0,0,3,1,11
jsoup-1.15.4,2023-02-18,org.jsoup.helper.HttpConnection$Base,61,1,0,10,134,34,181
jsoup-1.15.4,2023-02-18,org.jsoup.parser.TokenQueue,80,1,0,4,24,31,224
jsoup-1.15.4,2023-02-18,org.jsoup.parser.ParseSettings,13,1,0,4,0,3,42
jsoup-1.15.4,2023-02-18,org.jsoup.select.NodeFilter,2,1,0,2,1,0,12
jsoup-1.15.4,2023-02-18,org.jsoup.parser.HtmlTreeBuilderState$Anonymous21,11,1,0,4,0,17,30
jsoup-1.15.4,2023-02-18,org.jsoup.parser.HtmlTreeBuilderState$Anonymous20,16,1,0,6,0,22,50
jsoup-1.15.4,2023-02-18,org.jsoup.select.Evaluator$MatchesWholeOwnText,3,2,0,2,0,4,13
jsoup-1.15.4,2023-02-18,org.jsoup.parser.HtmlTreeBuilderState$Anonymous12,16,1,0,8,1,16,55
jsoup-1.15.4,2023-02-18,org.jsoup.parser.HtmlTreeBuilderState$Anonymous11,12,1,0,6,0,17,32
jsoup-1.15.4,2023-02-18,org.jsoup.parser.HtmlTreeBuilderState$Anonymous14,15,1,0,8,3,19,64
jsoup-1.15.4,2023-02-18,org.jsoup.parser.HtmlTreeBuilderState$Anonymous13,15,1,0,9,3,20,59
jsoup-1.15.4,2023-02-18,org.jsoup.parser.HtmlTreeBuilderState$Anonymous16,31,1,0,10,1,24,79
jsoup-1.15.4,2023-02-18,org.jsoup.helper.W3CDom$W3CBuilder,23,1,0,16,0,32,89
jsoup-1.15.4,2023-02-18,org.jsoup.parser.HtmlTreeBuilderState$Anonymous15,15,1,0,7,3,18,54
jsoup-1.15.4,2023-02-18,org.jsoup.parser.HtmlTreeBuilderState$Anonymous18,17,1,0,4,0,17,60
jsoup-1.15.4,2023-02-18,org.jsoup.parser.HtmlTreeBuilderState$Anonymous17,6,1,0,4,0,12,22
jsoup-1.15.4,2023-02-18,org.jsoup.parser.HtmlTreeBuilderState$Anonymous19,11,1,0,4,0,22,35
jsoup-1.15.4,2023-02-18,org.jsoup.select.Evaluator$ContainsOwnText,3,2,0,4,0,5,12
jsoup-1.15.4,2023-02-18,org.jsoup.parser.TokeniserState,31,1,0,7,13,27,1345
jsoup-1.15.4,2023-02-18,org.jsoup.select.Evaluator$IndexLessThan,5,3,0,2,3,2,11
jsoup-1.15.4,2023-02-18,org.jsoup.nodes.Entities$EscapeMode,8,1,0,2,4,3,25
jsoup-1.15.4,2023-02-18,org.jsoup.select.Evaluator$MatchText,4,2,0,6,1,7,15
jsoup-1.15.4,2023-02-18,org.jsoup.parser.HtmlTreeBuilderState$Anonymous10,7,1,0,7,0,19,36
jsoup-1.15.4,2023-02-18,org.jsoup.safety.Cleaner$ElementMeta,1,1,0,1,0,0,8
jsoup-1.15.4,2023-02-18,org.jsoup.select.Evaluator,2,58,58,7,1,0,503
jsoup-1.15.4,2023-02-18,org.jsoup.Connection,37,1,0,9,666,0,115
jsoup-1.15.4,2023-02-18,org.jsoup.select.Evaluator$IsRoot,4,2,0,3,1,1,9
jsoup-1.15.4,2023-02-18,org.jsoup.nodes.CDataNode,6,4,0,3,15,3,20
jsoup-1.15.4,2023-02-18,org.jsoup.select.StructuralEvaluator$Parent,7,3,0,3,3,3,18
jsoup-1.15.4,2023-02-18,org.jsoup.select.Evaluator$IsLastChild,4,2,0,3,1,4,9
jsoup-1.15.4,2023-02-18,org.jsoup.select.Evaluator$IsNthLastChild,4,3,0,2,3,4,12
jsoup-1.15.4,2023-02-18,org.jsoup.parser.Token$TokenType,0,1,0,0,0,0,1
jsoup-1.15.4,2023-02-18,org.jsoup.nodes.Attribute,48,1,0,11,0,36,131
jsoup-1.16.1,2023-04-29,org.jsoup.nodes.Document$QuirksMode,0,1,0,0,0,0,1
jsoup-1.16.1,2023-04-29,org.jsoup.helper.DataUtil,70,1,0,20,72,69,189
jsoup-1.16.1,2023-04-29,org.jsoup.select.StructuralEvaluator$ImmediateParent,5,3,0,3,3,3,13
jsoup-1.16.1,2023-04-29,org.jsoup.helper.ChangeNotifyingArrayList,13,4,0,2,78,12,50
jsoup-1.16.1,2023-04-29,org.jsoup.Connection$Response,10,1,0,5,45,0,12
jsoup-1.16.1,2023-04-29,org.jsoup.nodes.Range,17,1,0,5,0,9,80
jsoup-1.16.1,2023-04-29,org.jsoup.select.Evaluator$IndexEvaluator,1,2,0,1,0,0,6
jsoup-1.16.1,2023-04-29,org.jsoup.select.Evaluator$IsOnlyOfType,7,2,0,5,1,4,15
jsoup-1.16.1,2023-04-29,org.jsoup.select.Evaluator$ContainsWholeText,3,2,0,2,0,3,12
jsoup-1.16.1,2023-04-29,org.jsoup.nodes.Entities$CoreCharset,3,1,0,1,0,2,6
jsoup-1.16.1,2023-04-29,org.jsoup.safety.Cleaner,12,1,0,16,13,27,100
jsoup-1.16.1,2023-04-29,org.jsoup.nodes.Element,264,6,3,53,8528,180,803
jsoup-1.16.1,2023-04-29,org.jsoup.helper.HttpConnection,56,3,0,15,0,42,942
jsoup-1.16.1,2023-04-29,org.jsoup.helper.UrlBuilder,17,1,0,5,4,26,59
jsoup-1.16.1,2023-04-29,org.jsoup.select.NodeTraversor,34,1,0,7,6,14,88
jsoup-1.16.1,2023-04-29,org.jsoup.safety.Safelist$AttributeKey,2,2,0,2,1,0,8
jsoup-1.16.1,2023-04-29,org.jsoup.select.Evaluator$MatchesOwn,3,2,0,2,0,4,13
jsoup-1.16.1,2023-04-29,org.jsoup.select.CombiningEvaluator$And,6,3,0,4,6,4,18
jsoup-1.16.1,2023-04-29,org.jsoup.parser.Token$EndTag,2,3,0,1,1,1,9
jsoup-1.16.1,2023-04-29,org.jsoup.helper.HttpConnection$Request,30,2,0,7,231,9,136
jsoup-1.16.1,2023-04-29,org.jsoup.nodes.Document,65,3,0,22,460,59,315
jsoup-1.16.1,2023-04-29,org.jsoup.Jsoup,20,1,0,12,190,19,70
jsoup-1.16.1,2023-04-29,org.jsoup.parser.HtmlTreeBuilder,232,2,0,28,3852,108,653
jsoup-1.16.1,2023-04-29,org.jsoup.nodes.FormElement,23,3,0,13,9,28,61
jsoup-1.16.1,2023-04-29,org.jsoup.UnsupportedMimeTypeException,4,4,0,0,0,1,18
jsoup-1.16.1,2023-04-29,org.jsoup.select.StructuralEvaluator,0,15,12,2,0,0,100
jsoup-1.16.1,2023-04-29,org.jsoup.nodes.EntitiesData,1,1,0,0,0,0,10
jsoup-1.16.1,2023-04-29,org.jsoup.select.Evaluator$IndexEquals,4,3,0,2,3,2,11
jsoup-1.16.1,2023-04-29,org.jsoup.select.Selector$SelectorParseException,2,5,0,0,1,1,8
jsoup-1.16.1,2023-04-29,org.jsoup.parser.Token$Tag,42,2,0,8,123,22,142
jsoup-1.16.1,2023-04-29,org.jsoup.nodes.XmlDeclaration,15,3,0,9,34,17,52
jsoup-1.16.1,2023-04-29,org.jsoup.parser.Token$Doctype,8,2,0,2,18,4,37
jsoup-1.16.1,2023-04-29,org.jsoup.select.Evaluator$TagEndsWith,3,2,0,2,0,3,12
jsoup-1.16.1,2023-04-29,org.jsoup.helper.CookieUtil,14,1,0,5,6,23,48
jsoup-1.16.1,2023-04-29,org.jsoup.select.Evaluator$Tag,3,2,0,2,0,3,12
jsoup-1.16.1,2023-04-29,org.jsoup.nodes.Document$OutputSettings$Syntax,0,1,0,0,0,0,1
jsoup-1.16.1,2023-04-29,org.jsoup.internal.StringUtil,72,1,0,4,198,53,188
jsoup-1.16.1,2023-04-29,org.jsoup.parser.TokeniserState$Anonymous24,6,1,0,2,0,6,25
jsoup-1.16.1,2023-04-29,org.jsoup.parser.TokeniserState$Anonymous25,3,1,0,2,0,9,19
jsoup-1.16.1,2023-04-29,org.jsoup.parser.TokeniserState$Anonymous26,2,1,0,3,0,8,14
jsoup-1.16.1,2023-04-29,org.jsoup.parser.TokeniserState$Anonymous27,1,1,0,3,0,1,5
jsoup-1.16.1,2023-04-29,org.jsoup.parser.TokeniserState$Anonymous20,2,1,0,2,0,4,11
jsoup-1.16.1,2023-04-29,org.jsoup.parser.TokeniserState$Anonymous21,2,1,0,2,0,4,11
jsoup-1.16.1,2023-04-29,org.jsoup.parser.TokeniserState$Anonymous22,5,1,0,2,0,10,22
jsoup-1.16.1,2023-04-29,org.jsoup.parser.TokeniserState$Anonymous23,5,1,0,2,0,6,23
jsoup-1.16.1,2023-04-29,org.jsoup.parser.Tokeniser,85,1,0,18,191,61,269
jsoup-1.16.1,2023-04-29,org.jsoup.nodes.Comment,19,3,0,13,55,31,48
jsoup-1.16.1,2023-04-29,org.jsoup.select.Evaluator$IndexGreaterThan,4,3,0,2,3,2,11
jsoup-1.16.1,2023-04-29,org.jsoup.nodes.LeafNode,24,2,5,3,78,17,71
jsoup-1.16.1,2023-04-29,org.jsoup.parser.TokeniserState$Anonymous28,1,1,0,3,0,1,5
jsoup-1.16.1,2023-04-29,org.jsoup.parser.TokeniserState$Anonymous29,5,1,0,2,0,9,22
jsoup-1.16.1,2023-04-29,org.jsoup.select.Selector,13,5,0,9,15,9,55
jsoup-1.16.1,2023-04-29,org.jsoup.select.Evaluator$AttributeWithValueEnding,3,3,0,4,3,5,11
jsoup-1.16.1,2023-04-29,org.jsoup.select.StructuralEvaluator$ImmediatePreviousSibling,5,3,0,3,3,3,13
jsoup-1.16.1,2023-04-29,org.jsoup.select.Collector$FirstFinder,6,1,0,7,2,2,27
jsoup-1.16.1,2023-04-29,org.jsoup.parser.TokeniserState$Anonymous30,5,1,0,2,0,5,22
jsoup-1.16.1,2023-04-29,org.jsoup.safety.Safelist$AttributeValue,2,2,0,2,1,0,8
jsoup-1.16.1,2023-04-29,org.jsoup.helper.HttpConnection$KeyVal,14,1,0,4,10,4,56
jsoup-1.16.1,2023-04-29,org.jsoup.parser.HtmlTreeBuilderState$Anonymous5,16,1,0,7,1,18,33
jsoup-1.16.1,2023-04-29,org.jsoup.parser.TokeniserState$Anonymous35,13,1,0,3,0,8,25
jsoup-1.16.1,2023-04-29,org.jsoup.parser.HtmlTreeBuilderState$Anonymous4,23,1,0,12,1,36,90
jsoup-1.16.1,2023-04-29,org.jsoup.parser.TokeniserState$Anonymous36,14,1,0,3,0,8,30
jsoup-1.16.1,2023-04-29,org.jsoup.parser.HtmlTreeBuilderState$Anonymous7,216,1,0,18,10,99,550
jsoup-1.16.1,2023-04-29,org.jsoup.parser.TokeniserState$Anonymous37,15,1,0,3,0,7,33
jsoup-1.16.1,2023-04-29,org.jsoup.helper.Consumer,1,1,0,1,0,0,3
jsoup-1.16.1,2023-04-29,org.jsoup.parser.HtmlTreeBuilderState$Anonymous6,14,1,0,9,1,25,65
jsoup-1.16.1,2023-04-29,org.jsoup.parser.TokeniserState$Anonymous38,7,1,0,4,0,11,23
jsoup-1.16.1,2023-04-29,org.jsoup.parser.HtmlTreeBuilderState$Anonymous1,5,1,0,9,0,19,24
jsoup-1.16.1,2023-04-29,org.jsoup.parser.TokeniserState$Anonymous31,6,1,0,2,0,5,24
jsoup-1.16.1,2023-04-29,org.jsoup.parser.TokeniserState$Anonymous32,2,1,0,2,0,5,12
jsoup-1.16.1,2023-04-29,org.jsoup.parser.HtmlTreeBuilderState$Anonymous3,11,1,0,7,0,21,35
jsoup-1.16.1,2023-04-29,org.jsoup.parser.TokeniserState$Anonymous33,1,1,0,3,0,1,5
jsoup-1.16.1,2023-04-29,org.jsoup.parser.HtmlTreeBuilderState$Anonymous2,10,1,0,6,1,20,34
jsoup-1.16.1,2023-04-29,org.jsoup.parser.TokeniserState$Anonymous34,14,1,0,3,0,8,31
jsoup-1.16.1,2023-04-29,org.jsoup.parser.HtmlTreeBuilderState$Anonymous9,29,1,0,10,1,38,121
jsoup-1.16.1,2023-04-29,org.jsoup.parser.TokeniserState$Anonymous39,7,1,0,4,0,11,23
jsoup-1.16.1,2023-04-29,org.jsoup.parser.HtmlTreeBuilderState$Anonymous8,4,1,0,2,0,10,18
jsoup-1.16.1,2023-04-29,org.jsoup.nodes.Node,146,1,2,20,2176,92,426
jsoup-1.16.1,2023-04-29,org.jsoup.safety.Safelist$TypedValue,9,1,0,2,0,4,26
jsoup-1.16.1,2023-04-29,org.jsoup.helper.DataUtil$BomCharset,1,1,0,0,0,0,8
jsoup-1.16.1,2023-04-29,org.jsoup.parser.HtmlTreeBuilderState,5,1,0,6,6,9,1657
jsoup-1.16.1,2023-04-29,org.jsoup.select.Evaluator$AttributeStarting,5,2,0,6,0,7,17
jsoup-1.16.1,2023-04-29,org.jsoup.parser.TokeniserState$Anonymous40,17,1,0,4,0,11,28
jsoup-1.16.1,2023-04-29,org.jsoup.nodes.DataNode,8,3,0,4,28,6,26
jsoup-1.16.1,2023-04-29,org.jsoup.parser.TokeniserState$Anonymous41,9,1,0,2,0,6,20
jsoup-1.16.1,2023-04-29,org.jsoup.nodes.Attributes,100,2,0,12,173,44,308
jsoup-1.16.1,2023-04-29,org.jsoup.helper.W3CDom,38,1,0,19,135,57,227
jsoup-1.16.1,2023-04-29,org.jsoup.parser.XmlTreeBuilder,34,2,0,24,105,51,106
jsoup-1.16.1,2023-04-29,org.jsoup.nodes.Document$OutputSettings,23,1,0,6,133,14,91
jsoup-1.16.1,2023-04-29,org.jsoup.select.CombiningEvaluator,6,6,4,3,0,5,68
jsoup-1.16.1,2023-04-29,org.jsoup.select.Evaluator$ContainsData,3,2,0,3,0,4,12
jsoup-1.16.1,2023-04-29,org.jsoup.internal.Normalizer,5,1,0,1,3,4,11
jsoup-1.16.1,2023-04-29,org.jsoup.nodes.Attributes$Dataset$EntrySet,3,3,0,1,1,1,11
jsoup-1.16.1,2023-04-29,org.jsoup.nodes.Attributes$Dataset,4,4,0,2,1,4,43
jsoup-1.16.1,2023-04-29,org.jsoup.parser.TokeniserState$Anonymous13,13,1,0,4,1,12,32
jsoup-1.16.1,2023-04-29,org.jsoup.parser.TokeniserState$Anonymous14,2,1,0,2,0,5,12
jsoup-1.16.1,2023-04-29,org.jsoup.helper.Validate,36,1,0,3,171,4,61
jsoup-1.16.1,2023-04-29,org.jsoup.parser.TokeniserState$Anonymous15,1,1,0,3,0,1,5
jsoup-1.16.1,2023-04-29,org.jsoup.parser.TokeniserState$Anonymous16,1,1,0,3,0,1,5
jsoup-1.16.1,2023-04-29,org.jsoup.parser.TokeniserState$Anonymous10,11,1,0,3,0,9,24
jsoup-1.16.1,2023-04-29,org.jsoup.parser.TokeniserState$Anonymous11,6,1,0,3,0,13,17
jsoup-1.16.1,2023-04-29,org.jsoup.parser.TokeniserState$Anonymous12,2,1,0,3,0,8,14
jsoup-1.16.1,2023-04-29,org.jsoup.parser.TokeniserState$Anonymous17,4,1,0,2,0,6,19
jsoup-1.16.1,2023-04-29,org.jsoup.parser.TokeniserState$Anonymous18,1,1,0,3,0,1,5
jsoup-1.16.1,2023-04-29,org.jsoup.parser.TokeniserState$Anonymous19,1,1,0,3,0,1,5
jsoup-1.16.1,2023-04-29,org.jsoup.select.Evaluator$CssNthEvaluator,13,2,0,4,3,4,24
jsoup-1.16.1,2023-04-29,org.jsoup.parser.Token$Comment,10,2,0,2,1,8,42
jsoup-1.16.1,2023-04-29,org.jsoup.select.Evaluator$IsFirstOfType,2,4,0,1,1,0,8
jsoup-1.16.1,2023-04-29,org.jsoup.nodes.Element$NodeList,2,5,0,3,0,1,10
jsoup-1.16.1,2023-04-29,org.jsoup.examples.Wikipedia,3,1,0,7,1,9,13
jsoup-1.16.1,2023-04-29,org.jsoup.parser.ParseError,8,1,0,1,0,4,37
jsoup-1.16.1,2023-04-29,org.jsoup.safety.Safelist,62,5,0,12,76,80,317
jsoup-1.16.1,2023-04-29,org.jsoup.parser.TokeniserState$Anonymous64,5,1,0,2,0,6,23
jsoup-1.16.1,2023-04-29,org.jsoup.parser.TokeniserState$Anonymous65,8,1,0,2,0,5,18
jsoup-1.16.1,2023-04-29,org.jsoup.parser.TreeBuilder,32,1,2,22,115,35,121
jsoup-1.16.1,2023-04-29,org.jsoup.parser.TokeniserState$Anonymous66,3,1,0,2,0,3,14
jsoup-1.16.1,2023-04-29,org.jsoup.parser.TokeniserState$Anonymous67,3,1,0,3,0,7,10
jsoup-1.16.1,2023-04-29,org.jsoup.nodes.PseudoTextElement,3,3,0,4,3,0,9
jsoup-1.16.1,2023-04-29,org.jsoup.parser.TokeniserState$Anonymous1,5,1,0,3,0,8,18
jsoup-1.16.1,2023-04-29,org.jsoup.parser.Parser,28,1,0,11,126,18,105
jsoup-1.16.1,2023-04-29,org.jsoup.select.Evaluator$IsEmpty,6,2,0,6,1,1,12
jsoup-1.16.1,2023-04-29,org.jsoup.parser.TokeniserState$Anonymous7,3,1,0,3,0,7,15
jsoup-1.16.1,2023-04-29,org.jsoup.parser.TokeniserState$Anonymous6,1,1,0,3,0,1,5
jsoup-1.16.1,2023-04-29,org.jsoup.parser.TokeniserState$Anonymous9,4,1,0,3,0,11,23
jsoup-1.16.1,2023-04-29,org.jsoup.select.Evaluator$AttributeWithValueMatching,3,2,0,4,0,7,14
jsoup-1.16.1,2023-04-29,org.jsoup.parser.TokeniserState$Anonymous8,5,1,0,2,0,8,23
jsoup-1.16.1,2023-04-29,org.jsoup.nodes.Range$Position,15,1,0,1,0,1,37
jsoup-1.16.1,2023-04-29,org.jsoup.parser.TokeniserState$Anonymous3,5,1,0,3,0,8,19
jsoup-1.16.1,2023-04-29,org.jsoup.parser.TokeniserState$Anonymous2,1,1,0,3,0,1,5
jsoup-1.16.1,2023-04-29,org.jsoup.parser.TokeniserState$Anonymous5,1,1,0,3,0,1,5
jsoup-1.16.1,2023-04-29,org.jsoup.parser.TokeniserState$Anonymous4,1,1,0,3,0,1,5
jsoup-1.16.1,2023-04-29,org.jsoup.internal.StringUtil$Anonymous1,1,1,0,0,0,0,5
jsoup-1.16.1,2023-04-29,org.jsoup.examples.ListLinks,9,1,0,8,3,16,31
jsoup-1.16.1,2023-04-29,org.jsoup.select.Evaluator$IsNthChild,3,3,0,2,3,1,11
jsoup-1.16.1,2023-04-29,org.jsoup.parser.HtmlTreeBuilderState$Constants,0,1,0,0,0,0,41
jsoup-1.16.1,2023-04-29,org.jsoup.safety.Safelist$TagName,2,2,0,2,1,0,8
jsoup-1.16.1,2023-04-29,org.jsoup.select.Evaluator$Class,3,2,0,2,0,2,12
jsoup-1.16.1,2023-04-29,org.jsoup.nodes.Attributes$Anonymous1,6,1,0,2,0,2,18
jsoup-1.16.1,2023-04-29,org.jsoup.select.StructuralEvaluator$Has,6,3,0,5,1,4,20
jsoup-1.16.1,2023-04-29,org.jsoup.nodes.Node$OuterHtmlVisitor,6,1,0,4,0,5,27
jsoup-1.16.1,2023-04-29,org.jsoup.parser.Token,27,12,10,9,148,4,371
jsoup-1.16.1,2023-04-29,org.jsoup.safety.Cleaner$CleaningVisitor,11,1,0,8,0,9,42
jsoup-1.16.1,2023-04-29,org.jsoup.select.Evaluator$AttributeKeyPair,4,2,0,3,0,7,17
jsoup-1.16.1,2023-04-29,org.jsoup.select.Evaluator$ContainsWholeOwnText,3,2,0,2,0,3,12
jsoup-1.16.1,2023-04-29,org.jsoup.select.Evaluator$IsNthLastOfType,6,3,0,4,3,7,17
jsoup-1.16.1,2023-04-29,org.jsoup.parser.Tag,51,1,0,4,34,14,160
jsoup-1.16.1,2023-04-29,org.jsoup.parser.Token$Character,7,2,0,2,9,3,30
jsoup-1.16.1,2023-04-29,org.jsoup.select.Evaluator$IsLastOfType,2,4,0,1,1,0,8
jsoup-1.16.1,2023-04-29,org.jsoup.select.Evaluator$Attribute,3,2,0,3,0,2,12
jsoup-1.16.1,2023-04-29,org.jsoup.internal.StringUtil$StringJoiner,5,1,0,4,0,5,25
jsoup-1.16.1,2023-04-29,org.jsoup.select.NodeFilter$FilterResult,0,1,0,0,0,0,6
jsoup-1.16.1,2023-04-29,org.jsoup.Connection$KeyVal,9,1,0,2,36,0,11
jsoup-1.16.1,2023-04-29,org.jsoup.nodes.Entities,56,1,0,12,56,34,203
jsoup-1.16.1,2023-04-29,org.jsoup.parser.Token$CData,2,3,0,1,1,2,9
jsoup-1.16.1,2023-04-29,org.jsoup.select.Evaluator$AttributeWithValueContaining,3,3,0,4,3,5,11
jsoup-1.16.1,2023-04-29,org.jsoup.select.Elements,110,4,0,17,1540,59,286
jsoup-1.16.1,2023-04-29,org.jsoup.select.Evaluator$AllElements,2,2,0,2,1,0,8
jsoup-1.16.1,2023-04-29,org.jsoup.parser.TokeniserState$Anonymous46,5,1,0,3,0,6,23
jsoup-1.16.1,2023-04-29,org.jsoup.parser.TokeniserState$Anonymous47,4,1,0,3,0,10,18
jsoup-1.16.1,2023-04-29,org.jsoup.parser.TokeniserState$Anonymous48,4,1,0,3,0,6,19
jsoup-1.16.1,2023-04-29,org.jsoup.parser.TokeniserState$Anonymous49,6,1,0,3,0,7,24
jsoup-1.16.1,2023-04-29,org.jsoup.parser.TokeniserState$Anonymous42,3,1,0,2,0,6,17
jsoup-1.16.1,2023-04-29,org.jsoup.nodes.TextNode,34,3,1,10,105,35,72
jsoup-1.16.1,2023-04-29,org.jsoup.parser.TokeniserState$Anonymous43,3,1,0,3,0,6,11
jsoup-1.16.1,2023-04-29,org.jsoup.parser.TokeniserState$Anonymous44,4,1,0,2,0,7,20
jsoup-1.16.1,2023-04-29,org.jsoup.select.Evaluator$AttributeWithValue,3,3,0,3,3,5,11
jsoup-1.16.1,2023-04-29,org.jsoup.parser.TokeniserState$Anonymous45,5,1,0,3,0,7,23
jsoup-1.16.1,2023-04-29,org.jsoup.select.Evaluator$AttributeWithValueNot,3,3,0,3,3,3,11
jsoup-1.16.1,2023-04-29,org.jsoup.parser.ParseErrorList,8,4,0,2,1,2,28
jsoup-1.16.1,2023-04-29,org.jsoup.nodes.Element$Anonymous1,14,1,0,4,1,8,19
jsoup-1.16.1,2023-04-29,org.jsoup.SerializationException,4,4,0,0,6,0,14
jsoup-1.16.1,2023-04-29,org.jsoup.select.CombiningEvaluator$Or,9,3,0,5,15,7,28
jsoup-1.16.1,2023-04-29,org.jsoup.select.Evaluator$ContainsText,3,2,0,4,0,5,12
jsoup-1.16.1,2023-04-29,org.jsoup.Connection$Base,18,1,0,4,153,0,20
jsoup-1.16.1,2023-04-29,org.jsoup.parser.TokeniserState$Anonymous50,5,1,0,3,0,7,23
jsoup-1.16.1,2023-04-29,org.jsoup.parser.TokeniserState$Anonymous51,8,1,0,2,0,6,18
jsoup-1.16.1,2023-04-29,org.jsoup.select.Evaluator$IsNthOfType,7,3,0,4,3,4,18
jsoup-1.16.1,2023-04-29,org.jsoup.select.Evaluator$Id,3,2,0,2,0,3,12
jsoup-1.16.1,2023-04-29,org.jsoup.parser.TokeniserState$Anonymous52,9,1,0,2,0,8,27
jsoup-1.16.1,2023-04-29,org.jsoup.select.StructuralEvaluator$PreviousSibling,6,3,0,3,3,3,17
jsoup-1.16.1,2023-04-29,org.jsoup.parser.TokeniserState$Anonymous57,5,1,0,2,0,6,23
jsoup-1.16.1,2023-04-29,org.jsoup.parser.TokeniserState$Anonymous58,5,1,0,2,0,6,23
jsoup-1.16.1,2023-04-29,org.jsoup.parser.TokeniserState$Anonymous59,10,1,0,2,0,5,26
jsoup-1.16.1,2023-04-29,org.jsoup.examples.HtmlToPlainText$FormattingVisitor,18,1,0,5,4,14,44
jsoup-1.16.1,2023-04-29,org.jsoup.parser.TokeniserState$Anonymous53,10,1,0,2,0,9,26
jsoup-1.16.1,2023-04-29,org.jsoup.select.Collector,5,1,0,8,3,4,46
jsoup-1.16.1,2023-04-29,org.jsoup.parser.TokeniserState$Anonymous54,6,1,0,2,0,10,29
jsoup-1.16.1,2023-04-29,org.jsoup.parser.TokeniserState$Anonymous55,10,1,0,2,0,5,28
jsoup-1.16.1,2023-04-29,org.jsoup.helper.ValidationException,4,5,0,2,1,8,17
jsoup-1.16.1,2023-04-29,org.jsoup.nodes.Attributes$Dataset$DatasetIterator,5,1,0,2,0,9,17
jsoup-1.16.1,2023-04-29,org.jsoup.parser.TokeniserState$Anonymous56,10,1,0,2,0,5,25
jsoup-1.16.1,2023-04-29,org.jsoup.select.StructuralEvaluator$Not,3,3,0,3,3,2,11
jsoup-1.16.1,2023-04-29,org.jsoup.internal.ConstrainableInputStream,29,4,0,3,0,12,74
jsoup-1.16.1,2023-04-29,org.jsoup.parser.CharacterReader,202,1,0,5,0,44,490
jsoup-1.16.1,2023-04-29,org.jsoup.select.Evaluator$IsFirstChild,4,2,0,3,1,2,9
jsoup-1.16.1,2023-04-29,org.jsoup.parser.TokeniserState$Anonymous60,10,1,0,2,0,5,25
jsoup-1.16.1,2023-04-29,org.jsoup.parser.TokeniserState$Anonymous61,10,1,0,2,0,5,28
jsoup-1.16.1,2023-04-29,org.jsoup.parser.TokeniserState$Anonymous62,10,1,0,2,0,5,25
jsoup-1.16.1,2023-04-29,org.jsoup.parser.TokeniserState$Anonymous63,5,1,0,2,0,6,23
jsoup-1.16.1,2023-04-29,org.jsoup.select.StructuralEvaluator$Root,2,2,0,2,0,0,5
jsoup-1.16.1,2023-04-29,org.jsoup.helper.HttpConnection$Response,98,2,0,24,55,145,345
jsoup-1.16.1,2023-04-29,org.jsoup.select.NodeVisitor,2,1,0,1,1,0,5
jsoup-1.16.1,2023-04-29,org.jsoup.safety.Safelist$Protocol,2,2,0,2,1,0,8
jsoup-1.16.1,2023-04-29,org.jsoup.parser.Token$EOF,3,2,0,2,3,1,12
jsoup-1.16.1,2023-04-29,org.jsoup.parser.Token$StartTag,6,3,0,4,6,6,21
jsoup-1.16.1,2023-04-29,org.jsoup.select.Evaluator$AttributeWithValueStarting,3,3,0,4,3,5,11
jsoup-1.16.1,2023-04-29,org.jsoup.nodes.DocumentType,22,3,0,5,19,10,57
jsoup-1.16.1,2023-04-29,org.jsoup.Connection$Request,23,1,0,5,253,0,25
jsoup-1.16.1,2023-04-29,org.jsoup.examples.HtmlToPlainText,7,1,0,10,1,10,71
jsoup-1.16.1,2023-04-29,org.jsoup.HttpStatusException,3,4,0,0,0,0,15
jsoup-1.16.1,2023-04-29,org.jsoup.select.QueryParser,108,1,0,56,0,69,277
jsoup-1.16.1,2023-04-29,org.jsoup.select.Evaluator$MatchesWholeText,3,2,0,2,0,4,13
jsoup-1.16.1,2023-04-29,org.jsoup.parser.HtmlTreeBuilderState$Anonymous23,9,1,0,4,0,12,20
jsoup-1.16.1,2023-04-29,org.jsoup.nodes.NodeUtils,6,1,0,12,3,10,20
jsoup-1.16.1,2023-04-29,org.jsoup.parser.HtmlTreeBuilderState$Anonymous22,7,1,0,5,0,17,22
jsoup-1.16.1,2023-04-29,org.jsoup.select.Evaluator$Matches,3,2,0,2,0,4,13
jsoup-1.16.1,2023-04-29,org.jsoup.parser.HtmlTreeBuilderState$Anonymous24,1,1,0,2,0,0,5
jsoup-1.16.1,2023-04-29,org.jsoup.select.Evaluator$IsOnlyChild,3,2,0,3,1,3,9
jsoup-1.16.1,2023-04-29,org.jsoup.Connection$Method,2,1,0,0,0,0,8
jsoup-1.16.1,2023-04-29,org.jsoup.UncheckedIOException,3,4,0,0,3,1,11
jsoup-1.16.1,2023-04-29,org.jsoup.helper.HttpConnection$Base,61,1,0,10,134,34,181
jsoup-1.16.1,2023-04-29,org.jsoup.parser.TokenQueue,80,1,0,4,24,31,224
jsoup-1.16.1,2023-04-29,org.jsoup.parser.ParseSettings,13,1,0,4,0,3,42
jsoup-1.16.1,2023-04-29,org.jsoup.select.NodeFilter,2,1,0,2,1,0,12
jsoup-1.16.1,2023-04-29,org.jsoup.parser.HtmlTreeBuilderState$Anonymous21,11,1,0,4,0,17,30
jsoup-1.16.1,2023-04-29,org.jsoup.parser.HtmlTreeBuilderState$Anonymous20,16,1,0,6,0,22,50
jsoup-1.16.1,2023-04-29,org.jsoup.select.Evaluator$MatchesWholeOwnText,3,2,0,2,0,4,13
jsoup-1.16.1,2023-04-29,org.jsoup.parser.HtmlTreeBuilderState$Anonymous12,16,1,0,8,1,16,55
jsoup-1.16.1,2023-04-29,org.jsoup.parser.HtmlTreeBuilderState$Anonymous11,12,1,0,6,0,17,32
jsoup-1.16.1,2023-04-29,org.jsoup.parser.HtmlTreeBuilderState$Anonymous14,15,1,0,8,3,19,64
jsoup-1.16.1,2023-04-29,org.jsoup.parser.HtmlTreeBuilderState$Anonymous13,15,1,0,9,3,20,59
jsoup-1.16.1,2023-04-29,org.jsoup.parser.HtmlTreeBuilderState$Anonymous16,31,1,0,10,1,24,79
jsoup-1.16.1,2023-04-29,org.jsoup.helper.W3CDom$W3CBuilder,23,1,0,16,0,32,89
jsoup-1.16.1,2023-04-29,org.jsoup.parser.HtmlTreeBuilderState$Anonymous15,15,1,0,7,3,18,54
jsoup-1.16.1,2023-04-29,org.jsoup.parser.HtmlTreeBuilderState$Anonymous18,17,1,0,4,0,17,60
jsoup-1.16.1,2023-04-29,org.jsoup.parser.HtmlTreeBuilderState$Anonymous17,6,1,0,4,0,12,22
jsoup-1.16.1,2023-04-29,org.jsoup.parser.HtmlTreeBuilderState$Anonymous19,11,1,0,5,0,21,36
jsoup-1.16.1,2023-04-29,org.jsoup.select.Evaluator$ContainsOwnText,3,2,0,4,0,5,12
jsoup-1.16.1,2023-04-29,org.jsoup.parser.TokeniserState,31,1,0,7,13,27,1345
jsoup-1.16.1,2023-04-29,org.jsoup.select.Evaluator$IndexLessThan,5,3,0,2,3,2,11
jsoup-1.16.1,2023-04-29,org.jsoup.nodes.Entities$EscapeMode,8,1,0,2,4,3,25
jsoup-1.16.1,2023-04-29,org.jsoup.select.Evaluator$MatchText,4,2,0,6,1,7,15
jsoup-1.16.1,2023-04-29,org.jsoup.parser.HtmlTreeBuilderState$Anonymous10,7,1,0,7,0,18,36
jsoup-1.16.1,2023-04-29,org.jsoup.safety.Cleaner$ElementMeta,1,1,0,1,0,0,8
jsoup-1.16.1,2023-04-29,org.jsoup.select.Evaluator,2,58,58,7,1,0,503
jsoup-1.16.1,2023-04-29,org.jsoup.Connection,37,1,0,9,666,0,115
jsoup-1.16.1,2023-04-29,org.jsoup.select.Evaluator$IsRoot,4,2,0,3,1,1,9
jsoup-1.16.1,2023-04-29,org.jsoup.nodes.CDataNode,6,4,0,3,15,3,20
jsoup-1.16.1,2023-04-29,org.jsoup.select.StructuralEvaluator$Parent,7,3,0,3,3,3,18
jsoup-1.16.1,2023-04-29,org.jsoup.select.Evaluator$IsLastChild,4,2,0,3,1,4,9
jsoup-1.16.1,2023-04-29,org.jsoup.select.Evaluator$IsNthLastChild,4,3,0,2,3,4,12
jsoup-1.16.1,2023-04-29,org.jsoup.parser.Token$TokenType,0,1,0,0,0,0,1
jsoup-1.16.1,2023-04-29,org.jsoup.nodes.Attribute,48,1,0,11,0,36,131
jsoup-1.16.2,2023-10-20,org.jsoup.nodes.Document$QuirksMode,0,1,0,0,0,0,1
jsoup-1.16.2,2023-10-20,org.jsoup.helper.DataUtil,70,1,0,19,72,69,189
jsoup-1.16.2,2023-10-20,org.jsoup.select.StructuralEvaluator$ImmediateParent,6,3,0,3,6,4,16
jsoup-1.16.2,2023-10-20,org.jsoup.helper.ChangeNotifyingArrayList,13,4,0,2,78,12,50
jsoup-1.16.2,2023-10-20,org.jsoup.Connection$Response,10,1,0,5,45,0,12
jsoup-1.16.2,2023-10-20,org.jsoup.nodes.Range,17,1,0,5,0,9,80
jsoup-1.16.2,2023-10-20,org.jsoup.select.Evaluator$IndexEvaluator,1,2,0,1,0,0,6
jsoup-1.16.2,2023-10-20,org.jsoup.select.Evaluator$IsOnlyOfType,8,2,0,3,1,5,17
jsoup-1.16.2,2023-10-20,org.jsoup.select.Evaluator$ContainsWholeText,4,2,0,2,0,3,15
jsoup-1.16.2,2023-10-20,org.jsoup.nodes.Entities$CoreCharset,3,1,0,1,0,2,6
jsoup-1.16.2,2023-10-20,org.jsoup.safety.Cleaner,12,1,0,16,13,29,100
jsoup-1.16.2,2023-10-20,org.jsoup.nodes.Element,266,6,3,53,8946,188,818
jsoup-1.16.2,2023-10-20,org.jsoup.helper.HttpConnection,56,3,0,15,0,42,945
jsoup-1.16.2,2023-10-20,org.jsoup.helper.UrlBuilder,16,1,0,5,4,27,57
jsoup-1.16.2,2023-10-20,org.jsoup.select.NodeTraversor,34,1,0,7,6,14,88
jsoup-1.16.2,2023-10-20,org.jsoup.safety.Safelist$AttributeKey,2,2,0,2,1,0,8
jsoup-1.16.2,2023-10-20,org.jsoup.select.Evaluator$MatchesOwn,4,2,0,2,0,4,16
jsoup-1.16.2,2023-10-20,org.jsoup.select.CombiningEvaluator$And,6,3,0,4,6,4,18
jsoup-1.16.2,2023-10-20,org.jsoup.parser.Token$EndTag,2,3,0,1,1,1,9
jsoup-1.16.2,2023-10-20,org.jsoup.helper.HttpConnection$Request,30,2,0,7,231,9,136
jsoup-1.16.2,2023-10-20,org.jsoup.nodes.Document,54,3,0,21,389,47,282
jsoup-1.16.2,2023-10-20,org.jsoup.Jsoup,20,1,0,12,190,19,70
jsoup-1.16.2,2023-10-20,org.jsoup.parser.HtmlTreeBuilder,269,2,0,29,4327,121,706
jsoup-1.16.2,2023-10-20,org.jsoup.nodes.FormElement,24,3,0,13,9,28,61
jsoup-1.16.2,2023-10-20,org.jsoup.UnsupportedMimeTypeException,4,4,0,0,0,1,18
jsoup-1.16.2,2023-10-20,org.jsoup.select.StructuralEvaluator,5,16,12,3,0,9,174
jsoup-1.16.2,2023-10-20,org.jsoup.nodes.EntitiesData,1,1,0,0,0,0,10
jsoup-1.16.2,2023-10-20,org.jsoup.select.Evaluator$IndexEquals,4,3,0,2,3,2,11
jsoup-1.16.2,2023-10-20,org.jsoup.select.Selector$SelectorParseException,3,5,0,0,3,1,11
jsoup-1.16.2,2023-10-20,org.jsoup.parser.Token$Tag,44,2,0,8,137,23,145
jsoup-1.16.2,2023-10-20,org.jsoup.nodes.XmlDeclaration,15,3,0,9,34,17,52
jsoup-1.16.2,2023-10-20,org.jsoup.parser.Token$Doctype,8,2,0,2,18,4,37
jsoup-1.16.2,2023-10-20,org.jsoup.select.Evaluator$TagEndsWith,3,2,0,2,0,3,12
jsoup-1.16.2,2023-10-20,org.jsoup.helper.CookieUtil,14,1,0,5,6,23,48
jsoup-1.16.2,2023-10-20,org.jsoup.nodes.Element$TextAccumulator,15,1,0,5,0,8,23
jsoup-1.16.2,2023-10-20,org.jsoup.select.Evaluator$Tag,4,2,0,2,0,3,15
jsoup-1.16.2,2023-10-20,org.jsoup.nodes.Document$OutputSettings$Syntax,0,1,0,0,0,0,1
jsoup-1.16.2,2023-10-20,org.jsoup.internal.StringUtil,72,1,0,4,198,54,183
jsoup-1.16.2,2023-10-20,org.jsoup.parser.TokeniserState$Anonymous24,6,1,0,2,0,6,25
jsoup-1.16.2,2023-10-20,org.jsoup.parser.TokeniserState$Anonymous25,3,1,0,2,0,9,19
jsoup-1.16.2,2023-10-20,org.jsoup.parser.TokeniserState$Anonymous26,2,1,0,3,0,8,14
jsoup-1.16.2,2023-10-20,org.jsoup.parser.TokeniserState$Anonymous27,1,1,0,3,0,1,5
jsoup-1.16.2,2023-10-20,org.jsoup.parser.TokeniserState$Anonymous20,2,1,0,2,0,4,11
jsoup-1.16.2,2023-10-20,org.jsoup.parser.TokeniserState$Anonymous21,2,1,0,2,0,4,11
jsoup-1.16.2,2023-10-20,org.jsoup.parser.TokeniserState$Anonymous22,5,1,0,2,0,10,22
jsoup-1.16.2,2023-10-20,org.jsoup.parser.TokeniserState$Anonymous23,5,1,0,2,0,6,23
jsoup-1.16.2,2023-10-20,org.jsoup.parser.Tokeniser,85,1,0,18,191,61,269
jsoup-1.16.2,2023-10-20,org.jsoup.nodes.Comment,19,3,0,13,55,30,48
jsoup-1.16.2,2023-10-20,org.jsoup.select.Evaluator$IndexGreaterThan,4,3,0,2,3,2,11
jsoup-1.16.2,2023-10-20,org.jsoup.nodes.LeafNode,24,2,5,3,78,17,71
jsoup-1.16.2,2023-10-20,org.jsoup.parser.TokeniserState$Anonymous28,1,1,0,3,0,1,5
jsoup-1.16.2,2023-10-20,org.jsoup.parser.TokeniserState$Anonymous29,5,1,0,2,0,9,22
jsoup-1.16.2,2023-10-20,org.jsoup.select.Selector,13,5,0,9,15,9,58
jsoup-1.16.2,2023-10-20,org.jsoup.select.Evaluator$AttributeWithValueEnding,4,3,0,4,6,5,14
jsoup-1.16.2,2023-10-20,org.jsoup.select.StructuralEvaluator$ImmediatePreviousSibling,6,3,0,3,6,4,16
jsoup-1.16.2,2023-10-20,org.jsoup.select.Collector$FirstFinder,5,1,0,7,0,2,24
jsoup-1.16.2,2023-10-20,org.jsoup.parser.TokeniserState$Anonymous30,5,1,0,2,0,5,22
jsoup-1.16.2,2023-10-20,org.jsoup.safety.Safelist$AttributeValue,2,2,0,2,1,0,8
jsoup-1.16.2,2023-10-20,org.jsoup.helper.HttpConnection$KeyVal,14,1,0,4,10,4,56
jsoup-1.16.2,2023-10-20,org.jsoup.parser.HtmlTreeBuilderState$Anonymous5,16,1,0,7,1,18,33
jsoup-1.16.2,2023-10-20,org.jsoup.parser.TokeniserState$Anonymous35,13,1,0,3,0,8,25
jsoup-1.16.2,2023-10-20,org.jsoup.parser.HtmlTreeBuilderState$Anonymous4,23,1,0,12,1,35,90
jsoup-1.16.2,2023-10-20,org.jsoup.parser.TokeniserState$Anonymous36,14,1,0,3,0,8,30
jsoup-1.16.2,2023-10-20,org.jsoup.parser.HtmlTreeBuilderState$Anonymous7,216,1,0,18,10,100,550
jsoup-1.16.2,2023-10-20,org.jsoup.parser.TokeniserState$Anonymous37,15,1,0,3,0,7,33
jsoup-1.16.2,2023-10-20,org.jsoup.parser.HtmlTreeBuilderState$Anonymous6,14,1,0,9,1,25,65
jsoup-1.16.2,2023-10-20,org.jsoup.parser.TokeniserState$Anonymous38,7,1,0,4,0,11,23
jsoup-1.16.2,2023-10-20,org.jsoup.parser.HtmlTreeBuilderState$Anonymous1,5,1,0,9,0,19,24
jsoup-1.16.2,2023-10-20,org.jsoup.parser.TokeniserState$Anonymous31,6,1,0,2,0,5,24
jsoup-1.16.2,2023-10-20,org.jsoup.parser.TokeniserState$Anonymous32,2,1,0,2,0,5,12
jsoup-1.16.2,2023-10-20,org.jsoup.parser.HtmlTreeBuilderState$Anonymous3,11,1,0,7,0,21,35
jsoup-1.16.2,2023-10-20,org.jsoup.parser.TokeniserState$Anonymous33,1,1,0,3,0,1,5
jsoup-1.16.2,2023-10-20,org.jsoup.parser.HtmlTreeBuilderState$Anonymous2,10,1,0,6,1,20,34
jsoup-1.16.2,2023-10-20,org.jsoup.parser.TokeniserState$Anonymous34,14,1,0,3,0,8,31
jsoup-1.16.2,2023-10-20,org.jsoup.parser.HtmlTreeBuilderState$Anonymous9,29,1,0,10,1,38,121
jsoup-1.16.2,2023-10-20,org.jsoup.parser.TokeniserState$Anonymous39,7,1,0,4,0,11,23
jsoup-1.16.2,2023-10-20,org.jsoup.parser.HtmlTreeBuilderState$Anonymous8,4,1,0,2,0,10,18
jsoup-1.16.2,2023-10-20,org.jsoup.nodes.Node,145,1,2,19,2104,89,423
jsoup-1.16.2,2023-10-20,org.jsoup.safety.Safelist$TypedValue,9,1,0,2,0,4,26
jsoup-1.16.2,2023-10-20,org.jsoup.helper.DataUtil$BomCharset,1,1,0,0,0,0,8
jsoup-1.16.2,2023-10-20,org.jsoup.parser.HtmlTreeBuilderState,5,1,0,6,6,9,1717
jsoup-1.16.2,2023-10-20,org.jsoup.select.Evaluator$AttributeStarting,6,2,0,6,0,7,20
jsoup-1.16.2,2023-10-20,org.jsoup.parser.TokeniserState$Anonymous40,17,1,0,4,0,11,28
jsoup-1.16.2,2023-10-20,org.jsoup.nodes.DataNode,8,3,0,4,28,6,26
jsoup-1.16.2,2023-10-20,org.jsoup.parser.TokeniserState$Anonymous41,9,1,0,2,0,6,20
jsoup-1.16.2,2023-10-20,org.jsoup.nodes.Attributes,100,2,0,12,173,44,315
jsoup-1.16.2,2023-10-20,org.jsoup.helper.W3CDom,38,1,0,19,135,57,232
jsoup-1.16.2,2023-10-20,org.jsoup.parser.XmlTreeBuilder,34,2,0,24,120,50,109
jsoup-1.16.2,2023-10-20,org.jsoup.nodes.Document$OutputSettings,23,1,0,5,123,13,92
jsoup-1.16.2,2023-10-20,org.jsoup.select.CombiningEvaluator,10,6,4,3,0,9,89
jsoup-1.16.2,2023-10-20,org.jsoup.select.Evaluator$ContainsData,3,2,0,3,0,4,12
jsoup-1.16.2,2023-10-20,org.jsoup.internal.Normalizer,5,1,0,1,3,4,11
jsoup-1.16.2,2023-10-20,org.jsoup.nodes.Attributes$Dataset$EntrySet,3,3,0,1,1,1,11
jsoup-1.16.2,2023-10-20,org.jsoup.nodes.Attributes$Dataset,4,4,0,2,1,4,43
jsoup-1.16.2,2023-10-20,org.jsoup.parser.TokeniserState$Anonymous13,13,1,0,4,1,12,32
jsoup-1.16.2,2023-10-20,org.jsoup.parser.TokeniserState$Anonymous14,2,1,0,2,0,5,12
jsoup-1.16.2,2023-10-20,org.jsoup.helper.Validate,36,1,0,3,171,4,61
jsoup-1.16.2,2023-10-20,org.jsoup.parser.TokeniserState$Anonymous15,1,1,0,3,0,1,5
jsoup-1.16.2,2023-10-20,org.jsoup.parser.TokeniserState$Anonymous16,1,1,0,3,0,1,5
jsoup-1.16.2,2023-10-20,org.jsoup.select.StructuralEvaluator$ImmediateParentRun,8,2,0,3,0,7,27
jsoup-1.16.2,2023-10-20,org.jsoup.parser.TokeniserState$Anonymous10,11,1,0,3,0,9,24
jsoup-1.16.2,2023-10-20,org.jsoup.parser.TokeniserState$Anonymous11,6,1,0,3,0,13,17
jsoup-1.16.2,2023-10-20,org.jsoup.parser.TokeniserState$Anonymous12,2,1,0,3,0,8,14
jsoup-1.16.2,2023-10-20,org.jsoup.parser.TokeniserState$Anonymous17,4,1,0,2,0,6,19
jsoup-1.16.2,2023-10-20,org.jsoup.parser.TokeniserState$Anonymous18,1,1,0,3,0,1,5
jsoup-1.16.2,2023-10-20,org.jsoup.parser.TokeniserState$Anonymous19,1,1,0,3,0,1,5
jsoup-1.16.2,2023-10-20,org.jsoup.select.Evaluator$CssNthEvaluator,13,2,0,4,3,4,24
jsoup-1.16.2,2023-10-20,org.jsoup.parser.Token$Comment,10,2,0,2,1,8,42
jsoup-1.16.2,2023-10-20,org.jsoup.select.Evaluator$IsFirstOfType,2,4,0,1,1,0,8
jsoup-1.16.2,2023-10-20,org.jsoup.nodes.Element$NodeList,2,5,0,3,0,1,10
jsoup-1.16.2,2023-10-20,org.jsoup.examples.Wikipedia,3,1,0,7,1,9,13
jsoup-1.16.2,2023-10-20,org.jsoup.parser.ParseError,8,1,0,1,0,4,37
jsoup-1.16.2,2023-10-20,org.jsoup.safety.Safelist,62,5,0,12,76,82,318
jsoup-1.16.2,2023-10-20,org.jsoup.parser.TokeniserState$Anonymous64,5,1,0,2,0,6,23
jsoup-1.16.2,2023-10-20,org.jsoup.parser.TokeniserState$Anonymous65,8,1,0,2,0,5,18
jsoup-1.16.2,2023-10-20,org.jsoup.parser.TreeBuilder,38,1,2,22,163,40,133
jsoup-1.16.2,2023-10-20,org.jsoup.parser.TokeniserState$Anonymous66,3,1,0,2,0,3,14
jsoup-1.16.2,2023-10-20,org.jsoup.parser.TokeniserState$Anonymous67,3,1,0,3,0,7,10
jsoup-1.16.2,2023-10-20,org.jsoup.nodes.PseudoTextElement,3,3,0,4,3,0,9
jsoup-1.16.2,2023-10-20,org.jsoup.parser.TokeniserState$Anonymous1,5,1,0,3,0,8,18
jsoup-1.16.2,2023-10-20,org.jsoup.parser.Parser,29,1,0,11,150,19,112
jsoup-1.16.2,2023-10-20,org.jsoup.select.Evaluator$IsEmpty,7,2,0,7,1,2,13
jsoup-1.16.2,2023-10-20,org.jsoup.parser.TokeniserState$Anonymous7,3,1,0,3,0,7,15
jsoup-1.16.2,2023-10-20,org.jsoup.parser.TokeniserState$Anonymous6,1,1,0,3,0,1,5
jsoup-1.16.2,2023-10-20,org.jsoup.parser.TokeniserState$Anonymous9,4,1,0,3,0,11,23
jsoup-1.16.2,2023-10-20,org.jsoup.select.Evaluator$AttributeWithValueMatching,4,2,0,4,0,7,17
jsoup-1.16.2,2023-10-20,org.jsoup.parser.TokeniserState$Anonymous8,5,1,0,2,0,8,23
jsoup-1.16.2,2023-10-20,org.jsoup.nodes.Range$Position,15,1,0,1,0,1,37
jsoup-1.16.2,2023-10-20,org.jsoup.parser.TokeniserState$Anonymous3,5,1,0,3,0,8,19
jsoup-1.16.2,2023-10-20,org.jsoup.parser.TokeniserState$Anonymous2,1,1,0,3,0,1,5
jsoup-1.16.2,2023-10-20,org.jsoup.parser.TokeniserState$Anonymous5,1,1,0,3,0,1,5
jsoup-1.16.2,2023-10-20,org.jsoup.parser.TokeniserState$Anonymous4,1,1,0,3,0,1,5
jsoup-1.16.2,2023-10-20,org.jsoup.examples.ListLinks,9,1,0,8,3,16,31
jsoup-1.16.2,2023-10-20,org.jsoup.select.Evaluator$IsNthChild,3,3,0,2,3,1,11
jsoup-1.16.2,2023-10-20,org.jsoup.parser.HtmlTreeBuilderState$Constants,0,1,0,0,0,0,42
jsoup-1.16.2,2023-10-20,org.jsoup.safety.Safelist$TagName,2,2,0,2,1,0,8
jsoup-1.16.2,2023-10-20,org.jsoup.select.Evaluator$Class,4,2,0,2,0,2,15
jsoup-1.16.2,2023-10-20,org.jsoup.nodes.Attributes$Anonymous1,8,1,0,3,0,3,25
jsoup-1.16.2,2023-10-20,org.jsoup.select.StructuralEvaluator$Has,7,3,0,5,4,5,23
jsoup-1.16.2,2023-10-20,org.jsoup.nodes.Node$OuterHtmlVisitor,6,1,0,4,0,5,27
jsoup-1.16.2,2023-10-20,org.jsoup.parser.Token,27,12,10,9,148,4,375
jsoup-1.16.2,2023-10-20,org.jsoup.safety.Cleaner$CleaningVisitor,11,1,0,8,0,9,42
jsoup-1.16.2,2023-10-20,org.jsoup.select.Evaluator$AttributeKeyPair,4,2,0,3,0,7,17
jsoup-1.16.2,2023-10-20,org.jsoup.select.Evaluator$ContainsWholeOwnText,3,2,0,2,0,3,12
jsoup-1.16.2,2023-10-20,org.jsoup.select.Evaluator$IsNthLastOfType,6,3,0,2,3,4,19
jsoup-1.16.2,2023-10-20,org.jsoup.parser.Tag,52,1,0,4,65,19,164
jsoup-1.16.2,2023-10-20,org.jsoup.parser.Token$Character,7,2,0,2,9,3,30
jsoup-1.16.2,2023-10-20,org.jsoup.select.Evaluator$IsLastOfType,2,4,0,1,1,0,8
jsoup-1.16.2,2023-10-20,org.jsoup.select.Evaluator$Attribute,4,2,0,3,0,2,15
jsoup-1.16.2,2023-10-20,org.jsoup.internal.StringUtil$StringJoiner,5,1,0,4,0,5,25
jsoup-1.16.2,2023-10-20,org.jsoup.select.NodeFilter$FilterResult,0,1,0,0,0,0,6
jsoup-1.16.2,2023-10-20,org.jsoup.Connection$KeyVal,9,1,0,2,36,0,11
jsoup-1.16.2,2023-10-20,org.jsoup.nodes.Entities,56,1,0,12,56,34,203
jsoup-1.16.2,2023-10-20,org.jsoup.parser.Token$CData,2,3,0,1,1,2,9
jsoup-1.16.2,2023-10-20,org.jsoup.select.Evaluator$AttributeWithValueContaining,4,3,0,4,6,5,14
jsoup-1.16.2,2023-10-20,org.jsoup.select.Elements,110,4,0,17,1540,59,286
jsoup-1.16.2,2023-10-20,org.jsoup.select.Evaluator$AllElements,3,2,0,2,3,0,11
jsoup-1.16.2,2023-10-20,org.jsoup.parser.TokeniserState$Anonymous46,5,1,0,3,0,6,23
jsoup-1.16.2,2023-10-20,org.jsoup.parser.TokeniserState$Anonymous47,4,1,0,3,0,10,18
jsoup-1.16.2,2023-10-20,org.jsoup.parser.TokeniserState$Anonymous48,4,1,0,3,0,6,19
jsoup-1.16.2,2023-10-20,org.jsoup.parser.TokeniserState$Anonymous49,6,1,0,3,0,7,24
jsoup-1.16.2,2023-10-20,org.jsoup.parser.TokeniserState$Anonymous42,3,1,0,2,0,6,17
jsoup-1.16.2,2023-10-20,org.jsoup.nodes.TextNode,34,3,1,10,105,35,72
jsoup-1.16.2,2023-10-20,org.jsoup.parser.TokeniserState$Anonymous43,3,1,0,3,0,6,11
jsoup-1.16.2,2023-10-20,org.jsoup.parser.TokeniserState$Anonymous44,4,1,0,2,0,7,20
jsoup-1.16.2,2023-10-20,org.jsoup.select.Evaluator$AttributeWithValue,4,3,0,3,6,5,14
jsoup-1.16.2,2023-10-20,org.jsoup.parser.TokeniserState$Anonymous45,5,1,0,3,0,7,23
jsoup-1.16.2,2023-10-20,org.jsoup.select.Evaluator$AttributeWithValueNot,4,3,0,3,6,3,14
jsoup-1.16.2,2023-10-20,org.jsoup.parser.ParseErrorList,8,4,0,2,1,2,28
jsoup-1.16.2,2023-10-20,org.jsoup.SerializationException,4,4,0,0,6,0,14
jsoup-1.16.2,2023-10-20,org.jsoup.select.CombiningEvaluator$Or,9,3,0,5,15,7,28
jsoup-1.16.2,2023-10-20,org.jsoup.select.Evaluator$ContainsText,4,2,0,4,0,5,15
jsoup-1.16.2,2023-10-20,org.jsoup.Connection$Base,18,1,0,4,153,0,20
jsoup-1.16.2,2023-10-20,org.jsoup.parser.TokeniserState$Anonymous50,5,1,0,3,0,7,23
jsoup-1.16.2,2023-10-20,org.jsoup.parser.TokeniserState$Anonymous51,8,1,0,2,0,6,18
jsoup-1.16.2,2023-10-20,org.jsoup.select.Evaluator$IsNthOfType,7,3,0,3,3,6,20
jsoup-1.16.2,2023-10-20,org.jsoup.select.Evaluator$Id,4,2,0,2,0,3,15
jsoup-1.16.2,2023-10-20,org.jsoup.parser.TokeniserState$Anonymous52,9,1,0,2,0,8,27
jsoup-1.16.2,2023-10-20,org.jsoup.select.StructuralEvaluator$PreviousSibling,8,3,0,3,6,5,21
jsoup-1.16.2,2023-10-20,org.jsoup.parser.TokeniserState$Anonymous57,5,1,0,2,0,6,23
jsoup-1.16.2,2023-10-20,org.jsoup.parser.TokeniserState$Anonymous58,5,1,0,2,0,6,23
jsoup-1.16.2,2023-10-20,org.jsoup.parser.TokeniserState$Anonymous59,10,1,0,2,0,5,26
jsoup-1.16.2,2023-10-20,org.jsoup.examples.HtmlToPlainText$FormattingVisitor,18,1,0,5,4,14,44
jsoup-1.16.2,2023-10-20,org.jsoup.parser.TokeniserState$Anonymous53,10,1,0,2,0,9,26
jsoup-1.16.2,2023-10-20,org.jsoup.select.Collector,5,1,0,8,3,5,45
jsoup-1.16.2,2023-10-20,org.jsoup.parser.TokeniserState$Anonymous54,6,1,0,2,0,10,29
jsoup-1.16.2,2023-10-20,org.jsoup.parser.TokeniserState$Anonymous55,10,1,0,2,0,5,28
jsoup-1.16.2,2023-10-20,org.jsoup.helper.ValidationException,4,5,0,2,1,8,17
jsoup-1.16.2,2023-10-20,org.jsoup.nodes.Attributes$Dataset$DatasetIterator,5,1,0,2,0,9,17
jsoup-1.16.2,2023-10-20,org.jsoup.parser.TokeniserState$Anonymous56,10,1,0,2,0,5,25
jsoup-1.16.2,2023-10-20,org.jsoup.select.StructuralEvaluator$Not,4,3,0,3,6,3,14
jsoup-1.16.2,2023-10-20,org.jsoup.internal.ConstrainableInputStream,29,4,0,3,0,13,74
jsoup-1.16.2,2023-10-20,org.jsoup.parser.CharacterReader,202,1,0,5,0,44,490
jsoup-1.16.2,2023-10-20,org.jsoup.select.Evaluator$IsFirstChild,4,2,0,3,1,2,9
jsoup-1.16.2,2023-10-20,org.jsoup.parser.TokeniserState$Anonymous60,10,1,0,2,0,5,25
jsoup-1.16.2,2023-10-20,org.jsoup.parser.TokeniserState$Anonymous61,10,1,0,2,0,5,28
jsoup-1.16.2,2023-10-20,org.jsoup.parser.TokeniserState$Anonymous62,10,1,0,2,0,5,25
jsoup-1.16.2,2023-10-20,org.jsoup.parser.TokeniserState$Anonymous63,5,1,0,2,0,6,23
jsoup-1.16.2,2023-10-20,org.jsoup.select.StructuralEvaluator$Root,4,2,0,2,3,0,11
jsoup-1.16.2,2023-10-20,org.jsoup.helper.HttpConnection$Response,122,2,0,24,100,148,387
jsoup-1.16.2,2023-10-20,org.jsoup.select.NodeVisitor,2,1,0,1,1,0,5
jsoup-1.16.2,2023-10-20,org.jsoup.safety.Safelist$Protocol,2,2,0,2,1,0,8
jsoup-1.16.2,2023-10-20,org.jsoup.parser.Token$EOF,3,2,0,2,3,1,12
jsoup-1.16.2,2023-10-20,org.jsoup.parser.Token$StartTag,7,3,0,4,6,7,22
jsoup-1.16.2,2023-10-20,org.jsoup.select.Evaluator$AttributeWithValueStarting,4,3,0,4,6,5,14
jsoup-1.16.2,2023-10-20,org.jsoup.nodes.DocumentType,22,3,0,5,19,10,57
jsoup-1.16.2,2023-10-20,org.jsoup.Connection$Request,23,1,0,5,253,0,25
jsoup-1.16.2,2023-10-20,org.jsoup.examples.HtmlToPlainText,7,1,0,10,1,10,71
jsoup-1.16.2,2023-10-20,org.jsoup.HttpStatusException,3,4,0,0,0,0,15
jsoup-1.16.2,2023-10-20,org.jsoup.select.QueryParser,108,1,0,56,41,66,276
jsoup-1.16.2,2023-10-20,org.jsoup.select.Evaluator$MatchesWholeText,4,2,0,2,0,4,16
jsoup-1.16.2,2023-10-20,org.jsoup.parser.HtmlTreeBuilderState$Anonymous23,9,1,0,4,0,12,20
jsoup-1.16.2,2023-10-20,org.jsoup.nodes.NodeUtils,6,1,0,12,3,10,20
jsoup-1.16.2,2023-10-20,org.jsoup.parser.HtmlTreeBuilderState$Anonymous22,7,1,0,5,0,17,22
jsoup-1.16.2,2023-10-20,org.jsoup.select.Evaluator$Matches,4,2,0,2,0,4,16
jsoup-1.16.2,2023-10-20,org.jsoup.parser.HtmlTreeBuilderState$Anonymous24,24,1,0,13,1,29,51
jsoup-1.16.2,2023-10-20,org.jsoup.select.Evaluator$IsOnlyChild,3,2,0,3,1,3,9
jsoup-1.16.2,2023-10-20,org.jsoup.Connection$Method,2,1,0,0,0,0,8
jsoup-1.16.2,2023-10-20,org.jsoup.UncheckedIOException,3,5,0,0,3,1,11
jsoup-1.16.2,2023-10-20,org.jsoup.helper.HttpConnection$Base,38,1,0,9,89,31,142
jsoup-1.16.2,2023-10-20,org.jsoup.parser.TokenQueue,80,1,0,4,24,31,224
jsoup-1.16.2,2023-10-20,org.jsoup.parser.ParseSettings,13,1,0,4,0,3,42
jsoup-1.16.2,2023-10-20,org.jsoup.select.NodeFilter,2,1,0,2,1,0,12
jsoup-1.16.2,2023-10-20,org.jsoup.parser.HtmlTreeBuilderState$Anonymous21,11,1,0,4,0,17,30
jsoup-1.16.2,2023-10-20,org.jsoup.parser.HtmlTreeBuilderState$Anonymous20,16,1,0,6,0,22,50
jsoup-1.16.2,2023-10-20,org.jsoup.select.Evaluator$MatchesWholeOwnText,4,2,0,2,0,4,16
jsoup-1.16.2,2023-10-20,org.jsoup.parser.HtmlTreeBuilderState$Anonymous12,16,1,0,8,1,16,55
jsoup-1.16.2,2023-10-20,org.jsoup.parser.HtmlTreeBuilderState$Anonymous11,12,1,0,6,0,17,32
jsoup-1.16.2,2023-10-20,org.jsoup.parser.HtmlTreeBuilderState$Anonymous14,15,1,0,7,1,17,77
jsoup-1.16.2,2023-10-20,org.jsoup.parser.HtmlTreeBuilderState$Anonymous13,15,1,0,9,3,20,59
jsoup-1.16.2,2023-10-20,org.jsoup.parser.HtmlTreeBuilderState$Anonymous16,31,1,0,10,1,24,79
jsoup-1.16.2,2023-10-20,org.jsoup.helper.W3CDom$W3CBuilder,26,1,0,20,0,35,94
jsoup-1.16.2,2023-10-20,org.jsoup.parser.HtmlTreeBuilderState$Anonymous15,15,1,0,7,3,18,54
jsoup-1.16.2,2023-10-20,org.jsoup.parser.HtmlTreeBuilderState$Anonymous18,17,1,0,4,0,17,60
jsoup-1.16.2,2023-10-20,org.jsoup.parser.HtmlTreeBuilderState$Anonymous17,6,1,0,4,0,12,22
jsoup-1.16.2,2023-10-20,org.jsoup.parser.HtmlTreeBuilderState$Anonymous19,11,1,0,5,0,21,36
jsoup-1.16.2,2023-10-20,org.jsoup.select.Evaluator$ContainsOwnText,3,2,0,4,0,5,12
jsoup-1.16.2,2023-10-20,org.jsoup.parser.TokeniserState,31,1,0,7,13,27,1345
jsoup-1.16.2,2023-10-20,org.jsoup.select.Evaluator$IndexLessThan,5,3,0,2,3,2,11
jsoup-1.16.2,2023-10-20,org.jsoup.nodes.Entities$EscapeMode,8,1,0,2,4,3,25
jsoup-1.16.2,2023-10-20,org.jsoup.select.Evaluator$MatchText,5,2,0,6,3,9,18
jsoup-1.16.2,2023-10-20,org.jsoup.parser.HtmlTreeBuilderState$Anonymous10,7,1,0,7,0,18,36
jsoup-1.16.2,2023-10-20,org.jsoup.safety.Cleaner$ElementMeta,1,1,0,1,0,0,8
jsoup-1.16.2,2023-10-20,org.jsoup.select.Evaluator,4,58,60,7,6,0,575
jsoup-1.16.2,2023-10-20,org.jsoup.Connection,37,1,0,9,666,0,115
jsoup-1.16.2,2023-10-20,org.jsoup.select.Evaluator$IsRoot,5,2,0,3,3,1,12
jsoup-1.16.2,2023-10-20,org.jsoup.nodes.CDataNode,6,4,0,3,15,3,20
jsoup-1.16.2,2023-10-20,org.jsoup.select.StructuralEvaluator$Parent,8,3,0,3,6,4,21
jsoup-1.16.2,2023-10-20,org.jsoup.select.Evaluator$IsLastChild,4,2,0,3,1,2,9
jsoup-1.16.2,2023-10-20,org.jsoup.select.Evaluator$IsNthLastChild,4,3,0,2,3,3,12
jsoup-1.16.2,2023-10-20,org.jsoup.parser.Token$TokenType,0,1,0,0,0,0,1
jsoup-1.16.2,2023-10-20,org.jsoup.nodes.Attribute,48,1,0,11,0,36,131
jsoup-1.17.1,2023-11-27,org.jsoup.nodes.Document$QuirksMode,0,1,0,0,0,0,1
jsoup-1.17.1,2023-11-27,org.jsoup.helper.DataUtil,69,1,0,18,78,68,186
jsoup-1.17.1,2023-11-27,org.jsoup.select.StructuralEvaluator$ImmediateParent,6,3,0,3,6,4,16
jsoup-1.17.1,2023-11-27,org.jsoup.helper.ChangeNotifyingArrayList,13,4,0,2,78,12,50
jsoup-1.17.1,2023-11-27,org.jsoup.Connection$Response,10,1,0,5,45,0,12
jsoup-1.17.1,2023-11-27,org.jsoup.nodes.Range,21,1,0,4,0,7,118
jsoup-1.17.1,2023-11-27,org.jsoup.select.Evaluator$IndexEvaluator,1,2,0,1,0,0,6
jsoup-1.17.1,2023-11-27,org.jsoup.select.Evaluator$IsOnlyOfType,8,2,0,3,1,5,17
jsoup-1.17.1,2023-11-27,org.jsoup.select.Evaluator$ContainsWholeText,4,2,0,2,0,3,15
jsoup-1.17.1,2023-11-27,org.jsoup.nodes.Entities$CoreCharset,3,1,0,1,0,2,6
jsoup-1.17.1,2023-11-27,org.jsoup.internal.ControllableInputStream,32,3,0,3,2,15,87
jsoup-1.17.1,2023-11-27,org.jsoup.safety.Cleaner,10,1,0,14,13,24,100
jsoup-1.17.1,2023-11-27,org.jsoup.nodes.Element,268,6,3,52,9086,194,819
jsoup-1.17.1,2023-11-27,org.jsoup.helper.HttpConnection,57,3,0,16,0,43,960
jsoup-1.17.1,2023-11-27,org.jsoup.helper.UrlBuilder,16,1,0,5,4,27,57
jsoup-1.17.1,2023-11-27,org.jsoup.select.NodeTraversor,34,1,0,7,6,14,88
jsoup-1.17.1,2023-11-27,org.jsoup.safety.Safelist$AttributeKey,2,2,0,3,1,1,8
jsoup-1.17.1,2023-11-27,org.jsoup.select.Evaluator$MatchesOwn,4,2,0,2,0,4,16
jsoup-1.17.1,2023-11-27,org.jsoup.select.CombiningEvaluator$And,6,3,0,4,6,4,18
jsoup-1.17.1,2023-11-27,org.jsoup.nodes.NodeIterator,24,1,0,5,0,12,64
jsoup-1.17.1,2023-11-27,org.jsoup.parser.Token$EndTag,2,3,0,1,1,1,9
jsoup-1.17.1,2023-11-27,org.jsoup.helper.HttpConnection$Request,32,2,0,8,278,9,145
jsoup-1.17.1,2023-11-27,org.jsoup.nodes.Document,54,3,0,21,389,47,283
jsoup-1.17.1,2023-11-27,org.jsoup.Jsoup,20,1,0,11,190,19,70
jsoup-1.17.1,2023-11-27,org.jsoup.parser.HtmlTreeBuilder,261,2,0,28,3852,118,668
jsoup-1.17.1,2023-11-27,org.jsoup.nodes.FormElement,24,3,0,13,9,28,61
jsoup-1.17.1,2023-11-27,org.jsoup.UnsupportedMimeTypeException,4,4,0,0,0,1,18
jsoup-1.17.1,2023-11-27,org.jsoup.select.StructuralEvaluator,5,18,14,3,0,9,187
jsoup-1.17.1,2023-11-27,org.jsoup.helper.AuthenticationHandler$GlobalHandler,4,1,0,3,0,4,15
jsoup-1.17.1,2023-11-27,org.jsoup.nodes.EntitiesData,1,1,0,0,0,0,10
jsoup-1.17.1,2023-11-27,org.jsoup.select.Evaluator$IndexEquals,4,3,0,2,3,2,11
jsoup-1.17.1,2023-11-27,org.jsoup.select.Selector$SelectorParseException,3,5,0,0,3,1,11
jsoup-1.17.1,2023-11-27,org.jsoup.parser.Token$Tag,56,2,0,12,168,32,169
jsoup-1.17.1,2023-11-27,org.jsoup.nodes.XmlDeclaration,15,3,0,9,34,17,52
jsoup-1.17.1,2023-11-27,org.jsoup.parser.Token$Doctype,8,2,0,2,18,4,37
jsoup-1.17.1,2023-11-27,org.jsoup.select.Evaluator$TagEndsWith,3,2,0,2,0,3,12
jsoup-1.17.1,2023-11-27,org.jsoup.helper.CookieUtil,14,1,0,5,6,23,48
jsoup-1.17.1,2023-11-27,org.jsoup.nodes.Element$TextAccumulator,15,1,0,5,0,8,23
jsoup-1.17.1,2023-11-27,org.jsoup.select.Evaluator$Tag,4,2,0,2,0,3,15
jsoup-1.17.1,2023-11-27,org.jsoup.nodes.Document$OutputSettings$Syntax,0,1,0,0,0,0,1
jsoup-1.17.1,2023-11-27,org.jsoup.internal.StringUtil,72,1,0,4,198,54,183
jsoup-1.17.1,2023-11-27,org.jsoup.parser.TokeniserState$Anonymous24,6,1,0,2,0,6,25
jsoup-1.17.1,2023-11-27,org.jsoup.parser.TokeniserState$Anonymous25,3,1,0,2,0,9,19
jsoup-1.17.1,2023-11-27,org.jsoup.parser.TokeniserState$Anonymous26,2,1,0,3,0,8,14
jsoup-1.17.1,2023-11-27,org.jsoup.parser.TokeniserState$Anonymous27,1,1,0,3,0,1,5
jsoup-1.17.1,2023-11-27,org.jsoup.parser.TokeniserState$Anonymous20,2,1,0,2,0,4,11
jsoup-1.17.1,2023-11-27,org.jsoup.parser.TokeniserState$Anonymous21,2,1,0,2,0,4,11
jsoup-1.17.1,2023-11-27,org.jsoup.parser.TokeniserState$Anonymous22,5,1,0,2,0,10,22
jsoup-1.17.1,2023-11-27,org.jsoup.parser.TokeniserState$Anonymous23,5,1,0,2,0,6,23
jsoup-1.17.1,2023-11-27,org.jsoup.parser.Tokeniser,85,1,0,18,185,61,270
jsoup-1.17.1,2023-11-27,org.jsoup.nodes.Comment,19,3,0,13,55,30,48
jsoup-1.17.1,2023-11-27,org.jsoup.select.Evaluator$IndexGreaterThan,4,3,0,2,3,2,11
jsoup-1.17.1,2023-11-27,org.jsoup.nodes.LeafNode,24,2,5,3,78,17,71
jsoup-1.17.1,2023-11-27,org.jsoup.parser.TokeniserState$Anonymous28,1,1,0,3,0,1,5
jsoup-1.17.1,2023-11-27,org.jsoup.parser.TokeniserState$Anonymous29,5,1,0,2,0,9,22
jsoup-1.17.1,2023-11-27,org.jsoup.helper.RequestAuthenticator$Context,9,1,0,0,5,1,28
jsoup-1.17.1,2023-11-27,org.jsoup.select.Selector,13,5,0,9,15,9,58
jsoup-1.17.1,2023-11-27,org.jsoup.select.Evaluator$AttributeWithValueEnding,4,3,0,4,6,5,14
jsoup-1.17.1,2023-11-27,org.jsoup.select.StructuralEvaluator$ImmediatePreviousSibling,6,3,0,3,6,4,16
jsoup-1.17.1,2023-11-27,org.jsoup.parser.TokeniserState$Anonymous30,5,1,0,2,0,5,22
jsoup-1.17.1,2023-11-27,org.jsoup.safety.Safelist$AttributeValue,2,2,0,2,1,0,8
jsoup-1.17.1,2023-11-27,org.jsoup.helper.HttpConnection$KeyVal,14,1,0,4,10,4,56
jsoup-1.17.1,2023-11-27,org.jsoup.parser.HtmlTreeBuilderState$Anonymous5,16,1,0,8,1,18,33
jsoup-1.17.1,2023-11-27,org.jsoup.parser.TokeniserState$Anonymous35,13,1,0,3,0,9,27
jsoup-1.17.1,2023-11-27,org.jsoup.parser.HtmlTreeBuilderState$Anonymous4,23,1,0,12,1,35,90
jsoup-1.17.1,2023-11-27,org.jsoup.parser.TokeniserState$Anonymous36,14,1,0,3,0,9,30
jsoup-1.17.1,2023-11-27,org.jsoup.parser.HtmlTreeBuilderState$Anonymous7,216,1,0,18,10,101,551
jsoup-1.17.1,2023-11-27,org.jsoup.parser.TokeniserState$Anonymous37,15,1,0,3,0,8,33
jsoup-1.17.1,2023-11-27,org.jsoup.parser.HtmlTreeBuilderState$Anonymous6,14,1,0,9,1,25,65
jsoup-1.17.1,2023-11-27,org.jsoup.parser.TokeniserState$Anonymous38,7,1,0,4,0,12,25
jsoup-1.17.1,2023-11-27,org.jsoup.parser.HtmlTreeBuilderState$Anonymous1,5,1,0,9,0,19,24
jsoup-1.17.1,2023-11-27,org.jsoup.parser.TokeniserState$Anonymous31,6,1,0,2,0,5,24
jsoup-1.17.1,2023-11-27,org.jsoup.parser.TokeniserState$Anonymous32,2,1,0,2,0,5,12
jsoup-1.17.1,2023-11-27,org.jsoup.parser.HtmlTreeBuilderState$Anonymous3,11,1,0,7,0,21,35
jsoup-1.17.1,2023-11-27,org.jsoup.parser.TokeniserState$Anonymous33,1,1,0,3,0,1,5
jsoup-1.17.1,2023-11-27,org.jsoup.parser.HtmlTreeBuilderState$Anonymous2,10,1,0,7,1,20,34
jsoup-1.17.1,2023-11-27,org.jsoup.parser.TokeniserState$Anonymous34,14,1,0,3,0,9,31
jsoup-1.17.1,2023-11-27,org.jsoup.parser.HtmlTreeBuilderState$Anonymous9,29,1,0,10,1,38,121
jsoup-1.17.1,2023-11-27,org.jsoup.parser.TokeniserState$Anonymous39,7,1,0,4,0,12,25
jsoup-1.17.1,2023-11-27,org.jsoup.parser.HtmlTreeBuilderState$Anonymous8,4,1,0,3,0,10,18
jsoup-1.17.1,2023-11-27,org.jsoup.nodes.Node,147,1,2,19,2249,92,429
jsoup-1.17.1,2023-11-27,org.jsoup.safety.Safelist$TypedValue,9,1,0,2,0,4,26
jsoup-1.17.1,2023-11-27,org.jsoup.helper.DataUtil$BomCharset,1,1,0,0,0,0,8
jsoup-1.17.1,2023-11-27,org.jsoup.parser.HtmlTreeBuilderState,5,1,0,6,6,9,1722
jsoup-1.17.1,2023-11-27,org.jsoup.helper.AuthenticationHandler,9,2,0,6,1,8,53
jsoup-1.17.1,2023-11-27,org.jsoup.select.Evaluator$AttributeStarting,6,2,0,6,0,7,20
jsoup-1.17.1,2023-11-27,org.jsoup.parser.TokeniserState$Anonymous40,17,1,0,4,0,12,30
jsoup-1.17.1,2023-11-27,org.jsoup.nodes.DataNode,9,3,0,4,28,7,31
jsoup-1.17.1,2023-11-27,org.jsoup.parser.TokeniserState$Anonymous41,9,1,0,2,0,6,20
jsoup-1.17.1,2023-11-27,org.jsoup.nodes.Attributes,104,2,0,13,292,49,331
jsoup-1.17.1,2023-11-27,org.jsoup.helper.W3CDom,39,1,0,19,135,57,236
jsoup-1.17.1,2023-11-27,org.jsoup.parser.XmlTreeBuilder,35,2,0,24,136,49,110
jsoup-1.17.1,2023-11-27,org.jsoup.nodes.Document$OutputSettings,24,1,0,5,117,14,93
jsoup-1.17.1,2023-11-27,org.jsoup.select.CombiningEvaluator,10,6,4,3,0,9,89
jsoup-1.17.1,2023-11-27,org.jsoup.select.Evaluator$ContainsData,3,2,0,3,0,4,12
jsoup-1.17.1,2023-11-27,org.jsoup.internal.Normalizer,5,1,0,1,3,4,11
jsoup-1.17.1,2023-11-27,org.jsoup.nodes.Attributes$Dataset$EntrySet,3,3,0,1,1,1,11
jsoup-1.17.1,2023-11-27,org.jsoup.nodes.Attributes$Dataset,4,4,0,2,1,4,43
jsoup-1.17.1,2023-11-27,org.jsoup.parser.TokeniserState$Anonymous13,13,1,0,4,1,12,32
jsoup-1.17.1,2023-11-27,org.jsoup.parser.TokeniserState$Anonymous14,2,1,0,2,0,5,12
jsoup-1.17.1,2023-11-27,org.jsoup.helper.Validate,36,1,0,3,171,4,61
jsoup-1.17.1,2023-11-27,org.jsoup.parser.TokeniserState$Anonymous15,1,1,0,3,0,1,5
jsoup-1.17.1,2023-11-27,org.jsoup.parser.TokeniserState$Anonymous16,1,1,0,3,0,1,5
jsoup-1.17.1,2023-11-27,org.jsoup.select.StructuralEvaluator$ImmediateParentRun,9,2,0,3,0,7,28
jsoup-1.17.1,2023-11-27,org.jsoup.parser.TokeniserState$Anonymous10,11,1,0,3,0,9,24
jsoup-1.17.1,2023-11-27,org.jsoup.parser.TokeniserState$Anonymous11,6,1,0,3,0,13,17
jsoup-1.17.1,2023-11-27,org.jsoup.parser.TokeniserState$Anonymous12,2,1,0,3,0,8,14
jsoup-1.17.1,2023-11-27,org.jsoup.select.StructuralEvaluator$Is,4,3,0,3,6,3,14
jsoup-1.17.1,2023-11-27,org.jsoup.parser.TokeniserState$Anonymous17,4,1,0,2,0,6,19
jsoup-1.17.1,2023-11-27,org.jsoup.parser.TokeniserState$Anonymous18,1,1,0,3,0,1,5
jsoup-1.17.1,2023-11-27,org.jsoup.parser.TokeniserState$Anonymous19,1,1,0,3,0,1,5
jsoup-1.17.1,2023-11-27,org.jsoup.select.Evaluator$CssNthEvaluator,13,2,0,4,3,4,24
jsoup-1.17.1,2023-11-27,org.jsoup.parser.Token$Comment,10,2,0,2,1,8,42
jsoup-1.17.1,2023-11-27,org.jsoup.select.Evaluator$IsFirstOfType,2,4,0,1,1,0,8
jsoup-1.17.1,2023-11-27,org.jsoup.nodes.Element$NodeList,2,5,0,3,0,1,10
jsoup-1.17.1,2023-11-27,org.jsoup.examples.Wikipedia,3,1,0,7,1,9,13
jsoup-1.17.1,2023-11-27,org.jsoup.parser.ParseError,8,1,0,1,0,4,37
jsoup-1.17.1,2023-11-27,org.jsoup.safety.Safelist,62,5,0,12,84,82,318
jsoup-1.17.1,2023-11-27,org.jsoup.parser.TokeniserState$Anonymous64,5,1,0,2,0,6,23
jsoup-1.17.1,2023-11-27,org.jsoup.parser.TokeniserState$Anonymous65,8,1,0,2,0,5,18
jsoup-1.17.1,2023-11-27,org.jsoup.parser.TreeBuilder,50,1,2,20,154,57,164
jsoup-1.17.1,2023-11-27,org.jsoup.parser.TokeniserState$Anonymous66,3,1,0,2,0,3,14
jsoup-1.17.1,2023-11-27,org.jsoup.parser.TokeniserState$Anonymous67,3,1,0,3,0,7,10
jsoup-1.17.1,2023-11-27,org.jsoup.nodes.PseudoTextElement,3,3,0,4,3,0,9
jsoup-1.17.1,2023-11-27,org.jsoup.parser.TokeniserState$Anonymous1,5,1,0,3,0,8,18
jsoup-1.17.1,2023-11-27,org.jsoup.parser.Parser,29,1,0,11,150,19,112
jsoup-1.17.1,2023-11-27,org.jsoup.select.Evaluator$IsEmpty,7,2,0,7,1,2,13
jsoup-1.17.1,2023-11-27,org.jsoup.parser.TokeniserState$Anonymous7,3,1,0,3,0,7,15
jsoup-1.17.1,2023-11-27,org.jsoup.parser.TokeniserState$Anonymous6,1,1,0,3,0,1,5
jsoup-1.17.1,2023-11-27,org.jsoup.parser.TokeniserState$Anonymous9,4,1,0,3,0,11,23
jsoup-1.17.1,2023-11-27,org.jsoup.select.Evaluator$AttributeWithValueMatching,4,2,0,4,0,7,17
jsoup-1.17.1,2023-11-27,org.jsoup.parser.TokeniserState$Anonymous8,5,1,0,2,0,8,23
jsoup-1.17.1,2023-11-27,org.jsoup.nodes.Range$Position,15,1,0,1,0,1,37
jsoup-1.17.1,2023-11-27,org.jsoup.parser.TokeniserState$Anonymous3,5,1,0,3,0,8,19
jsoup-1.17.1,2023-11-27,org.jsoup.parser.TokeniserState$Anonymous2,1,1,0,3,0,1,5
jsoup-1.17.1,2023-11-27,org.jsoup.parser.TokeniserState$Anonymous5,1,1,0,3,0,1,5
jsoup-1.17.1,2023-11-27,org.jsoup.parser.TokeniserState$Anonymous4,1,1,0,3,0,1,5
jsoup-1.17.1,2023-11-27,org.jsoup.examples.ListLinks,9,1,0,8,3,16,31
jsoup-1.17.1,2023-11-27,org.jsoup.select.Evaluator$IsNthChild,3,3,0,2,3,1,11
jsoup-1.17.1,2023-11-27,org.jsoup.parser.HtmlTreeBuilderState$Constants,0,1,0,0,0,0,42
jsoup-1.17.1,2023-11-27,org.jsoup.safety.Safelist$TagName,2,2,0,3,1,1,8
jsoup-1.17.1,2023-11-27,org.jsoup.helper.AuthenticationHandler$AuthShim,3,1,0,3,3,0,5
jsoup-1.17.1,2023-11-27,org.jsoup.select.Evaluator$Class,4,2,0,2,0,2,15
jsoup-1.17.1,2023-11-27,org.jsoup.nodes.Attributes$Anonymous1,9,1,0,3,0,3,26
jsoup-1.17.1,2023-11-27,org.jsoup.select.StructuralEvaluator$Has,7,3,0,4,6,6,21
jsoup-1.17.1,2023-11-27,org.jsoup.nodes.Node$OuterHtmlVisitor,6,1,0,4,0,5,27
jsoup-1.17.1,2023-11-27,org.jsoup.parser.Token,27,12,10,9,148,4,401
jsoup-1.17.1,2023-11-27,org.jsoup.safety.Cleaner$CleaningVisitor,11,1,0,8,0,9,42
jsoup-1.17.1,2023-11-27,org.jsoup.select.Evaluator$AttributeKeyPair,4,2,0,3,0,7,17
jsoup-1.17.1,2023-11-27,org.jsoup.select.Evaluator$ContainsWholeOwnText,3,2,0,2,0,3,12
jsoup-1.17.1,2023-11-27,org.jsoup.select.Evaluator$IsNthLastOfType,6,3,0,2,3,4,19
jsoup-1.17.1,2023-11-27,org.jsoup.parser.Tag,52,1,0,4,65,19,164
jsoup-1.17.1,2023-11-27,org.jsoup.parser.Token$Character,7,2,0,2,9,3,30
jsoup-1.17.1,2023-11-27,org.jsoup.select.Evaluator$IsLastOfType,2,4,0,1,1,0,8
jsoup-1.17.1,2023-11-27,org.jsoup.select.Evaluator$Attribute,4,2,0,3,0,2,15
jsoup-1.17.1,2023-11-27,org.jsoup.internal.StringUtil$StringJoiner,5,1,0,4,0,5,25
jsoup-1.17.1,2023-11-27,org.jsoup.select.NodeFilter$FilterResult,0,1,0,0,0,0,6
jsoup-1.17.1,2023-11-27,org.jsoup.Connection$KeyVal,9,1,0,2,36,0,11
jsoup-1.17.1,2023-11-27,org.jsoup.nodes.Entities,56,1,0,12,56,34,203
jsoup-1.17.1,2023-11-27,org.jsoup.internal.SharedConstants,1,1,0,0,0,0,9
jsoup-1.17.1,2023-11-27,org.jsoup.parser.Token$CData,2,3,0,1,1,2,9
jsoup-1.17.1,2023-11-27,org.jsoup.select.Evaluator$AttributeWithValueContaining,4,3,0,4,6,5,14
jsoup-1.17.1,2023-11-27,org.jsoup.select.Elements,125,4,0,17,2016,76,345
jsoup-1.17.1,2023-11-27,org.jsoup.select.Evaluator$AllElements,3,2,0,2,3,0,11
jsoup-1.17.1,2023-11-27,org.jsoup.parser.TokeniserState$Anonymous46,5,1,0,3,0,6,23
jsoup-1.17.1,2023-11-27,org.jsoup.parser.TokeniserState$Anonymous47,4,1,0,3,0,10,18
jsoup-1.17.1,2023-11-27,org.jsoup.parser.TokeniserState$Anonymous48,4,1,0,3,0,6,19
jsoup-1.17.1,2023-11-27,org.jsoup.parser.TokeniserState$Anonymous49,6,1,0,3,0,7,24
jsoup-1.17.1,2023-11-27,org.jsoup.parser.TokeniserState$Anonymous42,3,1,0,2,0,6,17
jsoup-1.17.1,2023-11-27,org.jsoup.nodes.TextNode,34,3,1,10,105,35,72
jsoup-1.17.1,2023-11-27,org.jsoup.parser.TokeniserState$Anonymous43,3,1,0,3,0,6,11
jsoup-1.17.1,2023-11-27,org.jsoup.parser.TokeniserState$Anonymous44,4,1,0,2,0,7,20
jsoup-1.17.1,2023-11-27,org.jsoup.select.Evaluator$AttributeWithValue,4,3,0,3,6,5,14
jsoup-1.17.1,2023-11-27,org.jsoup.parser.TokeniserState$Anonymous45,5,1,0,3,0,7,23
jsoup-1.17.1,2023-11-27,org.jsoup.select.Evaluator$AttributeWithValueNot,4,3,0,3,6,3,14
jsoup-1.17.1,2023-11-27,org.jsoup.parser.ParseErrorList,8,4,0,2,1,2,28
jsoup-1.17.1,2023-11-27,org.jsoup.SerializationException,4,4,0,0,6,0,14
jsoup-1.17.1,2023-11-27,org.jsoup.select.CombiningEvaluator$Or,9,3,0,5,15,7,28
jsoup-1.17.1,2023-11-27,org.jsoup.select.Evaluator$ContainsText,4,2,0,4,0,5,15
jsoup-1.17.1,2023-11-27,org.jsoup.Connection$Base,18,1,0,4,153,0,20
jsoup-1.17.1,2023-11-27,org.jsoup.parser.TokeniserState$Anonymous50,5,1,0,3,0,7,23
jsoup-1.17.1,2023-11-27,org.jsoup.parser.TokeniserState$Anonymous51,8,1,0,2,0,6,18
jsoup-1.17.1,2023-11-27,org.jsoup.select.Evaluator$IsNthOfType,7,3,0,3,3,6,20
jsoup-1.17.1,2023-11-27,org.jsoup.select.Evaluator$Id,4,2,0,2,0,3,15
jsoup-1.17.1,2023-11-27,org.jsoup.parser.TokeniserState$Anonymous52,9,1,0,2,0,8,27
jsoup-1.17.1,2023-11-27,org.jsoup.select.StructuralEvaluator$PreviousSibling,8,3,0,3,6,5,21
jsoup-1.17.1,2023-11-27,org.jsoup.parser.TokeniserState$Anonymous57,5,1,0,2,0,6,23
jsoup-1.17.1,2023-11-27,org.jsoup.parser.TokeniserState$Anonymous58,5,1,0,2,0,6,23
jsoup-1.17.1,2023-11-27,org.jsoup.parser.TokeniserState$Anonymous59,10,1,0,2,0,5,26
jsoup-1.17.1,2023-11-27,org.jsoup.examples.HtmlToPlainText$FormattingVisitor,18,1,0,5,4,14,44
jsoup-1.17.1,2023-11-27,org.jsoup.parser.TokeniserState$Anonymous53,10,1,0,2,0,9,26
jsoup-1.17.1,2023-11-27,org.jsoup.select.Collector,3,1,0,4,3,8,13
jsoup-1.17.1,2023-11-27,org.jsoup.parser.TokeniserState$Anonymous54,6,1,0,2,0,10,29
jsoup-1.17.1,2023-11-27,org.jsoup.parser.TokeniserState$Anonymous55,10,1,0,2,0,5,28
jsoup-1.17.1,2023-11-27,org.jsoup.helper.ValidationException,4,5,0,2,1,8,17
jsoup-1.17.1,2023-11-27,org.jsoup.nodes.Attributes$Dataset$DatasetIterator,5,1,0,2,0,9,17
jsoup-1.17.1,2023-11-27,org.jsoup.parser.TokeniserState$Anonymous56,10,1,0,2,0,5,25
jsoup-1.17.1,2023-11-27,org.jsoup.select.StructuralEvaluator$Not,4,3,0,3,6,3,14
jsoup-1.17.1,2023-11-27,org.jsoup.internal.ConstrainableInputStream,20,4,0,4,5,8,54
jsoup-1.17.1,2023-11-27,org.jsoup.parser.CharacterReader,202,1,0,5,0,44,492
jsoup-1.17.1,2023-11-27,org.jsoup.select.Evaluator$IsFirstChild,4,2,0,3,1,2,9
jsoup-1.17.1,2023-11-27,org.jsoup.parser.TokeniserState$Anonymous60,10,1,0,2,0,5,25
jsoup-1.17.1,2023-11-27,org.jsoup.parser.TokeniserState$Anonymous61,10,1,0,2,0,5,28
jsoup-1.17.1,2023-11-27,org.jsoup.parser.TokeniserState$Anonymous62,10,1,0,2,0,5,25
jsoup-1.17.1,2023-11-27,org.jsoup.parser.TokeniserState$Anonymous63,5,1,0,2,0,6,23
jsoup-1.17.1,2023-11-27,org.jsoup.select.StructuralEvaluator$Root,4,2,0,2,3,0,11
jsoup-1.17.1,2023-11-27,org.jsoup.helper.HttpConnection$Response,125,2,0,25,110,151,389
jsoup-1.17.1,2023-11-27,org.jsoup.select.NodeVisitor,2,1,0,1,1,0,5
jsoup-1.17.1,2023-11-27,org.jsoup.safety.Safelist$Protocol,2,2,0,2,1,0,8
jsoup-1.17.1,2023-11-27,org.jsoup.parser.Token$EOF,3,2,0,2,3,1,12
jsoup-1.17.1,2023-11-27,org.jsoup.parser.Token$StartTag,7,3,0,5,6,7,24
jsoup-1.17.1,2023-11-27,org.jsoup.select.Evaluator$AttributeWithValueStarting,4,3,0,4,6,5,14
jsoup-1.17.1,2023-11-27,org.jsoup.nodes.DocumentType,22,3,0,5,19,10,57
jsoup-1.17.1,2023-11-27,org.jsoup.Connection$Request,25,1,0,6,300,0,31
jsoup-1.17.1,2023-11-27,org.jsoup.examples.HtmlToPlainText,7,1,0,10,1,10,71
jsoup-1.17.1,2023-11-27,org.jsoup.HttpStatusException,3,4,0,0,0,0,15
jsoup-1.17.1,2023-11-27,org.jsoup.select.QueryParser,110,1,0,57,63,66,286
jsoup-1.17.1,2023-11-27,org.jsoup.select.Evaluator$MatchesWholeText,4,2,0,2,0,4,16
jsoup-1.17.1,2023-11-27,org.jsoup.parser.HtmlTreeBuilderState$Anonymous23,9,1,0,4,0,12,20
jsoup-1.17.1,2023-11-27,org.jsoup.nodes.NodeUtils,8,1,0,14,10,13,28
jsoup-1.17.1,2023-11-27,org.jsoup.parser.HtmlTreeBuilderState$Anonymous22,7,1,0,5,0,17,22
jsoup-1.17.1,2023-11-27,org.jsoup.select.Evaluator$Matches,4,2,0,2,0,4,16
jsoup-1.17.1,2023-11-27,org.jsoup.parser.HtmlTreeBuilderState$Anonymous24,24,1,0,13,1,29,51
jsoup-1.17.1,2023-11-27,org.jsoup.select.Evaluator$IsOnlyChild,3,2,0,3,1,3,9
jsoup-1.17.1,2023-11-27,org.jsoup.Connection$Method,2,1,0,0,0,0,8
jsoup-1.17.1,2023-11-27,org.jsoup.UncheckedIOException,3,5,0,0,3,1,11
jsoup-1.17.1,2023-11-27,org.jsoup.helper.HttpConnection$Base,38,1,0,9,89,31,142
jsoup-1.17.1,2023-11-27,org.jsoup.parser.TokenQueue,80,1,0,4,24,31,224
jsoup-1.17.1,2023-11-27,org.jsoup.parser.ParseSettings,13,1,0,4,0,3,42
jsoup-1.17.1,2023-11-27,org.jsoup.select.NodeFilter,2,1,0,2,1,0,12
jsoup-1.17.1,2023-11-27,org.jsoup.parser.HtmlTreeBuilderState$Anonymous21,11,1,0,4,0,17,30
jsoup-1.17.1,2023-11-27,org.jsoup.parser.HtmlTreeBuilderState$Anonymous20,16,1,0,6,0,22,50
jsoup-1.17.1,2023-11-27,org.jsoup.select.Evaluator$MatchesWholeOwnText,4,2,0,2,0,4,16
jsoup-1.17.1,2023-11-27,org.jsoup.parser.HtmlTreeBuilderState$Anonymous12,16,1,0,8,1,16,55
jsoup-1.17.1,2023-11-27,org.jsoup.parser.HtmlTreeBuilderState$Anonymous11,12,1,0,6,0,17,32
jsoup-1.17.1,2023-11-27,org.jsoup.parser.HtmlTreeBuilderState$Anonymous14,15,1,0,8,1,17,77
jsoup-1.17.1,2023-11-27,org.jsoup.parser.HtmlTreeBuilderState$Anonymous13,15,1,0,9,3,20,59
jsoup-1.17.1,2023-11-27,org.jsoup.parser.HtmlTreeBuilderState$Anonymous16,31,1,0,10,1,24,79
jsoup-1.17.1,2023-11-27,org.jsoup.helper.W3CDom$W3CBuilder,26,1,0,19,0,35,94
jsoup-1.17.1,2023-11-27,org.jsoup.parser.HtmlTreeBuilderState$Anonymous15,15,1,0,7,3,18,54
jsoup-1.17.1,2023-11-27,org.jsoup.parser.HtmlTreeBuilderState$Anonymous18,17,1,0,4,0,17,60
jsoup-1.17.1,2023-11-27,org.jsoup.parser.HtmlTreeBuilderState$Anonymous17,6,1,0,4,0,12,22
jsoup-1.17.1,2023-11-27,org.jsoup.parser.HtmlTreeBuilderState$Anonymous19,12,1,0,6,0,22,37
jsoup-1.17.1,2023-11-27,org.jsoup.select.Evaluator$ContainsOwnText,3,2,0,4,0,5,12
jsoup-1.17.1,2023-11-27,org.jsoup.parser.TokeniserState,31,1,0,7,13,27,1353
jsoup-1.17.1,2023-11-27,org.jsoup.select.Evaluator$IndexLessThan,5,3,0,2,3,2,11
jsoup-1.17.1,2023-11-27,org.jsoup.nodes.Entities$EscapeMode,8,1,0,2,4,3,25
jsoup-1.17.1,2023-11-27,org.jsoup.select.Evaluator$MatchText,5,2,0,6,3,9,18
jsoup-1.17.1,2023-11-27,org.jsoup.parser.HtmlTreeBuilderState$Anonymous10,7,1,0,7,0,18,39
jsoup-1.17.1,2023-11-27,org.jsoup.safety.Cleaner$ElementMeta,1,1,0,1,0,0,8
jsoup-1.17.1,2023-11-27,org.jsoup.select.Evaluator,5,58,60,7,10,1,578
jsoup-1.17.1,2023-11-27,org.jsoup.Connection,40,1,0,10,780,3,130
jsoup-1.17.1,2023-11-27,org.jsoup.select.Evaluator$IsRoot,5,2,0,3,3,1,12
jsoup-1.17.1,2023-11-27,org.jsoup.nodes.CDataNode,6,4,0,3,15,3,20
jsoup-1.17.1,2023-11-27,org.jsoup.select.StructuralEvaluator$Parent,8,3,0,3,6,4,21
jsoup-1.17.1,2023-11-27,org.jsoup.select.Evaluator$IsLastChild,4,2,0,3,1,2,9
jsoup-1.17.1,2023-11-27,org.jsoup.select.Evaluator$IsNthLastChild,4,3,0,2,3,3,12
jsoup-1.17.1,2023-11-27,org.jsoup.helper.RequestAuthenticator,1,1,0,2,0,0,31
jsoup-1.17.1,2023-11-27,org.jsoup.parser.Token$TokenType,0,1,0,0,0,0,1
jsoup-1.17.1,2023-11-27,org.jsoup.nodes.Attribute,50,1,0,12,0,37,135
jsoup-1.17.1,2023-11-27,org.jsoup.nodes.Range$AttributeRange,10,1,0,2,0,6,30
jsoup-1.17.2,2023-12-29,org.jsoup.nodes.Document$QuirksMode,0,1,0,0,0,0,1
jsoup-1.17.2,2023-12-29,org.jsoup.helper.DataUtil,69,1,0,18,78,68,186
jsoup-1.17.2,2023-12-29,org.jsoup.select.StructuralEvaluator$ImmediateParent,6,3,0,3,6,4,16
jsoup-1.17.2,2023-12-29,org.jsoup.helper.ChangeNotifyingArrayList,13,4,0,2,78,12,50
jsoup-1.17.2,2023-12-29,org.jsoup.Connection$Response,10,1,0,5,45,0,12
jsoup-1.17.2,2023-12-29,org.jsoup.nodes.Range,21,1,0,4,0,7,118
jsoup-1.17.2,2023-12-29,org.jsoup.select.Evaluator$IndexEvaluator,1,2,0,1,0,0,6
jsoup-1.17.2,2023-12-29,org.jsoup.select.Evaluator$IsOnlyOfType,8,2,0,3,1,5,17
jsoup-1.17.2,2023-12-29,org.jsoup.select.Evaluator$ContainsWholeText,4,2,0,2,0,3,15
jsoup-1.17.2,2023-12-29,org.jsoup.nodes.Entities$CoreCharset,3,1,0,1,0,2,6
jsoup-1.17.2,2023-12-29,org.jsoup.internal.ControllableInputStream,32,3,0,3,2,15,87
jsoup-1.17.2,2023-12-29,org.jsoup.safety.Cleaner,10,1,0,14,13,24,100
jsoup-1.17.2,2023-12-29,org.jsoup.nodes.Element,268,6,3,53,9412,201,820
jsoup-1.17.2,2023-12-29,org.jsoup.helper.HttpConnection,57,3,0,16,0,43,960
jsoup-1.17.2,2023-12-29,org.jsoup.helper.UrlBuilder,16,1,0,5,4,27,57
jsoup-1.17.2,2023-12-29,org.jsoup.select.NodeTraversor,34,1,0,7,6,14,88
jsoup-1.17.2,2023-12-29,org.jsoup.safety.Safelist$AttributeKey,2,2,0,3,1,1,8
jsoup-1.17.2,2023-12-29,org.jsoup.select.Evaluator$MatchesOwn,4,2,0,2,0,4,16
jsoup-1.17.2,2023-12-29,org.jsoup.select.CombiningEvaluator$And,6,3,0,4,6,4,18
jsoup-1.17.2,2023-12-29,org.jsoup.nodes.NodeIterator,24,1,0,5,0,12,64
jsoup-1.17.2,2023-12-29,org.jsoup.parser.Token$EndTag,2,3,0,2,1,1,8
jsoup-1.17.2,2023-12-29,org.jsoup.helper.HttpConnection$Request,32,2,0,8,278,9,145
jsoup-1.17.2,2023-12-29,org.jsoup.nodes.Document,54,3,0,21,389,47,283
jsoup-1.17.2,2023-12-29,org.jsoup.Jsoup,20,1,0,11,190,19,70
jsoup-1.17.2,2023-12-29,org.jsoup.parser.HtmlTreeBuilder,259,2,0,28,3852,120,668
jsoup-1.17.2,2023-12-29,org.jsoup.nodes.FormElement,24,3,0,13,9,27,61
jsoup-1.17.2,2023-12-29,org.jsoup.UnsupportedMimeTypeException,4,4,0,0,0,1,18
jsoup-1.17.2,2023-12-29,org.jsoup.select.StructuralEvaluator,5,18,14,3,0,9,188
jsoup-1.17.2,2023-12-29,org.jsoup.helper.AuthenticationHandler$GlobalHandler,4,1,0,3,0,4,15
jsoup-1.17.2,2023-12-29,org.jsoup.nodes.EntitiesData,1,1,0,0,0,0,10
jsoup-1.17.2,2023-12-29,org.jsoup.select.Evaluator$IndexEquals,4,3,0,2,3,2,11
jsoup-1.17.2,2023-12-29,org.jsoup.select.Selector$SelectorParseException,3,5,0,0,3,1,11
jsoup-1.17.2,2023-12-29,org.jsoup.parser.Token$Tag,57,2,0,15,168,34,174
jsoup-1.17.2,2023-12-29,org.jsoup.nodes.XmlDeclaration,15,3,0,9,34,17,52
jsoup-1.17.2,2023-12-29,org.jsoup.parser.Token$Doctype,8,2,0,2,18,4,37
jsoup-1.17.2,2023-12-29,org.jsoup.select.Evaluator$TagEndsWith,3,2,0,2,0,3,12
jsoup-1.17.2,2023-12-29,org.jsoup.helper.CookieUtil,14,1,0,5,6,23,48
jsoup-1.17.2,2023-12-29,org.jsoup.nodes.Element$TextAccumulator,15,1,0,5,0,8,23
jsoup-1.17.2,2023-12-29,org.jsoup.select.Evaluator$Tag,4,2,0,3,0,2,15
jsoup-1.17.2,2023-12-29,org.jsoup.nodes.Document$OutputSettings$Syntax,0,1,0,0,0,0,1
jsoup-1.17.2,2023-12-29,org.jsoup.internal.StringUtil,72,1,0,4,198,54,183
jsoup-1.17.2,2023-12-29,org.jsoup.parser.TokeniserState$Anonymous24,6,1,0,2,0,6,25
jsoup-1.17.2,2023-12-29,org.jsoup.parser.TokeniserState$Anonymous25,3,1,0,2,0,9,19
jsoup-1.17.2,2023-12-29,org.jsoup.parser.TokeniserState$Anonymous26,2,1,0,3,0,8,14
jsoup-1.17.2,2023-12-29,org.jsoup.parser.TokeniserState$Anonymous27,1,1,0,3,0,1,5
jsoup-1.17.2,2023-12-29,org.jsoup.parser.TokeniserState$Anonymous20,2,1,0,2,0,4,11
jsoup-1.17.2,2023-12-29,org.jsoup.parser.TokeniserState$Anonymous21,2,1,0,2,0,4,11
jsoup-1.17.2,2023-12-29,org.jsoup.parser.TokeniserState$Anonymous22,5,1,0,2,0,10,22
jsoup-1.17.2,2023-12-29,org.jsoup.parser.TokeniserState$Anonymous23,5,1,0,2,0,6,23
jsoup-1.17.2,2023-12-29,org.jsoup.parser.Tokeniser,83,1,0,20,185,62,271
jsoup-1.17.2,2023-12-29,org.jsoup.nodes.Comment,19,3,0,13,55,30,48
jsoup-1.17.2,2023-12-29,org.jsoup.select.Evaluator$IndexGreaterThan,4,3,0,2,3,2,11
jsoup-1.17.2,2023-12-29,org.jsoup.nodes.LeafNode,24,2,5,3,78,17,71
jsoup-1.17.2,2023-12-29,org.jsoup.parser.TokeniserState$Anonymous28,1,1,0,3,0,1,5
jsoup-1.17.2,2023-12-29,org.jsoup.parser.TokeniserState$Anonymous29,5,1,0,2,0,9,22
jsoup-1.17.2,2023-12-29,org.jsoup.helper.RequestAuthenticator$Context,9,1,0,0,5,1,28
jsoup-1.17.2,2023-12-29,org.jsoup.select.Selector,13,5,0,9,15,9,58
jsoup-1.17.2,2023-12-29,org.jsoup.select.Evaluator$AttributeWithValueEnding,4,3,0,4,6,5,14
jsoup-1.17.2,2023-12-29,org.jsoup.select.StructuralEvaluator$ImmediatePreviousSibling,6,3,0,3,6,4,16
jsoup-1.17.2,2023-12-29,org.jsoup.parser.TokeniserState$Anonymous30,5,1,0,2,0,5,22
jsoup-1.17.2,2023-12-29,org.jsoup.safety.Safelist$AttributeValue,2,2,0,2,1,0,8
jsoup-1.17.2,2023-12-29,org.jsoup.helper.HttpConnection$KeyVal,14,1,0,4,10,4,56
jsoup-1.17.2,2023-12-29,org.jsoup.parser.HtmlTreeBuilderState$Anonymous5,16,1,0,8,1,18,33
jsoup-1.17.2,2023-12-29,org.jsoup.parser.TokeniserState$Anonymous35,13,1,0,3,0,9,27
jsoup-1.17.2,2023-12-29,org.jsoup.parser.HtmlTreeBuilderState$Anonymous4,23,1,0,12,1,35,90
jsoup-1.17.2,2023-12-29,org.jsoup.parser.TokeniserState$Anonymous36,14,1,0,3,0,9,30
jsoup-1.17.2,2023-12-29,org.jsoup.parser.HtmlTreeBuilderState$Anonymous7,216,1,0,18,10,102,551
jsoup-1.17.2,2023-12-29,org.jsoup.parser.TokeniserState$Anonymous37,15,1,0,3,0,8,33
jsoup-1.17.2,2023-12-29,org.jsoup.parser.HtmlTreeBuilderState$Anonymous6,14,1,0,9,1,25,65
jsoup-1.17.2,2023-12-29,org.jsoup.parser.TokeniserState$Anonymous38,7,1,0,4,0,12,25
jsoup-1.17.2,2023-12-29,org.jsoup.parser.HtmlTreeBuilderState$Anonymous1,5,1,0,9,0,19,24
jsoup-1.17.2,2023-12-29,org.jsoup.parser.TokeniserState$Anonymous31,6,1,0,2,0,5,24
jsoup-1.17.2,2023-12-29,org.jsoup.parser.TokeniserState$Anonymous32,2,1,0,2,0,5,12
jsoup-1.17.2,2023-12-29,org.jsoup.parser.HtmlTreeBuilderState$Anonymous3,11,1,0,7,0,21,35
jsoup-1.17.2,2023-12-29,org.jsoup.parser.TokeniserState$Anonymous33,1,1,0,3,0,1,5
jsoup-1.17.2,2023-12-29,org.jsoup.parser.HtmlTreeBuilderState$Anonymous2,10,1,0,7,1,20,34
jsoup-1.17.2,2023-12-29,org.jsoup.parser.TokeniserState$Anonymous34,14,1,0,3,0,9,31
jsoup-1.17.2,2023-12-29,org.jsoup.parser.HtmlTreeBuilderState$Anonymous9,29,1,0,10,1,38,121
jsoup-1.17.2,2023-12-29,org.jsoup.parser.TokeniserState$Anonymous39,7,1,0,4,0,12,25
jsoup-1.17.2,2023-12-29,org.jsoup.parser.HtmlTreeBuilderState$Anonymous8,4,1,0,3,0,10,18
jsoup-1.17.2,2023-12-29,org.jsoup.nodes.Node,149,1,2,19,2245,93,432
jsoup-1.17.2,2023-12-29,org.jsoup.safety.Safelist$TypedValue,9,1,0,2,0,4,26
jsoup-1.17.2,2023-12-29,org.jsoup.helper.DataUtil$BomCharset,1,1,0,0,0,0,8
jsoup-1.17.2,2023-12-29,org.jsoup.parser.HtmlTreeBuilderState,5,1,0,6,6,9,1727
jsoup-1.17.2,2023-12-29,org.jsoup.helper.AuthenticationHandler,9,2,0,6,1,8,53
jsoup-1.17.2,2023-12-29,org.jsoup.select.Evaluator$AttributeStarting,6,2,0,6,0,7,20
jsoup-1.17.2,2023-12-29,org.jsoup.parser.TokeniserState$Anonymous40,17,1,0,4,0,12,30
jsoup-1.17.2,2023-12-29,org.jsoup.nodes.DataNode,12,3,0,4,28,9,34
jsoup-1.17.2,2023-12-29,org.jsoup.parser.TokeniserState$Anonymous41,9,1,0,2,0,6,20
jsoup-1.17.2,2023-12-29,org.jsoup.nodes.Attributes,107,2,0,13,331,50,338
jsoup-1.17.2,2023-12-29,org.jsoup.helper.W3CDom,39,1,0,19,135,57,236
jsoup-1.17.2,2023-12-29,org.jsoup.parser.XmlTreeBuilder,35,2,0,24,136,49,110
jsoup-1.17.2,2023-12-29,org.jsoup.nodes.Document$OutputSettings,24,1,0,5,117,14,93
jsoup-1.17.2,2023-12-29,org.jsoup.select.CombiningEvaluator,10,6,4,3,0,9,89
jsoup-1.17.2,2023-12-29,org.jsoup.select.Evaluator$ContainsData,3,2,0,3,0,4,12
jsoup-1.17.2,2023-12-29,org.jsoup.internal.Normalizer,5,1,0,1,3,4,11
jsoup-1.17.2,2023-12-29,org.jsoup.nodes.Attributes$Dataset$EntrySet,3,3,0,1,1,1,11
jsoup-1.17.2,2023-12-29,org.jsoup.nodes.Attributes$Dataset,4,4,0,2,1,4,43
jsoup-1.17.2,2023-12-29,org.jsoup.parser.TokeniserState$Anonymous13,13,1,0,4,1,12,32
jsoup-1.17.2,2023-12-29,org.jsoup.parser.TokeniserState$Anonymous14,2,1,0,2,0,5,12
jsoup-1.17.2,2023-12-29,org.jsoup.helper.Validate,36,1,0,3,171,4,61
jsoup-1.17.2,2023-12-29,org.jsoup.parser.TokeniserState$Anonymous15,1,1,0,3,0,1,5
jsoup-1.17.2,2023-12-29,org.jsoup.parser.TokeniserState$Anonymous16,1,1,0,3,0,1,5
jsoup-1.17.2,2023-12-29,org.jsoup.select.StructuralEvaluator$ImmediateParentRun,9,2,0,3,0,7,28
jsoup-1.17.2,2023-12-29,org.jsoup.parser.TokeniserState$Anonymous10,11,1,0,3,0,9,24
jsoup-1.17.2,2023-12-29,org.jsoup.parser.TokeniserState$Anonymous11,6,1,0,3,0,13,17
jsoup-1.17.2,2023-12-29,org.jsoup.parser.TokeniserState$Anonymous12,2,1,0,3,0,8,14
jsoup-1.17.2,2023-12-29,org.jsoup.select.StructuralEvaluator$Is,4,3,0,3,6,3,14
jsoup-1.17.2,2023-12-29,org.jsoup.parser.TokeniserState$Anonymous17,4,1,0,2,0,6,19
jsoup-1.17.2,2023-12-29,org.jsoup.parser.TokeniserState$Anonymous18,1,1,0,3,0,1,5
jsoup-1.17.2,2023-12-29,org.jsoup.parser.TokeniserState$Anonymous19,1,1,0,3,0,1,5
jsoup-1.17.2,2023-12-29,org.jsoup.select.Evaluator$CssNthEvaluator,13,2,0,4,3,4,24
jsoup-1.17.2,2023-12-29,org.jsoup.parser.Token$Comment,10,2,0,2,1,8,42
jsoup-1.17.2,2023-12-29,org.jsoup.select.Evaluator$IsFirstOfType,2,4,0,1,1,0,8
jsoup-1.17.2,2023-12-29,org.jsoup.nodes.Element$NodeList,2,5,0,3,0,1,10
jsoup-1.17.2,2023-12-29,org.jsoup.examples.Wikipedia,3,1,0,7,1,9,13
jsoup-1.17.2,2023-12-29,org.jsoup.parser.ParseError,8,1,0,1,0,4,37
jsoup-1.17.2,2023-12-29,org.jsoup.safety.Safelist,62,5,0,12,84,82,318
jsoup-1.17.2,2023-12-29,org.jsoup.parser.TokeniserState$Anonymous64,5,1,0,2,0,6,23
jsoup-1.17.2,2023-12-29,org.jsoup.parser.TokeniserState$Anonymous65,8,1,0,2,0,5,18
jsoup-1.17.2,2023-12-29,org.jsoup.parser.TreeBuilder,50,1,2,20,166,57,164
jsoup-1.17.2,2023-12-29,org.jsoup.parser.TokeniserState$Anonymous66,3,1,0,2,0,3,14
jsoup-1.17.2,2023-12-29,org.jsoup.parser.TokeniserState$Anonymous67,3,1,0,3,0,7,10
jsoup-1.17.2,2023-12-29,org.jsoup.nodes.PseudoTextElement,3,3,0,4,3,0,9
jsoup-1.17.2,2023-12-29,org.jsoup.parser.TokeniserState$Anonymous1,5,1,0,3,0,8,18
jsoup-1.17.2,2023-12-29,org.jsoup.parser.Parser,29,1,0,10,128,21,114
jsoup-1.17.2,2023-12-29,org.jsoup.select.Evaluator$IsEmpty,7,2,0,7,1,2,13
jsoup-1.17.2,2023-12-29,org.jsoup.parser.TokeniserState$Anonymous7,3,1,0,3,0,7,15
jsoup-1.17.2,2023-12-29,org.jsoup.parser.TokeniserState$Anonymous6,1,1,0,3,0,1,5
jsoup-1.17.2,2023-12-29,org.jsoup.parser.TokeniserState$Anonymous9,4,1,0,3,0,11,23
jsoup-1.17.2,2023-12-29,org.jsoup.select.Evaluator$AttributeWithValueMatching,4,2,0,4,0,7,17
jsoup-1.17.2,2023-12-29,org.jsoup.parser.TokeniserState$Anonymous8,5,1,0,2,0,8,23
jsoup-1.17.2,2023-12-29,org.jsoup.nodes.Range$Position,15,1,0,1,0,1,37
jsoup-1.17.2,2023-12-29,org.jsoup.parser.TokeniserState$Anonymous3,5,1,0,3,0,8,19
jsoup-1.17.2,2023-12-29,org.jsoup.parser.TokeniserState$Anonymous2,1,1,0,3,0,1,5
jsoup-1.17.2,2023-12-29,org.jsoup.parser.TokeniserState$Anonymous5,1,1,0,3,0,1,5
jsoup-1.17.2,2023-12-29,org.jsoup.parser.TokeniserState$Anonymous4,1,1,0,3,0,1,5
jsoup-1.17.2,2023-12-29,org.jsoup.examples.ListLinks,9,1,0,8,3,15,31
jsoup-1.17.2,2023-12-29,org.jsoup.select.Evaluator$IsNthChild,3,3,0,2,3,1,11
jsoup-1.17.2,2023-12-29,org.jsoup.parser.HtmlTreeBuilderState$Constants,0,1,0,0,0,0,42
jsoup-1.17.2,2023-12-29,org.jsoup.safety.Safelist$TagName,2,2,0,3,1,1,8
jsoup-1.17.2,2023-12-29,org.jsoup.helper.AuthenticationHandler$AuthShim,3,1,0,3,3,0,5
jsoup-1.17.2,2023-12-29,org.jsoup.select.Evaluator$Class,4,2,0,2,0,2,15
jsoup-1.17.2,2023-12-29,org.jsoup.nodes.Attributes$Anonymous1,9,1,0,3,0,3,26
jsoup-1.17.2,2023-12-29,org.jsoup.select.StructuralEvaluator$Has,7,3,0,4,6,8,22
jsoup-1.17.2,2023-12-29,org.jsoup.nodes.Node$OuterHtmlVisitor,6,1,0,4,0,5,27
jsoup-1.17.2,2023-12-29,org.jsoup.parser.Token,27,12,10,9,136,4,402
jsoup-1.17.2,2023-12-29,org.jsoup.safety.Cleaner$CleaningVisitor,11,1,0,8,0,9,42
jsoup-1.17.2,2023-12-29,org.jsoup.select.Evaluator$AttributeKeyPair,4,2,0,3,0,7,17
jsoup-1.17.2,2023-12-29,org.jsoup.select.Evaluator$ContainsWholeOwnText,3,2,0,2,0,3,12
jsoup-1.17.2,2023-12-29,org.jsoup.select.Evaluator$IsNthLastOfType,6,3,0,2,3,4,19
jsoup-1.17.2,2023-12-29,org.jsoup.parser.Tag,52,1,0,4,65,19,164
jsoup-1.17.2,2023-12-29,org.jsoup.parser.Token$Character,7,2,0,2,9,3,29
jsoup-1.17.2,2023-12-29,org.jsoup.select.Evaluator$IsLastOfType,2,4,0,1,1,0,8
jsoup-1.17.2,2023-12-29,org.jsoup.select.Evaluator$Attribute,4,2,0,3,0,2,15
jsoup-1.17.2,2023-12-29,org.jsoup.internal.StringUtil$StringJoiner,5,1,0,4,0,5,25
jsoup-1.17.2,2023-12-29,org.jsoup.select.NodeFilter$FilterResult,0,1,0,0,0,0,6
jsoup-1.17.2,2023-12-29,org.jsoup.Connection$KeyVal,9,1,0,2,36,0,11
jsoup-1.17.2,2023-12-29,org.jsoup.nodes.Entities,56,1,0,12,56,34,203
jsoup-1.17.2,2023-12-29,org.jsoup.internal.SharedConstants,1,1,0,0,0,0,9
jsoup-1.17.2,2023-12-29,org.jsoup.parser.Token$CData,2,3,0,1,1,2,9
jsoup-1.17.2,2023-12-29,org.jsoup.select.Evaluator$AttributeWithValueContaining,4,3,0,4,6,5,14
jsoup-1.17.2,2023-12-29,org.jsoup.select.Elements,125,4,0,17,2016,76,345
jsoup-1.17.2,2023-12-29,org.jsoup.select.Evaluator$AllElements,3,2,0,2,3,0,11
jsoup-1.17.2,2023-12-29,org.jsoup.parser.TokeniserState$Anonymous46,5,1,0,3,0,6,23
jsoup-1.17.2,2023-12-29,org.jsoup.parser.TokeniserState$Anonymous47,4,1,0,3,0,10,18
jsoup-1.17.2,2023-12-29,org.jsoup.parser.TokeniserState$Anonymous48,4,1,0,3,0,6,19
jsoup-1.17.2,2023-12-29,org.jsoup.parser.TokeniserState$Anonymous49,6,1,0,3,0,7,24
jsoup-1.17.2,2023-12-29,org.jsoup.parser.TokeniserState$Anonymous42,3,1,0,2,0,6,17
jsoup-1.17.2,2023-12-29,org.jsoup.nodes.TextNode,34,3,1,10,105,34,72
jsoup-1.17.2,2023-12-29,org.jsoup.parser.TokeniserState$Anonymous43,3,1,0,3,0,6,11
jsoup-1.17.2,2023-12-29,org.jsoup.parser.TokeniserState$Anonymous44,4,1,0,2,0,7,20
jsoup-1.17.2,2023-12-29,org.jsoup.select.Evaluator$AttributeWithValue,4,3,0,3,6,5,14
jsoup-1.17.2,2023-12-29,org.jsoup.parser.TokeniserState$Anonymous45,5,1,0,3,0,7,23
jsoup-1.17.2,2023-12-29,org.jsoup.select.Evaluator$AttributeWithValueNot,4,3,0,3,6,3,14
jsoup-1.17.2,2023-12-29,org.jsoup.parser.ParseErrorList,8,4,0,2,1,2,28
jsoup-1.17.2,2023-12-29,org.jsoup.SerializationException,4,4,0,0,6,0,14
jsoup-1.17.2,2023-12-29,org.jsoup.select.CombiningEvaluator$Or,9,3,0,5,15,7,28
jsoup-1.17.2,2023-12-29,org.jsoup.select.Evaluator$ContainsText,4,2,0,4,0,5,15
jsoup-1.17.2,2023-12-29,org.jsoup.Connection$Base,18,1,0,4,153,0,20
jsoup-1.17.2,2023-12-29,org.jsoup.parser.TokeniserState$Anonymous50,5,1,0,3,0,7,23
jsoup-1.17.2,2023-12-29,org.jsoup.parser.TokeniserState$Anonymous51,8,1,0,2,0,6,18
jsoup-1.17.2,2023-12-29,org.jsoup.select.Evaluator$IsNthOfType,7,3,0,3,3,6,20
jsoup-1.17.2,2023-12-29,org.jsoup.select.Evaluator$Id,4,2,0,2,0,3,15
jsoup-1.17.2,2023-12-29,org.jsoup.parser.TokeniserState$Anonymous52,9,1,0,2,0,8,27
jsoup-1.17.2,2023-12-29,org.jsoup.select.StructuralEvaluator$PreviousSibling,8,3,0,3,6,5,21
jsoup-1.17.2,2023-12-29,org.jsoup.parser.TokeniserState$Anonymous57,5,1,0,2,0,6,23
jsoup-1.17.2,2023-12-29,org.jsoup.parser.TokeniserState$Anonymous58,5,1,0,2,0,6,23
jsoup-1.17.2,2023-12-29,org.jsoup.parser.TokeniserState$Anonymous59,10,1,0,2,0,5,26
jsoup-1.17.2,2023-12-29,org.jsoup.examples.HtmlToPlainText$FormattingVisitor,18,1,0,5,4,14,44
jsoup-1.17.2,2023-12-29,org.jsoup.parser.TokeniserState$Anonymous53,10,1,0,2,0,9,26
jsoup-1.17.2,2023-12-29,org.jsoup.select.Collector,3,1,0,4,3,8,13
jsoup-1.17.2,2023-12-29,org.jsoup.parser.TokeniserState$Anonymous54,6,1,0,2,0,10,29
jsoup-1.17.2,2023-12-29,org.jsoup.parser.TokeniserState$Anonymous55,10,1,0,2,0,5,28
jsoup-1.17.2,2023-12-29,org.jsoup.helper.ValidationException,4,5,0,2,1,8,17
jsoup-1.17.2,2023-12-29,org.jsoup.nodes.Attributes$Dataset$DatasetIterator,5,1,0,2,0,9,17
jsoup-1.17.2,2023-12-29,org.jsoup.parser.TokeniserState$Anonymous56,10,1,0,2,0,5,25
jsoup-1.17.2,2023-12-29,org.jsoup.select.StructuralEvaluator$Not,4,3,0,3,6,3,14
jsoup-1.17.2,2023-12-29,org.jsoup.internal.ConstrainableInputStream,20,4,0,4,5,8,54
jsoup-1.17.2,2023-12-29,org.jsoup.parser.CharacterReader,202,1,0,5,0,44,492
jsoup-1.17.2,2023-12-29,org.jsoup.select.Evaluator$IsFirstChild,4,2,0,3,1,2,9
jsoup-1.17.2,2023-12-29,org.jsoup.parser.TokeniserState$Anonymous60,10,1,0,2,0,5,25
jsoup-1.17.2,2023-12-29,org.jsoup.parser.TokeniserState$Anonymous61,10,1,0,2,0,5,28
jsoup-1.17.2,2023-12-29,org.jsoup.parser.TokeniserState$Anonymous62,10,1,0,2,0,5,25
jsoup-1.17.2,2023-12-29,org.jsoup.parser.TokeniserState$Anonymous63,5,1,0,2,0,6,23
jsoup-1.17.2,2023-12-29,org.jsoup.select.StructuralEvaluator$Root,4,2,0,2,3,0,11
jsoup-1.17.2,2023-12-29,org.jsoup.helper.HttpConnection$Response,125,2,0,25,110,151,389
jsoup-1.17.2,2023-12-29,org.jsoup.select.NodeVisitor,2,1,0,1,1,0,5
jsoup-1.17.2,2023-12-29,org.jsoup.safety.Safelist$Protocol,2,2,0,2,1,0,8
jsoup-1.17.2,2023-12-29,org.jsoup.parser.Token$EOF,3,2,0,2,3,1,12
jsoup-1.17.2,2023-12-29,org.jsoup.parser.Token$StartTag,7,3,0,5,6,7,21
jsoup-1.17.2,2023-12-29,org.jsoup.select.Evaluator$AttributeWithValueStarting,4,3,0,4,6,5,14
jsoup-1.17.2,2023-12-29,org.jsoup.nodes.DocumentType,22,3,0,5,19,10,57
jsoup-1.17.2,2023-12-29,org.jsoup.Connection$Request,25,1,0,6,300,0,31
jsoup-1.17.2,2023-12-29,org.jsoup.examples.HtmlToPlainText,7,1,0,10,1,10,71
jsoup-1.17.2,2023-12-29,org.jsoup.HttpStatusException,3,4,0,0,0,0,15
jsoup-1.17.2,2023-12-29,org.jsoup.select.QueryParser,111,1,0,57,63,66,288
jsoup-1.17.2,2023-12-29,org.jsoup.select.Evaluator$MatchesWholeText,4,2,0,2,0,4,16
jsoup-1.17.2,2023-12-29,org.jsoup.parser.HtmlTreeBuilderState$Anonymous23,9,1,0,4,0,12,20
jsoup-1.17.2,2023-12-29,org.jsoup.nodes.NodeUtils,8,1,0,14,10,13,28
jsoup-1.17.2,2023-12-29,org.jsoup.parser.HtmlTreeBuilderState$Anonymous22,7,1,0,5,0,17,22
jsoup-1.17.2,2023-12-29,org.jsoup.select.Evaluator$Matches,4,2,0,2,0,4,16
jsoup-1.17.2,2023-12-29,org.jsoup.parser.HtmlTreeBuilderState$Anonymous24,24,1,0,14,1,30,51
jsoup-1.17.2,2023-12-29,org.jsoup.select.Evaluator$IsOnlyChild,3,2,0,3,1,3,9
jsoup-1.17.2,2023-12-29,org.jsoup.Connection$Method,2,1,0,0,0,0,8
jsoup-1.17.2,2023-12-29,org.jsoup.UncheckedIOException,3,5,0,0,3,1,11
jsoup-1.17.2,2023-12-29,org.jsoup.helper.HttpConnection$Base,38,1,0,9,89,31,142
jsoup-1.17.2,2023-12-29,org.jsoup.parser.TokenQueue,80,1,0,4,24,31,224
jsoup-1.17.2,2023-12-29,org.jsoup.parser.ParseSettings,13,1,0,4,0,3,42
jsoup-1.17.2,2023-12-29,org.jsoup.select.NodeFilter,2,1,0,2,1,0,12
jsoup-1.17.2,2023-12-29,org.jsoup.parser.HtmlTreeBuilderState$Anonymous21,11,1,0,4,0,17,30
jsoup-1.17.2,2023-12-29,org.jsoup.parser.HtmlTreeBuilderState$Anonymous20,16,1,0,6,0,22,50
jsoup-1.17.2,2023-12-29,org.jsoup.select.Evaluator$MatchesWholeOwnText,4,2,0,2,0,4,16
jsoup-1.17.2,2023-12-29,org.jsoup.parser.HtmlTreeBuilderState$Anonymous12,16,1,0,8,1,16,55
jsoup-1.17.2,2023-12-29,org.jsoup.parser.HtmlTreeBuilderState$Anonymous11,13,1,0,6,0,17,37
jsoup-1.17.2,2023-12-29,org.jsoup.parser.HtmlTreeBuilderState$Anonymous14,15,1,0,8,1,17,77
jsoup-1.17.2,2023-12-29,org.jsoup.parser.HtmlTreeBuilderState$Anonymous13,15,1,0,9,3,20,59
jsoup-1.17.2,2023-12-29,org.jsoup.parser.HtmlTreeBuilderState$Anonymous16,31,1,0,10,1,24,79
jsoup-1.17.2,2023-12-29,org.jsoup.helper.W3CDom$W3CBuilder,26,1,0,19,0,35,94
jsoup-1.17.2,2023-12-29,org.jsoup.parser.HtmlTreeBuilderState$Anonymous15,15,1,0,7,3,18,54
jsoup-1.17.2,2023-12-29,org.jsoup.parser.HtmlTreeBuilderState$Anonymous18,17,1,0,4,0,17,60
jsoup-1.17.2,2023-12-29,org.jsoup.parser.HtmlTreeBuilderState$Anonymous17,6,1,0,4,0,12,22
jsoup-1.17.2,2023-12-29,org.jsoup.parser.HtmlTreeBuilderState$Anonymous19,12,1,0,6,0,22,37
jsoup-1.17.2,2023-12-29,org.jsoup.select.Evaluator$ContainsOwnText,3,2,0,4,0,5,12
jsoup-1.17.2,2023-12-29,org.jsoup.parser.TokeniserState,31,1,0,7,13,27,1353
jsoup-1.17.2,2023-12-29,org.jsoup.select.Evaluator$IndexLessThan,5,3,0,2,3,2,11
jsoup-1.17.2,2023-12-29,org.jsoup.nodes.Entities$EscapeMode,8,1,0,2,4,3,25
jsoup-1.17.2,2023-12-29,org.jsoup.select.Evaluator$MatchText,5,2,0,6,3,9,18
jsoup-1.17.2,2023-12-29,org.jsoup.parser.HtmlTreeBuilderState$Anonymous10,7,1,0,7,0,18,39
jsoup-1.17.2,2023-12-29,org.jsoup.safety.Cleaner$ElementMeta,1,1,0,1,0,0,8
jsoup-1.17.2,2023-12-29,org.jsoup.select.Evaluator,5,58,60,7,10,1,578
jsoup-1.17.2,2023-12-29,org.jsoup.Connection,40,1,0,10,780,3,130
jsoup-1.17.2,2023-12-29,org.jsoup.select.Evaluator$IsRoot,5,2,0,3,3,1,12
jsoup-1.17.2,2023-12-29,org.jsoup.nodes.CDataNode,6,4,0,3,15,3,20
jsoup-1.17.2,2023-12-29,org.jsoup.select.StructuralEvaluator$Parent,8,3,0,3,6,4,21
jsoup-1.17.2,2023-12-29,org.jsoup.select.Evaluator$IsLastChild,4,2,0,3,1,2,9
jsoup-1.17.2,2023-12-29,org.jsoup.select.Evaluator$IsNthLastChild,4,3,0,2,3,3,12
jsoup-1.17.2,2023-12-29,org.jsoup.helper.RequestAuthenticator,1,1,0,2,0,0,31
jsoup-1.17.2,2023-12-29,org.jsoup.parser.Token$TokenType,0,1,0,0,0,0,1
jsoup-1.17.2,2023-12-29,org.jsoup.nodes.Attribute,51,1,0,12,0,40,143
jsoup-1.17.2,2023-12-29,org.jsoup.nodes.Range$AttributeRange,10,1,0,2,0,6,30
jsoup-1.18.1,2024-07-10,org.jsoup.nodes.Document$QuirksMode,0,1,0,0,0,0,1
jsoup-1.18.1,2024-07-10,org.jsoup.helper.DataUtil,78,1,0,20,188,79,228
jsoup-1.18.1,2024-07-10,org.jsoup.helper.ChangeNotifyingArrayList,13,4,0,2,78,12,50
jsoup-1.18.1,2024-07-10,org.jsoup.Connection$Response,11,1,0,6,55,0,15
jsoup-1.18.1,2024-07-10,org.jsoup.nodes.Range,20,1,0,4,0,7,116
jsoup-1.18.1,2024-07-10,org.jsoup.select.Evaluator$IndexEvaluator,1,2,0,1,0,0,6
jsoup-1.18.1,2024-07-10,org.jsoup.select.Evaluator$IsOnlyOfType,8,2,0,3,1,5,17
jsoup-1.18.1,2024-07-10,org.jsoup.select.Evaluator$ContainsWholeText,4,2,0,2,0,3,15
jsoup-1.18.1,2024-07-10,org.jsoup.nodes.Entities$CoreCharset,3,1,0,1,0,2,6
jsoup-1.18.1,2024-07-10,org.jsoup.internal.ControllableInputStream,40,3,0,6,13,18,115
jsoup-1.18.1,2024-07-10,org.jsoup.safety.Cleaner,10,1,0,14,13,24,100
jsoup-1.18.1,2024-07-10,org.jsoup.nodes.Element,267,6,3,52,9412,203,818
jsoup-1.18.1,2024-07-10,org.jsoup.helper.HttpConnection,58,3,0,17,0,43,980
jsoup-1.18.1,2024-07-10,org.jsoup.helper.UrlBuilder,28,1,0,5,7,30,70
jsoup-1.18.1,2024-07-10,org.jsoup.select.NodeTraversor,34,1,0,7,6,14,88
jsoup-1.18.1,2024-07-10,org.jsoup.safety.Safelist$AttributeKey,2,2,0,3,1,1,8
jsoup-1.18.1,2024-07-10,org.jsoup.select.Evaluator$MatchesOwn,4,2,0,2,0,4,16
jsoup-1.18.1,2024-07-10,org.jsoup.select.CombiningEvaluator$And,6,3,0,4,6,4,18
jsoup-1.18.1,2024-07-10,org.jsoup.nodes.NodeIterator,24,1,0,5,0,12,64
jsoup-1.18.1,2024-07-10,org.jsoup.parser.Token$EndTag,2,3,0,2,1,1,8
jsoup-1.18.1,2024-07-10,org.jsoup.helper.HttpConnection$Request,32,2,0,10,278,9,147
jsoup-1.18.1,2024-07-10,org.jsoup.nodes.Document,54,3,0,21,389,47,283
jsoup-1.18.1,2024-07-10,org.jsoup.Jsoup,24,1,0,11,276,23,82
jsoup-1.18.1,2024-07-10,org.jsoup.parser.HtmlTreeBuilder,261,2,0,28,3939,118,666
jsoup-1.18.1,2024-07-10,org.jsoup.nodes.FormElement,24,3,0,13,9,27,61
jsoup-1.18.1,2024-07-10,org.jsoup.UnsupportedMimeTypeException,4,4,0,0,0,1,18
jsoup-1.18.1,2024-07-10,org.jsoup.select.StructuralEvaluator,3,16,12,4,0,8,179
jsoup-1.18.1,2024-07-10,org.jsoup.helper.AuthenticationHandler$GlobalHandler,4,1,0,3,0,4,15
jsoup-1.18.1,2024-07-10,org.jsoup.parser.StreamParser$ElementIterator,20,1,0,7,0,11,58
jsoup-1.18.1,2024-07-10,org.jsoup.nodes.EntitiesData,1,1,0,0,0,0,10
jsoup-1.18.1,2024-07-10,org.jsoup.parser.StreamParser,20,1,0,12,87,28,142
jsoup-1.18.1,2024-07-10,org.jsoup.select.Evaluator$IndexEquals,4,3,0,2,3,2,11
jsoup-1.18.1,2024-07-10,org.jsoup.select.Selector$SelectorParseException,3,5,0,0,3,1,11
jsoup-1.18.1,2024-07-10,org.jsoup.parser.Token$Tag,57,2,0,15,168,34,174
jsoup-1.18.1,2024-07-10,org.jsoup.nodes.XmlDeclaration,15,3,0,9,34,17,52
jsoup-1.18.1,2024-07-10,org.jsoup.parser.Token$Doctype,8,2,0,2,18,4,37
jsoup-1.18.1,2024-07-10,org.jsoup.select.Evaluator$TagEndsWith,3,2,0,2,0,3,12
jsoup-1.18.1,2024-07-10,org.jsoup.helper.CookieUtil,14,1,0,5,6,23,48
jsoup-1.18.1,2024-07-10,org.jsoup.nodes.Element$TextAccumulator,15,1,0,5,0,8,23
jsoup-1.18.1,2024-07-10,org.jsoup.select.Evaluator$Tag,4,2,0,3,0,2,15
jsoup-1.18.1,2024-07-10,org.jsoup.nodes.Document$OutputSettings$Syntax,0,1,0,0,0,0,1
jsoup-1.18.1,2024-07-10,org.jsoup.internal.StringUtil,73,1,0,4,219,56,190
jsoup-1.18.1,2024-07-10,org.jsoup.parser.TokeniserState$Anonymous24,6,1,0,2,0,6,25
jsoup-1.18.1,2024-07-10,org.jsoup.parser.TokeniserState$Anonymous25,3,1,0,2,0,9,19
jsoup-1.18.1,2024-07-10,org.jsoup.parser.TokeniserState$Anonymous26,2,1,0,3,0,8,14
jsoup-1.18.1,2024-07-10,org.jsoup.parser.TokeniserState$Anonymous27,1,1,0,3,0,1,5
jsoup-1.18.1,2024-07-10,org.jsoup.parser.TokeniserState$Anonymous20,2,1,0,2,0,4,11
jsoup-1.18.1,2024-07-10,org.jsoup.parser.TokeniserState$Anonymous21,2,1,0,2,0,4,11
jsoup-1.18.1,2024-07-10,org.jsoup.parser.TokeniserState$Anonymous22,5,1,0,2,0,10,22
jsoup-1.18.1,2024-07-10,org.jsoup.parser.TokeniserState$Anonymous23,5,1,0,2,0,6,23
jsoup-1.18.1,2024-07-10,org.jsoup.parser.Tokeniser,83,1,0,20,185,62,271
jsoup-1.18.1,2024-07-10,org.jsoup.nodes.Comment,19,3,0,13,55,30,48
jsoup-1.18.1,2024-07-10,org.jsoup.select.Evaluator$IndexGreaterThan,4,3,0,2,3,2,11
jsoup-1.18.1,2024-07-10,org.jsoup.nodes.LeafNode,24,2,5,3,78,17,71
jsoup-1.18.1,2024-07-10,org.jsoup.parser.TokeniserState$Anonymous28,1,1,0,3,0,1,5
jsoup-1.18.1,2024-07-10,org.jsoup.parser.TokeniserState$Anonymous29,5,1,0,2,0,9,22
jsoup-1.18.1,2024-07-10,org.jsoup.helper.RequestAuthenticator$Context,9,1,0,0,5,1,28
jsoup-1.18.1,2024-07-10,org.jsoup.select.Selector,13,5,0,9,15,9,58
jsoup-1.18.1,2024-07-10,org.jsoup.select.Evaluator$AttributeWithValueEnding,4,3,0,4,6,5,14
jsoup-1.18.1,2024-07-10,org.jsoup.select.StructuralEvaluator$ImmediatePreviousSibling,6,3,0,3,6,4,16
jsoup-1.18.1,2024-07-10,org.jsoup.parser.TokeniserState$Anonymous30,5,1,0,2,0,5,22
jsoup-1.18.1,2024-07-10,org.jsoup.safety.Safelist$AttributeValue,2,2,0,2,1,0,8
jsoup-1.18.1,2024-07-10,org.jsoup.helper.HttpConnection$KeyVal,14,1,0,4,10,4,56
jsoup-1.18.1,2024-07-10,org.jsoup.parser.HtmlTreeBuilderState$Anonymous5,16,1,0,8,1,18,33
jsoup-1.18.1,2024-07-10,org.jsoup.parser.TokeniserState$Anonymous35,13,1,0,3,0,9,27
jsoup-1.18.1,2024-07-10,org.jsoup.parser.HtmlTreeBuilderState$Anonymous4,23,1,0,12,1,35,90
jsoup-1.18.1,2024-07-10,org.jsoup.parser.TokeniserState$Anonymous36,14,1,0,3,0,9,30
jsoup-1.18.1,2024-07-10,org.jsoup.parser.HtmlTreeBuilderState$Anonymous7,216,1,0,18,10,102,551
jsoup-1.18.1,2024-07-10,org.jsoup.parser.TokeniserState$Anonymous37,15,1,0,3,0,8,33
jsoup-1.18.1,2024-07-10,org.jsoup.parser.HtmlTreeBuilderState$Anonymous6,14,1,0,9,1,25,65
jsoup-1.18.1,2024-07-10,org.jsoup.parser.TokeniserState$Anonymous38,7,1,0,4,0,12,25
jsoup-1.18.1,2024-07-10,org.jsoup.parser.HtmlTreeBuilderState$Anonymous1,5,1,0,9,0,19,24
jsoup-1.18.1,2024-07-10,org.jsoup.parser.TokeniserState$Anonymous31,6,1,0,2,0,5,24
jsoup-1.18.1,2024-07-10,org.jsoup.parser.TokeniserState$Anonymous32,2,1,0,2,0,5,12
jsoup-1.18.1,2024-07-10,org.jsoup.parser.HtmlTreeBuilderState$Anonymous3,11,1,0,7,0,21,35
jsoup-1.18.1,2024-07-10,org.jsoup.parser.TokeniserState$Anonymous33,1,1,0,3,0,1,5
jsoup-1.18.1,2024-07-10,org.jsoup.parser.HtmlTreeBuilderState$Anonymous2,10,1,0,7,1,20,34
jsoup-1.18.1,2024-07-10,org.jsoup.parser.TokeniserState$Anonymous34,14,1,0,3,0,9,31
jsoup-1.18.1,2024-07-10,org.jsoup.parser.HtmlTreeBuilderState$Anonymous9,29,1,0,10,1,38,121
jsoup-1.18.1,2024-07-10,org.jsoup.parser.TokeniserState$Anonymous39,7,1,0,4,0,12,25
jsoup-1.18.1,2024-07-10,org.jsoup.parser.HtmlTreeBuilderState$Anonymous8,4,1,0,3,0,10,18
jsoup-1.18.1,2024-07-10,org.jsoup.nodes.Node,149,1,2,19,2245,93,432
jsoup-1.18.1,2024-07-10,org.jsoup.safety.Safelist$TypedValue,9,1,0,2,0,4,26
jsoup-1.18.1,2024-07-10,org.jsoup.helper.DataUtil$BomCharset,1,1,0,0,0,0,8
jsoup-1.18.1,2024-07-10,org.jsoup.parser.HtmlTreeBuilderState,5,1,0,6,6,9,1727
jsoup-1.18.1,2024-07-10,org.jsoup.helper.DataUtil$CharsetDoc,1,1,0,2,0,0,12
jsoup-1.18.1,2024-07-10,org.jsoup.helper.AuthenticationHandler,9,2,0,6,1,8,53
jsoup-1.18.1,2024-07-10,org.jsoup.select.Evaluator$AttributeStarting,6,2,0,6,0,7,20
jsoup-1.18.1,2024-07-10,org.jsoup.parser.TokeniserState$Anonymous40,17,1,0,4,0,12,30
jsoup-1.18.1,2024-07-10,org.jsoup.nodes.DataNode,12,3,0,4,28,9,34
jsoup-1.18.1,2024-07-10,org.jsoup.parser.TokeniserState$Anonymous41,9,1,0,2,0,6,20
jsoup-1.18.1,2024-07-10,org.jsoup.nodes.Attributes,107,2,0,13,331,50,338
jsoup-1.18.1,2024-07-10,org.jsoup.helper.W3CDom,39,1,0,19,135,57,238
jsoup-1.18.1,2024-07-10,org.jsoup.parser.XmlTreeBuilder,32,2,0,24,91,45,96
jsoup-1.18.1,2024-07-10,org.jsoup.nodes.Document$OutputSettings,24,1,0,5,117,14,93
jsoup-1.18.1,2024-07-10,org.jsoup.select.CombiningEvaluator,10,6,4,3,0,11,88
jsoup-1.18.1,2024-07-10,org.jsoup.select.Evaluator$ContainsData,3,2,0,3,0,4,12
jsoup-1.18.1,2024-07-10,org.jsoup.internal.Normalizer,5,1,0,1,3,4,11
jsoup-1.18.1,2024-07-10,org.jsoup.nodes.Attributes$Dataset$EntrySet,3,3,0,1,1,1,11
jsoup-1.18.1,2024-07-10,org.jsoup.nodes.Attributes$Dataset,4,4,0,2,1,4,43
jsoup-1.18.1,2024-07-10,org.jsoup.parser.TokeniserState$Anonymous13,13,1,0,4,1,12,32
jsoup-1.18.1,2024-07-10,org.jsoup.parser.TokeniserState$Anonymous14,2,1,0,2,0,5,12
jsoup-1.18.1,2024-07-10,org.jsoup.helper.Validate,36,1,0,3,171,4,61
jsoup-1.18.1,2024-07-10,org.jsoup.parser.TokeniserState$Anonymous15,1,1,0,3,0,1,5
jsoup-1.18.1,2024-07-10,org.jsoup.parser.TokeniserState$Anonymous16,1,1,0,3,0,1,5
jsoup-1.18.1,2024-07-10,org.jsoup.select.StructuralEvaluator$ImmediateParentRun,9,2,0,3,0,7,28
jsoup-1.18.1,2024-07-10,org.jsoup.parser.TokeniserState$Anonymous10,11,1,0,3,0,9,24
jsoup-1.18.1,2024-07-10,org.jsoup.parser.TokeniserState$Anonymous11,6,1,0,3,0,13,17
jsoup-1.18.1,2024-07-10,org.jsoup.parser.TokeniserState$Anonymous12,2,1,0,3,0,8,14
jsoup-1.18.1,2024-07-10,org.jsoup.select.StructuralEvaluator$Is,4,3,0,3,6,3,14
jsoup-1.18.1,2024-07-10,org.jsoup.parser.TokeniserState$Anonymous17,4,1,0,2,0,6,19
jsoup-1.18.1,2024-07-10,org.jsoup.parser.TokeniserState$Anonymous18,1,1,0,3,0,1,5
jsoup-1.18.1,2024-07-10,org.jsoup.parser.TokeniserState$Anonymous19,1,1,0,3,0,1,5
jsoup-1.18.1,2024-07-10,org.jsoup.select.Evaluator$CssNthEvaluator,13,2,0,4,3,4,24
jsoup-1.18.1,2024-07-10,org.jsoup.parser.Token$Comment,10,2,0,2,1,8,42
jsoup-1.18.1,2024-07-10,org.jsoup.select.Evaluator$IsFirstOfType,2,4,0,1,1,0,8
jsoup-1.18.1,2024-07-10,org.jsoup.nodes.Element$NodeList,2,5,0,3,0,1,10
jsoup-1.18.1,2024-07-10,org.jsoup.examples.Wikipedia,3,1,0,7,1,9,13
jsoup-1.18.1,2024-07-10,org.jsoup.parser.ParseError,8,1,0,1,0,4,37
jsoup-1.18.1,2024-07-10,org.jsoup.safety.Safelist,58,5,0,13,84,88,293
jsoup-1.18.1,2024-07-10,org.jsoup.parser.TokeniserState$Anonymous64,5,1,0,2,0,6,23
jsoup-1.18.1,2024-07-10,org.jsoup.parser.TokeniserState$Anonymous65,8,1,0,2,0,5,18
jsoup-1.18.1,2024-07-10,org.jsoup.parser.TreeBuilder,59,1,2,21,252,63,187
jsoup-1.18.1,2024-07-10,org.jsoup.parser.TokeniserState$Anonymous66,3,1,0,2,0,3,14
jsoup-1.18.1,2024-07-10,org.jsoup.parser.TokeniserState$Anonymous67,3,1,0,3,0,7,10
jsoup-1.18.1,2024-07-10,org.jsoup.nodes.PseudoTextElement,3,3,0,4,3,0,9
jsoup-1.18.1,2024-07-10,org.jsoup.parser.TokeniserState$Anonymous1,5,1,0,3,0,8,18
jsoup-1.18.1,2024-07-10,org.jsoup.select.Evaluator$TagStartsWith,3,2,0,2,0,3,12
jsoup-1.18.1,2024-07-10,org.jsoup.parser.Parser,29,1,0,10,128,19,114
jsoup-1.18.1,2024-07-10,org.jsoup.select.Evaluator$IsEmpty,8,2,0,7,1,3,14
jsoup-1.18.1,2024-07-10,org.jsoup.parser.TokeniserState$Anonymous7,3,1,0,3,0,7,15
jsoup-1.18.1,2024-07-10,org.jsoup.parser.TokeniserState$Anonymous6,1,1,0,3,0,1,5
jsoup-1.18.1,2024-07-10,org.jsoup.parser.TokeniserState$Anonymous9,4,1,0,3,0,11,23
jsoup-1.18.1,2024-07-10,org.jsoup.select.Evaluator$AttributeWithValueMatching,4,2,0,4,0,7,17
jsoup-1.18.1,2024-07-10,org.jsoup.parser.TokeniserState$Anonymous8,5,1,0,2,0,8,23
jsoup-1.18.1,2024-07-10,org.jsoup.nodes.Range$Position,15,1,0,1,0,1,37
jsoup-1.18.1,2024-07-10,org.jsoup.parser.TokeniserState$Anonymous3,5,1,0,3,0,8,19
jsoup-1.18.1,2024-07-10,org.jsoup.parser.TokeniserState$Anonymous2,1,1,0,3,0,1,5
jsoup-1.18.1,2024-07-10,org.jsoup.parser.TokeniserState$Anonymous5,1,1,0,3,0,1,5
jsoup-1.18.1,2024-07-10,org.jsoup.parser.TokeniserState$Anonymous4,1,1,0,3,0,1,5
jsoup-1.18.1,2024-07-10,org.jsoup.examples.ListLinks,9,1,0,8,3,15,31
jsoup-1.18.1,2024-07-10,org.jsoup.select.Evaluator$IsNthChild,3,3,0,2,3,1,11
jsoup-1.18.1,2024-07-10,org.jsoup.parser.HtmlTreeBuilderState$Constants,0,1,0,0,0,0,42
jsoup-1.18.1,2024-07-10,org.jsoup.safety.Safelist$TagName,2,2,0,3,1,1,8
jsoup-1.18.1,2024-07-10,org.jsoup.helper.AuthenticationHandler$AuthShim,3,1,0,3,3,0,5
jsoup-1.18.1,2024-07-10,org.jsoup.select.Evaluator$Class,4,2,0,2,0,2,15
jsoup-1.18.1,2024-07-10,org.jsoup.nodes.Attributes$Anonymous1,9,1,0,3,0,3,26
jsoup-1.18.1,2024-07-10,org.jsoup.select.StructuralEvaluator$Has,16,3,0,8,8,11,42
jsoup-1.18.1,2024-07-10,org.jsoup.nodes.Node$OuterHtmlVisitor,6,1,0,4,0,5,27
jsoup-1.18.1,2024-07-10,org.jsoup.parser.Token,27,12,10,9,136,4,402
jsoup-1.18.1,2024-07-10,org.jsoup.safety.Cleaner$CleaningVisitor,11,1,0,8,0,9,42
jsoup-1.18.1,2024-07-10,org.jsoup.select.Evaluator$AttributeKeyPair,4,2,0,3,0,7,17
jsoup-1.18.1,2024-07-10,org.jsoup.select.Evaluator$ContainsWholeOwnText,3,2,0,2,0,3,12
jsoup-1.18.1,2024-07-10,org.jsoup.select.Evaluator$IsNthLastOfType,6,3,0,2,3,4,19
jsoup-1.18.1,2024-07-10,org.jsoup.parser.Tag,52,1,0,4,65,19,164
jsoup-1.18.1,2024-07-10,org.jsoup.parser.Token$Character,7,2,0,2,9,3,29
jsoup-1.18.1,2024-07-10,org.jsoup.select.Evaluator$IsLastOfType,2,4,0,1,1,0,8
jsoup-1.18.1,2024-07-10,org.jsoup.select.Evaluator$Attribute,4,2,0,3,0,2,15
jsoup-1.18.1,2024-07-10,org.jsoup.internal.StringUtil$StringJoiner,5,1,0,4,0,5,25
jsoup-1.18.1,2024-07-10,org.jsoup.select.NodeFilter$FilterResult,0,1,0,0,0,0,6
jsoup-1.18.1,2024-07-10,org.jsoup.Connection$KeyVal,9,1,0,2,36,0,11
jsoup-1.18.1,2024-07-10,org.jsoup.nodes.Entities,60,1,0,12,56,34,209
jsoup-1.18.1,2024-07-10,org.jsoup.internal.SharedConstants,1,1,0,0,0,0,9
jsoup-1.18.1,2024-07-10,org.jsoup.parser.Token$CData,2,3,0,1,1,2,9
jsoup-1.18.1,2024-07-10,org.jsoup.select.Evaluator$AttributeWithValueContaining,4,3,0,4,6,5,14
jsoup-1.18.1,2024-07-10,org.jsoup.select.Elements,125,4,0,17,2016,76,345
jsoup-1.18.1,2024-07-10,org.jsoup.select.Evaluator$AllElements,3,2,0,2,3,0,11
jsoup-1.18.1,2024-07-10,org.jsoup.parser.TokeniserState$Anonymous46,5,1,0,3,0,6,23
jsoup-1.18.1,2024-07-10,org.jsoup.parser.TokeniserState$Anonymous47,4,1,0,3,0,10,18
jsoup-1.18.1,2024-07-10,org.jsoup.parser.TokeniserState$Anonymous48,4,1,0,3,0,6,19
jsoup-1.18.1,2024-07-10,org.jsoup.parser.TokeniserState$Anonymous49,6,1,0,3,0,7,24
jsoup-1.18.1,2024-07-10,org.jsoup.parser.TokeniserState$Anonymous42,3,1,0,2,0,6,17
jsoup-1.18.1,2024-07-10,org.jsoup.nodes.TextNode,34,3,1,10,105,34,72
jsoup-1.18.1,2024-07-10,org.jsoup.parser.TokeniserState$Anonymous43,3,1,0,3,0,6,11
jsoup-1.18.1,2024-07-10,org.jsoup.parser.TokeniserState$Anonymous44,4,1,0,2,0,7,20
jsoup-1.18.1,2024-07-10,org.jsoup.select.Evaluator$AttributeWithValue,4,3,0,3,6,5,14
jsoup-1.18.1,2024-07-10,org.jsoup.parser.TokeniserState$Anonymous45,5,1,0,3,0,7,23
jsoup-1.18.1,2024-07-10,org.jsoup.select.Evaluator$AttributeWithValueNot,4,3,0,3,6,3,14
jsoup-1.18.1,2024-07-10,org.jsoup.parser.ParseErrorList,8,4,0,2,1,2,28
jsoup-1.18.1,2024-07-10,org.jsoup.SerializationException,4,4,0,0,6,0,14
jsoup-1.18.1,2024-07-10,org.jsoup.select.CombiningEvaluator$Or,9,3,0,5,15,7,28
jsoup-1.18.1,2024-07-10,org.jsoup.select.Evaluator$ContainsText,4,2,0,4,0,5,15
jsoup-1.18.1,2024-07-10,org.jsoup.Connection$Base,18,1,0,4,153,0,20
jsoup-1.18.1,2024-07-10,org.jsoup.parser.TokeniserState$Anonymous50,5,1,0,3,0,7,23
jsoup-1.18.1,2024-07-10,org.jsoup.Progress,1,1,0,1,0,0,3
jsoup-1.18.1,2024-07-10,org.jsoup.parser.TokeniserState$Anonymous51,8,1,0,2,0,6,18
jsoup-1.18.1,2024-07-10,org.jsoup.select.Evaluator$IsNthOfType,7,3,0,3,3,6,20
jsoup-1.18.1,2024-07-10,org.jsoup.select.Evaluator$Id,4,2,0,2,0,3,15
jsoup-1.18.1,2024-07-10,org.jsoup.parser.TokeniserState$Anonymous52,9,1,0,2,0,8,27
jsoup-1.18.1,2024-07-10,org.jsoup.select.StructuralEvaluator$PreviousSibling,8,3,0,3,6,5,19
jsoup-1.18.1,2024-07-10,org.jsoup.parser.TokeniserState$Anonymous57,5,1,0,2,0,6,23
jsoup-1.18.1,2024-07-10,org.jsoup.parser.TokeniserState$Anonymous58,5,1,0,2,0,6,23
jsoup-1.18.1,2024-07-10,org.jsoup.parser.TokeniserState$Anonymous59,10,1,0,2,0,5,26
jsoup-1.18.1,2024-07-10,org.jsoup.examples.HtmlToPlainText$FormattingVisitor,18,1,0,5,4,14,44
jsoup-1.18.1,2024-07-10,org.jsoup.parser.TokeniserState$Anonymous53,10,1,0,2,0,9,26
jsoup-1.18.1,2024-07-10,org.jsoup.select.Collector,3,1,0,4,3,8,13
jsoup-1.18.1,2024-07-10,org.jsoup.parser.TokeniserState$Anonymous54,6,1,0,2,0,10,29
jsoup-1.18.1,2024-07-10,org.jsoup.parser.TokeniserState$Anonymous55,10,1,0,2,0,5,28
jsoup-1.18.1,2024-07-10,org.jsoup.helper.ValidationException,4,5,0,2,1,8,17
jsoup-1.18.1,2024-07-10,org.jsoup.nodes.Attributes$Dataset$DatasetIterator,5,1,0,2,0,9,17
jsoup-1.18.1,2024-07-10,org.jsoup.parser.TokeniserState$Anonymous56,10,1,0,2,0,5,25
jsoup-1.18.1,2024-07-10,org.jsoup.select.StructuralEvaluator$Not,4,3,0,3,6,3,14
jsoup-1.18.1,2024-07-10,org.jsoup.parser.CharacterReader,202,1,0,5,0,45,492
jsoup-1.18.1,2024-07-10,org.jsoup.select.Evaluator$IsFirstChild,4,2,0,3,1,2,9
jsoup-1.18.1,2024-07-10,org.jsoup.parser.TokeniserState$Anonymous60,10,1,0,2,0,5,25
jsoup-1.18.1,2024-07-10,org.jsoup.parser.TokeniserState$Anonymous61,10,1,0,2,0,5,28
jsoup-1.18.1,2024-07-10,org.jsoup.parser.TokeniserState$Anonymous62,10,1,0,2,0,5,25
jsoup-1.18.1,2024-07-10,org.jsoup.parser.TokeniserState$Anonymous63,5,1,0,2,0,6,23
jsoup-1.18.1,2024-07-10,org.jsoup.select.StructuralEvaluator$Root,4,2,0,2,3,0,11
jsoup-1.18.1,2024-07-10,org.jsoup.helper.HttpConnection$Response,127,2,0,28,127,155,403
jsoup-1.18.1,2024-07-10,org.jsoup.select.NodeVisitor,2,1,0,1,1,0,5
jsoup-1.18.1,2024-07-10,org.jsoup.safety.Safelist$Protocol,2,2,0,2,1,0,8
jsoup-1.18.1,2024-07-10,org.jsoup.parser.Token$EOF,3,2,0,2,3,1,12
jsoup-1.18.1,2024-07-10,org.jsoup.parser.Token$StartTag,7,3,0,5,6,7,21
jsoup-1.18.1,2024-07-10,org.jsoup.select.Evaluator$AttributeWithValueStarting,4,3,0,4,6,5,14
jsoup-1.18.1,2024-07-10,org.jsoup.nodes.DocumentType,22,3,0,5,19,10,57
jsoup-1.18.1,2024-07-10,org.jsoup.Connection$Request,25,1,0,6,300,0,31
jsoup-1.18.1,2024-07-10,org.jsoup.examples.HtmlToPlainText,7,1,0,10,1,10,71
jsoup-1.18.1,2024-07-10,org.jsoup.HttpStatusException,3,4,0,0,0,0,15
jsoup-1.18.1,2024-07-10,org.jsoup.select.QueryParser,115,1,0,58,63,69,294
jsoup-1.18.1,2024-07-10,org.jsoup.select.Evaluator$MatchesWholeText,4,2,0,2,0,4,16
jsoup-1.18.1,2024-07-10,org.jsoup.parser.HtmlTreeBuilderState$Anonymous23,9,1,0,4,0,12,20
jsoup-1.18.1,2024-07-10,org.jsoup.nodes.NodeUtils,8,1,0,14,10,13,28
jsoup-1.18.1,2024-07-10,org.jsoup.parser.HtmlTreeBuilderState$Anonymous22,7,1,0,5,0,17,22
jsoup-1.18.1,2024-07-10,org.jsoup.select.Evaluator$Matches,4,2,0,2,0,4,16
jsoup-1.18.1,2024-07-10,org.jsoup.parser.HtmlTreeBuilderState$Anonymous24,24,1,0,14,1,30,51
jsoup-1.18.1,2024-07-10,org.jsoup.select.Evaluator$IsOnlyChild,3,2,0,3,1,3,9
jsoup-1.18.1,2024-07-10,org.jsoup.Connection$Method,2,1,0,0,0,0,9
jsoup-1.18.1,2024-07-10,org.jsoup.UncheckedIOException,3,5,0,0,3,1,11
jsoup-1.18.1,2024-07-10,org.jsoup.helper.HttpConnection$Base,38,1,0,9,89,31,142
jsoup-1.18.1,2024-07-10,org.jsoup.parser.TokenQueue,80,1,0,4,24,31,224
jsoup-1.18.1,2024-07-10,org.jsoup.parser.ParseSettings,13,1,0,4,0,3,42
jsoup-1.18.1,2024-07-10,org.jsoup.select.NodeFilter,2,1,0,2,1,0,12
jsoup-1.18.1,2024-07-10,org.jsoup.parser.HtmlTreeBuilderState$Anonymous21,11,1,0,4,0,17,30
jsoup-1.18.1,2024-07-10,org.jsoup.parser.HtmlTreeBuilderState$Anonymous20,16,1,0,6,0,22,50
jsoup-1.18.1,2024-07-10,org.jsoup.select.Evaluator$MatchesWholeOwnText,4,2,0,2,0,4,16
jsoup-1.18.1,2024-07-10,org.jsoup.parser.HtmlTreeBuilderState$Anonymous12,16,1,0,8,1,16,55
jsoup-1.18.1,2024-07-10,org.jsoup.parser.HtmlTreeBuilderState$Anonymous11,13,1,0,6,0,17,37
jsoup-1.18.1,2024-07-10,org.jsoup.parser.HtmlTreeBuilderState$Anonymous14,15,1,0,8,1,17,77
jsoup-1.18.1,2024-07-10,org.jsoup.internal.Functions,5,1,0,4,10,0,20
jsoup-1.18.1,2024-07-10,org.jsoup.parser.HtmlTreeBuilderState$Anonymous13,15,1,0,9,3,20,59
jsoup-1.18.1,2024-07-10,org.jsoup.parser.HtmlTreeBuilderState$Anonymous16,31,1,0,10,1,24,79
jsoup-1.18.1,2024-07-10,org.jsoup.helper.W3CDom$W3CBuilder,27,1,0,19,0,35,96
jsoup-1.18.1,2024-07-10,org.jsoup.parser.HtmlTreeBuilderState$Anonymous15,15,1,0,7,3,18,54
jsoup-1.18.1,2024-07-10,org.jsoup.parser.HtmlTreeBuilderState$Anonymous18,17,1,0,4,0,17,60
jsoup-1.18.1,2024-07-10,org.jsoup.parser.HtmlTreeBuilderState$Anonymous17,6,1,0,4,0,12,22
jsoup-1.18.1,2024-07-10,org.jsoup.parser.HtmlTreeBuilderState$Anonymous19,12,1,0,6,0,22,37
jsoup-1.18.1,2024-07-10,org.jsoup.select.Evaluator$ContainsOwnText,3,2,0,4,0,5,12
jsoup-1.18.1,2024-07-10,org.jsoup.parser.TokeniserState,31,1,0,7,13,27,1353
jsoup-1.18.1,2024-07-10,org.jsoup.select.Evaluator$IndexLessThan,5,3,0,2,3,2,11
jsoup-1.18.1,2024-07-10,org.jsoup.nodes.Entities$EscapeMode,8,1,0,2,4,3,25
jsoup-1.18.1,2024-07-10,org.jsoup.select.Evaluator$MatchText,5,2,0,6,3,9,18
jsoup-1.18.1,2024-07-10,org.jsoup.parser.HtmlTreeBuilderState$Anonymous10,7,1,0,7,0,18,39
jsoup-1.18.1,2024-07-10,org.jsoup.safety.Cleaner$ElementMeta,1,1,0,1,0,0,8
jsoup-1.18.1,2024-07-10,org.jsoup.select.Evaluator,5,59,62,7,10,1,591
jsoup-1.18.1,2024-07-10,org.jsoup.Connection,41,1,0,11,820,3,137
jsoup-1.18.1,2024-07-10,org.jsoup.select.Evaluator$IsRoot,5,2,0,3,3,1,12
jsoup-1.18.1,2024-07-10,org.jsoup.nodes.CDataNode,6,4,0,3,15,3,20
jsoup-1.18.1,2024-07-10,org.jsoup.select.StructuralEvaluator$Parent,8,3,0,3,6,4,19
jsoup-1.18.1,2024-07-10,org.jsoup.select.Evaluator$IsLastChild,4,2,0,3,1,2,9
jsoup-1.18.1,2024-07-10,org.jsoup.select.Evaluator$IsNthLastChild,4,3,0,2,3,3,12
jsoup-1.18.1,2024-07-10,org.jsoup.helper.RequestAuthenticator,1,1,0,2,0,0,31
jsoup-1.18.1,2024-07-10,org.jsoup.parser.Token$TokenType,0,1,0,0,0,0,1
jsoup-1.18.1,2024-07-10,org.jsoup.nodes.Attribute,51,1,0,12,0,40,143
jsoup-1.18.1,2024-07-10,org.jsoup.nodes.Range$AttributeRange,10,1,0,2,0,6,30
jsoup-1.18.2,2024-11-27,org.jsoup.nodes.Document$QuirksMode,0,1,0,0,0,0,1
jsoup-1.18.2,2024-11-27,org.jsoup.helper.DataUtil,72,1,0,19,169,70,212
jsoup-1.18.2,2024-11-27,org.jsoup.helper.ChangeNotifyingArrayList,13,4,0,2,78,12,50
jsoup-1.18.2,2024-11-27,org.jsoup.Connection$Response,11,1,0,6,55,0,15
jsoup-1.18.2,2024-11-27,org.jsoup.nodes.Range,20,1,0,4,0,7,110
jsoup-1.18.2,2024-11-27,org.jsoup.select.Evaluator$IndexEvaluator,1,2,0,1,0,0,6
jsoup-1.18.2,2024-11-27,org.jsoup.select.Evaluator$IsOnlyOfType,8,2,0,3,1,5,17
jsoup-1.18.2,2024-11-27,org.jsoup.select.Evaluator$ContainsWholeText,4,2,0,2,0,3,15
jsoup-1.18.2,2024-11-27,org.jsoup.nodes.Entities$CoreCharset,3,1,0,1,0,2,6
jsoup-1.18.2,2024-11-27,org.jsoup.internal.ControllableInputStream,47,3,0,8,44,27,142
jsoup-1.18.2,2024-11-27,org.jsoup.safety.Cleaner,10,1,0,14,13,24,100
jsoup-1.18.2,2024-11-27,org.jsoup.nodes.Element,266,6,3,52,9412,203,810
jsoup-1.18.2,2024-11-27,org.jsoup.helper.HttpConnection,58,3,0,17,0,43,982
jsoup-1.18.2,2024-11-27,org.jsoup.helper.UrlBuilder,28,1,0,5,7,30,70
jsoup-1.18.2,2024-11-27,org.jsoup.select.NodeTraversor,34,1,0,7,6,14,88
jsoup-1.18.2,2024-11-27,org.jsoup.safety.Safelist$AttributeKey,2,2,0,3,1,1,8
jsoup-1.18.2,2024-11-27,org.jsoup.select.Evaluator$MatchesOwn,4,2,0,2,0,4,16
jsoup-1.18.2,2024-11-27,org.jsoup.select.CombiningEvaluator$And,6,3,0,4,6,4,18
jsoup-1.18.2,2024-11-27,org.jsoup.nodes.NodeIterator,24,1,0,5,0,12,64
jsoup-1.18.2,2024-11-27,org.jsoup.parser.Token$EndTag,2,3,0,2,1,1,8
jsoup-1.18.2,2024-11-27,org.jsoup.helper.HttpConnection$Request,32,2,0,10,278,9,147
jsoup-1.18.2,2024-11-27,org.jsoup.nodes.Document,54,3,0,21,397,46,269
jsoup-1.18.2,2024-11-27,org.jsoup.Jsoup,24,1,0,11,276,23,82
jsoup-1.18.2,2024-11-27,org.jsoup.parser.HtmlTreeBuilder,261,2,0,28,3939,118,666
jsoup-1.18.2,2024-11-27,org.jsoup.nodes.FormElement,27,3,0,17,15,32,69
jsoup-1.18.2,2024-11-27,org.jsoup.UnsupportedMimeTypeException,4,4,0,0,0,1,18
jsoup-1.18.2,2024-11-27,org.jsoup.select.StructuralEvaluator,3,16,12,4,0,8,184
jsoup-1.18.2,2024-11-27,org.jsoup.internal.SimpleBufferedInput,37,3,0,5,1,11,111
jsoup-1.18.2,2024-11-27,org.jsoup.helper.AuthenticationHandler$GlobalHandler,4,1,0,3,0,4,15
jsoup-1.18.2,2024-11-27,org.jsoup.parser.StreamParser$ElementIterator,20,1,0,7,0,11,58
jsoup-1.18.2,2024-11-27,org.jsoup.nodes.EntitiesData,1,1,0,0,0,0,10
jsoup-1.18.2,2024-11-27,org.jsoup.parser.StreamParser,20,1,0,12,87,28,142
jsoup-1.18.2,2024-11-27,org.jsoup.select.Evaluator$IndexEquals,4,3,0,2,3,2,11
jsoup-1.18.2,2024-11-27,org.jsoup.select.Selector$SelectorParseException,3,5,0,0,3,1,11
jsoup-1.18.2,2024-11-27,org.jsoup.parser.Token$Tag,56,2,0,15,168,34,169
jsoup-1.18.2,2024-11-27,org.jsoup.nodes.XmlDeclaration,15,3,0,8,34,16,51
jsoup-1.18.2,2024-11-27,org.jsoup.parser.Token$Doctype,8,2,0,3,18,4,37
jsoup-1.18.2,2024-11-27,org.jsoup.select.Evaluator$TagEndsWith,3,2,0,2,0,3,12
jsoup-1.18.2,2024-11-27,org.jsoup.helper.CookieUtil,18,1,0,8,6,28,63
jsoup-1.18.2,2024-11-27,org.jsoup.nodes.Element$TextAccumulator,15,1,0,5,0,8,23
jsoup-1.18.2,2024-11-27,org.jsoup.select.Evaluator$Tag,4,2,0,3,0,2,15
jsoup-1.18.2,2024-11-27,org.jsoup.nodes.Document$OutputSettings$Syntax,0,1,0,0,0,0,1
jsoup-1.18.2,2024-11-27,org.jsoup.internal.StringUtil,71,1,0,5,219,52,186
jsoup-1.18.2,2024-11-27,org.jsoup.parser.TokeniserState$Anonymous24,6,1,0,2,0,6,25
jsoup-1.18.2,2024-11-27,org.jsoup.parser.TokeniserState$Anonymous25,3,1,0,2,0,9,19
jsoup-1.18.2,2024-11-27,org.jsoup.parser.TokeniserState$Anonymous26,2,1,0,3,0,8,14
jsoup-1.18.2,2024-11-27,org.jsoup.parser.TokeniserState$Anonymous27,1,1,0,3,0,1,5
jsoup-1.18.2,2024-11-27,org.jsoup.parser.TokeniserState$Anonymous20,2,1,0,2,0,4,11
jsoup-1.18.2,2024-11-27,org.jsoup.parser.TokeniserState$Anonymous21,2,1,0,2,0,4,11
jsoup-1.18.2,2024-11-27,org.jsoup.parser.TokeniserState$Anonymous22,5,1,0,2,0,10,22
jsoup-1.18.2,2024-11-27,org.jsoup.parser.TokeniserState$Anonymous23,5,1,0,2,0,6,23
jsoup-1.18.2,2024-11-27,org.jsoup.parser.Tokeniser,83,1,0,20,185,64,270
jsoup-1.18.2,2024-11-27,org.jsoup.nodes.Comment,18,3,0,13,45,29,45
jsoup-1.18.2,2024-11-27,org.jsoup.select.Evaluator$IndexGreaterThan,4,3,0,2,3,2,11
jsoup-1.18.2,2024-11-27,org.jsoup.nodes.LeafNode,25,2,5,4,81,16,78
jsoup-1.18.2,2024-11-27,org.jsoup.parser.TokeniserState$Anonymous28,1,1,0,3,0,1,5
jsoup-1.18.2,2024-11-27,org.jsoup.parser.TokeniserState$Anonymous29,5,1,0,2,0,9,22
jsoup-1.18.2,2024-11-27,org.jsoup.helper.RequestAuthenticator$Context,9,1,0,0,5,1,28
jsoup-1.18.2,2024-11-27,org.jsoup.select.Selector,13,5,0,9,15,9,58
jsoup-1.18.2,2024-11-27,org.jsoup.select.Evaluator$AttributeWithValueEnding,4,3,0,4,6,5,14
jsoup-1.18.2,2024-11-27,org.jsoup.select.StructuralEvaluator$ImmediatePreviousSibling,6,3,0,3,6,4,16
jsoup-1.18.2,2024-11-27,org.jsoup.parser.TokeniserState$Anonymous30,5,1,0,2,0,5,22
jsoup-1.18.2,2024-11-27,org.jsoup.safety.Safelist$AttributeValue,2,2,0,2,1,0,8
jsoup-1.18.2,2024-11-27,org.jsoup.helper.HttpConnection$KeyVal,14,1,0,4,10,4,56
jsoup-1.18.2,2024-11-27,org.jsoup.parser.HtmlTreeBuilderState$Anonymous5,16,1,0,8,1,18,33
jsoup-1.18.2,2024-11-27,org.jsoup.parser.TokeniserState$Anonymous35,13,1,0,3,0,9,27
jsoup-1.18.2,2024-11-27,org.jsoup.parser.HtmlTreeBuilderState$Anonymous4,23,1,0,12,1,35,90
jsoup-1.18.2,2024-11-27,org.jsoup.parser.TokeniserState$Anonymous36,14,1,0,3,0,9,30
jsoup-1.18.2,2024-11-27,org.jsoup.parser.HtmlTreeBuilderState$Anonymous7,210,1,0,18,10,102,543
jsoup-1.18.2,2024-11-27,org.jsoup.parser.TokeniserState$Anonymous37,15,1,0,3,0,8,33
jsoup-1.18.2,2024-11-27,org.jsoup.parser.HtmlTreeBuilderState$Anonymous6,14,1,0,9,1,25,65
jsoup-1.18.2,2024-11-27,org.jsoup.parser.TokeniserState$Anonymous38,7,1,0,4,0,12,25
jsoup-1.18.2,2024-11-27,org.jsoup.parser.HtmlTreeBuilderState$Anonymous1,7,1,0,9,0,23,25
jsoup-1.18.2,2024-11-27,org.jsoup.parser.TokeniserState$Anonymous31,6,1,0,2,0,5,24
jsoup-1.18.2,2024-11-27,org.jsoup.parser.TokeniserState$Anonymous32,2,1,0,2,0,5,12
jsoup-1.18.2,2024-11-27,org.jsoup.parser.HtmlTreeBuilderState$Anonymous3,11,1,0,7,0,21,35
jsoup-1.18.2,2024-11-27,org.jsoup.parser.TokeniserState$Anonymous33,1,1,0,3,0,1,5
jsoup-1.18.2,2024-11-27,org.jsoup.parser.HtmlTreeBuilderState$Anonymous2,10,1,0,7,1,20,34
jsoup-1.18.2,2024-11-27,org.jsoup.parser.TokeniserState$Anonymous34,13,1,0,3,0,9,29
jsoup-1.18.2,2024-11-27,org.jsoup.parser.HtmlTreeBuilderState$Anonymous9,29,1,0,10,1,38,121
jsoup-1.18.2,2024-11-27,org.jsoup.parser.TokeniserState$Anonymous39,7,1,0,4,0,12,25
jsoup-1.18.2,2024-11-27,org.jsoup.parser.HtmlTreeBuilderState$Anonymous8,4,1,0,3,0,10,18
jsoup-1.18.2,2024-11-27,org.jsoup.nodes.Node,150,1,2,19,2245,93,432
jsoup-1.18.2,2024-11-27,org.jsoup.safety.Safelist$TypedValue,7,1,0,2,0,4,19
jsoup-1.18.2,2024-11-27,org.jsoup.parser.HtmlTreeBuilderState,10,1,0,11,10,16,1733
jsoup-1.18.2,2024-11-27,org.jsoup.helper.DataUtil$CharsetDoc,1,1,0,2,0,0,10
jsoup-1.18.2,2024-11-27,org.jsoup.helper.AuthenticationHandler,9,2,0,6,1,8,53
jsoup-1.18.2,2024-11-27,org.jsoup.select.Evaluator$AttributeStarting,6,2,0,6,0,7,20
jsoup-1.18.2,2024-11-27,org.jsoup.parser.TokeniserState$Anonymous40,17,1,0,4,0,12,30
jsoup-1.18.2,2024-11-27,org.jsoup.nodes.DataNode,11,3,0,4,21,8,31
jsoup-1.18.2,2024-11-27,org.jsoup.parser.TokeniserState$Anonymous41,9,1,0,2,0,6,20
jsoup-1.18.2,2024-11-27,org.jsoup.nodes.Attributes,106,2,0,13,367,52,359
jsoup-1.18.2,2024-11-27,org.jsoup.helper.W3CDom,39,1,0,19,135,57,238
jsoup-1.18.2,2024-11-27,org.jsoup.parser.XmlTreeBuilder,32,2,0,24,91,45,96
jsoup-1.18.2,2024-11-27,org.jsoup.nodes.Document$OutputSettings,21,1,0,4,102,9,80
jsoup-1.18.2,2024-11-27,org.jsoup.select.CombiningEvaluator,10,6,4,3,0,11,88
jsoup-1.18.2,2024-11-27,org.jsoup.select.Evaluator$ContainsData,3,2,0,3,0,4,12
jsoup-1.18.2,2024-11-27,org.jsoup.internal.Normalizer,5,1,0,1,3,4,11
jsoup-1.18.2,2024-11-27,org.jsoup.nodes.Attributes$Dataset$EntrySet,3,3,0,1,1,1,11
jsoup-1.18.2,2024-11-27,org.jsoup.nodes.Attributes$Dataset,4,4,0,2,1,4,43
jsoup-1.18.2,2024-11-27,org.jsoup.parser.TokeniserState$Anonymous13,13,1,0,4,1,12,32
jsoup-1.18.2,2024-11-27,org.jsoup.parser.TokeniserState$Anonymous14,2,1,0,2,0,5,12
jsoup-1.18.2,2024-11-27,org.jsoup.helper.Validate,36,1,0,3,171,4,61
jsoup-1.18.2,2024-11-27,org.jsoup.parser.TokeniserState$Anonymous15,1,1,0,3,0,1,5
jsoup-1.18.2,2024-11-27,org.jsoup.parser.TokeniserState$Anonymous16,1,1,0,3,0,1,5
jsoup-1.18.2,2024-11-27,org.jsoup.select.StructuralEvaluator$ImmediateParentRun,9,2,0,3,0,7,28
jsoup-1.18.2,2024-11-27,org.jsoup.parser.TokeniserState$Anonymous10,10,1,0,3,0,7,22
jsoup-1.18.2,2024-11-27,org.jsoup.parser.TokeniserState$Anonymous11,6,1,0,3,0,13,17
jsoup-1.18.2,2024-11-27,org.jsoup.parser.TokeniserState$Anonymous12,2,1,0,3,0,8,14
jsoup-1.18.2,2024-11-27,org.jsoup.select.StructuralEvaluator$Is,4,3,0,3,6,3,14
jsoup-1.18.2,2024-11-27,org.jsoup.parser.TokeniserState$Anonymous17,4,1,0,2,0,6,19
jsoup-1.18.2,2024-11-27,org.jsoup.parser.TokeniserState$Anonymous18,1,1,0,3,0,1,5
jsoup-1.18.2,2024-11-27,org.jsoup.parser.TokeniserState$Anonymous19,1,1,0,3,0,1,5
jsoup-1.18.2,2024-11-27,org.jsoup.select.Evaluator$CssNthEvaluator,13,2,0,4,3,4,24
jsoup-1.18.2,2024-11-27,org.jsoup.parser.Token$Comment,10,2,0,2,1,8,42
jsoup-1.18.2,2024-11-27,org.jsoup.select.Evaluator$IsFirstOfType,2,4,0,1,1,0,8
jsoup-1.18.2,2024-11-27,org.jsoup.nodes.Element$NodeList,2,5,0,3,0,1,10
jsoup-1.18.2,2024-11-27,org.jsoup.examples.Wikipedia,3,1,0,7,1,9,13
jsoup-1.18.2,2024-11-27,org.jsoup.parser.ParseError,8,1,0,1,0,4,37
jsoup-1.18.2,2024-11-27,org.jsoup.safety.Safelist,58,5,0,13,84,88,286
jsoup-1.18.2,2024-11-27,org.jsoup.parser.TokeniserState$Anonymous64,5,1,0,2,0,6,23
jsoup-1.18.2,2024-11-27,org.jsoup.parser.TokeniserState$Anonymous65,8,1,0,2,0,5,18
jsoup-1.18.2,2024-11-27,org.jsoup.parser.TreeBuilder,59,1,2,21,250,63,195
jsoup-1.18.2,2024-11-27,org.jsoup.parser.TokeniserState$Anonymous66,3,1,0,2,0,3,14
jsoup-1.18.2,2024-11-27,org.jsoup.parser.TokeniserState$Anonymous67,3,1,0,3,0,7,10
jsoup-1.18.2,2024-11-27,org.jsoup.nodes.PseudoTextElement,3,3,0,4,3,0,9
jsoup-1.18.2,2024-11-27,org.jsoup.parser.TokeniserState$Anonymous1,5,1,0,3,0,8,18
jsoup-1.18.2,2024-11-27,org.jsoup.select.Evaluator$TagStartsWith,3,2,0,2,0,3,12
jsoup-1.18.2,2024-11-27,org.jsoup.parser.Parser,29,1,0,11,128,19,114
jsoup-1.18.2,2024-11-27,org.jsoup.select.Evaluator$IsEmpty,8,2,0,7,1,3,14
jsoup-1.18.2,2024-11-27,org.jsoup.parser.TokeniserState$Anonymous7,3,1,0,3,0,7,15
jsoup-1.18.2,2024-11-27,org.jsoup.parser.TokeniserState$Anonymous6,1,1,0,3,0,1,5
jsoup-1.18.2,2024-11-27,org.jsoup.parser.TokeniserState$Anonymous9,4,1,0,3,0,11,23
jsoup-1.18.2,2024-11-27,org.jsoup.select.Evaluator$AttributeWithValueMatching,4,2,0,4,0,7,17
jsoup-1.18.2,2024-11-27,org.jsoup.parser.TokeniserState$Anonymous8,5,1,0,2,0,8,23
jsoup-1.18.2,2024-11-27,org.jsoup.nodes.Range$Position,15,1,0,1,0,2,34
jsoup-1.18.2,2024-11-27,org.jsoup.parser.TokeniserState$Anonymous3,5,1,0,3,0,8,19
jsoup-1.18.2,2024-11-27,org.jsoup.parser.TokeniserState$Anonymous2,1,1,0,3,0,1,5
jsoup-1.18.2,2024-11-27,org.jsoup.parser.TokeniserState$Anonymous5,1,1,0,3,0,1,5
jsoup-1.18.2,2024-11-27,org.jsoup.parser.TokeniserState$Anonymous4,1,1,0,3,0,1,5
jsoup-1.18.2,2024-11-27,org.jsoup.examples.ListLinks,9,1,0,8,3,15,31
jsoup-1.18.2,2024-11-27,org.jsoup.select.Evaluator$IsNthChild,3,3,0,2,3,1,11
jsoup-1.18.2,2024-11-27,org.jsoup.parser.HtmlTreeBuilderState$Constants,0,1,0,0,0,0,42
jsoup-1.18.2,2024-11-27,org.jsoup.safety.Safelist$TagName,2,2,0,3,1,1,8
jsoup-1.18.2,2024-11-27,org.jsoup.helper.AuthenticationHandler$AuthShim,3,1,0,3,3,0,5
jsoup-1.18.2,2024-11-27,org.jsoup.select.Evaluator$Class,4,2,0,2,0,2,15
jsoup-1.18.2,2024-11-27,org.jsoup.nodes.Attributes$Anonymous1,10,1,0,3,0,3,30
jsoup-1.18.2,2024-11-27,org.jsoup.select.StructuralEvaluator$Has,16,3,0,9,8,11,47
jsoup-1.18.2,2024-11-27,org.jsoup.nodes.Node$OuterHtmlVisitor,6,1,0,4,0,4,26
jsoup-1.18.2,2024-11-27,org.jsoup.parser.Token,27,12,10,9,136,4,397
jsoup-1.18.2,2024-11-27,org.jsoup.safety.Cleaner$CleaningVisitor,11,1,0,8,0,9,42
jsoup-1.18.2,2024-11-27,org.jsoup.select.Evaluator$AttributeKeyPair,4,2,0,3,0,7,17
jsoup-1.18.2,2024-11-27,org.jsoup.select.Evaluator$ContainsWholeOwnText,3,2,0,2,0,3,12
jsoup-1.18.2,2024-11-27,org.jsoup.select.Evaluator$IsNthLastOfType,6,3,0,2,3,4,19
jsoup-1.18.2,2024-11-27,org.jsoup.parser.Tag,45,1,0,4,65,19,156
jsoup-1.18.2,2024-11-27,org.jsoup.parser.Token$Character,7,2,0,2,9,3,29
jsoup-1.18.2,2024-11-27,org.jsoup.select.Evaluator$IsLastOfType,2,4,0,1,1,0,8
jsoup-1.18.2,2024-11-27,org.jsoup.select.Evaluator$Attribute,4,2,0,3,0,2,15
jsoup-1.18.2,2024-11-27,org.jsoup.internal.StringUtil$StringJoiner,5,1,0,4,0,5,25
jsoup-1.18.2,2024-11-27,org.jsoup.select.NodeFilter$FilterResult,0,1,0,0,0,0,6
jsoup-1.18.2,2024-11-27,org.jsoup.Connection$KeyVal,9,1,0,2,36,0,11
jsoup-1.18.2,2024-11-27,org.jsoup.nodes.Entities,82,1,0,12,170,49,256
jsoup-1.18.2,2024-11-27,org.jsoup.internal.SharedConstants,1,1,0,0,0,0,10
jsoup-1.18.2,2024-11-27,org.jsoup.parser.Token$CData,2,3,0,1,1,2,9
jsoup-1.18.2,2024-11-27,org.jsoup.select.Evaluator$AttributeWithValueContaining,4,3,0,4,6,5,14
jsoup-1.18.2,2024-11-27,org.jsoup.select.Elements,119,4,0,17,2016,74,330
jsoup-1.18.2,2024-11-27,org.jsoup.select.Evaluator$AllElements,3,2,0,2,3,0,11
jsoup-1.18.2,2024-11-27,org.jsoup.parser.TokeniserState$Anonymous46,5,1,0,3,0,6,23
jsoup-1.18.2,2024-11-27,org.jsoup.parser.TokeniserState$Anonymous47,4,1,0,3,0,10,18
jsoup-1.18.2,2024-11-27,org.jsoup.parser.TokeniserState$Anonymous48,4,1,0,3,0,6,19
jsoup-1.18.2,2024-11-27,org.jsoup.parser.TokeniserState$Anonymous49,6,1,0,3,0,7,24
jsoup-1.18.2,2024-11-27,org.jsoup.parser.TokeniserState$Anonymous42,3,1,0,2,0,6,17
jsoup-1.18.2,2024-11-27,org.jsoup.nodes.TextNode,38,3,1,10,105,34,73
jsoup-1.18.2,2024-11-27,org.jsoup.parser.TokeniserState$Anonymous43,3,1,0,3,0,6,11
jsoup-1.18.2,2024-11-27,org.jsoup.parser.TokeniserState$Anonymous44,4,1,0,2,0,7,20
jsoup-1.18.2,2024-11-27,org.jsoup.select.Evaluator$AttributeWithValue,4,3,0,3,6,5,14
jsoup-1.18.2,2024-11-27,org.jsoup.parser.TokeniserState$Anonymous45,5,1,0,3,0,7,23
jsoup-1.18.2,2024-11-27,org.jsoup.select.Evaluator$AttributeWithValueNot,4,3,0,3,6,3,14
jsoup-1.18.2,2024-11-27,org.jsoup.parser.ParseErrorList,8,4,0,2,1,2,28
jsoup-1.18.2,2024-11-27,org.jsoup.SerializationException,4,4,0,0,6,0,14
jsoup-1.18.2,2024-11-27,org.jsoup.select.CombiningEvaluator$Or,9,3,0,5,15,7,28
jsoup-1.18.2,2024-11-27,org.jsoup.select.Evaluator$ContainsText,4,2,0,4,0,5,15
jsoup-1.18.2,2024-11-27,org.jsoup.Connection$Base,18,1,0,4,153,0,20
jsoup-1.18.2,2024-11-27,org.jsoup.parser.TokeniserState$Anonymous50,5,1,0,3,0,7,23
jsoup-1.18.2,2024-11-27,org.jsoup.Progress,1,1,0,1,0,0,3
jsoup-1.18.2,2024-11-27,org.jsoup.parser.TokeniserState$Anonymous51,8,1,0,2,0,6,18
jsoup-1.18.2,2024-11-27,org.jsoup.select.Evaluator$IsNthOfType,7,3,0,3,3,6,20
jsoup-1.18.2,2024-11-27,org.jsoup.select.Evaluator$Id,4,2,0,2,0,3,15
jsoup-1.18.2,2024-11-27,org.jsoup.parser.TokeniserState$Anonymous52,9,1,0,2,0,8,27
jsoup-1.18.2,2024-11-27,org.jsoup.select.StructuralEvaluator$PreviousSibling,8,3,0,3,6,5,19
jsoup-1.18.2,2024-11-27,org.jsoup.parser.TokeniserState$Anonymous57,5,1,0,2,0,6,23
jsoup-1.18.2,2024-11-27,org.jsoup.parser.TokeniserState$Anonymous58,5,1,0,2,0,6,23
jsoup-1.18.2,2024-11-27,org.jsoup.parser.TokeniserState$Anonymous59,10,1,0,2,0,5,26
jsoup-1.18.2,2024-11-27,org.jsoup.examples.HtmlToPlainText$FormattingVisitor,18,1,0,5,4,14,44
jsoup-1.18.2,2024-11-27,org.jsoup.parser.TokeniserState$Anonymous53,10,1,0,2,0,9,26
jsoup-1.18.2,2024-11-27,org.jsoup.select.Collector,3,1,0,4,3,8,13
jsoup-1.18.2,2024-11-27,org.jsoup.parser.TokeniserState$Anonymous54,6,1,0,2,0,10,29
jsoup-1.18.2,2024-11-27,org.jsoup.parser.TokeniserState$Anonymous55,10,1,0,2,0,5,28
jsoup-1.18.2,2024-11-27,org.jsoup.helper.ValidationException,4,5,0,2,1,8,17
jsoup-1.18.2,2024-11-27,org.jsoup.nodes.Attributes$Dataset$DatasetIterator,5,1,0,2,0,9,17
jsoup-1.18.2,2024-11-27,org.jsoup.parser.TokeniserState$Anonymous56,10,1,0,2,0,5,25
jsoup-1.18.2,2024-11-27,org.jsoup.select.StructuralEvaluator$Not,4,3,0,3,6,3,14
jsoup-1.18.2,2024-11-27,org.jsoup.parser.CharacterReader,200,1,0,6,0,46,486
jsoup-1.18.2,2024-11-27,org.jsoup.select.Evaluator$IsFirstChild,4,2,0,3,1,2,9
jsoup-1.18.2,2024-11-27,org.jsoup.parser.TokeniserState$Anonymous60,10,1,0,2,0,5,25
jsoup-1.18.2,2024-11-27,org.jsoup.parser.TokeniserState$Anonymous61,10,1,0,2,0,5,28
jsoup-1.18.2,2024-11-27,org.jsoup.parser.TokeniserState$Anonymous62,10,1,0,2,0,5,25
jsoup-1.18.2,2024-11-27,org.jsoup.parser.TokeniserState$Anonymous63,5,1,0,2,0,6,23
jsoup-1.18.2,2024-11-27,org.jsoup.select.StructuralEvaluator$Root,4,2,0,2,3,0,11
jsoup-1.18.2,2024-11-27,org.jsoup.helper.HttpConnection$Response,124,2,0,27,127,154,405
jsoup-1.18.2,2024-11-27,org.jsoup.select.NodeVisitor,2,1,0,1,1,0,5
jsoup-1.18.2,2024-11-27,org.jsoup.safety.Safelist$Protocol,2,2,0,2,1,0,8
jsoup-1.18.2,2024-11-27,org.jsoup.parser.Token$EOF,3,2,0,2,3,1,12
jsoup-1.18.2,2024-11-27,org.jsoup.parser.Token$StartTag,7,3,0,5,6,7,21
jsoup-1.18.2,2024-11-27,org.jsoup.select.Evaluator$AttributeWithValueStarting,4,3,0,4,6,5,14
jsoup-1.18.2,2024-11-27,org.jsoup.nodes.DocumentType,22,3,0,6,13,10,57
jsoup-1.18.2,2024-11-27,org.jsoup.Connection$Request,25,1,0,6,300,0,31
jsoup-1.18.2,2024-11-27,org.jsoup.examples.HtmlToPlainText,7,1,0,10,1,10,71
jsoup-1.18.2,2024-11-27,org.jsoup.HttpStatusException,3,4,0,0,0,0,15
jsoup-1.18.2,2024-11-27,org.jsoup.select.QueryParser,115,1,0,58,63,69,294
jsoup-1.18.2,2024-11-27,org.jsoup.select.Evaluator$MatchesWholeText,4,2,0,2,0,4,16
jsoup-1.18.2,2024-11-27,org.jsoup.parser.HtmlTreeBuilderState$Anonymous23,9,1,0,4,0,12,20
jsoup-1.18.2,2024-11-27,org.jsoup.nodes.NodeUtils,7,1,0,14,10,13,28
jsoup-1.18.2,2024-11-27,org.jsoup.parser.HtmlTreeBuilderState$Anonymous22,7,1,0,5,0,17,22
jsoup-1.18.2,2024-11-27,org.jsoup.select.Evaluator$Matches,4,2,0,2,0,4,16
jsoup-1.18.2,2024-11-27,org.jsoup.parser.HtmlTreeBuilderState$Anonymous24,24,1,0,14,1,30,51
jsoup-1.18.2,2024-11-27,org.jsoup.select.Evaluator$IsOnlyChild,3,2,0,3,1,3,9
jsoup-1.18.2,2024-11-27,org.jsoup.Connection$Method,2,1,0,0,0,0,9
jsoup-1.18.2,2024-11-27,org.jsoup.UncheckedIOException,3,5,0,0,3,1,11
jsoup-1.18.2,2024-11-27,org.jsoup.helper.HttpConnection$Base,38,1,0,9,89,31,142
jsoup-1.18.2,2024-11-27,org.jsoup.parser.TokenQueue,80,1,0,4,24,31,224
jsoup-1.18.2,2024-11-27,org.jsoup.parser.ParseSettings,13,1,0,4,0,3,42
jsoup-1.18.2,2024-11-27,org.jsoup.select.NodeFilter,2,1,0,2,1,0,12
jsoup-1.18.2,2024-11-27,org.jsoup.parser.HtmlTreeBuilderState$Anonymous21,11,1,0,4,0,17,30
jsoup-1.18.2,2024-11-27,org.jsoup.parser.HtmlTreeBuilderState$Anonymous20,16,1,0,6,0,22,50
jsoup-1.18.2,2024-11-27,org.jsoup.select.Evaluator$MatchesWholeOwnText,4,2,0,2,0,4,16
jsoup-1.18.2,2024-11-27,org.jsoup.parser.HtmlTreeBuilderState$Anonymous12,16,1,0,8,1,16,55
jsoup-1.18.2,2024-11-27,org.jsoup.parser.HtmlTreeBuilderState$Anonymous11,13,1,0,6,0,17,37
jsoup-1.18.2,2024-11-27,org.jsoup.parser.HtmlTreeBuilderState$Anonymous14,15,1,0,8,1,17,77
jsoup-1.18.2,2024-11-27,org.jsoup.internal.Functions,5,1,0,4,10,0,20
jsoup-1.18.2,2024-11-27,org.jsoup.parser.HtmlTreeBuilderState$Anonymous13,15,1,0,9,3,20,59
jsoup-1.18.2,2024-11-27,org.jsoup.parser.HtmlTreeBuilderState$Anonymous16,31,1,0,10,1,24,79
jsoup-1.18.2,2024-11-27,org.jsoup.helper.W3CDom$W3CBuilder,27,1,0,19,0,35,96
jsoup-1.18.2,2024-11-27,org.jsoup.parser.HtmlTreeBuilderState$Anonymous15,15,1,0,7,3,18,54
jsoup-1.18.2,2024-11-27,org.jsoup.parser.HtmlTreeBuilderState$Anonymous18,17,1,0,4,0,17,60
jsoup-1.18.2,2024-11-27,org.jsoup.parser.HtmlTreeBuilderState$Anonymous17,6,1,0,4,0,12,22
jsoup-1.18.2,2024-11-27,org.jsoup.parser.HtmlTreeBuilderState$Anonymous19,12,1,0,6,0,22,37
jsoup-1.18.2,2024-11-27,org.jsoup.select.Evaluator$ContainsOwnText,3,2,0,4,0,5,12
jsoup-1.18.2,2024-11-27,org.jsoup.parser.TokeniserState,31,1,0,7,13,27,1349
jsoup-1.18.2,2024-11-27,org.jsoup.select.Evaluator$IndexLessThan,5,3,0,2,3,2,11
jsoup-1.18.2,2024-11-27,org.jsoup.nodes.Entities$EscapeMode,8,1,0,2,3,6,26
jsoup-1.18.2,2024-11-27,org.jsoup.select.Evaluator$MatchText,5,2,0,6,3,9,18
jsoup-1.18.2,2024-11-27,org.jsoup.parser.HtmlTreeBuilderState$Anonymous10,7,1,0,7,0,18,39
jsoup-1.18.2,2024-11-27,org.jsoup.safety.Cleaner$ElementMeta,1,1,0,1,0,0,8
jsoup-1.18.2,2024-11-27,org.jsoup.select.Evaluator,5,59,62,7,10,1,591
jsoup-1.18.2,2024-11-27,org.jsoup.Connection,41,1,0,11,820,3,137
jsoup-1.18.2,2024-11-27,org.jsoup.internal.SoftPool,7,1,0,2,2,10,30
jsoup-1.18.2,2024-11-27,org.jsoup.select.Evaluator$IsRoot,5,2,0,3,3,1,12
jsoup-1.18.2,2024-11-27,org.jsoup.nodes.CDataNode,6,4,0,3,15,3,20
jsoup-1.18.2,2024-11-27,org.jsoup.select.StructuralEvaluator$Parent,8,3,0,3,6,4,19
jsoup-1.18.2,2024-11-27,org.jsoup.select.Evaluator$IsLastChild,4,2,0,3,1,2,9
jsoup-1.18.2,2024-11-27,org.jsoup.select.Evaluator$IsNthLastChild,4,3,0,2,3,3,12
jsoup-1.18.2,2024-11-27,org.jsoup.helper.RequestAuthenticator,1,1,0,2,0,0,31
jsoup-1.18.2,2024-11-27,org.jsoup.parser.Token$TokenType,0,1,0,0,0,0,1
jsoup-1.18.2,2024-11-27,org.jsoup.nodes.Attribute,73,1,0,12,0,42,158
jsoup-1.18.2,2024-11-27,org.jsoup.nodes.Range$AttributeRange,10,1,0,3,0,7,29
jsoup-1.18.3,2024-12-02,org.jsoup.nodes.Document$QuirksMode,0,1,0,0,0,0,1
jsoup-1.18.3,2024-12-02,org.jsoup.helper.DataUtil,72,1,0,19,169,70,212
jsoup-1.18.3,2024-12-02,org.jsoup.helper.ChangeNotifyingArrayList,13,4,0,2,78,12,50
jsoup-1.18.3,2024-12-02,org.jsoup.Connection$Response,11,1,0,6,55,0,15
jsoup-1.18.3,2024-12-02,org.jsoup.nodes.Range,20,1,0,4,0,7,110
jsoup-1.18.3,2024-12-02,org.jsoup.select.Evaluator$IndexEvaluator,1,2,0,1,0,0,6
jsoup-1.18.3,2024-12-02,org.jsoup.select.Evaluator$IsOnlyOfType,8,2,0,3,1,5,17
jsoup-1.18.3,2024-12-02,org.jsoup.select.Evaluator$ContainsWholeText,4,2,0,2,0,3,15
jsoup-1.18.3,2024-12-02,org.jsoup.nodes.Entities$CoreCharset,3,1,0,1,0,2,6
jsoup-1.18.3,2024-12-02,org.jsoup.internal.ControllableInputStream,47,3,0,8,44,27,142
jsoup-1.18.3,2024-12-02,org.jsoup.safety.Cleaner,10,1,0,14,13,24,100
jsoup-1.18.3,2024-12-02,org.jsoup.nodes.Element,266,6,3,52,9412,203,810
jsoup-1.18.3,2024-12-02,org.jsoup.helper.HttpConnection,58,3,0,17,0,43,982
jsoup-1.18.3,2024-12-02,org.jsoup.helper.UrlBuilder,28,1,0,5,7,30,70
jsoup-1.18.3,2024-12-02,org.jsoup.select.NodeTraversor,34,1,0,7,6,14,88
jsoup-1.18.3,2024-12-02,org.jsoup.safety.Safelist$AttributeKey,2,2,0,3,1,1,8
jsoup-1.18.3,2024-12-02,org.jsoup.select.Evaluator$MatchesOwn,4,2,0,2,0,4,16
jsoup-1.18.3,2024-12-02,org.jsoup.select.CombiningEvaluator$And,6,3,0,4,6,4,18
jsoup-1.18.3,2024-12-02,org.jsoup.nodes.NodeIterator,24,1,0,5,0,12,64
jsoup-1.18.3,2024-12-02,org.jsoup.parser.Token$EndTag,2,3,0,2,1,1,8
jsoup-1.18.3,2024-12-02,org.jsoup.helper.HttpConnection$Request,32,2,0,10,278,9,147
jsoup-1.18.3,2024-12-02,org.jsoup.nodes.Document,54,3,0,21,397,46,269
jsoup-1.18.3,2024-12-02,org.jsoup.Jsoup,24,1,0,11,276,23,82
jsoup-1.18.3,2024-12-02,org.jsoup.parser.HtmlTreeBuilder,261,2,0,28,3939,118,666
jsoup-1.18.3,2024-12-02,org.jsoup.nodes.FormElement,27,3,0,17,15,32,69
jsoup-1.18.3,2024-12-02,org.jsoup.UnsupportedMimeTypeException,4,4,0,0,0,1,18
jsoup-1.18.3,2024-12-02,org.jsoup.select.StructuralEvaluator,3,16,12,4,0,8,184
jsoup-1.18.3,2024-12-02,org.jsoup.internal.SimpleBufferedInput,37,3,0,5,1,11,111
jsoup-1.18.3,2024-12-02,org.jsoup.helper.AuthenticationHandler$GlobalHandler,4,1,0,3,0,4,15
jsoup-1.18.3,2024-12-02,org.jsoup.parser.StreamParser$ElementIterator,20,1,0,7,0,11,58
jsoup-1.18.3,2024-12-02,org.jsoup.nodes.EntitiesData,1,1,0,0,0,0,10
jsoup-1.18.3,2024-12-02,org.jsoup.parser.StreamParser,20,1,0,12,87,28,142
jsoup-1.18.3,2024-12-02,org.jsoup.select.Evaluator$IndexEquals,4,3,0,2,3,2,11
jsoup-1.18.3,2024-12-02,org.jsoup.select.Selector$SelectorParseException,3,5,0,0,3,1,11
jsoup-1.18.3,2024-12-02,org.jsoup.parser.Token$Tag,56,2,0,15,168,34,169
jsoup-1.18.3,2024-12-02,org.jsoup.nodes.XmlDeclaration,15,3,0,8,34,16,51
jsoup-1.18.3,2024-12-02,org.jsoup.parser.Token$Doctype,8,2,0,3,18,4,37
jsoup-1.18.3,2024-12-02,org.jsoup.select.Evaluator$TagEndsWith,3,2,0,2,0,3,12
jsoup-1.18.3,2024-12-02,org.jsoup.helper.CookieUtil,18,1,0,8,6,28,63
jsoup-1.18.3,2024-12-02,org.jsoup.nodes.Element$TextAccumulator,15,1,0,5,0,8,23
jsoup-1.18.3,2024-12-02,org.jsoup.select.Evaluator$Tag,4,2,0,3,0,2,15
jsoup-1.18.3,2024-12-02,org.jsoup.nodes.Document$OutputSettings$Syntax,0,1,0,0,0,0,1
jsoup-1.18.3,2024-12-02,org.jsoup.internal.StringUtil,71,1,0,5,219,52,186
jsoup-1.18.3,2024-12-02,org.jsoup.parser.TokeniserState$Anonymous24,6,1,0,2,0,6,25
jsoup-1.18.3,2024-12-02,org.jsoup.parser.TokeniserState$Anonymous25,3,1,0,2,0,9,19
jsoup-1.18.3,2024-12-02,org.jsoup.parser.TokeniserState$Anonymous26,2,1,0,3,0,8,14
jsoup-1.18.3,2024-12-02,org.jsoup.parser.TokeniserState$Anonymous27,1,1,0,3,0,1,5
jsoup-1.18.3,2024-12-02,org.jsoup.parser.TokeniserState$Anonymous20,2,1,0,2,0,4,11
jsoup-1.18.3,2024-12-02,org.jsoup.parser.TokeniserState$Anonymous21,2,1,0,2,0,4,11
jsoup-1.18.3,2024-12-02,org.jsoup.parser.TokeniserState$Anonymous22,5,1,0,2,0,10,22
jsoup-1.18.3,2024-12-02,org.jsoup.parser.TokeniserState$Anonymous23,5,1,0,2,0,6,23
jsoup-1.18.3,2024-12-02,org.jsoup.parser.Tokeniser,83,1,0,20,185,64,270
jsoup-1.18.3,2024-12-02,org.jsoup.nodes.Comment,18,3,0,13,45,29,45
jsoup-1.18.3,2024-12-02,org.jsoup.select.Evaluator$IndexGreaterThan,4,3,0,2,3,2,11
jsoup-1.18.3,2024-12-02,org.jsoup.nodes.LeafNode,25,2,5,4,81,16,78
jsoup-1.18.3,2024-12-02,org.jsoup.parser.TokeniserState$Anonymous28,1,1,0,3,0,1,5
jsoup-1.18.3,2024-12-02,org.jsoup.parser.TokeniserState$Anonymous29,5,1,0,2,0,9,22
jsoup-1.18.3,2024-12-02,org.jsoup.helper.RequestAuthenticator$Context,9,1,0,0,5,1,28
jsoup-1.18.3,2024-12-02,org.jsoup.select.Selector,13,5,0,9,15,9,58
jsoup-1.18.3,2024-12-02,org.jsoup.select.Evaluator$AttributeWithValueEnding,4,3,0,4,6,5,14
jsoup-1.18.3,2024-12-02,org.jsoup.select.StructuralEvaluator$ImmediatePreviousSibling,6,3,0,3,6,4,16
jsoup-1.18.3,2024-12-02,org.jsoup.parser.TokeniserState$Anonymous30,5,1,0,2,0,5,22
jsoup-1.18.3,2024-12-02,org.jsoup.safety.Safelist$AttributeValue,2,2,0,2,1,0,8
jsoup-1.18.3,2024-12-02,org.jsoup.helper.HttpConnection$KeyVal,14,1,0,4,10,4,56
jsoup-1.18.3,2024-12-02,org.jsoup.parser.HtmlTreeBuilderState$Anonymous5,16,1,0,8,1,18,33
jsoup-1.18.3,2024-12-02,org.jsoup.parser.TokeniserState$Anonymous35,13,1,0,3,0,9,27
jsoup-1.18.3,2024-12-02,org.jsoup.parser.HtmlTreeBuilderState$Anonymous4,23,1,0,12,1,35,90
jsoup-1.18.3,2024-12-02,org.jsoup.parser.TokeniserState$Anonymous36,14,1,0,3,0,9,30
jsoup-1.18.3,2024-12-02,org.jsoup.parser.HtmlTreeBuilderState$Anonymous7,210,1,0,18,10,102,543
jsoup-1.18.3,2024-12-02,org.jsoup.parser.TokeniserState$Anonymous37,15,1,0,3,0,8,33
jsoup-1.18.3,2024-12-02,org.jsoup.parser.HtmlTreeBuilderState$Anonymous6,14,1,0,9,1,25,65
jsoup-1.18.3,2024-12-02,org.jsoup.parser.TokeniserState$Anonymous38,7,1,0,4,0,12,25
jsoup-1.18.3,2024-12-02,org.jsoup.parser.HtmlTreeBuilderState$Anonymous1,7,1,0,9,0,23,25
jsoup-1.18.3,2024-12-02,org.jsoup.parser.TokeniserState$Anonymous31,6,1,0,2,0,5,24
jsoup-1.18.3,2024-12-02,org.jsoup.parser.TokeniserState$Anonymous32,2,1,0,2,0,5,12
jsoup-1.18.3,2024-12-02,org.jsoup.parser.HtmlTreeBuilderState$Anonymous3,11,1,0,7,0,21,35
jsoup-1.18.3,2024-12-02,org.jsoup.parser.TokeniserState$Anonymous33,1,1,0,3,0,1,5
jsoup-1.18.3,2024-12-02,org.jsoup.parser.HtmlTreeBuilderState$Anonymous2,10,1,0,7,1,20,34
jsoup-1.18.3,2024-12-02,org.jsoup.parser.TokeniserState$Anonymous34,13,1,0,3,0,9,29
jsoup-1.18.3,2024-12-02,org.jsoup.parser.HtmlTreeBuilderState$Anonymous9,29,1,0,10,1,38,121
jsoup-1.18.3,2024-12-02,org.jsoup.parser.TokeniserState$Anonymous39,7,1,0,4,0,12,25
jsoup-1.18.3,2024-12-02,org.jsoup.parser.HtmlTreeBuilderState$Anonymous8,4,1,0,3,0,10,18
jsoup-1.18.3,2024-12-02,org.jsoup.nodes.Node,150,1,2,19,2245,93,432
jsoup-1.18.3,2024-12-02,org.jsoup.safety.Safelist$TypedValue,7,1,0,2,0,4,19
jsoup-1.18.3,2024-12-02,org.jsoup.parser.HtmlTreeBuilderState,10,1,0,11,10,16,1733
jsoup-1.18.3,2024-12-02,org.jsoup.helper.DataUtil$CharsetDoc,1,1,0,2,0,0,10
jsoup-1.18.3,2024-12-02,org.jsoup.helper.AuthenticationHandler,9,2,0,6,1,8,53
jsoup-1.18.3,2024-12-02,org.jsoup.select.Evaluator$AttributeStarting,6,2,0,6,0,7,20
jsoup-1.18.3,2024-12-02,org.jsoup.parser.TokeniserState$Anonymous40,17,1,0,4,0,12,30
jsoup-1.18.3,2024-12-02,org.jsoup.nodes.DataNode,11,3,0,4,21,8,31
jsoup-1.18.3,2024-12-02,org.jsoup.parser.TokeniserState$Anonymous41,9,1,0,2,0,6,20
jsoup-1.18.3,2024-12-02,org.jsoup.nodes.Attributes,106,2,0,13,367,52,359
jsoup-1.18.3,2024-12-02,org.jsoup.helper.W3CDom,39,1,0,19,135,57,238
jsoup-1.18.3,2024-12-02,org.jsoup.parser.XmlTreeBuilder,32,2,0,24,91,45,96
jsoup-1.18.3,2024-12-02,org.jsoup.nodes.Document$OutputSettings,21,1,0,4,102,9,80
jsoup-1.18.3,2024-12-02,org.jsoup.select.CombiningEvaluator,10,6,4,3,0,11,88
jsoup-1.18.3,2024-12-02,org.jsoup.select.Evaluator$ContainsData,3,2,0,3,0,4,12
jsoup-1.18.3,2024-12-02,org.jsoup.internal.Normalizer,5,1,0,1,3,4,11
jsoup-1.18.3,2024-12-02,org.jsoup.nodes.Attributes$Dataset$EntrySet,3,3,0,1,1,1,11
jsoup-1.18.3,2024-12-02,org.jsoup.nodes.Attributes$Dataset,4,4,0,2,1,4,43
jsoup-1.18.3,2024-12-02,org.jsoup.parser.TokeniserState$Anonymous13,13,1,0,4,1,12,32
jsoup-1.18.3,2024-12-02,org.jsoup.parser.TokeniserState$Anonymous14,2,1,0,2,0,5,12
jsoup-1.18.3,2024-12-02,org.jsoup.helper.Validate,36,1,0,3,171,4,61
jsoup-1.18.3,2024-12-02,org.jsoup.parser.TokeniserState$Anonymous15,1,1,0,3,0,1,5
jsoup-1.18.3,2024-12-02,org.jsoup.parser.TokeniserState$Anonymous16,1,1,0,3,0,1,5
jsoup-1.18.3,2024-12-02,org.jsoup.select.StructuralEvaluator$ImmediateParentRun,9,2,0,3,0,7,28
jsoup-1.18.3,2024-12-02,org.jsoup.parser.TokeniserState$Anonymous10,10,1,0,3,0,7,22
jsoup-1.18.3,2024-12-02,org.jsoup.parser.TokeniserState$Anonymous11,6,1,0,3,0,13,17
jsoup-1.18.3,2024-12-02,org.jsoup.parser.TokeniserState$Anonymous12,2,1,0,3,0,8,14
jsoup-1.18.3,2024-12-02,org.jsoup.select.StructuralEvaluator$Is,4,3,0,3,6,3,14
jsoup-1.18.3,2024-12-02,org.jsoup.parser.TokeniserState$Anonymous17,4,1,0,2,0,6,19
jsoup-1.18.3,2024-12-02,org.jsoup.parser.TokeniserState$Anonymous18,1,1,0,3,0,1,5
jsoup-1.18.3,2024-12-02,org.jsoup.parser.TokeniserState$Anonymous19,1,1,0,3,0,1,5
jsoup-1.18.3,2024-12-02,org.jsoup.select.Evaluator$CssNthEvaluator,13,2,0,4,3,4,24
jsoup-1.18.3,2024-12-02,org.jsoup.parser.Token$Comment,10,2,0,2,1,8,42
jsoup-1.18.3,2024-12-02,org.jsoup.select.Evaluator$IsFirstOfType,2,4,0,1,1,0,8
jsoup-1.18.3,2024-12-02,org.jsoup.nodes.Element$NodeList,2,5,0,3,0,1,10
jsoup-1.18.3,2024-12-02,org.jsoup.examples.Wikipedia,3,1,0,7,1,9,13
jsoup-1.18.3,2024-12-02,org.jsoup.parser.ParseError,8,1,0,1,0,4,37
jsoup-1.18.3,2024-12-02,org.jsoup.safety.Safelist,58,5,0,13,84,88,286
jsoup-1.18.3,2024-12-02,org.jsoup.parser.TokeniserState$Anonymous64,5,1,0,2,0,6,23
jsoup-1.18.3,2024-12-02,org.jsoup.parser.TokeniserState$Anonymous65,8,1,0,2,0,5,18
jsoup-1.18.3,2024-12-02,org.jsoup.parser.TreeBuilder,59,1,2,21,250,63,195
jsoup-1.18.3,2024-12-02,org.jsoup.parser.TokeniserState$Anonymous66,3,1,0,2,0,3,14
jsoup-1.18.3,2024-12-02,org.jsoup.parser.TokeniserState$Anonymous67,3,1,0,3,0,7,10
jsoup-1.18.3,2024-12-02,org.jsoup.nodes.PseudoTextElement,3,3,0,4,3,0,9
jsoup-1.18.3,2024-12-02,org.jsoup.parser.TokeniserState$Anonymous1,5,1,0,3,0,8,18
jsoup-1.18.3,2024-12-02,org.jsoup.select.Evaluator$TagStartsWith,3,2,0,2,0,3,12
jsoup-1.18.3,2024-12-02,org.jsoup.parser.Parser,29,1,0,11,128,19,114
jsoup-1.18.3,2024-12-02,org.jsoup.select.Evaluator$IsEmpty,8,2,0,7,1,3,14
jsoup-1.18.3,2024-12-02,org.jsoup.parser.TokeniserState$Anonymous7,3,1,0,3,0,7,15
jsoup-1.18.3,2024-12-02,org.jsoup.parser.TokeniserState$Anonymous6,1,1,0,3,0,1,5
jsoup-1.18.3,2024-12-02,org.jsoup.parser.TokeniserState$Anonymous9,4,1,0,3,0,11,23
jsoup-1.18.3,2024-12-02,org.jsoup.select.Evaluator$AttributeWithValueMatching,4,2,0,4,0,7,17
jsoup-1.18.3,2024-12-02,org.jsoup.parser.TokeniserState$Anonymous8,5,1,0,2,0,8,23
jsoup-1.18.3,2024-12-02,org.jsoup.nodes.Range$Position,15,1,0,1,0,2,34
jsoup-1.18.3,2024-12-02,org.jsoup.parser.TokeniserState$Anonymous3,5,1,0,3,0,8,19
jsoup-1.18.3,2024-12-02,org.jsoup.parser.TokeniserState$Anonymous2,1,1,0,3,0,1,5
jsoup-1.18.3,2024-12-02,org.jsoup.parser.TokeniserState$Anonymous5,1,1,0,3,0,1,5
jsoup-1.18.3,2024-12-02,org.jsoup.parser.TokeniserState$Anonymous4,1,1,0,3,0,1,5
jsoup-1.18.3,2024-12-02,org.jsoup.examples.ListLinks,9,1,0,8,3,15,31
jsoup-1.18.3,2024-12-02,org.jsoup.select.Evaluator$IsNthChild,3,3,0,2,3,1,11
jsoup-1.18.3,2024-12-02,org.jsoup.parser.HtmlTreeBuilderState$Constants,0,1,0,0,0,0,42
jsoup-1.18.3,2024-12-02,org.jsoup.safety.Safelist$TagName,2,2,0,3,1,1,8
jsoup-1.18.3,2024-12-02,org.jsoup.helper.AuthenticationHandler$AuthShim,3,1,0,3,3,0,5
jsoup-1.18.3,2024-12-02,org.jsoup.select.Evaluator$Class,4,2,0,2,0,2,15
jsoup-1.18.3,2024-12-02,org.jsoup.nodes.Attributes$Anonymous1,10,1,0,3,0,3,30
jsoup-1.18.3,2024-12-02,org.jsoup.select.StructuralEvaluator$Has,16,3,0,9,8,11,47
jsoup-1.18.3,2024-12-02,org.jsoup.nodes.Node$OuterHtmlVisitor,6,1,0,4,0,4,26
jsoup-1.18.3,2024-12-02,org.jsoup.parser.Token,27,12,10,9,136,4,397
jsoup-1.18.3,2024-12-02,org.jsoup.safety.Cleaner$CleaningVisitor,11,1,0,8,0,9,42
jsoup-1.18.3,2024-12-02,org.jsoup.select.Evaluator$AttributeKeyPair,4,2,0,3,0,7,17
jsoup-1.18.3,2024-12-02,org.jsoup.select.Evaluator$ContainsWholeOwnText,3,2,0,2,0,3,12
jsoup-1.18.3,2024-12-02,org.jsoup.select.Evaluator$IsNthLastOfType,6,3,0,2,3,4,19
jsoup-1.18.3,2024-12-02,org.jsoup.parser.Tag,45,1,0,4,65,19,156
jsoup-1.18.3,2024-12-02,org.jsoup.parser.Token$Character,7,2,0,2,9,3,29
jsoup-1.18.3,2024-12-02,org.jsoup.select.Evaluator$IsLastOfType,2,4,0,1,1,0,8
jsoup-1.18.3,2024-12-02,org.jsoup.select.Evaluator$Attribute,4,2,0,3,0,2,15
jsoup-1.18.3,2024-12-02,org.jsoup.internal.StringUtil$StringJoiner,5,1,0,4,0,5,25
jsoup-1.18.3,2024-12-02,org.jsoup.select.NodeFilter$FilterResult,0,1,0,0,0,0,6
jsoup-1.18.3,2024-12-02,org.jsoup.Connection$KeyVal,9,1,0,2,36,0,11
jsoup-1.18.3,2024-12-02,org.jsoup.nodes.Entities,82,1,0,12,170,49,256
jsoup-1.18.3,2024-12-02,org.jsoup.internal.SharedConstants,1,1,0,0,0,0,10
jsoup-1.18.3,2024-12-02,org.jsoup.parser.Token$CData,2,3,0,1,1,2,9
jsoup-1.18.3,2024-12-02,org.jsoup.select.Evaluator$AttributeWithValueContaining,4,3,0,4,6,5,14
jsoup-1.18.3,2024-12-02,org.jsoup.select.Elements,119,4,0,17,2016,74,330
jsoup-1.18.3,2024-12-02,org.jsoup.select.Evaluator$AllElements,3,2,0,2,3,0,11
jsoup-1.18.3,2024-12-02,org.jsoup.parser.TokeniserState$Anonymous46,5,1,0,3,0,6,23
jsoup-1.18.3,2024-12-02,org.jsoup.parser.TokeniserState$Anonymous47,4,1,0,3,0,10,18
jsoup-1.18.3,2024-12-02,org.jsoup.parser.TokeniserState$Anonymous48,4,1,0,3,0,6,19
jsoup-1.18.3,2024-12-02,org.jsoup.parser.TokeniserState$Anonymous49,6,1,0,3,0,7,24
jsoup-1.18.3,2024-12-02,org.jsoup.parser.TokeniserState$Anonymous42,3,1,0,2,0,6,17
jsoup-1.18.3,2024-12-02,org.jsoup.nodes.TextNode,38,3,1,10,105,34,73
jsoup-1.18.3,2024-12-02,org.jsoup.parser.TokeniserState$Anonymous43,3,1,0,3,0,6,11
jsoup-1.18.3,2024-12-02,org.jsoup.parser.TokeniserState$Anonymous44,4,1,0,2,0,7,20
jsoup-1.18.3,2024-12-02,org.jsoup.select.Evaluator$AttributeWithValue,4,3,0,3,6,5,14
jsoup-1.18.3,2024-12-02,org.jsoup.parser.TokeniserState$Anonymous45,5,1,0,3,0,7,23
jsoup-1.18.3,2024-12-02,org.jsoup.select.Evaluator$AttributeWithValueNot,4,3,0,3,6,3,14
jsoup-1.18.3,2024-12-02,org.jsoup.parser.ParseErrorList,8,4,0,2,1,2,28
jsoup-1.18.3,2024-12-02,org.jsoup.SerializationException,4,4,0,0,6,0,14
jsoup-1.18.3,2024-12-02,org.jsoup.select.CombiningEvaluator$Or,9,3,0,5,15,7,28
jsoup-1.18.3,2024-12-02,org.jsoup.select.Evaluator$ContainsText,4,2,0,4,0,5,15
jsoup-1.18.3,2024-12-02,org.jsoup.Connection$Base,18,1,0,4,153,0,20
jsoup-1.18.3,2024-12-02,org.jsoup.parser.TokeniserState$Anonymous50,5,1,0,3,0,7,23
jsoup-1.18.3,2024-12-02,org.jsoup.Progress,1,1,0,1,0,0,3
jsoup-1.18.3,2024-12-02,org.jsoup.parser.TokeniserState$Anonymous51,8,1,0,2,0,6,18
jsoup-1.18.3,2024-12-02,org.jsoup.select.Evaluator$IsNthOfType,7,3,0,3,3,6,20
jsoup-1.18.3,2024-12-02,org.jsoup.select.Evaluator$Id,4,2,0,2,0,3,15
jsoup-1.18.3,2024-12-02,org.jsoup.parser.TokeniserState$Anonymous52,9,1,0,2,0,8,27
jsoup-1.18.3,2024-12-02,org.jsoup.select.StructuralEvaluator$PreviousSibling,8,3,0,3,6,5,19
jsoup-1.18.3,2024-12-02,org.jsoup.parser.TokeniserState$Anonymous57,5,1,0,2,0,6,23
jsoup-1.18.3,2024-12-02,org.jsoup.parser.TokeniserState$Anonymous58,5,1,0,2,0,6,23
jsoup-1.18.3,2024-12-02,org.jsoup.parser.TokeniserState$Anonymous59,10,1,0,2,0,5,26
jsoup-1.18.3,2024-12-02,org.jsoup.examples.HtmlToPlainText$FormattingVisitor,18,1,0,5,4,14,44
jsoup-1.18.3,2024-12-02,org.jsoup.parser.TokeniserState$Anonymous53,10,1,0,2,0,9,26
jsoup-1.18.3,2024-12-02,org.jsoup.select.Collector,3,1,0,4,3,8,13
jsoup-1.18.3,2024-12-02,org.jsoup.parser.TokeniserState$Anonymous54,6,1,0,2,0,10,29
jsoup-1.18.3,2024-12-02,org.jsoup.parser.TokeniserState$Anonymous55,10,1,0,2,0,5,28
jsoup-1.18.3,2024-12-02,org.jsoup.helper.ValidationException,4,5,0,2,1,8,17
jsoup-1.18.3,2024-12-02,org.jsoup.nodes.Attributes$Dataset$DatasetIterator,5,1,0,2,0,9,17
jsoup-1.18.3,2024-12-02,org.jsoup.parser.TokeniserState$Anonymous56,10,1,0,2,0,5,25
jsoup-1.18.3,2024-12-02,org.jsoup.select.StructuralEvaluator$Not,4,3,0,3,6,3,14
jsoup-1.18.3,2024-12-02,org.jsoup.parser.CharacterReader,200,1,0,6,0,46,486
jsoup-1.18.3,2024-12-02,org.jsoup.select.Evaluator$IsFirstChild,4,2,0,3,1,2,9
jsoup-1.18.3,2024-12-02,org.jsoup.parser.TokeniserState$Anonymous60,10,1,0,2,0,5,25
jsoup-1.18.3,2024-12-02,org.jsoup.parser.TokeniserState$Anonymous61,10,1,0,2,0,5,28
jsoup-1.18.3,2024-12-02,org.jsoup.parser.TokeniserState$Anonymous62,10,1,0,2,0,5,25
jsoup-1.18.3,2024-12-02,org.jsoup.parser.TokeniserState$Anonymous63,5,1,0,2,0,6,23
jsoup-1.18.3,2024-12-02,org.jsoup.select.StructuralEvaluator$Root,4,2,0,2,3,0,11
jsoup-1.18.3,2024-12-02,org.jsoup.helper.HttpConnection$Response,124,2,0,27,127,154,405
jsoup-1.18.3,2024-12-02,org.jsoup.select.NodeVisitor,2,1,0,1,1,0,5
jsoup-1.18.3,2024-12-02,org.jsoup.safety.Safelist$Protocol,2,2,0,2,1,0,8
jsoup-1.18.3,2024-12-02,org.jsoup.parser.Token$EOF,3,2,0,2,3,1,12
jsoup-1.18.3,2024-12-02,org.jsoup.parser.Token$StartTag,7,3,0,5,6,7,21
jsoup-1.18.3,2024-12-02,org.jsoup.select.Evaluator$AttributeWithValueStarting,4,3,0,4,6,5,14
jsoup-1.18.3,2024-12-02,org.jsoup.nodes.DocumentType,22,3,0,6,13,10,57
jsoup-1.18.3,2024-12-02,org.jsoup.Connection$Request,25,1,0,6,300,0,31
jsoup-1.18.3,2024-12-02,org.jsoup.examples.HtmlToPlainText,7,1,0,10,1,10,71
jsoup-1.18.3,2024-12-02,org.jsoup.HttpStatusException,3,4,0,0,0,0,15
jsoup-1.18.3,2024-12-02,org.jsoup.select.QueryParser,115,1,0,58,63,69,294
jsoup-1.18.3,2024-12-02,org.jsoup.select.Evaluator$MatchesWholeText,4,2,0,2,0,4,16
jsoup-1.18.3,2024-12-02,org.jsoup.parser.HtmlTreeBuilderState$Anonymous23,9,1,0,4,0,12,20
jsoup-1.18.3,2024-12-02,org.jsoup.nodes.NodeUtils,7,1,0,14,10,13,28
jsoup-1.18.3,2024-12-02,org.jsoup.parser.HtmlTreeBuilderState$Anonymous22,7,1,0,5,0,17,22
jsoup-1.18.3,2024-12-02,org.jsoup.select.Evaluator$Matches,4,2,0,2,0,4,16
jsoup-1.18.3,2024-12-02,org.jsoup.parser.HtmlTreeBuilderState$Anonymous24,24,1,0,14,1,30,51
jsoup-1.18.3,2024-12-02,org.jsoup.select.Evaluator$IsOnlyChild,3,2,0,3,1,3,9
jsoup-1.18.3,2024-12-02,org.jsoup.Connection$Method,2,1,0,0,0,0,9
jsoup-1.18.3,2024-12-02,org.jsoup.UncheckedIOException,3,5,0,0,3,1,11
jsoup-1.18.3,2024-12-02,org.jsoup.helper.HttpConnection$Base,38,1,0,9,89,31,142
jsoup-1.18.3,2024-12-02,org.jsoup.parser.TokenQueue,80,1,0,4,24,31,224
jsoup-1.18.3,2024-12-02,org.jsoup.parser.ParseSettings,13,1,0,4,0,3,42
jsoup-1.18.3,2024-12-02,org.jsoup.select.NodeFilter,2,1,0,2,1,0,12
jsoup-1.18.3,2024-12-02,org.jsoup.parser.HtmlTreeBuilderState$Anonymous21,11,1,0,4,0,17,30
jsoup-1.18.3,2024-12-02,org.jsoup.parser.HtmlTreeBuilderState$Anonymous20,16,1,0,6,0,22,50
jsoup-1.18.3,2024-12-02,org.jsoup.select.Evaluator$MatchesWholeOwnText,4,2,0,2,0,4,16
jsoup-1.18.3,2024-12-02,org.jsoup.parser.HtmlTreeBuilderState$Anonymous12,16,1,0,8,1,16,55
jsoup-1.18.3,2024-12-02,org.jsoup.parser.HtmlTreeBuilderState$Anonymous11,13,1,0,6,0,17,37
jsoup-1.18.3,2024-12-02,org.jsoup.parser.HtmlTreeBuilderState$Anonymous14,15,1,0,8,1,17,77
jsoup-1.18.3,2024-12-02,org.jsoup.internal.Functions,5,1,0,4,10,0,20
jsoup-1.18.3,2024-12-02,org.jsoup.parser.HtmlTreeBuilderState$Anonymous13,15,1,0,9,3,20,59
jsoup-1.18.3,2024-12-02,org.jsoup.parser.HtmlTreeBuilderState$Anonymous16,31,1,0,10,1,24,79
jsoup-1.18.3,2024-12-02,org.jsoup.helper.W3CDom$W3CBuilder,27,1,0,19,0,35,96
jsoup-1.18.3,2024-12-02,org.jsoup.parser.HtmlTreeBuilderState$Anonymous15,15,1,0,7,3,18,54
jsoup-1.18.3,2024-12-02,org.jsoup.parser.HtmlTreeBuilderState$Anonymous18,17,1,0,4,0,17,60
jsoup-1.18.3,2024-12-02,org.jsoup.parser.HtmlTreeBuilderState$Anonymous17,6,1,0,4,0,12,22
jsoup-1.18.3,2024-12-02,org.jsoup.parser.HtmlTreeBuilderState$Anonymous19,12,1,0,6,0,22,37
jsoup-1.18.3,2024-12-02,org.jsoup.select.Evaluator$ContainsOwnText,3,2,0,4,0,5,12
jsoup-1.18.3,2024-12-02,org.jsoup.parser.TokeniserState,31,1,0,7,13,27,1349
jsoup-1.18.3,2024-12-02,org.jsoup.select.Evaluator$IndexLessThan,5,3,0,2,3,2,11
jsoup-1.18.3,2024-12-02,org.jsoup.nodes.Entities$EscapeMode,8,1,0,2,3,6,26
jsoup-1.18.3,2024-12-02,org.jsoup.select.Evaluator$MatchText,5,2,0,6,3,9,18
jsoup-1.18.3,2024-12-02,org.jsoup.parser.HtmlTreeBuilderState$Anonymous10,7,1,0,7,0,18,39
jsoup-1.18.3,2024-12-02,org.jsoup.safety.Cleaner$ElementMeta,1,1,0,1,0,0,8
jsoup-1.18.3,2024-12-02,org.jsoup.select.Evaluator,5,59,62,7,10,1,591
jsoup-1.18.3,2024-12-02,org.jsoup.Connection,41,1,0,11,820,3,137
jsoup-1.18.3,2024-12-02,org.jsoup.internal.SoftPool,7,1,0,2,2,10,30
jsoup-1.18.3,2024-12-02,org.jsoup.select.Evaluator$IsRoot,5,2,0,3,3,1,12
jsoup-1.18.3,2024-12-02,org.jsoup.nodes.CDataNode,6,4,0,3,15,3,20
jsoup-1.18.3,2024-12-02,org.jsoup.select.StructuralEvaluator$Parent,8,3,0,3,6,4,19
jsoup-1.18.3,2024-12-02,org.jsoup.select.Evaluator$IsLastChild,4,2,0,3,1,2,9
jsoup-1.18.3,2024-12-02,org.jsoup.select.Evaluator$IsNthLastChild,4,3,0,2,3,3,12
jsoup-1.18.3,2024-12-02,org.jsoup.helper.RequestAuthenticator,1,1,0,2,0,0,31
jsoup-1.18.3,2024-12-02,org.jsoup.parser.Token$TokenType,0,1,0,0,0,0,1
jsoup-1.18.3,2024-12-02,org.jsoup.nodes.Attribute,77,1,0,12,0,42,158
jsoup-1.18.3,2024-12-02,org.jsoup.nodes.Range$AttributeRange,10,1,0,3,0,7,29
jsoup-1.19.1,2025-03-04,org.jsoup.nodes.Document$QuirksMode,0,1,0,0,0,0,1
jsoup-1.19.1,2025-03-04,org.jsoup.helper.DataUtil,72,1,0,19,169,70,212
jsoup-1.19.1,2025-03-04,org.jsoup.helper.ChangeNotifyingArrayList,13,4,0,2,78,12,50
jsoup-1.19.1,2025-03-04,org.jsoup.Connection$Response,11,1,0,6,55,0,15
jsoup-1.19.1,2025-03-04,org.jsoup.nodes.Range,20,1,0,4,0,7,110
jsoup-1.19.1,2025-03-04,org.jsoup.select.Evaluator$IndexEvaluator,1,2,0,1,0,0,6
jsoup-1.19.1,2025-03-04,org.jsoup.select.Evaluator$IsOnlyOfType,8,2,0,3,1,5,17
jsoup-1.19.1,2025-03-04,org.jsoup.select.Evaluator$ContainsWholeText,4,2,0,2,0,3,15
jsoup-1.19.1,2025-03-04,org.jsoup.nodes.Entities$CoreCharset,3,1,0,1,0,2,6
jsoup-1.19.1,2025-03-04,org.jsoup.internal.ControllableInputStream,47,3,0,8,44,27,142
jsoup-1.19.1,2025-03-04,org.jsoup.safety.Cleaner,16,1,0,14,9,32,108
jsoup-1.19.1,2025-03-04,org.jsoup.nodes.Element,270,6,3,54,9994,207,819
jsoup-1.19.1,2025-03-04,org.jsoup.helper.HttpConnection,58,3,0,17,0,43,934
jsoup-1.19.1,2025-03-04,org.jsoup.helper.UrlBuilder,28,1,0,5,7,30,70
jsoup-1.19.1,2025-03-04,org.jsoup.select.NodeTraversor,34,1,0,7,6,14,88
jsoup-1.19.1,2025-03-04,org.jsoup.parser.Token$XmlDecl,7,3,0,4,1,5,17
jsoup-1.19.1,2025-03-04,org.jsoup.safety.Safelist$AttributeKey,2,2,0,3,1,1,8
jsoup-1.19.1,2025-03-04,org.jsoup.select.Evaluator$MatchesOwn,4,2,0,2,0,4,16
jsoup-1.19.1,2025-03-04,org.jsoup.select.StructuralEvaluator$Ancestor,8,3,0,3,6,4,19
jsoup-1.19.1,2025-03-04,org.jsoup.select.CombiningEvaluator$And,6,3,0,4,6,4,18
jsoup-1.19.1,2025-03-04,org.jsoup.nodes.NodeIterator,24,1,0,5,0,12,64
jsoup-1.19.1,2025-03-04,org.jsoup.parser.Token$EndTag,2,3,0,2,1,1,8
jsoup-1.19.1,2025-03-04,org.jsoup.helper.HttpConnection$Request,32,2,0,11,278,9,150
jsoup-1.19.1,2025-03-04,org.jsoup.nodes.Document,53,3,0,21,426,45,258
jsoup-1.19.1,2025-03-04,org.jsoup.Jsoup,26,1,0,11,276,25,85
jsoup-1.19.1,2025-03-04,org.jsoup.parser.HtmlTreeBuilder,267,2,0,28,3933,119,680
jsoup-1.19.1,2025-03-04,org.jsoup.nodes.FormElement,27,3,0,17,15,32,69
jsoup-1.19.1,2025-03-04,org.jsoup.UnsupportedMimeTypeException,4,4,0,0,0,1,18
jsoup-1.19.1,2025-03-04,org.jsoup.select.StructuralEvaluator,3,16,12,4,0,8,191
jsoup-1.19.1,2025-03-04,org.jsoup.internal.SimpleBufferedInput,39,3,0,5,0,11,112
jsoup-1.19.1,2025-03-04,org.jsoup.helper.AuthenticationHandler$GlobalHandler,4,1,0,3,0,4,15
jsoup-1.19.1,2025-03-04,org.jsoup.parser.StreamParser$ElementIterator,20,1,0,7,0,11,58
jsoup-1.19.1,2025-03-04,org.jsoup.nodes.EntitiesData,1,1,0,0,0,0,10
jsoup-1.19.1,2025-03-04,org.jsoup.parser.StreamParser,20,1,0,12,87,28,142
jsoup-1.19.1,2025-03-04,org.jsoup.select.Evaluator$IndexEquals,4,3,0,2,3,2,11
jsoup-1.19.1,2025-03-04,org.jsoup.select.Selector$SelectorParseException,3,5,0,0,3,1,11
jsoup-1.19.1,2025-03-04,org.jsoup.parser.Token$Tag,57,2,0,15,168,34,170
jsoup-1.19.1,2025-03-04,org.jsoup.nodes.XmlDeclaration,15,3,0,8,34,16,51
jsoup-1.19.1,2025-03-04,org.jsoup.parser.Token$Doctype,8,2,0,3,18,4,37
jsoup-1.19.1,2025-03-04,org.jsoup.helper.UrlConnectionExecutor,24,2,0,10,0,45,78
jsoup-1.19.1,2025-03-04,org.jsoup.select.Evaluator$TagEndsWith,3,2,0,2,0,3,12
jsoup-1.19.1,2025-03-04,org.jsoup.helper.CookieUtil,20,1,0,9,10,30,66
jsoup-1.19.1,2025-03-04,org.jsoup.nodes.Element$TextAccumulator,15,1,0,5,0,8,23
jsoup-1.19.1,2025-03-04,org.jsoup.select.Evaluator$Tag,4,2,0,3,0,2,15
jsoup-1.19.1,2025-03-04,org.jsoup.nodes.Document$OutputSettings$Syntax,0,1,0,0,0,0,1
jsoup-1.19.1,2025-03-04,org.jsoup.internal.StringUtil,71,1,0,5,219,52,186
jsoup-1.19.1,2025-03-04,org.jsoup.parser.TokeniserState$Anonymous24,6,1,0,2,0,6,25
jsoup-1.19.1,2025-03-04,org.jsoup.parser.TokeniserState$Anonymous25,3,1,0,2,0,9,19
jsoup-1.19.1,2025-03-04,org.jsoup.parser.TokeniserState$Anonymous26,2,1,0,3,0,8,14
jsoup-1.19.1,2025-03-04,org.jsoup.parser.TokeniserState$Anonymous27,1,1,0,3,0,1,5
jsoup-1.19.1,2025-03-04,org.jsoup.parser.TokeniserState$Anonymous20,2,1,0,2,0,4,11
jsoup-1.19.1,2025-03-04,org.jsoup.parser.TokeniserState$Anonymous21,2,1,0,2,0,4,11
jsoup-1.19.1,2025-03-04,org.jsoup.parser.TokeniserState$Anonymous22,5,1,0,2,0,10,22
jsoup-1.19.1,2025-03-04,org.jsoup.parser.TokeniserState$Anonymous23,5,1,0,2,0,6,23
jsoup-1.19.1,2025-03-04,org.jsoup.parser.Tokeniser,84,1,0,23,177,65,277
jsoup-1.19.1,2025-03-04,org.jsoup.nodes.Comment,18,3,0,13,45,29,45
jsoup-1.19.1,2025-03-04,org.jsoup.select.Evaluator$IndexGreaterThan,4,3,0,2,3,2,11
jsoup-1.19.1,2025-03-04,org.jsoup.nodes.LeafNode,25,2,5,4,81,16,78
jsoup-1.19.1,2025-03-04,org.jsoup.parser.TokeniserState$Anonymous28,1,1,0,3,0,1,5
jsoup-1.19.1,2025-03-04,org.jsoup.parser.TokeniserState$Anonymous29,5,1,0,2,0,9,22
jsoup-1.19.1,2025-03-04,org.jsoup.helper.RequestAuthenticator$Context,9,1,0,0,5,1,28
jsoup-1.19.1,2025-03-04,org.jsoup.select.Selector,16,5,0,9,36,12,72
jsoup-1.19.1,2025-03-04,org.jsoup.select.Evaluator$AttributeWithValueEnding,4,3,0,4,6,5,14
jsoup-1.19.1,2025-03-04,org.jsoup.select.StructuralEvaluator$ImmediatePreviousSibling,6,3,0,3,6,4,16
jsoup-1.19.1,2025-03-04,org.jsoup.parser.TokeniserState$Anonymous30,5,1,0,2,0,5,22
jsoup-1.19.1,2025-03-04,org.jsoup.safety.Safelist$AttributeValue,2,2,0,2,1,0,8
jsoup-1.19.1,2025-03-04,org.jsoup.helper.HttpConnection$KeyVal,14,1,0,4,10,4,56
jsoup-1.19.1,2025-03-04,org.jsoup.parser.HtmlTreeBuilderState$Anonymous5,16,1,0,8,1,18,33
jsoup-1.19.1,2025-03-04,org.jsoup.parser.TokeniserState$Anonymous35,16,1,0,4,0,9,31
jsoup-1.19.1,2025-03-04,org.jsoup.parser.HtmlTreeBuilderState$Anonymous4,23,1,0,12,1,35,91
jsoup-1.19.1,2025-03-04,org.jsoup.parser.TokeniserState$Anonymous36,14,1,0,3,0,9,30
jsoup-1.19.1,2025-03-04,org.jsoup.parser.HtmlTreeBuilderState$Anonymous7,206,1,0,18,10,95,549
jsoup-1.19.1,2025-03-04,org.jsoup.parser.TokeniserState$Anonymous37,15,1,0,3,0,8,33
jsoup-1.19.1,2025-03-04,org.jsoup.parser.HtmlTreeBuilderState$Anonymous6,14,1,0,9,1,25,65
jsoup-1.19.1,2025-03-04,org.jsoup.parser.TokeniserState$Anonymous38,7,1,0,4,0,12,25
jsoup-1.19.1,2025-03-04,org.jsoup.parser.HtmlTreeBuilderState$Anonymous1,7,1,0,9,0,23,25
jsoup-1.19.1,2025-03-04,org.jsoup.parser.TokeniserState$Anonymous31,6,1,0,2,0,5,24
jsoup-1.19.1,2025-03-04,org.jsoup.parser.TokeniserState$Anonymous32,2,1,0,2,0,5,12
jsoup-1.19.1,2025-03-04,org.jsoup.parser.HtmlTreeBuilderState$Anonymous3,11,1,0,7,0,21,35
jsoup-1.19.1,2025-03-04,org.jsoup.parser.TokeniserState$Anonymous33,1,1,0,3,0,1,5
jsoup-1.19.1,2025-03-04,org.jsoup.parser.HtmlTreeBuilderState$Anonymous2,10,1,0,7,1,20,34
jsoup-1.19.1,2025-03-04,org.jsoup.parser.TokeniserState$Anonymous34,15,1,0,4,0,9,30
jsoup-1.19.1,2025-03-04,org.jsoup.parser.HtmlTreeBuilderState$Anonymous9,29,1,0,10,1,38,121
jsoup-1.19.1,2025-03-04,org.jsoup.parser.TokeniserState$Anonymous39,7,1,0,4,0,12,25
jsoup-1.19.1,2025-03-04,org.jsoup.parser.HtmlTreeBuilderState$Anonymous8,4,1,0,3,0,10,18
jsoup-1.19.1,2025-03-04,org.jsoup.nodes.Node,150,1,2,19,2245,93,432
jsoup-1.19.1,2025-03-04,org.jsoup.safety.Safelist$TypedValue,7,1,0,2,0,4,19
jsoup-1.19.1,2025-03-04,org.jsoup.parser.HtmlTreeBuilderState,10,1,0,11,10,16,1744
jsoup-1.19.1,2025-03-04,org.jsoup.helper.DataUtil$CharsetDoc,1,1,0,2,0,0,10
jsoup-1.19.1,2025-03-04,org.jsoup.helper.AuthenticationHandler,9,2,0,6,1,8,53
jsoup-1.19.1,2025-03-04,org.jsoup.select.Evaluator$AttributeStarting,6,2,0,6,0,7,20
jsoup-1.19.1,2025-03-04,org.jsoup.parser.TokeniserState$Anonymous40,17,1,0,4,0,12,30
jsoup-1.19.1,2025-03-04,org.jsoup.nodes.DataNode,11,3,0,4,21,8,31
jsoup-1.19.1,2025-03-04,org.jsoup.parser.TokeniserState$Anonymous41,9,1,0,2,0,6,20
jsoup-1.19.1,2025-03-04,org.jsoup.nodes.Attributes,106,2,0,13,367,52,359
jsoup-1.19.1,2025-03-04,org.jsoup.helper.W3CDom,39,1,0,19,135,57,244
jsoup-1.19.1,2025-03-04,org.jsoup.parser.XmlTreeBuilder,35,2,0,25,105,51,103
jsoup-1.19.1,2025-03-04,org.jsoup.helper.RequestExecutor,4,1,1,3,6,0,11
jsoup-1.19.1,2025-03-04,org.jsoup.nodes.Document$OutputSettings,21,1,0,4,102,9,80
jsoup-1.19.1,2025-03-04,org.jsoup.select.CombiningEvaluator,10,6,4,3,0,11,88
jsoup-1.19.1,2025-03-04,org.jsoup.select.Evaluator$ContainsData,3,2,0,3,0,4,12
jsoup-1.19.1,2025-03-04,org.jsoup.internal.Normalizer,6,1,0,1,6,5,14
jsoup-1.19.1,2025-03-04,org.jsoup.nodes.Attributes$Dataset$EntrySet,3,3,0,1,1,1,11
jsoup-1.19.1,2025-03-04,org.jsoup.nodes.Attributes$Dataset,4,4,0,2,1,4,43
jsoup-1.19.1,2025-03-04,org.jsoup.parser.TokeniserState$Anonymous13,13,1,0,4,1,12,32
jsoup-1.19.1,2025-03-04,org.jsoup.parser.TokeniserState$Anonymous14,2,1,0,2,0,5,12
jsoup-1.19.1,2025-03-04,org.jsoup.helper.Validate,36,1,0,3,171,4,61
jsoup-1.19.1,2025-03-04,org.jsoup.parser.TokeniserState$Anonymous15,1,1,0,3,0,1,5
jsoup-1.19.1,2025-03-04,org.jsoup.parser.TokeniserState$Anonymous16,1,1,0,3,0,1,5
jsoup-1.19.1,2025-03-04,org.jsoup.select.StructuralEvaluator$ImmediateParentRun,11,2,0,3,0,8,34
jsoup-1.19.1,2025-03-04,org.jsoup.parser.TokeniserState$Anonymous10,10,1,0,3,0,7,22
jsoup-1.19.1,2025-03-04,org.jsoup.parser.TokeniserState$Anonymous11,6,1,0,3,0,13,17
jsoup-1.19.1,2025-03-04,org.jsoup.parser.TokeniserState$Anonymous12,2,1,0,3,0,8,14
jsoup-1.19.1,2025-03-04,org.jsoup.select.StructuralEvaluator$Is,4,3,0,3,6,3,14
jsoup-1.19.1,2025-03-04,org.jsoup.parser.TokeniserState$Anonymous17,4,1,0,2,0,6,19
jsoup-1.19.1,2025-03-04,org.jsoup.parser.TokeniserState$Anonymous18,1,1,0,3,0,1,5
jsoup-1.19.1,2025-03-04,org.jsoup.parser.TokeniserState$Anonymous19,1,1,0,3,0,1,5
jsoup-1.19.1,2025-03-04,org.jsoup.select.Evaluator$CssNthEvaluator,13,2,0,4,9,4,24
jsoup-1.19.1,2025-03-04,org.jsoup.parser.Token$Comment,10,2,0,2,1,8,42
jsoup-1.19.1,2025-03-04,org.jsoup.select.Evaluator$IsFirstOfType,2,4,0,1,1,0,8
jsoup-1.19.1,2025-03-04,org.jsoup.nodes.Element$NodeList,2,5,0,3,0,1,10
jsoup-1.19.1,2025-03-04,org.jsoup.parser.TokeniserState$Anonymous68,3,1,0,3,0,7,10
jsoup-1.19.1,2025-03-04,org.jsoup.examples.Wikipedia,3,1,0,7,1,9,13
jsoup-1.19.1,2025-03-04,org.jsoup.parser.ParseError,8,1,0,1,0,4,37
jsoup-1.19.1,2025-03-04,org.jsoup.safety.Safelist,59,5,0,13,97,88,289
jsoup-1.19.1,2025-03-04,org.jsoup.parser.TokeniserState$Anonymous64,5,1,0,2,0,6,23
jsoup-1.19.1,2025-03-04,org.jsoup.parser.TokeniserState$Anonymous65,5,1,0,2,0,6,23
jsoup-1.19.1,2025-03-04,org.jsoup.parser.TreeBuilder,58,1,2,21,226,61,192
jsoup-1.19.1,2025-03-04,org.jsoup.parser.TokeniserState$Anonymous66,8,1,0,2,0,5,18
jsoup-1.19.1,2025-03-04,org.jsoup.parser.TokeniserState$Anonymous67,3,1,0,2,0,3,14
jsoup-1.19.1,2025-03-04,org.jsoup.nodes.PseudoTextElement,3,3,0,4,3,0,9
jsoup-1.19.1,2025-03-04,org.jsoup.parser.TokeniserState$Anonymous1,5,1,0,3,0,8,18
jsoup-1.19.1,2025-03-04,org.jsoup.select.Evaluator$TagStartsWith,3,2,0,2,0,3,12
jsoup-1.19.1,2025-03-04,org.jsoup.parser.Parser,31,1,0,11,201,21,120
jsoup-1.19.1,2025-03-04,org.jsoup.select.Evaluator$IsEmpty,8,2,0,7,1,3,14
jsoup-1.19.1,2025-03-04,org.jsoup.parser.TokeniserState$Anonymous7,3,1,0,3,0,7,15
jsoup-1.19.1,2025-03-04,org.jsoup.parser.TokeniserState$Anonymous6,1,1,0,3,0,1,5
jsoup-1.19.1,2025-03-04,org.jsoup.parser.TokeniserState$Anonymous9,4,1,0,3,0,11,23
jsoup-1.19.1,2025-03-04,org.jsoup.select.Evaluator$AttributeWithValueMatching,4,2,0,4,0,7,17
jsoup-1.19.1,2025-03-04,org.jsoup.parser.TokeniserState$Anonymous8,6,1,0,2,0,8,28
jsoup-1.19.1,2025-03-04,org.jsoup.nodes.Range$Position,15,1,0,1,0,2,34
jsoup-1.19.1,2025-03-04,org.jsoup.parser.TokeniserState$Anonymous3,5,1,0,3,0,8,19
jsoup-1.19.1,2025-03-04,org.jsoup.parser.TokeniserState$Anonymous2,1,1,0,3,0,1,5
jsoup-1.19.1,2025-03-04,org.jsoup.parser.TokeniserState$Anonymous5,1,1,0,3,0,1,5
jsoup-1.19.1,2025-03-04,org.jsoup.parser.TokeniserState$Anonymous4,1,1,0,3,0,1,5
jsoup-1.19.1,2025-03-04,org.jsoup.examples.ListLinks,9,1,0,8,3,15,31
jsoup-1.19.1,2025-03-04,org.jsoup.select.Evaluator$IsNthChild,3,3,0,2,3,1,11
jsoup-1.19.1,2025-03-04,org.jsoup.parser.HtmlTreeBuilderState$Constants,0,1,0,0,0,0,42
jsoup-1.19.1,2025-03-04,org.jsoup.safety.Safelist$TagName,2,2,0,3,1,1,8
jsoup-1.19.1,2025-03-04,org.jsoup.helper.AuthenticationHandler$AuthShim,3,1,0,3,3,0,5
jsoup-1.19.1,2025-03-04,org.jsoup.select.Evaluator$Class,4,2,0,2,0,2,15
jsoup-1.19.1,2025-03-04,org.jsoup.nodes.Attributes$Anonymous1,10,1,0,3,0,3,30
jsoup-1.19.1,2025-03-04,org.jsoup.select.StructuralEvaluator$Has,16,3,0,9,8,11,47
jsoup-1.19.1,2025-03-04,org.jsoup.nodes.Node$OuterHtmlVisitor,6,1,0,4,0,4,26
jsoup-1.19.1,2025-03-04,org.jsoup.parser.Token,28,14,10,10,156,4,418
jsoup-1.19.1,2025-03-04,org.jsoup.safety.Cleaner$CleaningVisitor,11,1,0,8,0,9,42
jsoup-1.19.1,2025-03-04,org.jsoup.select.Evaluator$AttributeKeyPair,4,2,0,3,0,7,17
jsoup-1.19.1,2025-03-04,org.jsoup.select.Evaluator$ContainsWholeOwnText,3,2,0,2,0,3,12
jsoup-1.19.1,2025-03-04,org.jsoup.select.Evaluator$IsNthLastOfType,6,3,0,2,3,4,19
jsoup-1.19.1,2025-03-04,org.jsoup.parser.Tag,47,1,0,3,62,20,159
jsoup-1.19.1,2025-03-04,org.jsoup.parser.Token$Character,7,2,0,2,9,3,29
jsoup-1.19.1,2025-03-04,org.jsoup.select.Evaluator$IsLastOfType,2,4,0,1,1,0,8
jsoup-1.19.1,2025-03-04,org.jsoup.select.Evaluator$Attribute,4,2,0,3,0,2,15
jsoup-1.19.1,2025-03-04,org.jsoup.internal.StringUtil$StringJoiner,5,1,0,4,0,5,25
jsoup-1.19.1,2025-03-04,org.jsoup.select.NodeFilter$FilterResult,0,1,0,0,0,0,6
jsoup-1.19.1,2025-03-04,org.jsoup.Connection$KeyVal,9,1,0,2,36,0,11
jsoup-1.19.1,2025-03-04,org.jsoup.nodes.Entities,82,1,0,12,170,49,256
jsoup-1.19.1,2025-03-04,org.jsoup.internal.SharedConstants,1,1,0,0,0,0,12
jsoup-1.19.1,2025-03-04,org.jsoup.parser.Token$CData,2,3,0,1,1,2,9
jsoup-1.19.1,2025-03-04,org.jsoup.select.Evaluator$AttributeWithValueContaining,4,3,0,4,6,5,14
jsoup-1.19.1,2025-03-04,org.jsoup.select.Elements,121,4,0,17,2145,76,335
jsoup-1.19.1,2025-03-04,org.jsoup.select.Evaluator$AllElements,3,2,0,2,3,0,11
jsoup-1.19.1,2025-03-04,org.jsoup.parser.TokeniserState$Anonymous46,5,1,0,3,0,7,23
jsoup-1.19.1,2025-03-04,org.jsoup.parser.TokeniserState$Anonymous47,5,1,0,3,0,6,23
jsoup-1.19.1,2025-03-04,org.jsoup.parser.TokeniserState$Anonymous48,4,1,0,3,0,10,18
jsoup-1.19.1,2025-03-04,org.jsoup.parser.TokeniserState$Anonymous49,4,1,0,3,0,6,19
jsoup-1.19.1,2025-03-04,org.jsoup.parser.TokeniserState$Anonymous42,3,1,0,2,0,6,17
jsoup-1.19.1,2025-03-04,org.jsoup.nodes.TextNode,38,3,1,10,105,34,73
jsoup-1.19.1,2025-03-04,org.jsoup.parser.TokeniserState$Anonymous43,3,1,0,3,0,6,11
jsoup-1.19.1,2025-03-04,org.jsoup.parser.TokeniserState$Anonymous44,6,1,0,2,0,9,26
jsoup-1.19.1,2025-03-04,org.jsoup.select.Evaluator$AttributeWithValue,4,3,0,3,6,5,14
jsoup-1.19.1,2025-03-04,org.jsoup.parser.TokeniserState$Anonymous45,2,1,0,3,0,6,14
jsoup-1.19.1,2025-03-04,org.jsoup.select.Evaluator$AttributeWithValueNot,4,3,0,3,6,3,14
jsoup-1.19.1,2025-03-04,org.jsoup.parser.ParseErrorList,8,4,0,2,1,2,28
jsoup-1.19.1,2025-03-04,org.jsoup.SerializationException,4,4,0,0,6,0,14
jsoup-1.19.1,2025-03-04,org.jsoup.select.CombiningEvaluator$Or,9,3,0,5,15,7,28
jsoup-1.19.1,2025-03-04,org.jsoup.select.Evaluator$ContainsText,4,2,0,4,0,5,15
jsoup-1.19.1,2025-03-04,org.jsoup.Connection$Base,18,1,0,4,153,0,20
jsoup-1.19.1,2025-03-04,org.jsoup.parser.TokeniserState$Anonymous50,6,1,0,3,0,7,24
jsoup-1.19.1,2025-03-04,org.jsoup.Progress,1,1,0,1,0,0,3
jsoup-1.19.1,2025-03-04,org.jsoup.parser.TokeniserState$Anonymous51,5,1,0,3,0,7,23
jsoup-1.19.1,2025-03-04,org.jsoup.select.Evaluator$IsNthOfType,7,3,0,3,3,6,20
jsoup-1.19.1,2025-03-04,org.jsoup.select.Evaluator$Id,4,2,0,2,0,3,15
jsoup-1.19.1,2025-03-04,org.jsoup.parser.TokeniserState$Anonymous52,8,1,0,2,0,6,18
jsoup-1.19.1,2025-03-04,org.jsoup.select.StructuralEvaluator$PreviousSibling,8,3,0,3,6,5,19
jsoup-1.19.1,2025-03-04,org.jsoup.parser.TokeniserState$Anonymous57,10,1,0,2,0,5,25
jsoup-1.19.1,2025-03-04,org.jsoup.parser.TokeniserState$Anonymous58,5,1,0,2,0,6,23
jsoup-1.19.1,2025-03-04,org.jsoup.parser.TokeniserState$Anonymous59,5,1,0,2,0,6,23
jsoup-1.19.1,2025-03-04,org.jsoup.examples.HtmlToPlainText$FormattingVisitor,18,1,0,5,4,14,44
jsoup-1.19.1,2025-03-04,org.jsoup.parser.TokeniserState$Anonymous53,9,1,0,2,0,8,27
jsoup-1.19.1,2025-03-04,org.jsoup.select.Collector,4,1,0,5,6,9,14
jsoup-1.19.1,2025-03-04,org.jsoup.parser.TokeniserState$Anonymous54,10,1,0,2,0,9,26
jsoup-1.19.1,2025-03-04,org.jsoup.parser.TokeniserState$Anonymous55,6,1,0,2,0,10,29
jsoup-1.19.1,2025-03-04,org.jsoup.helper.ValidationException,4,5,0,2,1,8,17
jsoup-1.19.1,2025-03-04,org.jsoup.nodes.Attributes$Dataset$DatasetIterator,5,1,0,2,0,9,17
jsoup-1.19.1,2025-03-04,org.jsoup.parser.TokeniserState$Anonymous56,10,1,0,2,0,5,28
jsoup-1.19.1,2025-03-04,org.jsoup.select.StructuralEvaluator$Not,4,3,0,3,6,3,14
jsoup-1.19.1,2025-03-04,org.jsoup.parser.CharacterReader,200,1,0,5,0,46,486
jsoup-1.19.1,2025-03-04,org.jsoup.select.Evaluator$IsFirstChild,4,2,0,3,1,2,9
jsoup-1.19.1,2025-03-04,org.jsoup.parser.TokeniserState$Anonymous60,10,1,0,2,0,5,26
jsoup-1.19.1,2025-03-04,org.jsoup.parser.TokeniserState$Anonymous61,10,1,0,2,0,5,25
jsoup-1.19.1,2025-03-04,org.jsoup.parser.TokeniserState$Anonymous62,10,1,0,2,0,5,28
jsoup-1.19.1,2025-03-04,org.jsoup.parser.TokeniserState$Anonymous63,10,1,0,2,0,5,25
jsoup-1.19.1,2025-03-04,org.jsoup.select.StructuralEvaluator$Root,4,2,0,2,3,0,11
jsoup-1.19.1,2025-03-04,org.jsoup.helper.HttpConnection$Response,108,2,0,27,118,120,351
jsoup-1.19.1,2025-03-04,org.jsoup.select.NodeVisitor,2,1,0,1,1,0,5
jsoup-1.19.1,2025-03-04,org.jsoup.safety.Safelist$Protocol,2,2,0,2,1,0,8
jsoup-1.19.1,2025-03-04,org.jsoup.parser.Token$EOF,3,2,0,2,3,1,12
jsoup-1.19.1,2025-03-04,org.jsoup.parser.Token$StartTag,7,3,0,5,6,7,21
jsoup-1.19.1,2025-03-04,org.jsoup.select.Evaluator$AttributeWithValueStarting,4,3,0,4,6,5,14
jsoup-1.19.1,2025-03-04,org.jsoup.nodes.DocumentType,22,3,0,6,19,10,57
jsoup-1.19.1,2025-03-04,org.jsoup.Connection$Request,25,1,0,6,300,0,31
jsoup-1.19.1,2025-03-04,org.jsoup.examples.HtmlToPlainText,11,1,0,10,3,17,88
jsoup-1.19.1,2025-03-04,org.jsoup.HttpStatusException,3,4,0,0,0,0,15
jsoup-1.19.1,2025-03-04,org.jsoup.select.QueryParser,116,1,0,58,63,69,289
jsoup-1.19.1,2025-03-04,org.jsoup.select.Evaluator$MatchesWholeText,4,2,0,2,0,4,16
jsoup-1.19.1,2025-03-04,org.jsoup.parser.HtmlTreeBuilderState$Anonymous23,9,1,0,4,0,12,20
jsoup-1.19.1,2025-03-04,org.jsoup.nodes.NodeUtils,7,1,0,14,10,13,28
jsoup-1.19.1,2025-03-04,org.jsoup.parser.HtmlTreeBuilderState$Anonymous22,7,1,0,5,0,17,22
jsoup-1.19.1,2025-03-04,org.jsoup.select.Evaluator$Matches,4,2,0,2,0,4,16
jsoup-1.19.1,2025-03-04,org.jsoup.parser.HtmlTreeBuilderState$Anonymous24,24,1,0,14,1,30,52
jsoup-1.19.1,2025-03-04,org.jsoup.select.Evaluator$IsOnlyChild,3,2,0,3,1,3,9
jsoup-1.19.1,2025-03-04,org.jsoup.Connection$Method,2,1,0,0,0,0,9
jsoup-1.19.1,2025-03-04,org.jsoup.helper.HttpConnection$Base,38,1,0,9,89,30,142
jsoup-1.19.1,2025-03-04,org.jsoup.parser.TokenQueue,80,1,0,4,24,31,224
jsoup-1.19.1,2025-03-04,org.jsoup.parser.ParseSettings,13,1,0,4,0,4,42
jsoup-1.19.1,2025-03-04,org.jsoup.select.NodeFilter,2,1,0,2,1,0,12
jsoup-1.19.1,2025-03-04,org.jsoup.parser.HtmlTreeBuilderState$Anonymous21,11,1,0,4,0,17,30
jsoup-1.19.1,2025-03-04,org.jsoup.parser.HtmlTreeBuilderState$Anonymous20,16,1,0,6,0,22,50
jsoup-1.19.1,2025-03-04,org.jsoup.select.Evaluator$MatchesWholeOwnText,4,2,0,2,0,4,16
jsoup-1.19.1,2025-03-04,org.jsoup.parser.HtmlTreeBuilderState$Anonymous12,16,1,0,8,1,16,55
jsoup-1.19.1,2025-03-04,org.jsoup.parser.HtmlTreeBuilderState$Anonymous11,13,1,0,6,0,17,37
jsoup-1.19.1,2025-03-04,org.jsoup.parser.HtmlTreeBuilderState$Anonymous14,15,1,0,8,1,17,77
jsoup-1.19.1,2025-03-04,org.jsoup.internal.Functions,5,1,0,4,10,0,20
jsoup-1.19.1,2025-03-04,org.jsoup.parser.HtmlTreeBuilderState$Anonymous13,15,1,0,9,3,20,60
jsoup-1.19.1,2025-03-04,org.jsoup.parser.HtmlTreeBuilderState$Anonymous16,31,1,0,10,1,24,80
jsoup-1.19.1,2025-03-04,org.jsoup.helper.W3CDom$W3CBuilder,30,1,0,20,0,36,102
jsoup-1.19.1,2025-03-04,org.jsoup.parser.HtmlTreeBuilderState$Anonymous15,15,1,0,7,3,18,54
jsoup-1.19.1,2025-03-04,org.jsoup.parser.HtmlTreeBuilderState$Anonymous18,17,1,0,5,0,18,61
jsoup-1.19.1,2025-03-04,org.jsoup.parser.HtmlTreeBuilderState$Anonymous17,6,1,0,4,0,12,22
jsoup-1.19.1,2025-03-04,org.jsoup.parser.HtmlTreeBuilderState$Anonymous19,12,1,0,6,0,22,37
jsoup-1.19.1,2025-03-04,org.jsoup.select.Evaluator$ContainsOwnText,3,2,0,4,0,5,12
jsoup-1.19.1,2025-03-04,org.jsoup.parser.TokeniserState,31,1,0,7,13,27,1379
jsoup-1.19.1,2025-03-04,org.jsoup.select.Evaluator$IndexLessThan,5,3,0,2,3,2,11
jsoup-1.19.1,2025-03-04,org.jsoup.helper.RequestDispatch,6,1,0,5,0,4,24
jsoup-1.19.1,2025-03-04,org.jsoup.nodes.Entities$EscapeMode,8,1,0,2,3,6,26
jsoup-1.19.1,2025-03-04,org.jsoup.select.Evaluator$MatchText,5,2,0,6,3,9,18
jsoup-1.19.1,2025-03-04,org.jsoup.parser.HtmlTreeBuilderState$Anonymous10,7,1,0,7,0,18,39
jsoup-1.19.1,2025-03-04,org.jsoup.safety.Cleaner$ElementMeta,1,1,0,1,0,0,8
jsoup-1.19.1,2025-03-04,org.jsoup.select.Evaluator,5,59,62,7,10,1,591
jsoup-1.19.1,2025-03-04,org.jsoup.Connection,41,1,0,11,820,3,137
jsoup-1.19.1,2025-03-04,org.jsoup.internal.SoftPool,7,1,0,2,2,10,30
jsoup-1.19.1,2025-03-04,org.jsoup.select.Evaluator$IsRoot,5,2,0,3,3,1,12
jsoup-1.19.1,2025-03-04,org.jsoup.nodes.CDataNode,6,4,0,3,15,3,20
jsoup-1.19.1,2025-03-04,org.jsoup.select.Evaluator$IsLastChild,4,2,0,3,1,2,9
jsoup-1.19.1,2025-03-04,org.jsoup.select.Evaluator$IsNthLastChild,4,3,0,2,3,3,12
jsoup-1.19.1,2025-03-04,org.jsoup.helper.RequestAuthenticator,1,1,0,2,0,0,31
jsoup-1.19.1,2025-03-04,org.jsoup.parser.Token$TokenType,0,1,0,0,0,0,1
jsoup-1.19.1,2025-03-04,org.jsoup.nodes.Attribute,77,1,0,12,0,42,158
jsoup-1.19.1,2025-03-04,org.jsoup.nodes.Range$AttributeRange,10,1,0,3,0,7,29
jsoup-1.20.1,2025-04-29,org.jsoup.nodes.Document$QuirksMode,0,1,0,0,0,0,1
jsoup-1.20.1,2025-04-29,org.jsoup.helper.DataUtil,74,1,0,19,169,71,222
jsoup-1.20.1,2025-04-29,org.jsoup.helper.ChangeNotifyingArrayList,13,4,0,2,78,12,50
jsoup-1.20.1,2025-04-29,org.jsoup.Connection$Response,11,1,0,6,55,0,15
jsoup-1.20.1,2025-04-29,org.jsoup.nodes.Range,20,1,0,4,0,7,110
jsoup-1.20.1,2025-04-29,org.jsoup.select.Evaluator$IndexEvaluator,1,2,0,1,0,0,6
jsoup-1.20.1,2025-04-29,org.jsoup.select.Evaluator$IsOnlyOfType,8,2,0,3,1,5,17
jsoup-1.20.1,2025-04-29,org.jsoup.select.Evaluator$ContainsWholeText,4,2,0,2,0,3,15
jsoup-1.20.1,2025-04-29,org.jsoup.nodes.Entities$CoreCharset,3,1,0,1,0,2,6
jsoup-1.20.1,2025-04-29,org.jsoup.internal.ControllableInputStream,47,3,0,8,44,27,142
jsoup-1.20.1,2025-04-29,org.jsoup.safety.Cleaner,16,1,0,14,9,32,108
jsoup-1.20.1,2025-04-29,org.jsoup.nodes.Element,262,5,3,55,9978,204,842
jsoup-1.20.1,2025-04-29,org.jsoup.helper.HttpConnection,59,3,0,17,0,44,944
jsoup-1.20.1,2025-04-29,org.jsoup.helper.UrlBuilder,28,1,0,5,7,30,70
jsoup-1.20.1,2025-04-29,org.jsoup.select.NodeTraversor,34,1,0,7,6,14,88
jsoup-1.20.1,2025-04-29,org.jsoup.parser.Token$XmlDecl,7,3,0,4,1,5,17
jsoup-1.20.1,2025-04-29,org.jsoup.safety.Safelist$AttributeKey,2,2,0,3,1,1,8
jsoup-1.20.1,2025-04-29,org.jsoup.select.Evaluator$MatchesOwn,4,2,0,2,0,4,16
jsoup-1.20.1,2025-04-29,org.jsoup.select.StructuralEvaluator$Ancestor,8,3,0,3,6,4,19
jsoup-1.20.1,2025-04-29,org.jsoup.select.CombiningEvaluator$And,6,3,0,4,6,4,18
jsoup-1.20.1,2025-04-29,org.jsoup.nodes.NodeIterator,24,1,0,5,0,12,64
jsoup-1.20.1,2025-04-29,org.jsoup.parser.Token$EndTag,2,3,0,2,1,1,8
jsoup-1.20.1,2025-04-29,org.jsoup.helper.HttpConnection$Request,34,2,0,11,302,9,153
jsoup-1.20.1,2025-04-29,org.jsoup.nodes.Document,55,3,0,22,458,45,261
jsoup-1.20.1,2025-04-29,org.jsoup.Jsoup,26,1,0,11,276,25,85
jsoup-1.20.1,2025-04-29,org.jsoup.parser.HtmlTreeBuilder,263,2,0,29,3933,120,679
jsoup-1.20.1,2025-04-29,org.jsoup.nodes.FormElement,27,3,0,17,15,32,69
jsoup-1.20.1,2025-04-29,org.jsoup.UnsupportedMimeTypeException,4,4,0,0,0,1,18
jsoup-1.20.1,2025-04-29,org.jsoup.select.StructuralEvaluator,3,16,12,4,0,8,191
jsoup-1.20.1,2025-04-29,org.jsoup.internal.SimpleBufferedInput,39,3,0,5,0,11,112
jsoup-1.20.1,2025-04-29,org.jsoup.helper.AuthenticationHandler$GlobalHandler,4,1,0,3,0,4,15
jsoup-1.20.1,2025-04-29,org.jsoup.parser.StreamParser$ElementIterator,20,1,0,7,0,11,58
jsoup-1.20.1,2025-04-29,org.jsoup.nodes.EntitiesData,1,1,0,0,0,0,10
jsoup-1.20.1,2025-04-29,org.jsoup.parser.StreamParser,20,1,0,12,87,28,142
jsoup-1.20.1,2025-04-29,org.jsoup.select.Evaluator$IndexEquals,4,3,0,2,3,2,11
jsoup-1.20.1,2025-04-29,org.jsoup.select.Selector$SelectorParseException,3,5,0,0,3,1,11
jsoup-1.20.1,2025-04-29,org.jsoup.parser.Token$Tag,46,2,0,16,160,33,139
jsoup-1.20.1,2025-04-29,org.jsoup.nodes.XmlDeclaration,15,3,0,8,34,16,51
jsoup-1.20.1,2025-04-29,org.jsoup.parser.Token$Doctype,8,2,0,4,18,4,37
jsoup-1.20.1,2025-04-29,org.jsoup.helper.UrlConnectionExecutor,24,2,0,10,0,45,78
jsoup-1.20.1,2025-04-29,org.jsoup.select.Evaluator$TagEndsWith,3,2,0,2,0,3,12
jsoup-1.20.1,2025-04-29,org.jsoup.helper.CookieUtil,20,1,0,9,10,30,67
jsoup-1.20.1,2025-04-29,org.jsoup.nodes.Printer$Outline,9,3,0,5,3,3,15
jsoup-1.20.1,2025-04-29,org.jsoup.nodes.Element$TextAccumulator,15,1,0,5,0,8,23
jsoup-1.20.1,2025-04-29,org.jsoup.select.Evaluator$Tag,4,2,0,3,0,2,15
jsoup-1.20.1,2025-04-29,org.jsoup.nodes.Document$OutputSettings$Syntax,0,1,0,0,0,0,1
jsoup-1.20.1,2025-04-29,org.jsoup.internal.StringUtil,85,1,0,5,313,53,198
jsoup-1.20.1,2025-04-29,org.jsoup.parser.TokeniserState$Anonymous24,6,1,0,2,0,6,25
jsoup-1.20.1,2025-04-29,org.jsoup.parser.TokeniserState$Anonymous25,3,1,0,3,0,8,19
jsoup-1.20.1,2025-04-29,org.jsoup.parser.TokeniserState$Anonymous26,2,1,0,4,0,8,14
jsoup-1.20.1,2025-04-29,org.jsoup.parser.TokeniserState$Anonymous27,1,1,0,3,0,1,5
jsoup-1.20.1,2025-04-29,org.jsoup.parser.TokeniserState$Anonymous20,2,1,0,2,0,4,11
jsoup-1.20.1,2025-04-29,org.jsoup.parser.TokeniserState$Anonymous21,2,1,0,2,0,4,11
jsoup-1.20.1,2025-04-29,org.jsoup.parser.TokeniserState$Anonymous22,5,1,0,2,0,10,22
jsoup-1.20.1,2025-04-29,org.jsoup.parser.TokeniserState$Anonymous23,5,1,0,2,0,6,23
jsoup-1.20.1,2025-04-29,org.jsoup.parser.Tokeniser,74,1,0,24,129,60,230
jsoup-1.20.1,2025-04-29,org.jsoup.nodes.Comment,12,3,0,7,36,12,35
jsoup-1.20.1,2025-04-29,org.jsoup.select.Evaluator$IndexGreaterThan,4,3,0,2,3,2,11
jsoup-1.20.1,2025-04-29,org.jsoup.nodes.LeafNode,26,2,5,5,99,16,80
jsoup-1.20.1,2025-04-29,org.jsoup.parser.TokeniserState$Anonymous28,1,1,0,3,0,1,5
jsoup-1.20.1,2025-04-29,org.jsoup.parser.TokeniserState$Anonymous29,5,1,0,2,0,9,22
jsoup-1.20.1,2025-04-29,org.jsoup.helper.RequestAuthenticator$Context,9,1,0,0,5,1,28
jsoup-1.20.1,2025-04-29,org.jsoup.select.Selector,18,5,0,10,55,14,79
jsoup-1.20.1,2025-04-29,org.jsoup.select.Evaluator$AttributeWithValueEnding,4,3,0,4,6,5,14
jsoup-1.20.1,2025-04-29,org.jsoup.select.StructuralEvaluator$ImmediatePreviousSibling,6,3,0,3,6,4,16
jsoup-1.20.1,2025-04-29,org.jsoup.parser.TokeniserState$Anonymous30,5,1,0,2,0,5,22
jsoup-1.20.1,2025-04-29,org.jsoup.safety.Safelist$AttributeValue,2,2,0,2,1,0,8
jsoup-1.20.1,2025-04-29,org.jsoup.helper.HttpConnection$KeyVal,14,1,0,4,10,4,56
jsoup-1.20.1,2025-04-29,org.jsoup.parser.HtmlTreeBuilderState$Anonymous5,16,1,0,8,1,18,33
jsoup-1.20.1,2025-04-29,org.jsoup.parser.TokeniserState$Anonymous35,16,1,0,4,0,9,31
jsoup-1.20.1,2025-04-29,org.jsoup.parser.HtmlTreeBuilderState$Anonymous4,23,1,0,12,1,34,91
jsoup-1.20.1,2025-04-29,org.jsoup.parser.TokeniserState$Anonymous36,14,1,0,3,0,9,30
jsoup-1.20.1,2025-04-29,org.jsoup.parser.HtmlTreeBuilderState$Anonymous7,206,1,0,19,10,95,545
jsoup-1.20.1,2025-04-29,org.jsoup.parser.TokeniserState$Anonymous37,15,1,0,3,0,8,33
jsoup-1.20.1,2025-04-29,org.jsoup.parser.HtmlTreeBuilderState$Anonymous6,14,1,0,9,1,25,65
jsoup-1.20.1,2025-04-29,org.jsoup.parser.TokeniserState$Anonymous38,7,1,0,4,0,12,25
jsoup-1.20.1,2025-04-29,org.jsoup.parser.HtmlTreeBuilderState$Anonymous1,7,1,0,9,0,23,25
jsoup-1.20.1,2025-04-29,org.jsoup.parser.TokeniserState$Anonymous31,6,1,0,2,0,5,24
jsoup-1.20.1,2025-04-29,org.jsoup.parser.TokeniserState$Anonymous32,2,1,0,2,0,5,12
jsoup-1.20.1,2025-04-29,org.jsoup.parser.HtmlTreeBuilderState$Anonymous3,11,1,0,7,0,21,35
jsoup-1.20.1,2025-04-29,org.jsoup.parser.TokeniserState$Anonymous33,1,1,0,3,0,1,5
jsoup-1.20.1,2025-04-29,org.jsoup.parser.HtmlTreeBuilderState$Anonymous2,10,1,0,7,1,20,34
jsoup-1.20.1,2025-04-29,org.jsoup.parser.TokeniserState$Anonymous34,15,1,0,4,0,9,30
jsoup-1.20.1,2025-04-29,org.jsoup.parser.HtmlTreeBuilderState$Anonymous9,29,1,0,10,1,38,121
jsoup-1.20.1,2025-04-29,org.jsoup.parser.TokeniserState$Anonymous39,7,1,0,4,0,12,25
jsoup-1.20.1,2025-04-29,org.jsoup.parser.HtmlTreeBuilderState$Anonymous8,4,1,0,3,0,10,18
jsoup-1.20.1,2025-04-29,org.jsoup.nodes.Node,150,1,2,19,2171,94,407
jsoup-1.20.1,2025-04-29,org.jsoup.safety.Safelist$TypedValue,7,1,0,2,0,4,19
jsoup-1.20.1,2025-04-29,org.jsoup.parser.HtmlTreeBuilderState,9,1,0,12,6,16,1733
jsoup-1.20.1,2025-04-29,org.jsoup.helper.DataUtil$CharsetDoc,1,1,0,2,0,0,10
jsoup-1.20.1,2025-04-29,org.jsoup.helper.AuthenticationHandler,9,2,0,6,1,8,53
jsoup-1.20.1,2025-04-29,org.jsoup.select.Evaluator$AttributeStarting,6,2,0,6,0,7,20
jsoup-1.20.1,2025-04-29,org.jsoup.parser.TokeniserState$Anonymous40,17,1,0,4,0,12,30
jsoup-1.20.1,2025-04-29,org.jsoup.nodes.DataNode,10,3,0,4,15,8,29
jsoup-1.20.1,2025-04-29,org.jsoup.parser.TokeniserState$Anonymous41,11,1,0,4,0,6,21
jsoup-1.20.1,2025-04-29,org.jsoup.nodes.Attributes,106,2,0,13,367,52,359
jsoup-1.20.1,2025-04-29,org.jsoup.helper.W3CDom,39,1,0,19,135,57,238
jsoup-1.20.1,2025-04-29,org.jsoup.parser.XmlTreeBuilder,55,2,0,33,196,83,183
jsoup-1.20.1,2025-04-29,org.jsoup.helper.RequestExecutor,4,1,1,3,6,0,11
jsoup-1.20.1,2025-04-29,org.jsoup.nodes.Document$OutputSettings,21,1,0,4,102,9,80
jsoup-1.20.1,2025-04-29,org.jsoup.select.CombiningEvaluator,8,6,4,2,0,10,81
jsoup-1.20.1,2025-04-29,org.jsoup.select.Evaluator$ContainsData,3,2,0,3,0,4,12
jsoup-1.20.1,2025-04-29,org.jsoup.nodes.Printer,16,4,2,13,0,18,165
jsoup-1.20.1,2025-04-29,org.jsoup.internal.Normalizer,6,1,0,3,6,5,14
jsoup-1.20.1,2025-04-29,org.jsoup.nodes.Attributes$Dataset$EntrySet,3,3,0,1,1,1,11
jsoup-1.20.1,2025-04-29,org.jsoup.nodes.Attributes$Dataset,4,4,0,2,1,4,43
jsoup-1.20.1,2025-04-29,org.jsoup.parser.TokeniserState$Anonymous13,13,1,0,5,1,12,32
jsoup-1.20.1,2025-04-29,org.jsoup.parser.TokeniserState$Anonymous14,2,1,0,2,0,5,12
jsoup-1.20.1,2025-04-29,org.jsoup.helper.Validate,36,1,0,3,171,4,61
jsoup-1.20.1,2025-04-29,org.jsoup.parser.TokeniserState$Anonymous15,1,1,0,3,0,1,5
jsoup-1.20.1,2025-04-29,org.jsoup.parser.TokeniserState$Anonymous16,1,1,0,3,0,1,5
jsoup-1.20.1,2025-04-29,org.jsoup.select.StructuralEvaluator$ImmediateParentRun,11,2,0,3,0,8,34
jsoup-1.20.1,2025-04-29,org.jsoup.parser.TokeniserState$Anonymous10,10,1,0,3,0,7,22
jsoup-1.20.1,2025-04-29,org.jsoup.parser.TokeniserState$Anonymous11,6,1,0,3,0,13,17
jsoup-1.20.1,2025-04-29,org.jsoup.parser.TokeniserState$Anonymous12,2,1,0,4,0,8,14
jsoup-1.20.1,2025-04-29,org.jsoup.select.StructuralEvaluator$Is,4,3,0,3,6,3,14
jsoup-1.20.1,2025-04-29,org.jsoup.parser.TokeniserState$Anonymous17,4,1,0,2,0,7,19
jsoup-1.20.1,2025-04-29,org.jsoup.parser.TokeniserState$Anonymous18,1,1,0,3,0,1,5
jsoup-1.20.1,2025-04-29,org.jsoup.parser.TokeniserState$Anonymous19,1,1,0,3,0,1,5
jsoup-1.20.1,2025-04-29,org.jsoup.select.Evaluator$CssNthEvaluator,13,2,0,4,9,4,24
jsoup-1.20.1,2025-04-29,org.jsoup.parser.Token$Comment,6,2,0,3,3,6,27
jsoup-1.20.1,2025-04-29,org.jsoup.select.Evaluator$IsFirstOfType,2,4,0,1,1,0,8
jsoup-1.20.1,2025-04-29,org.jsoup.nodes.Element$NodeList,2,4,0,1,1,0,8
jsoup-1.20.1,2025-04-29,org.jsoup.parser.TokeniserState$Anonymous68,3,1,0,4,0,7,10
jsoup-1.20.1,2025-04-29,org.jsoup.examples.Wikipedia,3,1,0,7,1,9,13
jsoup-1.20.1,2025-04-29,org.jsoup.parser.ParseError,8,1,0,1,0,4,37
jsoup-1.20.1,2025-04-29,org.jsoup.safety.Safelist,59,5,0,13,97,88,289
jsoup-1.20.1,2025-04-29,org.jsoup.parser.TokeniserState$Anonymous64,5,1,0,3,0,6,23
jsoup-1.20.1,2025-04-29,org.jsoup.parser.TokeniserState$Anonymous65,5,1,0,3,0,6,23
jsoup-1.20.1,2025-04-29,org.jsoup.parser.TokenData,23,1,0,3,0,12,74
jsoup-1.20.1,2025-04-29,org.jsoup.parser.TreeBuilder,58,1,2,22,252,65,189
jsoup-1.20.1,2025-04-29,org.jsoup.parser.TokeniserState$Anonymous66,8,1,0,2,0,5,18
jsoup-1.20.1,2025-04-29,org.jsoup.parser.TokeniserState$Anonymous67,3,1,0,2,0,3,14
jsoup-1.20.1,2025-04-29,org.jsoup.nodes.PseudoTextElement,3,3,0,4,3,0,9
jsoup-1.20.1,2025-04-29,org.jsoup.parser.TokeniserState$Anonymous1,5,1,0,3,0,8,18
jsoup-1.20.1,2025-04-29,org.jsoup.select.Evaluator$TagStartsWith,3,2,0,2,0,3,12
jsoup-1.20.1,2025-04-29,org.jsoup.parser.Parser,34,1,0,14,228,28,143
jsoup-1.20.1,2025-04-29,org.jsoup.select.Evaluator$IsEmpty,8,2,0,7,1,3,14
jsoup-1.20.1,2025-04-29,org.jsoup.parser.TokeniserState$Anonymous7,3,1,0,3,0,7,15
jsoup-1.20.1,2025-04-29,org.jsoup.parser.TokeniserState$Anonymous6,1,1,0,3,0,1,5
jsoup-1.20.1,2025-04-29,org.jsoup.parser.TokeniserState$Anonymous9,4,1,0,3,0,11,23
jsoup-1.20.1,2025-04-29,org.jsoup.select.Evaluator$AttributeWithValueMatching,4,2,0,4,0,7,17
jsoup-1.20.1,2025-04-29,org.jsoup.parser.TokeniserState$Anonymous8,6,1,0,2,0,8,28
jsoup-1.20.1,2025-04-29,org.jsoup.nodes.Range$Position,15,1,0,1,0,2,34
jsoup-1.20.1,2025-04-29,org.jsoup.parser.TokeniserState$Anonymous3,5,1,0,3,0,8,19
jsoup-1.20.1,2025-04-29,org.jsoup.parser.TokeniserState$Anonymous2,1,1,0,3,0,1,5
jsoup-1.20.1,2025-04-29,org.jsoup.parser.TokeniserState$Anonymous5,1,1,0,3,0,1,5
jsoup-1.20.1,2025-04-29,org.jsoup.parser.TokeniserState$Anonymous4,1,1,0,3,0,1,5
jsoup-1.20.1,2025-04-29,org.jsoup.examples.ListLinks,9,1,0,8,3,15,31
jsoup-1.20.1,2025-04-29,org.jsoup.select.Evaluator$IsNthChild,3,3,0,2,3,1,11
jsoup-1.20.1,2025-04-29,org.jsoup.parser.HtmlTreeBuilderState$Constants,0,1,0,0,0,0,41
jsoup-1.20.1,2025-04-29,org.jsoup.safety.Safelist$TagName,2,2,0,3,1,1,8
jsoup-1.20.1,2025-04-29,org.jsoup.helper.AuthenticationHandler$AuthShim,3,1,0,3,3,0,5
jsoup-1.20.1,2025-04-29,org.jsoup.select.Evaluator$Class,4,2,0,2,0,2,15
jsoup-1.20.1,2025-04-29,org.jsoup.nodes.Attributes$Anonymous1,10,1,0,3,0,3,30
jsoup-1.20.1,2025-04-29,org.jsoup.select.StructuralEvaluator$Has,16,3,0,9,8,11,47
jsoup-1.20.1,2025-04-29,org.jsoup.nodes.Printer$Pretty,56,2,0,10,69,27,98
jsoup-1.20.1,2025-04-29,org.jsoup.parser.Token,26,14,10,10,136,2,369
jsoup-1.20.1,2025-04-29,org.jsoup.safety.Cleaner$CleaningVisitor,11,1,0,8,0,9,42
jsoup-1.20.1,2025-04-29,org.jsoup.select.Evaluator$AttributeKeyPair,4,2,0,3,0,7,17
jsoup-1.20.1,2025-04-29,org.jsoup.select.Evaluator$ContainsWholeOwnText,3,2,0,2,0,3,12
jsoup-1.20.1,2025-04-29,org.jsoup.select.Evaluator$IsNthLastOfType,6,3,0,2,3,4,19
jsoup-1.20.1,2025-04-29,org.jsoup.parser.Tag,53,1,0,6,70,15,138
jsoup-1.20.1,2025-04-29,org.jsoup.parser.Token$Character,7,2,0,3,1,6,31
jsoup-1.20.1,2025-04-29,org.jsoup.select.Evaluator$IsLastOfType,2,4,0,1,1,0,8
jsoup-1.20.1,2025-04-29,org.jsoup.select.Evaluator$Attribute,4,2,0,3,0,2,15
jsoup-1.20.1,2025-04-29,org.jsoup.internal.StringUtil$StringJoiner,5,1,0,4,0,5,25
jsoup-1.20.1,2025-04-29,org.jsoup.select.NodeFilter$FilterResult,0,1,0,0,0,0,6
jsoup-1.20.1,2025-04-29,org.jsoup.Connection$KeyVal,9,1,0,2,36,0,11
jsoup-1.20.1,2025-04-29,org.jsoup.nodes.Entities,94,1,0,12,191,50,262
jsoup-1.20.1,2025-04-29,org.jsoup.internal.SharedConstants,1,1,0,0,0,0,13
jsoup-1.20.1,2025-04-29,org.jsoup.parser.Token$CData,2,3,0,1,1,2,9
jsoup-1.20.1,2025-04-29,org.jsoup.select.Evaluator$AttributeWithValueContaining,4,3,0,4,6,5,14
jsoup-1.20.1,2025-04-29,org.jsoup.select.Elements,125,4,0,17,2415,77,347
jsoup-1.20.1,2025-04-29,org.jsoup.select.Evaluator$AllElements,3,2,0,2,3,0,11
jsoup-1.20.1,2025-04-29,org.jsoup.parser.TokeniserState$Anonymous46,5,1,0,3,0,7,23
jsoup-1.20.1,2025-04-29,org.jsoup.parser.TokeniserState$Anonymous47,5,1,0,3,0,6,23
jsoup-1.20.1,2025-04-29,org.jsoup.parser.TokeniserState$Anonymous48,4,1,0,3,0,10,18
jsoup-1.20.1,2025-04-29,org.jsoup.parser.TokeniserState$Anonymous49,4,1,0,3,0,6,19
jsoup-1.20.1,2025-04-29,org.jsoup.parser.TokeniserState$Anonymous42,3,1,0,2,0,6,17
jsoup-1.20.1,2025-04-29,org.jsoup.nodes.TextNode,19,3,1,7,91,19,55
jsoup-1.20.1,2025-04-29,org.jsoup.parser.TokeniserState$Anonymous43,3,1,0,3,0,6,11
jsoup-1.20.1,2025-04-29,org.jsoup.parser.TokeniserState$Anonymous44,6,1,0,2,0,9,26
jsoup-1.20.1,2025-04-29,org.jsoup.select.Evaluator$AttributeWithValue,4,3,0,3,6,5,14
jsoup-1.20.1,2025-04-29,org.jsoup.parser.TokeniserState$Anonymous45,2,1,0,3,0,6,14
jsoup-1.20.1,2025-04-29,org.jsoup.select.Evaluator$AttributeWithValueNot,4,3,0,3,6,3,14
jsoup-1.20.1,2025-04-29,org.jsoup.parser.ParseErrorList,8,4,0,2,1,2,28
jsoup-1.20.1,2025-04-29,org.jsoup.SerializationException,4,4,0,0,6,0,14
jsoup-1.20.1,2025-04-29,org.jsoup.select.CombiningEvaluator$Or,8,3,0,5,10,7,24
jsoup-1.20.1,2025-04-29,org.jsoup.select.Evaluator$ContainsText,4,2,0,4,0,5,15
jsoup-1.20.1,2025-04-29,org.jsoup.Connection$Base,18,1,0,4,153,0,20
jsoup-1.20.1,2025-04-29,org.jsoup.parser.TokeniserState$Anonymous50,6,1,0,3,0,7,24
jsoup-1.20.1,2025-04-29,org.jsoup.Progress,1,1,0,1,0,0,3
jsoup-1.20.1,2025-04-29,org.jsoup.parser.TokeniserState$Anonymous51,5,1,0,3,0,7,23
jsoup-1.20.1,2025-04-29,org.jsoup.select.Evaluator$IsNthOfType,7,3,0,3,3,6,20
jsoup-1.20.1,2025-04-29,org.jsoup.select.Evaluator$Id,4,2,0,2,0,3,15
jsoup-1.20.1,2025-04-29,org.jsoup.parser.TokeniserState$Anonymous52,8,1,0,2,0,6,18
jsoup-1.20.1,2025-04-29,org.jsoup.select.StructuralEvaluator$PreviousSibling,8,3,0,3,6,5,19
jsoup-1.20.1,2025-04-29,org.jsoup.parser.TokeniserState$Anonymous57,10,1,0,2,0,5,25
jsoup-1.20.1,2025-04-29,org.jsoup.parser.TokeniserState$Anonymous58,5,1,0,3,0,6,23
jsoup-1.20.1,2025-04-29,org.jsoup.parser.TokeniserState$Anonymous59,5,1,0,3,0,6,23
jsoup-1.20.1,2025-04-29,org.jsoup.examples.HtmlToPlainText$FormattingVisitor,18,1,0,5,4,14,44
jsoup-1.20.1,2025-04-29,org.jsoup.parser.TokeniserState$Anonymous53,9,1,0,3,0,8,27
jsoup-1.20.1,2025-04-29,org.jsoup.select.Collector,4,1,0,5,6,9,14
jsoup-1.20.1,2025-04-29,org.jsoup.parser.TokeniserState$Anonymous54,10,1,0,3,0,9,26
jsoup-1.20.1,2025-04-29,org.jsoup.parser.TokeniserState$Anonymous55,6,1,0,2,0,10,29
jsoup-1.20.1,2025-04-29,org.jsoup.helper.ValidationException,4,5,0,2,1,8,17
jsoup-1.20.1,2025-04-29,org.jsoup.nodes.Attributes$Dataset$DatasetIterator,5,1,0,2,0,9,17
jsoup-1.20.1,2025-04-29,org.jsoup.parser.TokeniserState$Anonymous56,10,1,0,2,0,5,28
jsoup-1.20.1,2025-04-29,org.jsoup.select.StructuralEvaluator$Not,4,3,0,3,6,3,14
jsoup-1.20.1,2025-04-29,org.jsoup.parser.CharacterReader,162,1,0,7,482,50,414
jsoup-1.20.1,2025-04-29,org.jsoup.select.Evaluator$IsFirstChild,4,2,0,3,1,2,9
jsoup-1.20.1,2025-04-29,org.jsoup.parser.TokeniserState$Anonymous60,10,1,0,2,0,5,26
jsoup-1.20.1,2025-04-29,org.jsoup.parser.TokeniserState$Anonymous61,10,1,0,2,0,5,25
jsoup-1.20.1,2025-04-29,org.jsoup.parser.TokeniserState$Anonymous62,10,1,0,2,0,5,28
jsoup-1.20.1,2025-04-29,org.jsoup.parser.TokeniserState$Anonymous63,10,1,0,2,0,5,25
jsoup-1.20.1,2025-04-29,org.jsoup.select.StructuralEvaluator$Root,4,2,0,2,3,0,11
jsoup-1.20.1,2025-04-29,org.jsoup.helper.HttpConnection$Response,111,2,0,27,118,123,354
jsoup-1.20.1,2025-04-29,org.jsoup.select.NodeVisitor,2,1,0,1,1,0,5
jsoup-1.20.1,2025-04-29,org.jsoup.safety.Safelist$Protocol,2,2,0,2,1,0,8
jsoup-1.20.1,2025-04-29,org.jsoup.parser.CharacterReader$CharPredicate,1,1,0,0,0,0,3
jsoup-1.20.1,2025-04-29,org.jsoup.parser.Token$EOF,3,2,0,2,3,1,12
jsoup-1.20.1,2025-04-29,org.jsoup.parser.Token$StartTag,7,3,0,6,6,8,21
jsoup-1.20.1,2025-04-29,org.jsoup.select.Evaluator$AttributeWithValueStarting,4,3,0,4,6,5,14
jsoup-1.20.1,2025-04-29,org.jsoup.parser.TagSet,25,1,0,5,60,22,104
jsoup-1.20.1,2025-04-29,org.jsoup.nodes.DocumentType,19,3,0,7,10,11,52
jsoup-1.20.1,2025-04-29,org.jsoup.Connection$Request,26,1,0,6,325,0,34
jsoup-1.20.1,2025-04-29,org.jsoup.examples.HtmlToPlainText,11,1,0,10,3,17,88
jsoup-1.20.1,2025-04-29,org.jsoup.HttpStatusException,3,4,0,0,0,0,15
jsoup-1.20.1,2025-04-29,org.jsoup.select.QueryParser,117,1,0,57,130,67,275
jsoup-1.20.1,2025-04-29,org.jsoup.select.Evaluator$MatchesWholeText,4,2,0,2,0,4,16
jsoup-1.20.1,2025-04-29,org.jsoup.parser.HtmlTreeBuilderState$Anonymous23,9,1,0,4,0,12,20
jsoup-1.20.1,2025-04-29,org.jsoup.nodes.NodeUtils,7,1,0,14,10,13,28
jsoup-1.20.1,2025-04-29,org.jsoup.parser.HtmlTreeBuilderState$Anonymous22,7,1,0,5,0,17,22
jsoup-1.20.1,2025-04-29,org.jsoup.select.Evaluator$Matches,4,2,0,2,0,4,16
jsoup-1.20.1,2025-04-29,org.jsoup.parser.HtmlTreeBuilderState$Anonymous24,24,1,0,14,1,30,52
jsoup-1.20.1,2025-04-29,org.jsoup.select.Evaluator$IsOnlyChild,3,2,0,3,1,3,9
jsoup-1.20.1,2025-04-29,org.jsoup.Connection$Method,2,1,0,0,0,0,9
jsoup-1.20.1,2025-04-29,org.jsoup.helper.HttpConnection$Base,38,1,0,9,89,30,142
jsoup-1.20.1,2025-04-29,org.jsoup.parser.TokenQueue,115,1,0,5,155,53,334
jsoup-1.20.1,2025-04-29,org.jsoup.parser.ParseSettings,13,1,0,4,0,4,42
jsoup-1.20.1,2025-04-29,org.jsoup.select.NodeFilter,2,1,0,2,1,0,12
jsoup-1.20.1,2025-04-29,org.jsoup.parser.HtmlTreeBuilderState$Anonymous21,11,1,0,4,0,17,30
jsoup-1.20.1,2025-04-29,org.jsoup.parser.HtmlTreeBuilderState$Anonymous20,16,1,0,6,0,22,50
jsoup-1.20.1,2025-04-29,org.jsoup.select.Evaluator$MatchesWholeOwnText,4,2,0,2,0,4,16
jsoup-1.20.1,2025-04-29,org.jsoup.parser.HtmlTreeBuilderState$Anonymous12,16,1,0,8,1,16,55
jsoup-1.20.1,2025-04-29,org.jsoup.parser.HtmlTreeBuilderState$Anonymous11,13,1,0,6,0,17,37
jsoup-1.20.1,2025-04-29,org.jsoup.parser.HtmlTreeBuilderState$Anonymous14,15,1,0,8,1,17,77
jsoup-1.20.1,2025-04-29,org.jsoup.internal.Functions,5,1,0,4,10,0,20
jsoup-1.20.1,2025-04-29,org.jsoup.parser.HtmlTreeBuilderState$Anonymous13,15,1,0,9,3,20,60
jsoup-1.20.1,2025-04-29,org.jsoup.parser.HtmlTreeBuilderState$Anonymous16,31,1,0,10,1,24,80
jsoup-1.20.1,2025-04-29,org.jsoup.helper.W3CDom$W3CBuilder,32,1,0,20,0,35,96
jsoup-1.20.1,2025-04-29,org.jsoup.parser.HtmlTreeBuilderState$Anonymous15,15,1,0,7,3,18,54
jsoup-1.20.1,2025-04-29,org.jsoup.parser.HtmlTreeBuilderState$Anonymous18,17,1,0,5,0,18,61
jsoup-1.20.1,2025-04-29,org.jsoup.parser.HtmlTreeBuilderState$Anonymous17,6,1,0,4,0,12,22
jsoup-1.20.1,2025-04-29,org.jsoup.parser.HtmlTreeBuilderState$Anonymous19,12,1,0,6,0,22,37
jsoup-1.20.1,2025-04-29,org.jsoup.select.Evaluator$ContainsOwnText,3,2,0,4,0,5,12
jsoup-1.20.1,2025-04-29,org.jsoup.parser.TokeniserState,31,1,0,8,13,25,1380
jsoup-1.20.1,2025-04-29,org.jsoup.select.Evaluator$IndexLessThan,5,3,0,2,3,2,11
jsoup-1.20.1,2025-04-29,org.jsoup.helper.RequestDispatch,6,1,0,5,0,4,24
jsoup-1.20.1,2025-04-29,org.jsoup.nodes.Entities$EscapeMode,8,1,0,2,3,6,26
jsoup-1.20.1,2025-04-29,org.jsoup.select.Evaluator$MatchText,5,2,0,6,3,9,18
jsoup-1.20.1,2025-04-29,org.jsoup.parser.HtmlTreeBuilderState$Anonymous10,7,1,0,7,0,18,39
jsoup-1.20.1,2025-04-29,org.jsoup.safety.Cleaner$ElementMeta,1,1,0,1,0,0,8
jsoup-1.20.1,2025-04-29,org.jsoup.select.Evaluator,5,59,62,7,10,1,591
jsoup-1.20.1,2025-04-29,org.jsoup.Connection,42,1,0,11,861,3,143
jsoup-1.20.1,2025-04-29,org.jsoup.internal.SoftPool,7,1,0,2,2,10,30
jsoup-1.20.1,2025-04-29,org.jsoup.select.Evaluator$IsRoot,5,2,0,3,3,1,12
jsoup-1.20.1,2025-04-29,org.jsoup.nodes.CDataNode,5,4,0,3,10,3,17
jsoup-1.20.1,2025-04-29,org.jsoup.select.Evaluator$IsLastChild,4,2,0,3,1,2,9
jsoup-1.20.1,2025-04-29,org.jsoup.select.Evaluator$IsNthLastChild,4,3,0,2,3,3,12
jsoup-1.20.1,2025-04-29,org.jsoup.helper.RequestAuthenticator,1,1,0,2,0,0,31
jsoup-1.20.1,2025-04-29,org.jsoup.parser.Token$TokenType,0,1,0,0,0,0,1
jsoup-1.20.1,2025-04-29,org.jsoup.nodes.Attribute,84,1,0,12,0,47,175
jsoup-1.20.1,2025-04-29,org.jsoup.nodes.Range$AttributeRange,10,1,0,3,0,7,29
jsoup-1.21.1,2025-06-23,org.jsoup.nodes.Document$QuirksMode,0,1,0,0,0,0,1
jsoup-1.21.1,2025-06-23,org.jsoup.helper.DataUtil,74,1,0,22,167,72,222
jsoup-1.21.1,2025-06-23,org.jsoup.Connection$Response,13,1,0,6,78,0,21
jsoup-1.21.1,2025-06-23,org.jsoup.nodes.Range,20,1,0,4,0,7,110
jsoup-1.21.1,2025-06-23,org.jsoup.select.Evaluator$IndexEvaluator,1,2,0,1,0,0,6
jsoup-1.21.1,2025-06-23,org.jsoup.select.Evaluator$IsOnlyOfType,8,2,0,4,1,5,17
jsoup-1.21.1,2025-06-23,org.jsoup.select.Evaluator$ContainsWholeText,4,2,0,2,0,3,15
jsoup-1.21.1,2025-06-23,org.jsoup.nodes.Entities$CoreCharset,3,1,0,1,0,2,6
jsoup-1.21.1,2025-06-23,org.jsoup.internal.ControllableInputStream,47,3,0,8,44,27,142
jsoup-1.21.1,2025-06-23,org.jsoup.safety.Cleaner,16,1,0,13,9,32,108
jsoup-1.21.1,2025-06-23,org.jsoup.nodes.Element,265,5,3,55,10879,215,857
jsoup-1.21.1,2025-06-23,org.jsoup.helper.HttpConnection,59,3,0,17,0,44,954
jsoup-1.21.1,2025-06-23,org.jsoup.helper.UrlBuilder,28,1,0,5,7,30,70
jsoup-1.21.1,2025-06-23,org.jsoup.select.NodeTraversor,34,1,0,7,6,14,88
jsoup-1.21.1,2025-06-23,org.jsoup.parser.Token$XmlDecl,7,3,0,4,1,5,17
jsoup-1.21.1,2025-06-23,org.jsoup.safety.Safelist$AttributeKey,2,2,0,3,1,1,8
jsoup-1.21.1,2025-06-23,org.jsoup.select.Evaluator$MatchesOwn,4,2,0,2,0,4,16
jsoup-1.21.1,2025-06-23,org.jsoup.select.StructuralEvaluator$Ancestor,8,3,0,4,6,4,19
jsoup-1.21.1,2025-06-23,org.jsoup.select.CombiningEvaluator$And,9,3,0,5,10,5,25
jsoup-1.21.1,2025-06-23,org.jsoup.nodes.NodeIterator,24,1,0,5,0,12,64
jsoup-1.21.1,2025-06-23,org.jsoup.parser.Token$EndTag,2,3,0,2,1,1,8
jsoup-1.21.1,2025-06-23,org.jsoup.helper.HttpConnection$Request,34,2,0,11,302,9,153
jsoup-1.21.1,2025-06-23,org.jsoup.nodes.Document,53,3,0,22,395,45,256
jsoup-1.21.1,2025-06-23,org.jsoup.Jsoup,26,1,0,11,276,25,85
jsoup-1.21.1,2025-06-23,org.jsoup.parser.HtmlTreeBuilder,262,2,0,29,3840,120,676
jsoup-1.21.1,2025-06-23,org.jsoup.nodes.FormElement,27,3,0,18,15,32,69
jsoup-1.21.1,2025-06-23,org.jsoup.UnsupportedMimeTypeException,4,4,0,0,0,1,18
jsoup-1.21.1,2025-06-23,org.jsoup.select.StructuralEvaluator,7,17,14,6,9,10,208
jsoup-1.21.1,2025-06-23,org.jsoup.internal.SimpleBufferedInput,39,3,0,5,0,11,112
jsoup-1.21.1,2025-06-23,org.jsoup.select.NodeEvaluator$InstanceType,4,3,0,2,2,1,18
jsoup-1.21.1,2025-06-23,org.jsoup.helper.AuthenticationHandler$GlobalHandler,4,1,0,3,0,4,15
jsoup-1.21.1,2025-06-23,org.jsoup.parser.StreamParser$ElementIterator,20,1,0,7,0,11,58
jsoup-1.21.1,2025-06-23,org.jsoup.select.NodeEvaluator$MatchesValue,4,3,0,2,0,4,15
jsoup-1.21.1,2025-06-23,org.jsoup.nodes.EntitiesData,1,1,0,0,0,0,10
jsoup-1.21.1,2025-06-23,org.jsoup.parser.StreamParser,20,1,0,12,87,28,142
jsoup-1.21.1,2025-06-23,org.jsoup.select.Evaluator$IndexEquals,4,3,0,2,3,2,11
jsoup-1.21.1,2025-06-23,org.jsoup.select.Selector$SelectorParseException,3,5,0,0,3,1,11
jsoup-1.21.1,2025-06-23,org.jsoup.parser.Token$Tag,46,2,0,16,160,33,139
jsoup-1.21.1,2025-06-23,org.jsoup.nodes.XmlDeclaration,14,3,0,8,34,17,46
jsoup-1.21.1,2025-06-23,org.jsoup.parser.Token$Doctype,8,2,0,4,18,4,37
jsoup-1.21.1,2025-06-23,org.jsoup.helper.UrlConnectionExecutor,24,2,0,10,0,45,78
jsoup-1.21.1,2025-06-23,org.jsoup.select.Evaluator$TagEndsWith,3,2,0,2,0,3,12
jsoup-1.21.1,2025-06-23,org.jsoup.helper.CookieUtil,20,1,0,9,10,31,68
jsoup-1.21.1,2025-06-23,org.jsoup.nodes.Printer$Outline,9,3,0,6,3,3,15
jsoup-1.21.1,2025-06-23,org.jsoup.nodes.Element$TextAccumulator,15,1,0,5,0,8,23
jsoup-1.21.1,2025-06-23,org.jsoup.select.Evaluator$Tag,4,2,0,3,0,2,15
jsoup-1.21.1,2025-06-23,org.jsoup.nodes.Document$OutputSettings$Syntax,0,1,0,0,0,0,1
jsoup-1.21.1,2025-06-23,org.jsoup.internal.StringUtil,85,1,0,5,313,53,198
jsoup-1.21.1,2025-06-23,org.jsoup.parser.TokeniserState$Anonymous24,6,1,0,2,0,6,25
jsoup-1.21.1,2025-06-23,org.jsoup.parser.TokeniserState$Anonymous25,3,1,0,3,0,8,19
jsoup-1.21.1,2025-06-23,org.jsoup.parser.TokeniserState$Anonymous26,2,1,0,4,0,8,14
jsoup-1.21.1,2025-06-23,org.jsoup.parser.TokeniserState$Anonymous27,1,1,0,3,0,1,5
jsoup-1.21.1,2025-06-23,org.jsoup.parser.TokeniserState$Anonymous20,2,1,0,2,0,4,11
jsoup-1.21.1,2025-06-23,org.jsoup.parser.TokeniserState$Anonymous21,2,1,0,2,0,4,11
jsoup-1.21.1,2025-06-23,org.jsoup.parser.TokeniserState$Anonymous22,5,1,0,2,0,10,22
jsoup-1.21.1,2025-06-23,org.jsoup.internal.QuietAppendable$BaseAppendable$Action,1,1,0,0,0,0,3
jsoup-1.21.1,2025-06-23,org.jsoup.parser.TokeniserState$Anonymous23,5,1,0,2,0,6,23
jsoup-1.21.1,2025-06-23,org.jsoup.parser.Tokeniser,74,1,0,24,129,60,230
jsoup-1.21.1,2025-06-23,org.jsoup.nodes.Comment,12,3,0,8,36,12,35
jsoup-1.21.1,2025-06-23,org.jsoup.select.Evaluator$IndexGreaterThan,4,3,0,2,3,2,11
jsoup-1.21.1,2025-06-23,org.jsoup.nodes.LeafNode,28,2,5,8,138,17,86
jsoup-1.21.1,2025-06-23,org.jsoup.parser.TokeniserState$Anonymous28,1,1,0,3,0,1,5
jsoup-1.21.1,2025-06-23,org.jsoup.parser.TokeniserState$Anonymous29,5,1,0,2,0,9,22
jsoup-1.21.1,2025-06-23,org.jsoup.helper.RequestAuthenticator$Context,9,1,0,0,5,1,28
jsoup-1.21.1,2025-06-23,org.jsoup.internal.SimpleStreamReader,21,2,0,6,0,27,57
jsoup-1.21.1,2025-06-23,org.jsoup.select.Selector,19,5,0,10,66,15,83
jsoup-1.21.1,2025-06-23,org.jsoup.select.Evaluator$AttributeWithValueEnding,4,3,0,4,6,5,14
jsoup-1.21.1,2025-06-23,org.jsoup.select.StructuralEvaluator$ImmediatePreviousSibling,7,3,0,4,6,5,16
jsoup-1.21.1,2025-06-23,org.jsoup.parser.TokeniserState$Anonymous30,5,1,0,2,0,5,22
jsoup-1.21.1,2025-06-23,org.jsoup.safety.Safelist$AttributeValue,2,2,0,2,1,0,8
jsoup-1.21.1,2025-06-23,org.jsoup.select.NodeEvaluator$ContainsValue,4,3,0,4,0,5,15
jsoup-1.21.1,2025-06-23,org.jsoup.helper.HttpConnection$KeyVal,14,1,0,4,10,4,56
jsoup-1.21.1,2025-06-23,org.jsoup.parser.HtmlTreeBuilderState$Anonymous5,16,1,0,8,1,18,33
jsoup-1.21.1,2025-06-23,org.jsoup.parser.TokeniserState$Anonymous35,16,1,0,4,0,9,31
jsoup-1.21.1,2025-06-23,org.jsoup.parser.HtmlTreeBuilderState$Anonymous4,23,1,0,13,1,36,91
jsoup-1.21.1,2025-06-23,org.jsoup.parser.TokeniserState$Anonymous36,14,1,0,3,0,9,30
jsoup-1.21.1,2025-06-23,org.jsoup.parser.HtmlTreeBuilderState$Anonymous7,206,1,0,19,10,95,547
jsoup-1.21.1,2025-06-23,org.jsoup.parser.TokeniserState$Anonymous37,15,1,0,3,0,8,33
jsoup-1.21.1,2025-06-23,org.jsoup.parser.HtmlTreeBuilderState$Anonymous6,14,1,0,9,1,25,65
jsoup-1.21.1,2025-06-23,org.jsoup.parser.TokeniserState$Anonymous38,7,1,0,4,0,12,25
jsoup-1.21.1,2025-06-23,org.jsoup.parser.HtmlTreeBuilderState$Anonymous1,7,1,0,9,0,23,25
jsoup-1.21.1,2025-06-23,org.jsoup.parser.TokeniserState$Anonymous31,6,1,0,2,0,5,24
jsoup-1.21.1,2025-06-23,org.jsoup.parser.TokeniserState$Anonymous32,2,1,0,2,0,5,12
jsoup-1.21.1,2025-06-23,org.jsoup.parser.HtmlTreeBuilderState$Anonymous3,11,1,0,7,0,21,35
jsoup-1.21.1,2025-06-23,org.jsoup.parser.TokeniserState$Anonymous33,1,1,0,3,0,1,5
jsoup-1.21.1,2025-06-23,org.jsoup.parser.HtmlTreeBuilderState$Anonymous2,10,1,0,7,1,20,34
jsoup-1.21.1,2025-06-23,org.jsoup.parser.TokeniserState$Anonymous34,15,1,0,4,0,9,30
jsoup-1.21.1,2025-06-23,org.jsoup.parser.HtmlTreeBuilderState$Anonymous9,29,1,0,10,1,38,121
jsoup-1.21.1,2025-06-23,org.jsoup.parser.TokeniserState$Anonymous39,7,1,0,4,0,12,25
jsoup-1.21.1,2025-06-23,org.jsoup.parser.HtmlTreeBuilderState$Anonymous8,5,1,0,3,0,11,19
jsoup-1.21.1,2025-06-23,org.jsoup.nodes.Node,161,1,2,18,2524,98,438
jsoup-1.21.1,2025-06-23,org.jsoup.safety.Safelist$TypedValue,7,1,0,2,0,4,19
jsoup-1.21.1,2025-06-23,org.jsoup.parser.HtmlTreeBuilderState,10,1,0,13,6,16,1744
jsoup-1.21.1,2025-06-23,org.jsoup.helper.DataUtil$CharsetDoc,1,1,0,2,0,0,10
jsoup-1.21.1,2025-06-23,org.jsoup.helper.AuthenticationHandler,9,2,0,6,1,8,53
jsoup-1.21.1,2025-06-23,org.jsoup.select.Evaluator$AttributeStarting,6,2,0,6,0,7,20
jsoup-1.21.1,2025-06-23,org.jsoup.parser.TokeniserState$Anonymous40,17,1,0,4,0,12,30
jsoup-1.21.1,2025-06-23,org.jsoup.nodes.DataNode,10,3,0,5,15,8,29
jsoup-1.21.1,2025-06-23,org.jsoup.parser.TokeniserState$Anonymous41,11,1,0,4,0,6,21
jsoup-1.21.1,2025-06-23,org.jsoup.nodes.Attributes,106,2,0,12,359,52,358
jsoup-1.21.1,2025-06-23,org.jsoup.helper.W3CDom,40,1,0,18,135,57,239
jsoup-1.21.1,2025-06-23,org.jsoup.parser.XmlTreeBuilder,55,2,0,33,196,83,183
jsoup-1.21.1,2025-06-23,org.jsoup.helper.RequestExecutor,4,1,1,3,6,0,11
jsoup-1.21.1,2025-06-23,org.jsoup.nodes.Document$OutputSettings,21,1,0,4,102,9,80
jsoup-1.21.1,2025-06-23,org.jsoup.select.CombiningEvaluator,11,6,4,2,0,11,105
jsoup-1.21.1,2025-06-23,org.jsoup.select.Evaluator$ContainsData,3,2,0,3,0,4,12
jsoup-1.21.1,2025-06-23,org.jsoup.nodes.Printer,14,4,2,13,0,18,157
jsoup-1.21.1,2025-06-23,org.jsoup.internal.Normalizer,6,1,0,3,6,5,14
jsoup-1.21.1,2025-06-23,org.jsoup.nodes.Attributes$Dataset$EntrySet,3,3,0,1,1,1,11
jsoup-1.21.1,2025-06-23,org.jsoup.nodes.Attributes$Dataset,4,4,0,2,1,4,43
jsoup-1.21.1,2025-06-23,org.jsoup.parser.TokeniserState$Anonymous13,13,1,0,5,1,12,32
jsoup-1.21.1,2025-06-23,org.jsoup.parser.TokeniserState$Anonymous14,2,1,0,2,0,5,12
jsoup-1.21.1,2025-06-23,org.jsoup.helper.Validate,40,1,0,4,210,4,69
jsoup-1.21.1,2025-06-23,org.jsoup.parser.TokeniserState$Anonymous15,1,1,0,3,0,1,5
jsoup-1.21.1,2025-06-23,org.jsoup.parser.TokeniserState$Anonymous16,1,1,0,3,0,1,5
jsoup-1.21.1,2025-06-23,org.jsoup.select.StructuralEvaluator$ImmediateParentRun,11,3,0,5,0,10,36
jsoup-1.21.1,2025-06-23,org.jsoup.parser.TokeniserState$Anonymous10,10,1,0,3,0,7,22
jsoup-1.21.1,2025-06-23,org.jsoup.parser.TokeniserState$Anonymous11,6,1,0,3,0,13,17
jsoup-1.21.1,2025-06-23,org.jsoup.parser.TokeniserState$Anonymous12,2,1,0,4,0,8,14
jsoup-1.21.1,2025-06-23,org.jsoup.select.StructuralEvaluator$Is,4,3,0,4,6,3,14
jsoup-1.21.1,2025-06-23,org.jsoup.parser.TokeniserState$Anonymous17,4,1,0,2,0,7,19
jsoup-1.21.1,2025-06-23,org.jsoup.parser.TokeniserState$Anonymous18,1,1,0,3,0,1,5
jsoup-1.21.1,2025-06-23,org.jsoup.parser.TokeniserState$Anonymous19,1,1,0,3,0,1,5
jsoup-1.21.1,2025-06-23,org.jsoup.select.Evaluator$CssNthEvaluator,13,2,0,4,9,4,24
jsoup-1.21.1,2025-06-23,org.jsoup.parser.Token$Comment,6,2,0,3,3,6,27
jsoup-1.21.1,2025-06-23,org.jsoup.select.Evaluator$IsFirstOfType,2,4,0,1,1,0,8
jsoup-1.21.1,2025-06-23,org.jsoup.nodes.Element$NodeList,2,4,0,1,1,0,8
jsoup-1.21.1,2025-06-23,org.jsoup.parser.TokeniserState$Anonymous68,3,1,0,4,0,7,10
jsoup-1.21.1,2025-06-23,org.jsoup.examples.Wikipedia,3,1,0,7,1,9,13
jsoup-1.21.1,2025-06-23,org.jsoup.parser.ParseError,8,1,0,1,0,4,37
jsoup-1.21.1,2025-06-23,org.jsoup.safety.Safelist,59,5,0,13,97,88,289
jsoup-1.21.1,2025-06-23,org.jsoup.parser.TokeniserState$Anonymous64,5,1,0,3,0,6,23
jsoup-1.21.1,2025-06-23,org.jsoup.parser.TokeniserState$Anonymous65,5,1,0,3,0,6,23
jsoup-1.21.1,2025-06-23,org.jsoup.parser.TokenData,23,1,0,3,0,12,74
jsoup-1.21.1,2025-06-23,org.jsoup.parser.TreeBuilder,58,1,2,22,252,65,189
jsoup-1.21.1,2025-06-23,org.jsoup.parser.TokeniserState$Anonymous66,8,1,0,2,0,5,18
jsoup-1.21.1,2025-06-23,org.jsoup.parser.TokeniserState$Anonymous67,3,1,0,2,0,3,14
jsoup-1.21.1,2025-06-23,org.jsoup.nodes.PseudoTextElement,3,3,0,5,3,0,9
jsoup-1.21.1,2025-06-23,org.jsoup.parser.TokeniserState$Anonymous1,5,1,0,3,0,8,18
jsoup-1.21.1,2025-06-23,org.jsoup.select.Evaluator$TagStartsWith,3,2,0,2,0,3,12
jsoup-1.21.1,2025-06-23,org.jsoup.parser.Parser,32,1,0,13,199,24,135
jsoup-1.21.1,2025-06-23,org.jsoup.select.Evaluator$IsEmpty,8,2,0,7,1,3,14
jsoup-1.21.1,2025-06-23,org.jsoup.parser.TokeniserState$Anonymous7,3,1,0,3,0,7,15
jsoup-1.21.1,2025-06-23,org.jsoup.parser.TokeniserState$Anonymous6,1,1,0,3,0,1,5
jsoup-1.21.1,2025-06-23,org.jsoup.parser.TokeniserState$Anonymous9,4,1,0,3,0,11,23
jsoup-1.21.1,2025-06-23,org.jsoup.select.Evaluator$AttributeWithValueMatching,4,2,0,4,0,7,17
jsoup-1.21.1,2025-06-23,org.jsoup.parser.TokeniserState$Anonymous8,6,1,0,2,0,8,28
jsoup-1.21.1,2025-06-23,org.jsoup.nodes.Range$Position,15,1,0,1,0,2,34
jsoup-1.21.1,2025-06-23,org.jsoup.parser.TokeniserState$Anonymous3,5,1,0,3,0,8,19
jsoup-1.21.1,2025-06-23,org.jsoup.parser.TokeniserState$Anonymous2,1,1,0,3,0,1,5
jsoup-1.21.1,2025-06-23,org.jsoup.parser.TokeniserState$Anonymous5,1,1,0,3,0,1,5
jsoup-1.21.1,2025-06-23,org.jsoup.parser.TokeniserState$Anonymous4,1,1,0,3,0,1,5
jsoup-1.21.1,2025-06-23,org.jsoup.examples.ListLinks,9,1,0,8,3,15,31
jsoup-1.21.1,2025-06-23,org.jsoup.select.Evaluator$IsNthChild,3,3,0,2,3,1,11
jsoup-1.21.1,2025-06-23,org.jsoup.parser.HtmlTreeBuilderState$Constants,0,1,0,0,0,0,41
jsoup-1.21.1,2025-06-23,org.jsoup.safety.Safelist$TagName,2,2,0,3,1,1,8
jsoup-1.21.1,2025-06-23,org.jsoup.helper.AuthenticationHandler$AuthShim,3,1,0,3,3,0,5
jsoup-1.21.1,2025-06-23,org.jsoup.select.Evaluator$Class,4,2,0,2,0,2,15
jsoup-1.21.1,2025-06-23,org.jsoup.nodes.Attributes$Anonymous1,10,1,0,3,0,3,30
jsoup-1.21.1,2025-06-23,org.jsoup.select.StructuralEvaluator$Has,17,3,0,11,13,12,50
jsoup-1.21.1,2025-06-23,org.jsoup.nodes.Printer$Pretty,58,2,0,11,69,27,100
jsoup-1.21.1,2025-06-23,org.jsoup.parser.Token,26,14,10,10,136,2,369
jsoup-1.21.1,2025-06-23,org.jsoup.safety.Cleaner$CleaningVisitor,11,1,0,8,0,9,42
jsoup-1.21.1,2025-06-23,org.jsoup.select.Evaluator$AttributeKeyPair,4,2,0,3,0,7,17
jsoup-1.21.1,2025-06-23,org.jsoup.select.Evaluator$ContainsWholeOwnText,3,2,0,2,0,3,12
jsoup-1.21.1,2025-06-23,org.jsoup.select.Evaluator$IsNthLastOfType,6,3,0,3,3,4,19
jsoup-1.21.1,2025-06-23,org.jsoup.internal.QuietAppendable$StringBuilderAppendable,5,2,0,3,0,4,21
jsoup-1.21.1,2025-06-23,org.jsoup.parser.Tag,52,1,0,5,88,13,135
jsoup-1.21.1,2025-06-23,org.jsoup.parser.Token$Character,7,2,0,3,1,6,31
jsoup-1.21.1,2025-06-23,org.jsoup.select.Evaluator$IsLastOfType,2,4,0,1,1,0,8
jsoup-1.21.1,2025-06-23,org.jsoup.select.Evaluator$Attribute,4,2,0,3,0,2,15
jsoup-1.21.1,2025-06-23,org.jsoup.internal.StringUtil$StringJoiner,5,1,0,4,0,5,25
jsoup-1.21.1,2025-06-23,org.jsoup.select.NodeFilter$FilterResult,0,1,0,0,0,0,6
jsoup-1.21.1,2025-06-23,org.jsoup.Connection$KeyVal,9,1,0,2,36,0,11
jsoup-1.21.1,2025-06-23,org.jsoup.nodes.Entities,85,1,0,11,176,48,247
jsoup-1.21.1,2025-06-23,org.jsoup.internal.SharedConstants,1,1,0,0,0,0,13
jsoup-1.21.1,2025-06-23,org.jsoup.parser.Token$CData,2,3,0,1,1,2,9
jsoup-1.21.1,2025-06-23,org.jsoup.select.Evaluator$AttributeWithValueContaining,4,3,0,4,6,5,14
jsoup-1.21.1,2025-06-23,org.jsoup.select.Elements,102,5,0,17,1770,61,273
jsoup-1.21.1,2025-06-23,org.jsoup.select.Evaluator$AllElements,3,2,0,2,3,0,11
jsoup-1.21.1,2025-06-23,org.jsoup.parser.TokeniserState$Anonymous46,5,1,0,3,0,7,23
jsoup-1.21.1,2025-06-23,org.jsoup.parser.TokeniserState$Anonymous47,5,1,0,3,0,6,23
jsoup-1.21.1,2025-06-23,org.jsoup.parser.TokeniserState$Anonymous48,4,1,0,3,0,10,18
jsoup-1.21.1,2025-06-23,org.jsoup.parser.TokeniserState$Anonymous49,4,1,0,3,0,6,19
jsoup-1.21.1,2025-06-23,org.jsoup.parser.TokeniserState$Anonymous42,3,1,0,2,0,6,17
jsoup-1.21.1,2025-06-23,org.jsoup.nodes.TextNode,19,3,1,8,91,19,55
jsoup-1.21.1,2025-06-23,org.jsoup.parser.TokeniserState$Anonymous43,3,1,0,3,0,6,11
jsoup-1.21.1,2025-06-23,org.jsoup.parser.TokeniserState$Anonymous44,6,1,0,2,0,9,26
jsoup-1.21.1,2025-06-23,org.jsoup.select.Evaluator$AttributeWithValue,4,3,0,3,6,5,14
jsoup-1.21.1,2025-06-23,org.jsoup.parser.TokeniserState$Anonymous45,2,1,0,3,0,6,14
jsoup-1.21.1,2025-06-23,org.jsoup.select.Evaluator$AttributeWithValueNot,4,3,0,3,6,3,14
jsoup-1.21.1,2025-06-23,org.jsoup.internal.QuietAppendable$BaseAppendable,6,2,0,5,0,4,27
jsoup-1.21.1,2025-06-23,org.jsoup.parser.ParseErrorList,8,4,0,2,1,2,28
jsoup-1.21.1,2025-06-23,org.jsoup.SerializationException,4,4,0,0,6,0,14
jsoup-1.21.1,2025-06-23,org.jsoup.select.CombiningEvaluator$Or,11,3,0,6,15,8,31
jsoup-1.21.1,2025-06-23,org.jsoup.select.Evaluator$ContainsText,4,2,0,4,0,5,15
jsoup-1.21.1,2025-06-23,org.jsoup.Connection$Base,18,1,0,4,153,0,20
jsoup-1.21.1,2025-06-23,org.jsoup.parser.TokeniserState$Anonymous50,6,1,0,3,0,7,24
jsoup-1.21.1,2025-06-23,org.jsoup.Progress,1,1,0,1,0,0,3
jsoup-1.21.1,2025-06-23,org.jsoup.parser.TokeniserState$Anonymous51,5,1,0,3,0,7,23
jsoup-1.21.1,2025-06-23,org.jsoup.select.Evaluator$IsNthOfType,7,3,0,3,3,6,20
jsoup-1.21.1,2025-06-23,org.jsoup.select.Evaluator$Id,4,2,0,2,0,3,15
jsoup-1.21.1,2025-06-23,org.jsoup.parser.TokeniserState$Anonymous52,8,1,0,2,0,6,18
jsoup-1.21.1,2025-06-23,org.jsoup.select.StructuralEvaluator$PreviousSibling,8,3,0,4,6,5,19
jsoup-1.21.1,2025-06-23,org.jsoup.parser.TokeniserState$Anonymous57,10,1,0,2,0,5,25
jsoup-1.21.1,2025-06-23,org.jsoup.parser.TokeniserState$Anonymous58,5,1,0,3,0,6,23
jsoup-1.21.1,2025-06-23,org.jsoup.parser.TokeniserState$Anonymous59,5,1,0,3,0,6,23
jsoup-1.21.1,2025-06-23,org.jsoup.internal.QuietAppendable,5,3,4,4,6,0,57
jsoup-1.21.1,2025-06-23,org.jsoup.examples.HtmlToPlainText$FormattingVisitor,18,1,0,5,4,14,44
jsoup-1.21.1,2025-06-23,org.jsoup.select.NodeEvaluator$BlankValue,3,3,0,3,3,2,11
jsoup-1.21.1,2025-06-23,org.jsoup.parser.TokeniserState$Anonymous53,9,1,0,3,0,8,27
jsoup-1.21.1,2025-06-23,org.jsoup.select.Collector,8,1,0,8,21,19,25
jsoup-1.21.1,2025-06-23,org.jsoup.parser.TokeniserState$Anonymous54,10,1,0,3,0,9,26
jsoup-1.21.1,2025-06-23,org.jsoup.parser.TokeniserState$Anonymous55,6,1,0,2,0,10,29
jsoup-1.21.1,2025-06-23,org.jsoup.helper.ValidationException,4,5,0,2,1,8,17
jsoup-1.21.1,2025-06-23,org.jsoup.nodes.Attributes$Dataset$DatasetIterator,5,1,0,2,0,9,17
jsoup-1.21.1,2025-06-23,org.jsoup.parser.TokeniserState$Anonymous56,10,1,0,2,0,5,28
jsoup-1.21.1,2025-06-23,org.jsoup.select.StructuralEvaluator$Not,4,3,0,4,6,3,14
jsoup-1.21.1,2025-06-23,org.jsoup.parser.CharacterReader,162,1,0,7,482,50,414
jsoup-1.21.1,2025-06-23,org.jsoup.select.Evaluator$IsFirstChild,4,2,0,3,1,2,9
jsoup-1.21.1,2025-06-23,org.jsoup.parser.TokeniserState$Anonymous60,10,1,0,2,0,5,26
jsoup-1.21.1,2025-06-23,org.jsoup.parser.TokeniserState$Anonymous61,10,1,0,2,0,5,25
jsoup-1.21.1,2025-06-23,org.jsoup.parser.TokeniserState$Anonymous62,10,1,0,2,0,5,28
jsoup-1.21.1,2025-06-23,org.jsoup.parser.TokeniserState$Anonymous63,10,1,0,2,0,5,25
jsoup-1.21.1,2025-06-23,org.jsoup.select.StructuralEvaluator$Root,4,2,0,2,3,0,11
jsoup-1.21.1,2025-06-23,org.jsoup.helper.HttpConnection$Response,113,2,0,27,169,125,364
jsoup-1.21.1,2025-06-23,org.jsoup.select.NodeVisitor,3,1,0,2,3,1,8
jsoup-1.21.1,2025-06-23,org.jsoup.select.NodeEvaluator,4,10,8,5,6,1,71
jsoup-1.21.1,2025-06-23,org.jsoup.safety.Safelist$Protocol,2,2,0,2,1,0,8
jsoup-1.21.1,2025-06-23,org.jsoup.parser.CharacterReader$CharPredicate,1,1,0,0,0,0,3
jsoup-1.21.1,2025-06-23,org.jsoup.parser.Token$EOF,3,2,0,2,3,1,12
jsoup-1.21.1,2025-06-23,org.jsoup.parser.Token$StartTag,7,3,0,6,6,8,21
jsoup-1.21.1,2025-06-23,org.jsoup.select.Evaluator$AttributeWithValueStarting,4,3,0,4,6,5,14
jsoup-1.21.1,2025-06-23,org.jsoup.parser.TagSet,29,1,0,5,71,23,117
jsoup-1.21.1,2025-06-23,org.jsoup.nodes.DocumentType,19,3,0,8,10,11,52
jsoup-1.21.1,2025-06-23,org.jsoup.Connection$Request,26,1,0,6,325,0,34
jsoup-1.21.1,2025-06-23,org.jsoup.examples.HtmlToPlainText,11,1,0,9,3,17,88
jsoup-1.21.1,2025-06-23,org.jsoup.HttpStatusException,3,4,0,0,0,0,15
jsoup-1.21.1,2025-06-23,org.jsoup.select.QueryParser,131,1,0,67,141,70,315
jsoup-1.21.1,2025-06-23,org.jsoup.select.Evaluator$MatchesWholeText,4,2,0,2,0,4,16
jsoup-1.21.1,2025-06-23,org.jsoup.parser.HtmlTreeBuilderState$Anonymous23,9,1,0,4,0,12,20
jsoup-1.21.1,2025-06-23,org.jsoup.nodes.NodeUtils,7,1,0,14,10,13,28
jsoup-1.21.1,2025-06-23,org.jsoup.parser.HtmlTreeBuilderState$Anonymous22,7,1,0,5,0,17,22
jsoup-1.21.1,2025-06-23,org.jsoup.select.Evaluator$Matches,4,2,0,2,0,4,16
jsoup-1.21.1,2025-06-23,org.jsoup.parser.HtmlTreeBuilderState$Anonymous24,26,1,0,17,1,36,60
jsoup-1.21.1,2025-06-23,org.jsoup.select.Evaluator$IsOnlyChild,3,2,0,3,1,3,9
jsoup-1.21.1,2025-06-23,org.jsoup.Connection$Method,2,1,0,0,0,0,9
jsoup-1.21.1,2025-06-23,org.jsoup.helper.HttpConnection$Base,38,1,0,9,89,30,142
jsoup-1.21.1,2025-06-23,org.jsoup.parser.TokenQueue,106,1,0,5,65,52,301
jsoup-1.21.1,2025-06-23,org.jsoup.parser.ParseSettings,13,1,0,4,0,4,42
jsoup-1.21.1,2025-06-23,org.jsoup.select.NodeFilter,3,1,0,3,3,1,15
jsoup-1.21.1,2025-06-23,org.jsoup.parser.HtmlTreeBuilderState$Anonymous21,11,1,0,4,0,17,30
jsoup-1.21.1,2025-06-23,org.jsoup.parser.HtmlTreeBuilderState$Anonymous20,16,1,0,6,0,22,50
jsoup-1.21.1,2025-06-23,org.jsoup.select.Evaluator$MatchesWholeOwnText,4,2,0,2,0,4,16
jsoup-1.21.1,2025-06-23,org.jsoup.parser.HtmlTreeBuilderState$Anonymous12,16,1,0,8,1,16,55
jsoup-1.21.1,2025-06-23,org.jsoup.parser.HtmlTreeBuilderState$Anonymous11,13,1,0,6,0,17,37
jsoup-1.21.1,2025-06-23,org.jsoup.parser.HtmlTreeBuilderState$Anonymous14,15,1,0,8,1,17,77
jsoup-1.21.1,2025-06-23,org.jsoup.internal.Functions,5,1,0,4,10,0,20
jsoup-1.21.1,2025-06-23,org.jsoup.parser.HtmlTreeBuilderState$Anonymous13,15,1,0,9,3,20,60
jsoup-1.21.1,2025-06-23,org.jsoup.parser.HtmlTreeBuilderState$Anonymous16,31,1,0,10,1,24,80
jsoup-1.21.1,2025-06-23,org.jsoup.helper.W3CDom$W3CBuilder,32,1,0,20,0,35,96
jsoup-1.21.1,2025-06-23,org.jsoup.parser.HtmlTreeBuilderState$Anonymous15,15,1,0,7,3,18,54
jsoup-1.21.1,2025-06-23,org.jsoup.parser.HtmlTreeBuilderState$Anonymous18,17,1,0,5,0,18,61
jsoup-1.21.1,2025-06-23,org.jsoup.parser.HtmlTreeBuilderState$Anonymous17,6,1,0,4,0,12,22
jsoup-1.21.1,2025-06-23,org.jsoup.parser.HtmlTreeBuilderState$Anonymous19,12,1,0,6,0,22,37
jsoup-1.21.1,2025-06-23,org.jsoup.select.Evaluator$ContainsOwnText,3,2,0,4,0,5,12
jsoup-1.21.1,2025-06-23,org.jsoup.parser.TokeniserState,31,1,0,8,13,26,1380
jsoup-1.21.1,2025-06-23,org.jsoup.select.Evaluator$IndexLessThan,5,3,0,2,3,2,11
jsoup-1.21.1,2025-06-23,org.jsoup.helper.RequestDispatch,6,1,0,5,0,5,25
jsoup-1.21.1,2025-06-23,org.jsoup.nodes.Entities$EscapeMode,8,1,0,2,3,6,26
jsoup-1.21.1,2025-06-23,org.jsoup.select.Evaluator$MatchText,7,2,0,6,6,10,25
jsoup-1.21.1,2025-06-23,org.jsoup.parser.HtmlTreeBuilderState$Anonymous10,7,1,0,7,0,18,39
jsoup-1.21.1,2025-06-23,org.jsoup.safety.Cleaner$ElementMeta,1,1,0,1,0,0,8
jsoup-1.21.1,2025-06-23,org.jsoup.select.Evaluator,12,59,61,9,36,4,616
jsoup-1.21.1,2025-06-23,org.jsoup.Connection,42,1,0,11,861,3,149
jsoup-1.21.1,2025-06-23,org.jsoup.internal.SoftPool,7,1,0,2,2,10,30
jsoup-1.21.1,2025-06-23,org.jsoup.select.Evaluator$IsRoot,5,2,0,3,3,1,12
jsoup-1.21.1,2025-06-23,org.jsoup.select.Nodes,40,4,0,6,325,34,129
jsoup-1.21.1,2025-06-23,org.jsoup.nodes.CDataNode,5,4,0,4,10,3,17
jsoup-1.21.1,2025-06-23,org.jsoup.select.Evaluator$IsLastChild,4,2,0,3,1,2,9
jsoup-1.21.1,2025-06-23,org.jsoup.select.Evaluator$IsNthLastChild,4,3,0,2,3,3,12
jsoup-1.21.1,2025-06-23,org.jsoup.helper.RequestAuthenticator,1,1,0,2,0,0,31
jsoup-1.21.1,2025-06-23,org.jsoup.parser.Token$TokenType,0,1,0,0,0,0,1
jsoup-1.21.1,2025-06-23,org.jsoup.nodes.Attribute,85,1,0,11,0,48,176
jsoup-1.21.1,2025-06-23,org.jsoup.nodes.Range$AttributeRange,10,1,0,3,0,7,29
jsoup-1.21.2,2025-08-25,org.jsoup.nodes.Document$QuirksMode,0,1,0,0,0,0,1
jsoup-1.21.2,2025-08-25,org.jsoup.helper.DataUtil,74,1,0,22,167,72,222
jsoup-1.21.2,2025-08-25,org.jsoup.Connection$Response,13,1,0,6,78,0,21
jsoup-1.21.2,2025-08-25,org.jsoup.nodes.Range,20,1,0,4,0,7,110
jsoup-1.21.2,2025-08-25,org.jsoup.select.Evaluator$IndexEvaluator,1,2,0,1,0,0,6
jsoup-1.21.2,2025-08-25,org.jsoup.select.Evaluator$IsOnlyOfType,8,2,0,4,1,5,17
jsoup-1.21.2,2025-08-25,org.jsoup.select.Evaluator$ContainsWholeText,4,2,0,2,0,3,15
jsoup-1.21.2,2025-08-25,org.jsoup.nodes.Entities$CoreCharset,3,1,0,1,0,2,6
jsoup-1.21.2,2025-08-25,org.jsoup.internal.ControllableInputStream,47,3,0,8,44,27,142
jsoup-1.21.2,2025-08-25,org.jsoup.safety.Cleaner,16,1,0,13,9,32,108
jsoup-1.21.2,2025-08-25,org.jsoup.nodes.Element,278,5,3,55,11056,214,882
jsoup-1.21.2,2025-08-25,org.jsoup.helper.HttpConnection,60,3,0,17,0,45,970
jsoup-1.21.2,2025-08-25,org.jsoup.helper.UrlBuilder,28,1,0,5,7,30,70
jsoup-1.21.2,2025-08-25,org.jsoup.select.NodeTraversor,40,1,0,7,6,14,98
jsoup-1.21.2,2025-08-25,org.jsoup.parser.Token$XmlDecl,7,3,0,4,1,5,17
jsoup-1.21.2,2025-08-25,org.jsoup.safety.Safelist$AttributeKey,2,2,0,3,1,1,8
jsoup-1.21.2,2025-08-25,org.jsoup.select.Evaluator$MatchesOwn,4,2,0,2,0,4,16
jsoup-1.21.2,2025-08-25,org.jsoup.select.StructuralEvaluator$Ancestor,8,3,0,4,6,4,19
jsoup-1.21.2,2025-08-25,org.jsoup.select.CombiningEvaluator$And,9,3,0,5,10,5,25
jsoup-1.21.2,2025-08-25,org.jsoup.nodes.NodeIterator,24,1,0,5,0,12,64
jsoup-1.21.2,2025-08-25,org.jsoup.parser.Token$EndTag,2,3,0,2,1,1,8
jsoup-1.21.2,2025-08-25,org.jsoup.helper.HttpConnection$Request,36,2,0,11,355,9,162
jsoup-1.21.2,2025-08-25,org.jsoup.nodes.Document,53,3,0,22,395,46,256
jsoup-1.21.2,2025-08-25,org.jsoup.Jsoup,26,1,0,11,276,25,85
jsoup-1.21.2,2025-08-25,org.jsoup.parser.HtmlTreeBuilder,263,2,0,29,3840,119,675
jsoup-1.21.2,2025-08-25,org.jsoup.nodes.FormElement,27,3,0,18,15,32,69
jsoup-1.21.2,2025-08-25,org.jsoup.UnsupportedMimeTypeException,4,4,0,0,0,1,18
jsoup-1.21.2,2025-08-25,org.jsoup.select.StructuralEvaluator,7,17,14,6,9,10,208
jsoup-1.21.2,2025-08-25,org.jsoup.internal.SimpleBufferedInput,39,3,0,5,0,11,112
jsoup-1.21.2,2025-08-25,org.jsoup.select.NodeEvaluator$InstanceType,4,3,0,2,2,1,18
jsoup-1.21.2,2025-08-25,org.jsoup.helper.AuthenticationHandler$GlobalHandler,4,1,0,3,0,4,15
jsoup-1.21.2,2025-08-25,org.jsoup.parser.StreamParser$ElementIterator,20,1,0,7,0,11,58
jsoup-1.21.2,2025-08-25,org.jsoup.select.NodeEvaluator$MatchesValue,4,3,0,2,0,4,15
jsoup-1.21.2,2025-08-25,org.jsoup.nodes.EntitiesData,1,1,0,0,0,0,10
jsoup-1.21.2,2025-08-25,org.jsoup.parser.StreamParser,20,1,0,12,87,28,142
jsoup-1.21.2,2025-08-25,org.jsoup.select.Evaluator$IndexEquals,4,3,0,2,3,2,11
jsoup-1.21.2,2025-08-25,org.jsoup.select.Selector$SelectorParseException,3,5,0,0,3,1,11
jsoup-1.21.2,2025-08-25,org.jsoup.parser.Token$Tag,46,2,0,16,160,33,139
jsoup-1.21.2,2025-08-25,org.jsoup.nodes.XmlDeclaration,14,3,0,8,34,17,46
jsoup-1.21.2,2025-08-25,org.jsoup.parser.Token$Doctype,8,2,0,4,18,4,37
jsoup-1.21.2,2025-08-25,org.jsoup.helper.UrlConnectionExecutor,26,2,0,10,0,46,83
jsoup-1.21.2,2025-08-25,org.jsoup.select.Evaluator$TagEndsWith,3,2,0,2,0,3,12
jsoup-1.21.2,2025-08-25,org.jsoup.helper.CookieUtil,20,1,0,9,10,31,68
jsoup-1.21.2,2025-08-25,org.jsoup.nodes.Printer$Outline,9,3,0,6,3,3,15
jsoup-1.21.2,2025-08-25,org.jsoup.nodes.Element$TextAccumulator,15,1,0,5,0,8,23
jsoup-1.21.2,2025-08-25,org.jsoup.select.Evaluator$Tag,4,2,0,3,0,2,15
jsoup-1.21.2,2025-08-25,org.jsoup.nodes.Document$OutputSettings$Syntax,0,1,0,0,0,0,1
jsoup-1.21.2,2025-08-25,org.jsoup.internal.StringUtil,85,1,0,6,313,54,198
jsoup-1.21.2,2025-08-25,org.jsoup.parser.TokeniserState$Anonymous24,6,1,0,2,0,6,25
jsoup-1.21.2,2025-08-25,org.jsoup.parser.TokeniserState$Anonymous25,3,1,0,3,0,8,19
jsoup-1.21.2,2025-08-25,org.jsoup.parser.TokeniserState$Anonymous26,2,1,0,4,0,8,14
jsoup-1.21.2,2025-08-25,org.jsoup.parser.TokeniserState$Anonymous27,1,1,0,3,0,1,5
jsoup-1.21.2,2025-08-25,org.jsoup.parser.TokeniserState$Anonymous20,2,1,0,2,0,4,11
jsoup-1.21.2,2025-08-25,org.jsoup.parser.TokeniserState$Anonymous21,2,1,0,2,0,4,11
jsoup-1.21.2,2025-08-25,org.jsoup.parser.TokeniserState$Anonymous22,5,1,0,2,0,10,22
jsoup-1.21.2,2025-08-25,org.jsoup.internal.QuietAppendable$BaseAppendable$Action,1,1,0,0,0,0,3
jsoup-1.21.2,2025-08-25,org.jsoup.parser.TokeniserState$Anonymous23,5,1,0,2,0,6,23
jsoup-1.21.2,2025-08-25,org.jsoup.parser.Tokeniser,74,1,0,24,129,60,230
jsoup-1.21.2,2025-08-25,org.jsoup.nodes.Comment,12,3,0,8,36,12,35
jsoup-1.21.2,2025-08-25,org.jsoup.select.Evaluator$IndexGreaterThan,4,3,0,2,3,2,11
jsoup-1.21.2,2025-08-25,org.jsoup.nodes.LeafNode,28,2,5,8,138,17,86
jsoup-1.21.2,2025-08-25,org.jsoup.parser.TokeniserState$Anonymous28,1,1,0,3,0,1,5
jsoup-1.21.2,2025-08-25,org.jsoup.parser.TokeniserState$Anonymous29,5,1,0,2,0,9,22
jsoup-1.21.2,2025-08-25,org.jsoup.helper.RequestAuthenticator$Context,9,1,0,0,5,1,28
jsoup-1.21.2,2025-08-25,org.jsoup.internal.SimpleStreamReader,22,2,0,6,0,27,59
jsoup-1.21.2,2025-08-25,org.jsoup.select.Selector,19,5,0,10,66,15,83
jsoup-1.21.2,2025-08-25,org.jsoup.select.Evaluator$AttributeWithValueEnding,4,3,0,4,6,5,14
jsoup-1.21.2,2025-08-25,org.jsoup.select.StructuralEvaluator$ImmediatePreviousSibling,7,3,0,4,6,5,16
jsoup-1.21.2,2025-08-25,org.jsoup.parser.TokeniserState$Anonymous30,5,1,0,2,0,5,22
jsoup-1.21.2,2025-08-25,org.jsoup.safety.Safelist$AttributeValue,2,2,0,2,1,0,8
jsoup-1.21.2,2025-08-25,org.jsoup.select.NodeEvaluator$ContainsValue,4,3,0,4,0,5,15
jsoup-1.21.2,2025-08-25,org.jsoup.helper.HttpConnection$KeyVal,14,1,0,4,10,4,56
jsoup-1.21.2,2025-08-25,org.jsoup.parser.HtmlTreeBuilderState$Anonymous5,16,1,0,8,1,18,33
jsoup-1.21.2,2025-08-25,org.jsoup.parser.TokeniserState$Anonymous35,16,1,0,4,0,9,31
jsoup-1.21.2,2025-08-25,org.jsoup.parser.HtmlTreeBuilderState$Anonymous4,23,1,0,13,1,36,91
jsoup-1.21.2,2025-08-25,org.jsoup.parser.TokeniserState$Anonymous36,14,1,0,3,0,9,30
jsoup-1.21.2,2025-08-25,org.jsoup.parser.HtmlTreeBuilderState$Anonymous7,208,1,0,19,10,95,552
jsoup-1.21.2,2025-08-25,org.jsoup.parser.TokeniserState$Anonymous37,15,1,0,3,0,8,33
jsoup-1.21.2,2025-08-25,org.jsoup.parser.HtmlTreeBuilderState$Anonymous6,14,1,0,9,1,25,65
jsoup-1.21.2,2025-08-25,org.jsoup.parser.TokeniserState$Anonymous38,7,1,0,4,0,12,25
jsoup-1.21.2,2025-08-25,org.jsoup.parser.HtmlTreeBuilderState$Anonymous1,7,1,0,9,0,23,25
jsoup-1.21.2,2025-08-25,org.jsoup.parser.TokeniserState$Anonymous31,6,1,0,2,0,5,24
jsoup-1.21.2,2025-08-25,org.jsoup.parser.TokeniserState$Anonymous32,2,1,0,2,0,5,12
jsoup-1.21.2,2025-08-25,org.jsoup.parser.HtmlTreeBuilderState$Anonymous3,11,1,0,7,0,21,35
jsoup-1.21.2,2025-08-25,org.jsoup.parser.TokeniserState$Anonymous33,1,1,0,3,0,1,5
jsoup-1.21.2,2025-08-25,org.jsoup.parser.HtmlTreeBuilderState$Anonymous2,10,1,0,7,1,20,34
jsoup-1.21.2,2025-08-25,org.jsoup.parser.TokeniserState$Anonymous34,15,1,0,4,0,9,30
jsoup-1.21.2,2025-08-25,org.jsoup.parser.HtmlTreeBuilderState$Anonymous9,29,1,0,10,1,38,121
jsoup-1.21.2,2025-08-25,org.jsoup.parser.TokeniserState$Anonymous39,7,1,0,4,0,12,25
jsoup-1.21.2,2025-08-25,org.jsoup.parser.HtmlTreeBuilderState$Anonymous8,5,1,0,3,0,11,19
jsoup-1.21.2,2025-08-25,org.jsoup.nodes.Node,160,1,2,18,2371,101,437
jsoup-1.21.2,2025-08-25,org.jsoup.safety.Safelist$TypedValue,7,1,0,2,0,4,19
jsoup-1.21.2,2025-08-25,org.jsoup.parser.HtmlTreeBuilderState,10,1,0,13,6,16,1751
jsoup-1.21.2,2025-08-25,org.jsoup.helper.DataUtil$CharsetDoc,1,1,0,2,0,0,10
jsoup-1.21.2,2025-08-25,org.jsoup.helper.AuthenticationHandler,9,2,0,6,1,8,53
jsoup-1.21.2,2025-08-25,org.jsoup.select.Evaluator$AttributeStarting,6,2,0,6,0,7,20
jsoup-1.21.2,2025-08-25,org.jsoup.parser.TokeniserState$Anonymous40,17,1,0,4,0,12,30
jsoup-1.21.2,2025-08-25,org.jsoup.nodes.DataNode,10,3,0,5,15,8,29
jsoup-1.21.2,2025-08-25,org.jsoup.parser.TokeniserState$Anonymous41,11,1,0,4,0,6,21
jsoup-1.21.2,2025-08-25,org.jsoup.nodes.Attributes,113,2,0,12,400,52,370
jsoup-1.21.2,2025-08-25,org.jsoup.helper.W3CDom,40,1,0,18,135,57,239
jsoup-1.21.2,2025-08-25,org.jsoup.parser.XmlTreeBuilder,55,2,0,33,196,83,184
jsoup-1.21.2,2025-08-25,org.jsoup.helper.RequestExecutor,4,1,1,3,6,0,11
jsoup-1.21.2,2025-08-25,org.jsoup.nodes.Document$OutputSettings,21,1,0,4,102,9,80
jsoup-1.21.2,2025-08-25,org.jsoup.select.CombiningEvaluator,11,6,4,2,0,11,105
jsoup-1.21.2,2025-08-25,org.jsoup.select.Evaluator$ContainsData,3,2,0,3,0,4,12
jsoup-1.21.2,2025-08-25,org.jsoup.nodes.Printer,14,4,2,13,0,18,163
jsoup-1.21.2,2025-08-25,org.jsoup.internal.Normalizer,6,1,0,3,6,5,14
jsoup-1.21.2,2025-08-25,org.jsoup.nodes.Attributes$Dataset$EntrySet,3,3,0,1,1,1,11
jsoup-1.21.2,2025-08-25,org.jsoup.nodes.Attributes$Dataset,4,4,0,2,1,4,43
jsoup-1.21.2,2025-08-25,org.jsoup.parser.TokeniserState$Anonymous13,13,1,0,5,1,12,32
jsoup-1.21.2,2025-08-25,org.jsoup.parser.TokeniserState$Anonymous14,2,1,0,2,0,5,12
jsoup-1.21.2,2025-08-25,org.jsoup.helper.Validate,40,1,0,4,210,4,69
jsoup-1.21.2,2025-08-25,org.jsoup.parser.TokeniserState$Anonymous15,1,1,0,3,0,1,5
jsoup-1.21.2,2025-08-25,org.jsoup.parser.TokeniserState$Anonymous16,1,1,0,3,0,1,5
jsoup-1.21.2,2025-08-25,org.jsoup.select.StructuralEvaluator$ImmediateParentRun,11,3,0,5,0,10,36
jsoup-1.21.2,2025-08-25,org.jsoup.parser.TokeniserState$Anonymous10,10,1,0,3,0,7,22
jsoup-1.21.2,2025-08-25,org.jsoup.parser.TokeniserState$Anonymous11,6,1,0,3,0,13,17
jsoup-1.21.2,2025-08-25,org.jsoup.parser.TokeniserState$Anonymous12,2,1,0,4,0,8,14
jsoup-1.21.2,2025-08-25,org.jsoup.select.StructuralEvaluator$Is,4,3,0,4,6,3,14
jsoup-1.21.2,2025-08-25,org.jsoup.parser.TokeniserState$Anonymous17,4,1,0,2,0,7,19
jsoup-1.21.2,2025-08-25,org.jsoup.parser.TokeniserState$Anonymous18,1,1,0,3,0,1,5
jsoup-1.21.2,2025-08-25,org.jsoup.parser.TokeniserState$Anonymous19,1,1,0,3,0,1,5
jsoup-1.21.2,2025-08-25,org.jsoup.select.Evaluator$CssNthEvaluator,13,2,0,4,9,4,24
jsoup-1.21.2,2025-08-25,org.jsoup.parser.Token$Comment,6,2,0,3,3,6,27
jsoup-1.21.2,2025-08-25,org.jsoup.select.Evaluator$IsFirstOfType,2,4,0,1,1,0,8
jsoup-1.21.2,2025-08-25,org.jsoup.nodes.Element$NodeList,2,4,0,1,1,0,9
jsoup-1.21.2,2025-08-25,org.jsoup.parser.TokeniserState$Anonymous68,3,1,0,4,0,7,10
jsoup-1.21.2,2025-08-25,org.jsoup.examples.Wikipedia,3,1,0,7,1,9,13
jsoup-1.21.2,2025-08-25,org.jsoup.parser.ParseError,8,1,0,1,0,4,37
jsoup-1.21.2,2025-08-25,org.jsoup.safety.Safelist,59,5,0,13,97,88,289
jsoup-1.21.2,2025-08-25,org.jsoup.parser.TokeniserState$Anonymous64,5,1,0,3,0,6,23
jsoup-1.21.2,2025-08-25,org.jsoup.parser.TokeniserState$Anonymous65,5,1,0,3,0,6,23
jsoup-1.21.2,2025-08-25,org.jsoup.parser.TokenData,23,1,0,3,0,12,74
jsoup-1.21.2,2025-08-25,org.jsoup.parser.TreeBuilder,58,1,2,22,252,65,189
jsoup-1.21.2,2025-08-25,org.jsoup.parser.TokeniserState$Anonymous66,8,1,0,2,0,5,18
jsoup-1.21.2,2025-08-25,org.jsoup.parser.TokeniserState$Anonymous67,3,1,0,2,0,3,14
jsoup-1.21.2,2025-08-25,org.jsoup.nodes.PseudoTextElement,3,3,0,5,3,0,9
jsoup-1.21.2,2025-08-25,org.jsoup.parser.TokeniserState$Anonymous1,5,1,0,3,0,8,18
jsoup-1.21.2,2025-08-25,org.jsoup.select.Evaluator$TagStartsWith,3,2,0,2,0,3,12
jsoup-1.21.2,2025-08-25,org.jsoup.parser.Parser,32,1,0,13,199,23,131
jsoup-1.21.2,2025-08-25,org.jsoup.select.Evaluator$IsEmpty,8,2,0,7,1,3,14
jsoup-1.21.2,2025-08-25,org.jsoup.parser.TokeniserState$Anonymous7,3,1,0,3,0,7,15
jsoup-1.21.2,2025-08-25,org.jsoup.parser.TokeniserState$Anonymous6,1,1,0,3,0,1,5
jsoup-1.21.2,2025-08-25,org.jsoup.parser.TokeniserState$Anonymous9,4,1,0,3,0,11,23
jsoup-1.21.2,2025-08-25,org.jsoup.select.Evaluator$AttributeWithValueMatching,4,2,0,4,0,7,17
jsoup-1.21.2,2025-08-25,org.jsoup.parser.TokeniserState$Anonymous8,6,1,0,2,0,8,28
jsoup-1.21.2,2025-08-25,org.jsoup.nodes.Range$Position,15,1,0,1,0,2,34
jsoup-1.21.2,2025-08-25,org.jsoup.parser.TokeniserState$Anonymous3,5,1,0,3,0,8,19
jsoup-1.21.2,2025-08-25,org.jsoup.parser.TokeniserState$Anonymous2,1,1,0,3,0,1,5
jsoup-1.21.2,2025-08-25,org.jsoup.parser.TokeniserState$Anonymous5,1,1,0,3,0,1,5
jsoup-1.21.2,2025-08-25,org.jsoup.parser.TokeniserState$Anonymous4,1,1,0,3,0,1,5
jsoup-1.21.2,2025-08-25,org.jsoup.examples.ListLinks,9,1,0,8,3,15,31
jsoup-1.21.2,2025-08-25,org.jsoup.select.Evaluator$IsNthChild,3,3,0,2,3,1,11
jsoup-1.21.2,2025-08-25,org.jsoup.parser.HtmlTreeBuilderState$Constants,0,1,0,0,0,0,41
jsoup-1.21.2,2025-08-25,org.jsoup.safety.Safelist$TagName,2,2,0,3,1,1,8
jsoup-1.21.2,2025-08-25,org.jsoup.helper.AuthenticationHandler$AuthShim,3,1,0,3,3,0,5
jsoup-1.21.2,2025-08-25,org.jsoup.select.Evaluator$Class,4,2,0,2,0,2,15
jsoup-1.21.2,2025-08-25,org.jsoup.nodes.Attributes$Anonymous1,10,1,0,3,0,3,30
jsoup-1.21.2,2025-08-25,org.jsoup.select.StructuralEvaluator$Has,17,3,0,11,13,12,50
jsoup-1.21.2,2025-08-25,org.jsoup.nodes.Printer$Pretty,60,2,0,12,69,30,106
jsoup-1.21.2,2025-08-25,org.jsoup.parser.Token,26,14,10,10,136,2,369
jsoup-1.21.2,2025-08-25,org.jsoup.safety.Cleaner$CleaningVisitor,11,1,0,8,0,9,42
jsoup-1.21.2,2025-08-25,org.jsoup.select.Evaluator$AttributeKeyPair,5,2,0,3,0,7,16
jsoup-1.21.2,2025-08-25,org.jsoup.select.Evaluator$ContainsWholeOwnText,3,2,0,2,0,3,12
jsoup-1.21.2,2025-08-25,org.jsoup.select.Evaluator$IsNthLastOfType,6,3,0,3,3,4,19
jsoup-1.21.2,2025-08-25,org.jsoup.internal.QuietAppendable$StringBuilderAppendable,5,2,0,3,0,4,21
jsoup-1.21.2,2025-08-25,org.jsoup.parser.Tag,52,1,0,5,90,13,135
jsoup-1.21.2,2025-08-25,org.jsoup.parser.Token$Character,7,2,0,3,1,6,31
jsoup-1.21.2,2025-08-25,org.jsoup.select.Evaluator$IsLastOfType,2,4,0,1,1,0,8
jsoup-1.21.2,2025-08-25,org.jsoup.select.Evaluator$Attribute,4,2,0,3,0,2,15
jsoup-1.21.2,2025-08-25,org.jsoup.internal.StringUtil$StringJoiner,5,1,0,4,0,5,25
jsoup-1.21.2,2025-08-25,org.jsoup.select.NodeFilter$FilterResult,0,1,0,0,0,0,6
jsoup-1.21.2,2025-08-25,org.jsoup.Connection$KeyVal,9,1,0,2,36,0,11
jsoup-1.21.2,2025-08-25,org.jsoup.nodes.Entities,85,1,0,11,176,48,247
jsoup-1.21.2,2025-08-25,org.jsoup.internal.SharedConstants,1,1,0,0,0,0,13
jsoup-1.21.2,2025-08-25,org.jsoup.parser.Token$CData,2,3,0,1,1,2,9
jsoup-1.21.2,2025-08-25,org.jsoup.select.Evaluator$AttributeWithValueContaining,4,3,0,4,6,5,14
jsoup-1.21.2,2025-08-25,org.jsoup.select.Elements,102,5,0,17,1770,61,273
jsoup-1.21.2,2025-08-25,org.jsoup.select.Evaluator$AllElements,3,2,0,2,3,0,11
jsoup-1.21.2,2025-08-25,org.jsoup.parser.TokeniserState$Anonymous46,5,1,0,3,0,7,23
jsoup-1.21.2,2025-08-25,org.jsoup.parser.TokeniserState$Anonymous47,5,1,0,3,0,6,23
jsoup-1.21.2,2025-08-25,org.jsoup.parser.TokeniserState$Anonymous48,4,1,0,3,0,10,18
jsoup-1.21.2,2025-08-25,org.jsoup.parser.TokeniserState$Anonymous49,4,1,0,3,0,6,19
jsoup-1.21.2,2025-08-25,org.jsoup.parser.TokeniserState$Anonymous42,3,1,0,2,0,6,17
jsoup-1.21.2,2025-08-25,org.jsoup.nodes.TextNode,19,3,1,8,91,19,55
jsoup-1.21.2,2025-08-25,org.jsoup.parser.TokeniserState$Anonymous43,3,1,0,3,0,6,11
jsoup-1.21.2,2025-08-25,org.jsoup.parser.TokeniserState$Anonymous44,6,1,0,2,0,9,26
jsoup-1.21.2,2025-08-25,org.jsoup.select.Evaluator$AttributeWithValue,4,3,0,3,6,5,14
jsoup-1.21.2,2025-08-25,org.jsoup.parser.TokeniserState$Anonymous45,2,1,0,3,0,6,14
jsoup-1.21.2,2025-08-25,org.jsoup.select.Evaluator$AttributeWithValueNot,4,3,0,3,6,3,14
jsoup-1.21.2,2025-08-25,org.jsoup.internal.QuietAppendable$BaseAppendable,6,2,0,5,0,4,27
jsoup-1.21.2,2025-08-25,org.jsoup.parser.ParseErrorList,8,4,0,2,1,2,28
jsoup-1.21.2,2025-08-25,org.jsoup.SerializationException,4,4,0,0,6,0,14
jsoup-1.21.2,2025-08-25,org.jsoup.select.CombiningEvaluator$Or,11,3,0,6,15,8,31
jsoup-1.21.2,2025-08-25,org.jsoup.select.Evaluator$ContainsText,4,2,0,4,0,5,15
jsoup-1.21.2,2025-08-25,org.jsoup.Connection$Base,18,1,0,4,153,0,20
jsoup-1.21.2,2025-08-25,org.jsoup.parser.TokeniserState$Anonymous50,6,1,0,3,0,7,24
jsoup-1.21.2,2025-08-25,org.jsoup.Progress,1,1,0,1,0,0,3
jsoup-1.21.2,2025-08-25,org.jsoup.parser.TokeniserState$Anonymous51,5,1,0,3,0,7,23
jsoup-1.21.2,2025-08-25,org.jsoup.select.Evaluator$IsNthOfType,7,3,0,3,3,6,20
jsoup-1.21.2,2025-08-25,org.jsoup.select.Evaluator$Id,4,2,0,2,0,3,15
jsoup-1.21.2,2025-08-25,org.jsoup.parser.TokeniserState$Anonymous52,8,1,0,2,0,6,18
jsoup-1.21.2,2025-08-25,org.jsoup.select.StructuralEvaluator$PreviousSibling,8,3,0,4,6,5,19
jsoup-1.21.2,2025-08-25,org.jsoup.parser.TokeniserState$Anonymous57,10,1,0,2,0,5,25
jsoup-1.21.2,2025-08-25,org.jsoup.parser.TokeniserState$Anonymous58,5,1,0,3,0,6,23
jsoup-1.21.2,2025-08-25,org.jsoup.parser.TokeniserState$Anonymous59,5,1,0,3,0,6,23
jsoup-1.21.2,2025-08-25,org.jsoup.internal.QuietAppendable,5,3,4,4,6,0,57
jsoup-1.21.2,2025-08-25,org.jsoup.examples.HtmlToPlainText$FormattingVisitor,18,1,0,5,4,14,44
jsoup-1.21.2,2025-08-25,org.jsoup.select.NodeEvaluator$BlankValue,3,3,0,3,3,2,11
jsoup-1.21.2,2025-08-25,org.jsoup.parser.TokeniserState$Anonymous53,9,1,0,3,0,8,27
jsoup-1.21.2,2025-08-25,org.jsoup.select.Collector,8,1,0,8,21,19,25
jsoup-1.21.2,2025-08-25,org.jsoup.parser.TokeniserState$Anonymous54,10,1,0,3,0,9,26
jsoup-1.21.2,2025-08-25,org.jsoup.parser.TokeniserState$Anonymous55,6,1,0,2,0,10,29
jsoup-1.21.2,2025-08-25,org.jsoup.helper.ValidationException,4,5,0,2,1,8,17
jsoup-1.21.2,2025-08-25,org.jsoup.nodes.Attributes$Dataset$DatasetIterator,5,1,0,2,0,9,17
jsoup-1.21.2,2025-08-25,org.jsoup.parser.TokeniserState$Anonymous56,10,1,0,2,0,5,28
jsoup-1.21.2,2025-08-25,org.jsoup.select.StructuralEvaluator$Not,4,3,0,4,6,3,14
jsoup-1.21.2,2025-08-25,org.jsoup.parser.CharacterReader,163,1,0,7,482,50,417
jsoup-1.21.2,2025-08-25,org.jsoup.select.Evaluator$IsFirstChild,4,2,0,3,1,2,9
jsoup-1.21.2,2025-08-25,org.jsoup.parser.TokeniserState$Anonymous60,10,1,0,2,0,5,26
jsoup-1.21.2,2025-08-25,org.jsoup.parser.TokeniserState$Anonymous61,10,1,0,2,0,5,25
jsoup-1.21.2,2025-08-25,org.jsoup.parser.TokeniserState$Anonymous62,10,1,0,2,0,5,28
jsoup-1.21.2,2025-08-25,org.jsoup.parser.TokeniserState$Anonymous63,10,1,0,2,0,5,25
jsoup-1.21.2,2025-08-25,org.jsoup.select.StructuralEvaluator$Root,4,2,0,2,3,0,11
jsoup-1.21.2,2025-08-25,org.jsoup.helper.HttpConnection$Response,114,2,0,27,174,125,367
jsoup-1.21.2,2025-08-25,org.jsoup.select.NodeVisitor,3,1,0,2,3,1,8
jsoup-1.21.2,2025-08-25,org.jsoup.select.NodeEvaluator,4,10,8,5,6,1,71
jsoup-1.21.2,2025-08-25,org.jsoup.safety.Safelist$Protocol,2,2,0,2,1,0,8
jsoup-1.21.2,2025-08-25,org.jsoup.parser.CharacterReader$CharPredicate,1,1,0,0,0,0,3
jsoup-1.21.2,2025-08-25,org.jsoup.parser.Token$EOF,3,2,0,2,3,1,12
jsoup-1.21.2,2025-08-25,org.jsoup.parser.Token$StartTag,7,3,0,6,6,8,21
jsoup-1.21.2,2025-08-25,org.jsoup.select.Evaluator$AttributeWithValueStarting,4,3,0,4,6,5,14
jsoup-1.21.2,2025-08-25,org.jsoup.parser.TagSet,30,1,0,5,71,23,118
jsoup-1.21.2,2025-08-25,org.jsoup.nodes.DocumentType,19,3,0,8,10,11,52
jsoup-1.21.2,2025-08-25,org.jsoup.Connection$Request,28,1,0,6,378,0,40
jsoup-1.21.2,2025-08-25,org.jsoup.examples.HtmlToPlainText,11,1,0,9,3,17,88
jsoup-1.21.2,2025-08-25,org.jsoup.HttpStatusException,3,4,0,0,0,0,15
jsoup-1.21.2,2025-08-25,org.jsoup.select.QueryParser,131,1,0,67,141,70,315
jsoup-1.21.2,2025-08-25,org.jsoup.select.Evaluator$MatchesWholeText,4,2,0,2,0,4,16
jsoup-1.21.2,2025-08-25,org.jsoup.parser.HtmlTreeBuilderState$Anonymous23,9,1,0,4,0,12,20
jsoup-1.21.2,2025-08-25,org.jsoup.nodes.NodeUtils,7,1,0,14,10,13,28
jsoup-1.21.2,2025-08-25,org.jsoup.parser.HtmlTreeBuilderState$Anonymous22,7,1,0,5,0,17,22
jsoup-1.21.2,2025-08-25,org.jsoup.select.Evaluator$Matches,4,2,0,2,0,4,16
jsoup-1.21.2,2025-08-25,org.jsoup.parser.HtmlTreeBuilderState$Anonymous24,26,1,0,17,1,34,58
jsoup-1.21.2,2025-08-25,org.jsoup.select.Evaluator$IsOnlyChild,3,2,0,3,1,3,9
jsoup-1.21.2,2025-08-25,org.jsoup.Connection$Method,2,1,0,0,0,0,9
jsoup-1.21.2,2025-08-25,org.jsoup.helper.HttpConnection$Base,38,1,0,9,89,30,142
jsoup-1.21.2,2025-08-25,org.jsoup.parser.TokenQueue,106,1,0,5,65,52,301
jsoup-1.21.2,2025-08-25,org.jsoup.parser.ParseSettings,12,1,0,3,0,4,41
jsoup-1.21.2,2025-08-25,org.jsoup.select.NodeFilter,3,1,0,3,3,1,15
jsoup-1.21.2,2025-08-25,org.jsoup.parser.HtmlTreeBuilderState$Anonymous21,11,1,0,4,0,17,30
jsoup-1.21.2,2025-08-25,org.jsoup.parser.HtmlTreeBuilderState$Anonymous20,16,1,0,6,0,22,50
jsoup-1.21.2,2025-08-25,org.jsoup.select.Evaluator$MatchesWholeOwnText,4,2,0,2,0,4,16
jsoup-1.21.2,2025-08-25,org.jsoup.parser.HtmlTreeBuilderState$Anonymous12,16,1,0,8,1,16,55
jsoup-1.21.2,2025-08-25,org.jsoup.parser.HtmlTreeBuilderState$Anonymous11,13,1,0,6,0,17,37
jsoup-1.21.2,2025-08-25,org.jsoup.parser.HtmlTreeBuilderState$Anonymous14,15,1,0,8,1,17,77
jsoup-1.21.2,2025-08-25,org.jsoup.internal.Functions,5,1,0,4,10,0,20
jsoup-1.21.2,2025-08-25,org.jsoup.parser.HtmlTreeBuilderState$Anonymous13,15,1,0,9,3,20,60
jsoup-1.21.2,2025-08-25,org.jsoup.parser.HtmlTreeBuilderState$Anonymous16,32,1,0,10,1,24,84
jsoup-1.21.2,2025-08-25,org.jsoup.helper.W3CDom$W3CBuilder,32,1,0,20,0,35,96
jsoup-1.21.2,2025-08-25,org.jsoup.parser.HtmlTreeBuilderState$Anonymous15,15,1,0,7,3,18,54
jsoup-1.21.2,2025-08-25,org.jsoup.parser.HtmlTreeBuilderState$Anonymous18,17,1,0,5,0,18,61
jsoup-1.21.2,2025-08-25,org.jsoup.parser.HtmlTreeBuilderState$Anonymous17,6,1,0,4,0,12,22
jsoup-1.21.2,2025-08-25,org.jsoup.parser.HtmlTreeBuilderState$Anonymous19,12,1,0,6,0,22,37
jsoup-1.21.2,2025-08-25,org.jsoup.select.Evaluator$ContainsOwnText,3,2,0,4,0,5,12
jsoup-1.21.2,2025-08-25,org.jsoup.parser.TokeniserState,31,1,0,8,13,26,1380
jsoup-1.21.2,2025-08-25,org.jsoup.select.Evaluator$IndexLessThan,5,3,0,2,3,2,11
jsoup-1.21.2,2025-08-25,org.jsoup.helper.RequestDispatch,7,1,0,5,0,6,26
jsoup-1.21.2,2025-08-25,org.jsoup.nodes.Entities$EscapeMode,8,1,0,2,3,6,26
jsoup-1.21.2,2025-08-25,org.jsoup.select.Evaluator$MatchText,7,2,0,6,6,10,25
jsoup-1.21.2,2025-08-25,org.jsoup.parser.HtmlTreeBuilderState$Anonymous10,7,1,0,7,0,18,39
jsoup-1.21.2,2025-08-25,org.jsoup.safety.Cleaner$ElementMeta,1,1,0,1,0,0,8
jsoup-1.21.2,2025-08-25,org.jsoup.select.Evaluator,12,59,61,9,36,4,615
jsoup-1.21.2,2025-08-25,org.jsoup.Connection,43,1,0,11,903,3,158
jsoup-1.21.2,2025-08-25,org.jsoup.internal.SoftPool,7,1,0,2,2,10,30
jsoup-1.21.2,2025-08-25,org.jsoup.select.Evaluator$IsRoot,5,2,0,3,3,1,12
jsoup-1.21.2,2025-08-25,org.jsoup.select.Nodes,40,4,0,6,325,34,129
jsoup-1.21.2,2025-08-25,org.jsoup.nodes.CDataNode,5,4,0,4,10,3,17
jsoup-1.21.2,2025-08-25,org.jsoup.select.Evaluator$IsLastChild,4,2,0,3,1,2,9
jsoup-1.21.2,2025-08-25,org.jsoup.select.Evaluator$IsNthLastChild,4,3,0,2,3,3,12
jsoup-1.21.2,2025-08-25,org.jsoup.helper.RequestAuthenticator,1,1,0,2,0,0,31
jsoup-1.21.2,2025-08-25,org.jsoup.parser.Token$TokenType,0,1,0,0,0,0,1
jsoup-1.21.2,2025-08-25,org.jsoup.nodes.Attribute,85,1,0,11,0,48,176
jsoup-1.21.2,2025-08-25,org.jsoup.nodes.Range$AttributeRange,10,1,0,3,0,7,29
jsoup-1.22.1,2026-01-01,org.jsoup.nodes.Document$QuirksMode,0,1,0,0,0,0,1
jsoup-1.22.1,2026-01-01,org.jsoup.helper.DataUtil,74,1,0,22,167,73,223
jsoup-1.22.1,2026-01-01,org.jsoup.Connection$Response,13,1,0,6,78,0,21
jsoup-1.22.1,2026-01-01,org.jsoup.nodes.Range,20,1,0,4,0,7,110
jsoup-1.22.1,2026-01-01,org.jsoup.select.Evaluator$IndexEvaluator,1,2,0,1,0,0,6
jsoup-1.22.1,2026-01-01,org.jsoup.select.Evaluator$IsOnlyOfType,8,2,0,4,1,5,17
jsoup-1.22.1,2026-01-01,org.jsoup.select.Evaluator$ContainsWholeText,4,2,0,2,0,3,15
jsoup-1.22.1,2026-01-01,org.jsoup.nodes.Entities$CoreCharset,3,1,0,1,0,2,6
jsoup-1.22.1,2026-01-01,org.jsoup.internal.ControllableInputStream,56,3,0,8,55,30,163
jsoup-1.22.1,2026-01-01,org.jsoup.safety.Cleaner,16,1,0,13,9,32,108
jsoup-1.22.1,2026-01-01,org.jsoup.nodes.Element,278,5,3,56,11056,212,885
jsoup-1.22.1,2026-01-01,org.jsoup.helper.HttpConnection,60,3,0,17,0,45,970
jsoup-1.22.1,2026-01-01,org.jsoup.helper.UrlBuilder,28,1,0,5,7,30,70
jsoup-1.22.1,2026-01-01,org.jsoup.helper.Regex,15,1,1,5,28,19,71
jsoup-1.22.1,2026-01-01,org.jsoup.select.NodeTraversor,40,1,0,7,6,14,98
jsoup-1.22.1,2026-01-01,org.jsoup.parser.Token$XmlDecl,7,3,0,4,1,5,17
jsoup-1.22.1,2026-01-01,org.jsoup.safety.Safelist$AttributeKey,2,2,0,3,1,1,8
jsoup-1.22.1,2026-01-01,org.jsoup.select.Evaluator$MatchesOwn,5,2,0,4,0,5,18
jsoup-1.22.1,2026-01-01,org.jsoup.select.StructuralEvaluator$Ancestor,8,3,0,4,6,4,19
jsoup-1.22.1,2026-01-01,org.jsoup.select.CombiningEvaluator$And,9,3,0,5,10,5,25
jsoup-1.22.1,2026-01-01,org.jsoup.nodes.NodeIterator,24,1,0,5,0,12,64
jsoup-1.22.1,2026-01-01,org.jsoup.parser.Token$EndTag,2,3,0,2,1,1,8
jsoup-1.22.1,2026-01-01,org.jsoup.helper.HttpConnection$Request,36,2,0,11,355,9,162
jsoup-1.22.1,2026-01-01,org.jsoup.nodes.Document,53,3,0,22,395,46,256
jsoup-1.22.1,2026-01-01,org.jsoup.Jsoup,26,1,0,11,276,25,85
jsoup-1.22.1,2026-01-01,org.jsoup.parser.HtmlTreeBuilder,268,2,0,29,4013,127,697
jsoup-1.22.1,2026-01-01,org.jsoup.helper.Regex$Matcher,1,1,0,0,0,0,3
jsoup-1.22.1,2026-01-01,org.jsoup.nodes.FormElement,27,3,0,18,15,32,69
jsoup-1.22.1,2026-01-01,org.jsoup.UnsupportedMimeTypeException,4,4,0,0,0,1,18
jsoup-1.22.1,2026-01-01,org.jsoup.select.StructuralEvaluator,7,17,14,5,9,9,208
jsoup-1.22.1,2026-01-01,org.jsoup.internal.SimpleBufferedInput,46,3,0,5,9,12,118
jsoup-1.22.1,2026-01-01,org.jsoup.select.NodeEvaluator$InstanceType,4,3,0,2,2,1,18
jsoup-1.22.1,2026-01-01,org.jsoup.helper.AuthenticationHandler$GlobalHandler,4,1,0,3,0,4,15
jsoup-1.22.1,2026-01-01,org.jsoup.parser.StreamParser$ElementIterator,20,1,0,7,0,11,58
jsoup-1.22.1,2026-01-01,org.jsoup.select.NodeEvaluator$MatchesValue,4,3,0,4,0,4,15
jsoup-1.22.1,2026-01-01,org.jsoup.nodes.EntitiesData,1,1,0,0,0,0,10
jsoup-1.22.1,2026-01-01,org.jsoup.parser.StreamParser,20,1,0,12,87,28,142
jsoup-1.22.1,2026-01-01,org.jsoup.select.Evaluator$IndexEquals,4,3,0,2,3,2,11
jsoup-1.22.1,2026-01-01,org.jsoup.select.Selector$SelectorParseException,3,5,0,0,3,1,11
jsoup-1.22.1,2026-01-01,org.jsoup.parser.Token$Tag,46,2,0,16,160,33,139
jsoup-1.22.1,2026-01-01,org.jsoup.nodes.XmlDeclaration,14,3,0,8,34,17,46
jsoup-1.22.1,2026-01-01,org.jsoup.parser.Token$Doctype,8,2,0,4,18,4,37
jsoup-1.22.1,2026-01-01,org.jsoup.helper.UrlConnectionExecutor,26,2,0,9,0,45,83
jsoup-1.22.1,2026-01-01,org.jsoup.select.Evaluator$TagEndsWith,3,2,0,2,0,3,12
jsoup-1.22.1,2026-01-01,org.jsoup.helper.CookieUtil,20,1,0,9,10,31,68
jsoup-1.22.1,2026-01-01,org.jsoup.nodes.Printer$Outline,9,3,0,6,3,3,15
jsoup-1.22.1,2026-01-01,org.jsoup.nodes.Element$TextAccumulator,15,1,0,5,0,8,23
jsoup-1.22.1,2026-01-01,org.jsoup.select.Evaluator$Tag,4,2,0,3,0,2,15
jsoup-1.22.1,2026-01-01,org.jsoup.nodes.Document$OutputSettings$Syntax,0,1,0,0,0,0,1
jsoup-1.22.1,2026-01-01,org.jsoup.internal.StringUtil,85,1,0,6,313,54,198
jsoup-1.22.1,2026-01-01,org.jsoup.parser.TokeniserState$Anonymous24,6,1,0,2,0,6,25
jsoup-1.22.1,2026-01-01,org.jsoup.parser.TokeniserState$Anonymous25,3,1,0,3,0,8,19
jsoup-1.22.1,2026-01-01,org.jsoup.parser.TokeniserState$Anonymous26,2,1,0,4,0,8,14
jsoup-1.22.1,2026-01-01,org.jsoup.parser.TokeniserState$Anonymous27,1,1,0,3,0,1,5
jsoup-1.22.1,2026-01-01,org.jsoup.parser.TokeniserState$Anonymous20,2,1,0,2,0,4,11
jsoup-1.22.1,2026-01-01,org.jsoup.parser.TokeniserState$Anonymous21,2,1,0,2,0,4,11
jsoup-1.22.1,2026-01-01,org.jsoup.parser.TokeniserState$Anonymous22,5,1,0,2,0,10,22
jsoup-1.22.1,2026-01-01,org.jsoup.internal.QuietAppendable$BaseAppendable$Action,1,1,0,0,0,0,3
jsoup-1.22.1,2026-01-01,org.jsoup.parser.TokeniserState$Anonymous23,5,1,0,2,0,6,23
jsoup-1.22.1,2026-01-01,org.jsoup.parser.Tokeniser,74,1,0,24,129,60,230
jsoup-1.22.1,2026-01-01,org.jsoup.nodes.Comment,12,3,0,8,36,12,35
jsoup-1.22.1,2026-01-01,org.jsoup.select.Evaluator$IndexGreaterThan,4,3,0,2,3,2,11
jsoup-1.22.1,2026-01-01,org.jsoup.nodes.LeafNode,28,2,5,8,138,17,86
jsoup-1.22.1,2026-01-01,org.jsoup.parser.TokeniserState$Anonymous28,1,1,0,3,0,1,5
jsoup-1.22.1,2026-01-01,org.jsoup.parser.TokeniserState$Anonymous29,5,1,0,2,0,9,22
jsoup-1.22.1,2026-01-01,org.jsoup.helper.RequestAuthenticator$Context,9,1,0,0,5,1,28
jsoup-1.22.1,2026-01-01,org.jsoup.internal.SimpleStreamReader,22,2,0,6,0,27,59
jsoup-1.22.1,2026-01-01,org.jsoup.select.Selector,19,5,0,10,66,15,83
jsoup-1.22.1,2026-01-01,org.jsoup.select.Evaluator$AttributeWithValueEnding,4,3,0,4,6,5,14
jsoup-1.22.1,2026-01-01,org.jsoup.select.StructuralEvaluator$ImmediatePreviousSibling,7,3,0,4,6,5,16
jsoup-1.22.1,2026-01-01,org.jsoup.parser.TokeniserState$Anonymous30,5,1,0,2,0,5,22
jsoup-1.22.1,2026-01-01,org.jsoup.safety.Safelist$AttributeValue,2,2,0,2,1,0,8
jsoup-1.22.1,2026-01-01,org.jsoup.select.NodeEvaluator$ContainsValue,4,3,0,4,0,5,15
jsoup-1.22.1,2026-01-01,org.jsoup.helper.HttpConnection$KeyVal,14,1,0,4,10,4,56
jsoup-1.22.1,2026-01-01,org.jsoup.parser.HtmlTreeBuilderState$Anonymous5,16,1,0,8,1,18,33
jsoup-1.22.1,2026-01-01,org.jsoup.parser.TokeniserState$Anonymous35,16,1,0,4,0,9,31
jsoup-1.22.1,2026-01-01,org.jsoup.parser.HtmlTreeBuilderState$Anonymous4,23,1,0,13,1,36,91
jsoup-1.22.1,2026-01-01,org.jsoup.parser.TokeniserState$Anonymous36,14,1,0,3,0,9,30
jsoup-1.22.1,2026-01-01,org.jsoup.parser.HtmlTreeBuilderState$Anonymous7,207,1,0,19,10,94,548
jsoup-1.22.1,2026-01-01,org.jsoup.parser.TokeniserState$Anonymous37,15,1,0,3,0,8,33
jsoup-1.22.1,2026-01-01,org.jsoup.parser.HtmlTreeBuilderState$Anonymous6,14,1,0,9,1,25,65
jsoup-1.22.1,2026-01-01,org.jsoup.parser.TokeniserState$Anonymous38,7,1,0,4,0,12,25
jsoup-1.22.1,2026-01-01,org.jsoup.parser.HtmlTreeBuilderState$Anonymous1,7,1,0,9,0,23,25
jsoup-1.22.1,2026-01-01,org.jsoup.parser.TokeniserState$Anonymous31,6,1,0,2,0,5,24
jsoup-1.22.1,2026-01-01,org.jsoup.parser.TokeniserState$Anonymous32,2,1,0,2,0,5,12
jsoup-1.22.1,2026-01-01,org.jsoup.parser.HtmlTreeBuilderState$Anonymous3,11,1,0,7,0,21,35
jsoup-1.22.1,2026-01-01,org.jsoup.parser.TokeniserState$Anonymous33,1,1,0,3,0,1,5
jsoup-1.22.1,2026-01-01,org.jsoup.parser.HtmlTreeBuilderState$Anonymous2,10,1,0,7,1,20,34
jsoup-1.22.1,2026-01-01,org.jsoup.parser.TokeniserState$Anonymous34,15,1,0,4,0,9,30
jsoup-1.22.1,2026-01-01,org.jsoup.parser.HtmlTreeBuilderState$Anonymous9,29,1,0,10,1,38,121
jsoup-1.22.1,2026-01-01,org.jsoup.parser.TokeniserState$Anonymous39,7,1,0,4,0,12,25
jsoup-1.22.1,2026-01-01,org.jsoup.parser.HtmlTreeBuilderState$Anonymous8,5,1,0,3,0,11,19
jsoup-1.22.1,2026-01-01,org.jsoup.nodes.Node,160,1,2,19,2371,102,437
jsoup-1.22.1,2026-01-01,org.jsoup.safety.Safelist$TypedValue,7,1,0,2,0,4,19
jsoup-1.22.1,2026-01-01,org.jsoup.parser.HtmlTreeBuilderState,10,1,0,13,6,16,1732
jsoup-1.22.1,2026-01-01,org.jsoup.helper.DataUtil$CharsetDoc,1,1,0,2,0,0,10
jsoup-1.22.1,2026-01-01,org.jsoup.helper.AuthenticationHandler,9,2,0,6,1,8,53
jsoup-1.22.1,2026-01-01,org.jsoup.select.Evaluator$AttributeStarting,6,2,0,6,0,7,20
jsoup-1.22.1,2026-01-01,org.jsoup.parser.TokeniserState$Anonymous40,17,1,0,4,0,12,30
jsoup-1.22.1,2026-01-01,org.jsoup.nodes.DataNode,10,3,0,5,15,8,29
jsoup-1.22.1,2026-01-01,org.jsoup.parser.TokeniserState$Anonymous41,11,1,0,4,0,6,21
jsoup-1.22.1,2026-01-01,org.jsoup.nodes.Attributes,113,2,0,12,400,52,370
jsoup-1.22.1,2026-01-01,org.jsoup.helper.W3CDom,40,1,0,18,135,57,239
jsoup-1.22.1,2026-01-01,org.jsoup.parser.XmlTreeBuilder,56,2,0,33,217,84,188
jsoup-1.22.1,2026-01-01,org.jsoup.helper.RequestExecutor,4,1,1,3,6,0,11
jsoup-1.22.1,2026-01-01,org.jsoup.nodes.Document$OutputSettings,21,1,0,4,102,9,80
jsoup-1.22.1,2026-01-01,org.jsoup.select.CombiningEvaluator,11,6,4,2,0,11,105
jsoup-1.22.1,2026-01-01,org.jsoup.select.Evaluator$ContainsData,3,2,0,3,0,4,12
jsoup-1.22.1,2026-01-01,org.jsoup.nodes.Printer,14,4,2,13,0,18,164
jsoup-1.22.1,2026-01-01,org.jsoup.internal.Normalizer,6,1,0,3,6,5,14
jsoup-1.22.1,2026-01-01,org.jsoup.nodes.Attributes$Dataset$EntrySet,3,3,0,1,1,1,11
jsoup-1.22.1,2026-01-01,org.jsoup.nodes.Attributes$Dataset,4,4,0,2,1,4,43
jsoup-1.22.1,2026-01-01,org.jsoup.parser.TokeniserState$Anonymous13,13,1,0,5,1,12,32
jsoup-1.22.1,2026-01-01,org.jsoup.parser.TokeniserState$Anonymous14,2,1,0,2,0,5,12
jsoup-1.22.1,2026-01-01,org.jsoup.helper.Validate,40,1,0,4,210,4,69
jsoup-1.22.1,2026-01-01,org.jsoup.parser.TokeniserState$Anonymous15,1,1,0,3,0,1,5
jsoup-1.22.1,2026-01-01,org.jsoup.parser.TokeniserState$Anonymous16,1,1,0,3,0,1,5
jsoup-1.22.1,2026-01-01,org.jsoup.select.StructuralEvaluator$ImmediateParentRun,11,3,0,5,0,10,36
jsoup-1.22.1,2026-01-01,org.jsoup.parser.TokeniserState$Anonymous10,10,1,0,3,0,7,22
jsoup-1.22.1,2026-01-01,org.jsoup.parser.TokeniserState$Anonymous11,6,1,0,3,0,13,17
jsoup-1.22.1,2026-01-01,org.jsoup.parser.TokeniserState$Anonymous12,2,1,0,4,0,8,14
jsoup-1.22.1,2026-01-01,org.jsoup.select.StructuralEvaluator$Is,4,3,0,4,6,3,14
jsoup-1.22.1,2026-01-01,org.jsoup.parser.TokeniserState$Anonymous17,4,1,0,2,0,7,19
jsoup-1.22.1,2026-01-01,org.jsoup.parser.TokeniserState$Anonymous18,1,1,0,3,0,1,5
jsoup-1.22.1,2026-01-01,org.jsoup.parser.TokeniserState$Anonymous19,1,1,0,3,0,1,5
jsoup-1.22.1,2026-01-01,org.jsoup.select.Evaluator$CssNthEvaluator,13,2,0,4,9,4,24
jsoup-1.22.1,2026-01-01,org.jsoup.parser.Token$Comment,6,2,0,3,3,6,27
jsoup-1.22.1,2026-01-01,org.jsoup.select.Evaluator$IsFirstOfType,2,4,0,1,1,0,8
jsoup-1.22.1,2026-01-01,org.jsoup.helper.Regex$JdkMatcher,2,1,0,1,0,1,9
jsoup-1.22.1,2026-01-01,org.jsoup.nodes.Element$NodeList,3,4,0,1,3,0,12
jsoup-1.22.1,2026-01-01,org.jsoup.parser.TokeniserState$Anonymous68,3,1,0,4,0,7,10
jsoup-1.22.1,2026-01-01,org.jsoup.examples.Wikipedia,3,1,0,7,1,9,13
jsoup-1.22.1,2026-01-01,org.jsoup.parser.ParseError,8,1,0,1,0,4,37
jsoup-1.22.1,2026-01-01,org.jsoup.safety.Safelist,59,5,0,12,97,86,289
jsoup-1.22.1,2026-01-01,org.jsoup.parser.TokeniserState$Anonymous64,5,1,0,3,0,6,23
jsoup-1.22.1,2026-01-01,org.jsoup.parser.TokeniserState$Anonymous65,5,1,0,3,0,6,23
jsoup-1.22.1,2026-01-01,org.jsoup.parser.TokenData,23,1,0,3,0,12,74
jsoup-1.22.1,2026-01-01,org.jsoup.parser.TreeBuilder,63,1,2,22,316,67,202
jsoup-1.22.1,2026-01-01,org.jsoup.parser.TokeniserState$Anonymous66,8,1,0,2,0,5,18
jsoup-1.22.1,2026-01-01,org.jsoup.parser.TokeniserState$Anonymous67,3,1,0,2,0,3,14
jsoup-1.22.1,2026-01-01,org.jsoup.nodes.PseudoTextElement,3,3,0,5,3,0,9
jsoup-1.22.1,2026-01-01,org.jsoup.parser.TokeniserState$Anonymous1,5,1,0,3,0,8,18
jsoup-1.22.1,2026-01-01,org.jsoup.select.Evaluator$TagStartsWith,3,2,0,2,0,3,12
jsoup-1.22.1,2026-01-01,org.jsoup.parser.Parser,38,1,0,13,271,28,147
jsoup-1.22.1,2026-01-01,org.jsoup.select.Evaluator$IsEmpty,8,2,0,7,1,3,14
jsoup-1.22.1,2026-01-01,org.jsoup.parser.TokeniserState$Anonymous7,3,1,0,3,0,7,15
jsoup-1.22.1,2026-01-01,org.jsoup.parser.TokeniserState$Anonymous6,1,1,0,3,0,1,5
jsoup-1.22.1,2026-01-01,org.jsoup.parser.TokeniserState$Anonymous9,4,1,0,3,0,11,23
jsoup-1.22.1,2026-01-01,org.jsoup.select.Evaluator$AttributeWithValueMatching,5,2,0,6,0,8,20
jsoup-1.22.1,2026-01-01,org.jsoup.parser.TokeniserState$Anonymous8,6,1,0,2,0,8,28
jsoup-1.22.1,2026-01-01,org.jsoup.nodes.Range$Position,15,1,0,1,0,2,34
jsoup-1.22.1,2026-01-01,org.jsoup.parser.TokeniserState$Anonymous3,5,1,0,3,0,8,19
jsoup-1.22.1,2026-01-01,org.jsoup.helper.Re2jRegex,6,2,0,6,0,5,34
jsoup-1.22.1,2026-01-01,org.jsoup.parser.TokeniserState$Anonymous2,1,1,0,3,0,1,5
jsoup-1.22.1,2026-01-01,org.jsoup.parser.TokeniserState$Anonymous5,1,1,0,3,0,1,5
jsoup-1.22.1,2026-01-01,org.jsoup.parser.TokeniserState$Anonymous4,1,1,0,3,0,1,5
jsoup-1.22.1,2026-01-01,org.jsoup.examples.ListLinks,9,1,0,8,3,15,31
jsoup-1.22.1,2026-01-01,org.jsoup.select.Evaluator$IsNthChild,3,3,0,2,3,1,11
jsoup-1.22.1,2026-01-01,org.jsoup.parser.HtmlTreeBuilderState$Constants,0,1,0,0,0,0,41
jsoup-1.22.1,2026-01-01,org.jsoup.safety.Safelist$TagName,2,2,0,3,1,1,8
jsoup-1.22.1,2026-01-01,org.jsoup.helper.AuthenticationHandler$AuthShim,3,1,0,3,3,0,5
jsoup-1.22.1,2026-01-01,org.jsoup.select.Evaluator$Class,4,2,0,2,0,2,15
jsoup-1.22.1,2026-01-01,org.jsoup.nodes.Attributes$Anonymous1,10,1,0,3,0,3,30
jsoup-1.22.1,2026-01-01,org.jsoup.select.StructuralEvaluator$Has,17,3,0,11,13,12,50
jsoup-1.22.1,2026-01-01,org.jsoup.nodes.Printer$Pretty,61,2,0,12,69,31,107
jsoup-1.22.1,2026-01-01,org.jsoup.parser.Token,26,14,10,10,136,2,376
jsoup-1.22.1,2026-01-01,org.jsoup.safety.Cleaner$CleaningVisitor,11,1,0,8,0,9,42
jsoup-1.22.1,2026-01-01,org.jsoup.select.Evaluator$AttributeKeyPair,3,2,0,3,0,9,18
jsoup-1.22.1,2026-01-01,org.jsoup.select.Evaluator$ContainsWholeOwnText,3,2,0,2,0,3,12
jsoup-1.22.1,2026-01-01,org.jsoup.select.Evaluator$IsNthLastOfType,6,3,0,3,3,4,19
jsoup-1.22.1,2026-01-01,org.jsoup.internal.QuietAppendable$StringBuilderAppendable,5,2,0,3,0,4,21
jsoup-1.22.1,2026-01-01,org.jsoup.parser.Tag,52,1,0,5,90,13,135
jsoup-1.22.1,2026-01-01,org.jsoup.parser.Token$Character,10,2,0,3,0,10,38
jsoup-1.22.1,2026-01-01,org.jsoup.select.Evaluator$IsLastOfType,2,4,0,1,1,0,8
jsoup-1.22.1,2026-01-01,org.jsoup.select.Evaluator$Attribute,4,2,0,3,0,2,15
jsoup-1.22.1,2026-01-01,org.jsoup.internal.StringUtil$StringJoiner,5,1,0,4,0,5,25
jsoup-1.22.1,2026-01-01,org.jsoup.select.NodeFilter$FilterResult,0,1,0,0,0,0,6
jsoup-1.22.1,2026-01-01,org.jsoup.Connection$KeyVal,9,1,0,2,36,0,11
jsoup-1.22.1,2026-01-01,org.jsoup.nodes.Entities,85,1,0,11,176,48,247
jsoup-1.22.1,2026-01-01,org.jsoup.internal.SharedConstants,1,1,0,0,0,0,14
jsoup-1.22.1,2026-01-01,org.jsoup.parser.Token$CData,2,3,0,1,1,2,9
jsoup-1.22.1,2026-01-01,org.jsoup.select.Evaluator$AttributeWithValueContaining,4,3,0,4,6,5,14
jsoup-1.22.1,2026-01-01,org.jsoup.select.Elements,102,5,0,17,1770,61,273
jsoup-1.22.1,2026-01-01,org.jsoup.select.Evaluator$AllElements,3,2,0,2,3,0,11
jsoup-1.22.1,2026-01-01,org.jsoup.parser.TokeniserState$Anonymous46,5,1,0,3,0,7,23
jsoup-1.22.1,2026-01-01,org.jsoup.parser.TokeniserState$Anonymous47,5,1,0,3,0,6,23
jsoup-1.22.1,2026-01-01,org.jsoup.parser.TokeniserState$Anonymous48,4,1,0,3,0,10,18
jsoup-1.22.1,2026-01-01,org.jsoup.parser.TokeniserState$Anonymous49,4,1,0,3,0,6,19
jsoup-1.22.1,2026-01-01,org.jsoup.parser.TokeniserState$Anonymous42,3,1,0,2,0,6,17
jsoup-1.22.1,2026-01-01,org.jsoup.nodes.TextNode,19,3,1,8,91,19,55
jsoup-1.22.1,2026-01-01,org.jsoup.parser.TokeniserState$Anonymous43,3,1,0,3,0,6,11
jsoup-1.22.1,2026-01-01,org.jsoup.parser.TokeniserState$Anonymous44,6,1,0,2,0,9,26
jsoup-1.22.1,2026-01-01,org.jsoup.select.Evaluator$AttributeWithValue,4,3,0,3,6,4,14
jsoup-1.22.1,2026-01-01,org.jsoup.parser.TokeniserState$Anonymous45,2,1,0,3,0,6,14
jsoup-1.22.1,2026-01-01,org.jsoup.select.Evaluator$AttributeWithValueNot,4,3,0,3,6,3,14
jsoup-1.22.1,2026-01-01,org.jsoup.internal.QuietAppendable$BaseAppendable,6,2,0,5,0,4,27
jsoup-1.22.1,2026-01-01,org.jsoup.parser.ParseErrorList,8,4,0,2,1,2,28
jsoup-1.22.1,2026-01-01,org.jsoup.SerializationException,4,4,0,0,6,0,14
jsoup-1.22.1,2026-01-01,org.jsoup.select.CombiningEvaluator$Or,11,3,0,6,15,8,31
jsoup-1.22.1,2026-01-01,org.jsoup.select.Evaluator$ContainsText,4,2,0,4,0,5,15
jsoup-1.22.1,2026-01-01,org.jsoup.Connection$Base,18,1,0,4,153,0,20
jsoup-1.22.1,2026-01-01,org.jsoup.parser.TokeniserState$Anonymous50,6,1,0,3,0,7,24
jsoup-1.22.1,2026-01-01,org.jsoup.Progress,1,1,0,1,0,0,3
jsoup-1.22.1,2026-01-01,org.jsoup.parser.TokeniserState$Anonymous51,5,1,0,3,0,7,23
jsoup-1.22.1,2026-01-01,org.jsoup.select.Evaluator$IsNthOfType,7,3,0,3,3,6,20
jsoup-1.22.1,2026-01-01,org.jsoup.select.Evaluator$Id,4,2,0,2,0,3,15
jsoup-1.22.1,2026-01-01,org.jsoup.parser.TokeniserState$Anonymous52,8,1,0,2,0,6,18
jsoup-1.22.1,2026-01-01,org.jsoup.select.StructuralEvaluator$PreviousSibling,8,3,0,4,6,5,19
jsoup-1.22.1,2026-01-01,org.jsoup.parser.TokeniserState$Anonymous57,10,1,0,2,0,5,25
jsoup-1.22.1,2026-01-01,org.jsoup.parser.TokeniserState$Anonymous58,5,1,0,3,0,6,23
jsoup-1.22.1,2026-01-01,org.jsoup.parser.TokeniserState$Anonymous59,5,1,0,3,0,6,23
jsoup-1.22.1,2026-01-01,org.jsoup.internal.QuietAppendable,5,3,4,4,6,0,57
jsoup-1.22.1,2026-01-01,org.jsoup.examples.HtmlToPlainText$FormattingVisitor,18,1,0,5,4,14,44
jsoup-1.22.1,2026-01-01,org.jsoup.select.NodeEvaluator$BlankValue,3,3,0,3,3,2,11
jsoup-1.22.1,2026-01-01,org.jsoup.parser.TokeniserState$Anonymous53,9,1,0,3,0,8,27
jsoup-1.22.1,2026-01-01,org.jsoup.select.Collector,8,1,0,8,21,19,31
jsoup-1.22.1,2026-01-01,org.jsoup.parser.TokeniserState$Anonymous54,10,1,0,3,0,9,26
jsoup-1.22.1,2026-01-01,org.jsoup.parser.TokeniserState$Anonymous55,6,1,0,2,0,10,29
jsoup-1.22.1,2026-01-01,org.jsoup.helper.ValidationException,4,5,0,2,1,8,17
jsoup-1.22.1,2026-01-01,org.jsoup.nodes.Attributes$Dataset$DatasetIterator,5,1,0,2,0,9,17
jsoup-1.22.1,2026-01-01,org.jsoup.parser.TokeniserState$Anonymous56,10,1,0,2,0,5,28
jsoup-1.22.1,2026-01-01,org.jsoup.select.StructuralEvaluator$Not,4,3,0,4,6,3,14
jsoup-1.22.1,2026-01-01,org.jsoup.parser.CharacterReader,163,1,0,7,482,50,417
jsoup-1.22.1,2026-01-01,org.jsoup.select.Evaluator$IsFirstChild,4,2,0,3,1,2,9
jsoup-1.22.1,2026-01-01,org.jsoup.parser.TokeniserState$Anonymous60,10,1,0,2,0,5,26
jsoup-1.22.1,2026-01-01,org.jsoup.parser.TokeniserState$Anonymous61,10,1,0,2,0,5,25
jsoup-1.22.1,2026-01-01,org.jsoup.parser.TokeniserState$Anonymous62,10,1,0,2,0,5,28
jsoup-1.22.1,2026-01-01,org.jsoup.parser.TokeniserState$Anonymous63,10,1,0,2,0,5,25
jsoup-1.22.1,2026-01-01,org.jsoup.select.StructuralEvaluator$Root,4,2,0,2,3,0,11
jsoup-1.22.1,2026-01-01,org.jsoup.helper.HttpConnection$Response,114,2,0,27,174,125,367
jsoup-1.22.1,2026-01-01,org.jsoup.select.NodeVisitor,3,1,0,2,3,1,8
jsoup-1.22.1,2026-01-01,org.jsoup.select.NodeEvaluator,4,10,8,5,6,1,71
jsoup-1.22.1,2026-01-01,org.jsoup.safety.Safelist$Protocol,2,2,0,2,1,0,8
jsoup-1.22.1,2026-01-01,org.jsoup.parser.CharacterReader$CharPredicate,1,1,0,0,0,0,3
jsoup-1.22.1,2026-01-01,org.jsoup.parser.Token$EOF,3,2,0,2,3,1,12
jsoup-1.22.1,2026-01-01,org.jsoup.parser.Token$StartTag,7,3,0,6,6,8,21
jsoup-1.22.1,2026-01-01,org.jsoup.select.Evaluator$AttributeWithValueStarting,4,3,0,4,6,5,14
jsoup-1.22.1,2026-01-01,org.jsoup.parser.TagSet,36,1,0,5,84,33,134
jsoup-1.22.1,2026-01-01,org.jsoup.nodes.DocumentType,19,3,0,8,10,11,52
jsoup-1.22.1,2026-01-01,org.jsoup.Connection$Request,28,1,0,6,378,0,40
jsoup-1.22.1,2026-01-01,org.jsoup.examples.HtmlToPlainText,11,1,0,9,3,17,88
jsoup-1.22.1,2026-01-01,org.jsoup.HttpStatusException,3,4,0,0,0,0,15
jsoup-1.22.1,2026-01-01,org.jsoup.select.QueryParser,131,1,0,68,141,72,318
jsoup-1.22.1,2026-01-01,org.jsoup.select.Evaluator$MatchesWholeText,5,2,0,4,0,5,18
jsoup-1.22.1,2026-01-01,org.jsoup.parser.HtmlTreeBuilderState$Anonymous23,9,1,0,4,0,12,20
jsoup-1.22.1,2026-01-01,org.jsoup.nodes.NodeUtils,7,1,0,14,10,13,28
jsoup-1.22.1,2026-01-01,org.jsoup.parser.HtmlTreeBuilderState$Anonymous22,7,1,0,5,0,17,22
jsoup-1.22.1,2026-01-01,org.jsoup.select.Evaluator$Matches,5,2,0,4,0,5,18
jsoup-1.22.1,2026-01-01,org.jsoup.parser.HtmlTreeBuilderState$Anonymous24,25,1,0,17,1,34,57
jsoup-1.22.1,2026-01-01,org.jsoup.select.Evaluator$IsOnlyChild,3,2,0,3,1,3,9
jsoup-1.22.1,2026-01-01,org.jsoup.Connection$Method,2,1,0,0,0,0,9
jsoup-1.22.1,2026-01-01,org.jsoup.helper.HttpConnection$Base,38,1,0,9,89,30,142
jsoup-1.22.1,2026-01-01,org.jsoup.parser.TokenQueue,106,1,0,5,65,52,301
jsoup-1.22.1,2026-01-01,org.jsoup.parser.ParseSettings,12,1,0,3,0,4,41
jsoup-1.22.1,2026-01-01,org.jsoup.select.NodeFilter,3,1,0,3,3,1,15
jsoup-1.22.1,2026-01-01,org.jsoup.parser.HtmlTreeBuilderState$Anonymous21,11,1,0,4,0,17,30
jsoup-1.22.1,2026-01-01,org.jsoup.parser.HtmlTreeBuilderState$Anonymous20,16,1,0,6,0,22,50
jsoup-1.22.1,2026-01-01,org.jsoup.select.Evaluator$MatchesWholeOwnText,5,2,0,4,0,5,19
jsoup-1.22.1,2026-01-01,org.jsoup.parser.HtmlTreeBuilderState$Anonymous12,16,1,0,8,1,16,55
jsoup-1.22.1,2026-01-01,org.jsoup.parser.HtmlTreeBuilderState$Anonymous11,13,1,0,6,0,17,37
jsoup-1.22.1,2026-01-01,org.jsoup.parser.HtmlTreeBuilderState$Anonymous14,15,1,0,8,1,17,77
jsoup-1.22.1,2026-01-01,org.jsoup.internal.Functions,5,1,0,4,10,0,20
jsoup-1.22.1,2026-01-01,org.jsoup.parser.HtmlTreeBuilderState$Anonymous13,15,1,0,9,3,20,60
jsoup-1.22.1,2026-01-01,org.jsoup.parser.HtmlTreeBuilderState$Anonymous16,31,1,0,9,1,23,77
jsoup-1.22.1,2026-01-01,org.jsoup.helper.W3CDom$W3CBuilder,32,1,0,20,0,35,96
jsoup-1.22.1,2026-01-01,org.jsoup.parser.HtmlTreeBuilderState$Anonymous15,15,1,0,7,3,18,54
jsoup-1.22.1,2026-01-01,org.jsoup.parser.HtmlTreeBuilderState$Anonymous18,17,1,0,5,0,18,61
jsoup-1.22.1,2026-01-01,org.jsoup.parser.HtmlTreeBuilderState$Anonymous17,6,1,0,4,0,12,22
jsoup-1.22.1,2026-01-01,org.jsoup.parser.HtmlTreeBuilderState$Anonymous19,12,1,0,6,0,22,37
jsoup-1.22.1,2026-01-01,org.jsoup.select.Evaluator$ContainsOwnText,3,2,0,4,0,5,12
jsoup-1.22.1,2026-01-01,org.jsoup.parser.TokeniserState,31,1,0,8,13,26,1380
jsoup-1.22.1,2026-01-01,org.jsoup.select.Evaluator$IndexLessThan,5,3,0,2,3,2,11
jsoup-1.22.1,2026-01-01,org.jsoup.helper.RequestDispatch,7,1,0,5,0,6,26
jsoup-1.22.1,2026-01-01,org.jsoup.nodes.Entities$EscapeMode,8,1,0,2,3,6,26
jsoup-1.22.1,2026-01-01,org.jsoup.select.Evaluator$MatchText,7,2,0,6,6,10,25
jsoup-1.22.1,2026-01-01,org.jsoup.parser.HtmlTreeBuilderState$Anonymous10,6,1,0,6,0,16,32
jsoup-1.22.1,2026-01-01,org.jsoup.safety.Cleaner$ElementMeta,1,1,0,1,0,0,8
jsoup-1.22.1,2026-01-01,org.jsoup.select.Evaluator,12,59,61,9,36,4,629
jsoup-1.22.1,2026-01-01,org.jsoup.Connection,43,1,0,11,903,3,158
jsoup-1.22.1,2026-01-01,org.jsoup.internal.SoftPool,7,1,0,2,2,10,30
jsoup-1.22.1,2026-01-01,org.jsoup.select.Evaluator$IsRoot,5,2,0,3,3,1,12
jsoup-1.22.1,2026-01-01,org.jsoup.select.Nodes,40,4,0,6,325,34,129
jsoup-1.22.1,2026-01-01,org.jsoup.nodes.CDataNode,5,4,0,4,10,3,17
jsoup-1.22.1,2026-01-01,org.jsoup.select.Evaluator$IsLastChild,4,2,0,3,1,2,9
jsoup-1.22.1,2026-01-01,org.jsoup.select.Evaluator$IsNthLastChild,4,3,0,2,3,3,12
jsoup-1.22.1,2026-01-01,org.jsoup.helper.RequestAuthenticator,1,1,0,2,0,0,31
jsoup-1.22.1,2026-01-01,org.jsoup.parser.Token$TokenType,0,1,0,0,0,0,1
jsoup-1.22.1,2026-01-01,org.jsoup.nodes.Attribute,85,1,0,11,0,48,176
jsoup-1.22.1,2026-01-01,org.jsoup.nodes.Range$AttributeRange,10,1,0,3,0,7,29
jsoup-1.22.1,2026-01-01,org.jsoup.helper.Re2jRegex$Re2jMatcher,2,1,0,2,0,1,9
jsoup-1.22.2,2026-04-20,org.jsoup.nodes.Document$QuirksMode,0,1,0,0,0,0,1
jsoup-1.22.2,2026-04-20,org.jsoup.helper.DataUtil,77,1,0,22,206,75,229
jsoup-1.22.2,2026-04-20,org.jsoup.Connection$Response,13,1,0,6,78,0,21
jsoup-1.22.2,2026-04-20,org.jsoup.nodes.Range,20,1,0,4,0,7,110
jsoup-1.22.2,2026-04-20,org.jsoup.select.Evaluator$IndexEvaluator,1,2,0,1,0,0,6
jsoup-1.22.2,2026-04-20,org.jsoup.select.Evaluator$IsOnlyOfType,8,2,0,4,1,5,17
jsoup-1.22.2,2026-04-20,org.jsoup.select.Evaluator$ContainsWholeText,4,2,0,2,0,3,15
jsoup-1.22.2,2026-04-20,org.jsoup.nodes.Entities$CoreCharset,3,1,0,1,0,2,6
jsoup-1.22.2,2026-04-20,org.jsoup.internal.ControllableInputStream,56,3,0,8,55,30,163
jsoup-1.22.2,2026-04-20,org.jsoup.safety.Cleaner,19,1,0,14,9,36,119
jsoup-1.22.2,2026-04-20,org.jsoup.nodes.Element,278,5,3,56,11056,212,898
jsoup-1.22.2,2026-04-20,org.jsoup.helper.HttpConnection,60,3,0,17,0,45,970
jsoup-1.22.2,2026-04-20,org.jsoup.helper.UrlBuilder,28,1,0,5,7,30,70
jsoup-1.22.2,2026-04-20,org.jsoup.helper.Regex,15,1,1,5,28,19,71
jsoup-1.22.2,2026-04-20,org.jsoup.select.NodeTraversor,41,1,0,7,6,13,111
jsoup-1.22.2,2026-04-20,org.jsoup.parser.Token$XmlDecl,7,3,0,4,1,5,17
jsoup-1.22.2,2026-04-20,org.jsoup.safety.Safelist$AttributeKey,2,2,0,3,1,1,8
jsoup-1.22.2,2026-04-20,org.jsoup.select.Evaluator$MatchesOwn,5,2,0,4,0,5,18
jsoup-1.22.2,2026-04-20,org.jsoup.select.StructuralEvaluator$Ancestor,8,3,0,4,6,4,19
jsoup-1.22.2,2026-04-20,org.jsoup.select.CombiningEvaluator$And,9,3,0,5,10,5,25
jsoup-1.22.2,2026-04-20,org.jsoup.nodes.NodeIterator,24,1,0,5,0,12,64
jsoup-1.22.2,2026-04-20,org.jsoup.parser.Token$EndTag,2,3,0,2,1,1,8
jsoup-1.22.2,2026-04-20,org.jsoup.helper.HttpConnection$Request,36,2,0,11,355,9,162
jsoup-1.22.2,2026-04-20,org.jsoup.nodes.Document,53,3,0,22,395,46,256
jsoup-1.22.2,2026-04-20,org.jsoup.Jsoup,26,1,0,11,276,25,85
jsoup-1.22.2,2026-04-20,org.jsoup.parser.HtmlTreeBuilder,268,2,0,29,4013,127,697
jsoup-1.22.2,2026-04-20,org.jsoup.helper.Regex$Matcher,1,1,0,0,0,0,3
jsoup-1.22.2,2026-04-20,org.jsoup.nodes.FormElement,27,3,0,18,15,32,69
jsoup-1.22.2,2026-04-20,org.jsoup.UnsupportedMimeTypeException,4,4,0,0,0,1,18
jsoup-1.22.2,2026-04-20,org.jsoup.select.StructuralEvaluator,7,17,14,5,9,9,208
jsoup-1.22.2,2026-04-20,org.jsoup.internal.SimpleBufferedInput,47,3,0,5,9,12,122
jsoup-1.22.2,2026-04-20,org.jsoup.select.NodeEvaluator$InstanceType,4,3,0,2,2,1,18
jsoup-1.22.2,2026-04-20,org.jsoup.helper.AuthenticationHandler$GlobalHandler,4,1,0,3,0,4,15
jsoup-1.22.2,2026-04-20,org.jsoup.parser.StreamParser$ElementIterator,20,1,0,7,0,11,58
jsoup-1.22.2,2026-04-20,org.jsoup.select.NodeEvaluator$MatchesValue,4,3,0,4,0,4,15
jsoup-1.22.2,2026-04-20,org.jsoup.nodes.EntitiesData,1,1,0,0,0,0,10
jsoup-1.22.2,2026-04-20,org.jsoup.parser.StreamParser,20,1,0,12,87,28,142
jsoup-1.22.2,2026-04-20,org.jsoup.select.Evaluator$IndexEquals,4,3,0,2,3,2,11
jsoup-1.22.2,2026-04-20,org.jsoup.select.Selector$SelectorParseException,3,5,0,0,3,1,11
jsoup-1.22.2,2026-04-20,org.jsoup.parser.Token$Tag,46,2,0,16,160,33,139
jsoup-1.22.2,2026-04-20,org.jsoup.nodes.XmlDeclaration,14,3,0,8,34,17,46
jsoup-1.22.2,2026-04-20,org.jsoup.parser.Token$Doctype,10,2,0,4,31,4,47
jsoup-1.22.2,2026-04-20,org.jsoup.helper.UrlConnectionExecutor,26,2,0,9,0,45,83
jsoup-1.22.2,2026-04-20,org.jsoup.select.Evaluator$TagEndsWith,3,2,0,2,0,3,12
jsoup-1.22.2,2026-04-20,org.jsoup.helper.CookieUtil,20,1,0,9,10,31,68
jsoup-1.22.2,2026-04-20,org.jsoup.nodes.Printer$Outline,9,3,0,6,3,3,15
jsoup-1.22.2,2026-04-20,org.jsoup.nodes.Element$TextAccumulator,21,1,0,6,9,15,36
jsoup-1.22.2,2026-04-20,org.jsoup.select.Evaluator$Tag,4,2,0,3,0,2,15
jsoup-1.22.2,2026-04-20,org.jsoup.nodes.Document$OutputSettings$Syntax,0,1,0,0,0,0,1
jsoup-1.22.2,2026-04-20,org.jsoup.internal.StringUtil,85,1,0,6,313,54,198
jsoup-1.22.2,2026-04-20,org.jsoup.parser.TokeniserState$Anonymous24,6,1,0,2,0,6,25
jsoup-1.22.2,2026-04-20,org.jsoup.parser.TokeniserState$Anonymous25,3,1,0,3,0,8,19
jsoup-1.22.2,2026-04-20,org.jsoup.parser.TokeniserState$Anonymous26,2,1,0,4,0,8,14
jsoup-1.22.2,2026-04-20,org.jsoup.parser.TokeniserState$Anonymous27,1,1,0,3,0,1,5
jsoup-1.22.2,2026-04-20,org.jsoup.parser.TokeniserState$Anonymous20,2,1,0,2,0,4,11
jsoup-1.22.2,2026-04-20,org.jsoup.parser.TokeniserState$Anonymous21,2,1,0,2,0,4,11
jsoup-1.22.2,2026-04-20,org.jsoup.parser.TokeniserState$Anonymous22,5,1,0,2,0,10,22
jsoup-1.22.2,2026-04-20,org.jsoup.internal.QuietAppendable$BaseAppendable$Action,1,1,0,0,0,0,3
jsoup-1.22.2,2026-04-20,org.jsoup.parser.TokeniserState$Anonymous23,5,1,0,2,0,6,23
jsoup-1.22.2,2026-04-20,org.jsoup.parser.Tokeniser,74,1,0,24,129,60,230
jsoup-1.22.2,2026-04-20,org.jsoup.nodes.Comment,12,3,0,8,36,12,35
jsoup-1.22.2,2026-04-20,org.jsoup.select.Evaluator$IndexGreaterThan,4,3,0,2,3,2,11
jsoup-1.22.2,2026-04-20,org.jsoup.nodes.LeafNode,28,2,5,8,138,17,86
jsoup-1.22.2,2026-04-20,org.jsoup.parser.TokeniserState$Anonymous28,1,1,0,3,0,1,5
jsoup-1.22.2,2026-04-20,org.jsoup.parser.TokeniserState$Anonymous29,5,1,0,2,0,9,22
jsoup-1.22.2,2026-04-20,org.jsoup.helper.RequestAuthenticator$Context,9,1,0,0,5,1,28
jsoup-1.22.2,2026-04-20,org.jsoup.internal.SimpleStreamReader,25,2,0,6,0,28,67
jsoup-1.22.2,2026-04-20,org.jsoup.select.Selector,19,5,0,10,66,15,83
jsoup-1.22.2,2026-04-20,org.jsoup.select.Evaluator$AttributeWithValueEnding,4,3,0,4,6,5,14
jsoup-1.22.2,2026-04-20,org.jsoup.select.StructuralEvaluator$ImmediatePreviousSibling,7,3,0,4,6,5,16
jsoup-1.22.2,2026-04-20,org.jsoup.parser.TokeniserState$Anonymous30,5,1,0,2,0,5,22
jsoup-1.22.2,2026-04-20,org.jsoup.safety.Safelist$AttributeValue,2,2,0,2,1,0,8
jsoup-1.22.2,2026-04-20,org.jsoup.select.NodeEvaluator$ContainsValue,4,3,0,4,0,5,15
jsoup-1.22.2,2026-04-20,org.jsoup.helper.HttpConnection$KeyVal,14,1,0,4,10,4,56
jsoup-1.22.2,2026-04-20,org.jsoup.parser.HtmlTreeBuilderState$Anonymous5,16,1,0,8,1,18,33
jsoup-1.22.2,2026-04-20,org.jsoup.parser.TokeniserState$Anonymous35,16,1,0,4,0,9,31
jsoup-1.22.2,2026-04-20,org.jsoup.parser.HtmlTreeBuilderState$Anonymous4,23,1,0,13,1,36,91
jsoup-1.22.2,2026-04-20,org.jsoup.parser.TokeniserState$Anonymous36,14,1,0,3,0,9,30
jsoup-1.22.2,2026-04-20,org.jsoup.parser.HtmlTreeBuilderState$Anonymous7,207,1,0,19,10,94,548
jsoup-1.22.2,2026-04-20,org.jsoup.parser.TokeniserState$Anonymous37,15,1,0,3,0,8,33
jsoup-1.22.2,2026-04-20,org.jsoup.parser.HtmlTreeBuilderState$Anonymous6,14,1,0,9,1,25,65
jsoup-1.22.2,2026-04-20,org.jsoup.parser.TokeniserState$Anonymous38,7,1,0,4,0,12,25
jsoup-1.22.2,2026-04-20,org.jsoup.parser.HtmlTreeBuilderState$Anonymous1,7,1,0,9,0,23,25
jsoup-1.22.2,2026-04-20,org.jsoup.parser.TokeniserState$Anonymous31,6,1,0,2,0,5,24
jsoup-1.22.2,2026-04-20,org.jsoup.parser.TokeniserState$Anonymous32,2,1,0,2,0,5,12
jsoup-1.22.2,2026-04-20,org.jsoup.parser.HtmlTreeBuilderState$Anonymous3,11,1,0,7,0,21,35
jsoup-1.22.2,2026-04-20,org.jsoup.parser.TokeniserState$Anonymous33,1,1,0,3,0,1,5
jsoup-1.22.2,2026-04-20,org.jsoup.parser.HtmlTreeBuilderState$Anonymous2,10,1,0,7,1,20,34
jsoup-1.22.2,2026-04-20,org.jsoup.parser.TokeniserState$Anonymous34,15,1,0,4,0,9,30
jsoup-1.22.2,2026-04-20,org.jsoup.parser.HtmlTreeBuilderState$Anonymous9,29,1,0,10,1,38,121
jsoup-1.22.2,2026-04-20,org.jsoup.parser.TokeniserState$Anonymous39,7,1,0,4,0,12,25
jsoup-1.22.2,2026-04-20,org.jsoup.parser.HtmlTreeBuilderState$Anonymous8,5,1,0,3,0,11,19
jsoup-1.22.2,2026-04-20,org.jsoup.nodes.Node,160,1,2,19,2371,102,437
jsoup-1.22.2,2026-04-20,org.jsoup.safety.Safelist$TypedValue,7,1,0,2,0,4,19
jsoup-1.22.2,2026-04-20,org.jsoup.parser.HtmlTreeBuilderState,10,1,0,13,6,16,1732
jsoup-1.22.2,2026-04-20,org.jsoup.helper.DataUtil$CharsetDoc,1,1,0,2,0,0,10
jsoup-1.22.2,2026-04-20,org.jsoup.helper.AuthenticationHandler,9,2,0,6,1,8,53
jsoup-1.22.2,2026-04-20,org.jsoup.select.Evaluator$AttributeStarting,6,2,0,6,0,7,20
jsoup-1.22.2,2026-04-20,org.jsoup.parser.TokeniserState$Anonymous40,17,1,0,4,0,12,30
jsoup-1.22.2,2026-04-20,org.jsoup.nodes.DataNode,10,3,0,5,15,8,29
jsoup-1.22.2,2026-04-20,org.jsoup.parser.TokeniserState$Anonymous41,11,1,0,4,0,6,21
jsoup-1.22.2,2026-04-20,org.jsoup.nodes.Attributes,113,2,0,12,400,52,370
jsoup-1.22.2,2026-04-20,org.jsoup.helper.W3CDom,40,1,0,18,135,57,239
jsoup-1.22.2,2026-04-20,org.jsoup.parser.XmlTreeBuilder,57,2,0,33,217,87,189
jsoup-1.22.2,2026-04-20,org.jsoup.helper.RequestExecutor,4,1,1,3,6,0,11
jsoup-1.22.2,2026-04-20,org.jsoup.nodes.Document$OutputSettings,21,1,0,4,102,9,80
jsoup-1.22.2,2026-04-20,org.jsoup.select.CombiningEvaluator,11,6,4,2,0,11,105
jsoup-1.22.2,2026-04-20,org.jsoup.select.Evaluator$ContainsData,3,2,0,3,0,4,12
jsoup-1.22.2,2026-04-20,org.jsoup.nodes.Printer,14,4,2,13,0,18,164
jsoup-1.22.2,2026-04-20,org.jsoup.internal.Normalizer,6,1,0,3,6,5,14
jsoup-1.22.2,2026-04-20,org.jsoup.nodes.Attributes$Dataset$EntrySet,3,3,0,1,1,1,11
jsoup-1.22.2,2026-04-20,org.jsoup.nodes.Attributes$Dataset,4,4,0,2,1,4,43
jsoup-1.22.2,2026-04-20,org.jsoup.parser.TokeniserState$Anonymous13,13,1,0,5,1,12,32
jsoup-1.22.2,2026-04-20,org.jsoup.parser.TokeniserState$Anonymous14,2,1,0,2,0,5,12
jsoup-1.22.2,2026-04-20,org.jsoup.helper.Validate,40,1,0,4,210,4,69
jsoup-1.22.2,2026-04-20,org.jsoup.parser.TokeniserState$Anonymous15,1,1,0,3,0,1,5
jsoup-1.22.2,2026-04-20,org.jsoup.parser.TokeniserState$Anonymous16,1,1,0,3,0,1,5
jsoup-1.22.2,2026-04-20,org.jsoup.select.StructuralEvaluator$ImmediateParentRun,11,3,0,5,0,10,36
jsoup-1.22.2,2026-04-20,org.jsoup.parser.TokeniserState$Anonymous10,10,1,0,3,0,7,22
jsoup-1.22.2,2026-04-20,org.jsoup.parser.TokeniserState$Anonymous11,6,1,0,3,0,13,17
jsoup-1.22.2,2026-04-20,org.jsoup.parser.TokeniserState$Anonymous12,2,1,0,4,0,8,14
jsoup-1.22.2,2026-04-20,org.jsoup.select.StructuralEvaluator$Is,4,3,0,4,6,3,14
jsoup-1.22.2,2026-04-20,org.jsoup.parser.TokeniserState$Anonymous17,4,1,0,2,0,7,19
jsoup-1.22.2,2026-04-20,org.jsoup.parser.TokeniserState$Anonymous18,1,1,0,3,0,1,5
jsoup-1.22.2,2026-04-20,org.jsoup.parser.TokeniserState$Anonymous19,1,1,0,3,0,1,5
jsoup-1.22.2,2026-04-20,org.jsoup.select.Evaluator$CssNthEvaluator,13,2,0,4,9,4,24
jsoup-1.22.2,2026-04-20,org.jsoup.parser.Token$Comment,6,2,0,3,3,6,27
jsoup-1.22.2,2026-04-20,org.jsoup.select.Evaluator$IsFirstOfType,2,4,0,1,1,0,8
jsoup-1.22.2,2026-04-20,org.jsoup.helper.Regex$JdkMatcher,2,1,0,1,0,1,9
jsoup-1.22.2,2026-04-20,org.jsoup.nodes.Element$NodeList,3,4,0,1,3,0,12
jsoup-1.22.2,2026-04-20,org.jsoup.parser.TokeniserState$Anonymous68,1,1,0,3,0,1,5
jsoup-1.22.2,2026-04-20,org.jsoup.examples.Wikipedia,3,1,0,7,1,9,13
jsoup-1.22.2,2026-04-20,org.jsoup.parser.ParseError,8,1,0,1,0,4,37
jsoup-1.22.2,2026-04-20,org.jsoup.parser.TokeniserState$Anonymous69,3,1,0,4,0,7,10
jsoup-1.22.2,2026-04-20,org.jsoup.safety.Safelist,66,5,0,12,138,87,302
jsoup-1.22.2,2026-04-20,org.jsoup.parser.TokeniserState$Anonymous64,5,1,0,3,0,6,23
jsoup-1.22.2,2026-04-20,org.jsoup.parser.TokeniserState$Anonymous65,5,1,0,3,0,6,23
jsoup-1.22.2,2026-04-20,org.jsoup.parser.TokenData,23,1,0,3,0,12,74
jsoup-1.22.2,2026-04-20,org.jsoup.parser.TreeBuilder,63,1,2,22,316,67,202
jsoup-1.22.2,2026-04-20,org.jsoup.parser.TokeniserState$Anonymous66,10,1,0,2,0,5,26
jsoup-1.22.2,2026-04-20,org.jsoup.parser.TokeniserState$Anonymous67,3,1,0,2,0,3,14
jsoup-1.22.2,2026-04-20,org.jsoup.nodes.PseudoTextElement,3,3,0,5,3,0,9
jsoup-1.22.2,2026-04-20,org.jsoup.parser.TokeniserState$Anonymous1,5,1,0,3,0,8,18
jsoup-1.22.2,2026-04-20,org.jsoup.select.Evaluator$TagStartsWith,3,2,0,2,0,3,12
jsoup-1.22.2,2026-04-20,org.jsoup.parser.Parser,38,1,0,13,271,28,147
jsoup-1.22.2,2026-04-20,org.jsoup.select.Evaluator$IsEmpty,8,2,0,7,1,3,14
jsoup-1.22.2,2026-04-20,org.jsoup.parser.TokeniserState$Anonymous7,3,1,0,3,0,7,15
jsoup-1.22.2,2026-04-20,org.jsoup.parser.TokeniserState$Anonymous6,1,1,0,3,0,1,5
jsoup-1.22.2,2026-04-20,org.jsoup.parser.TokeniserState$Anonymous9,4,1,0,3,0,11,23
jsoup-1.22.2,2026-04-20,org.jsoup.select.Evaluator$AttributeWithValueMatching,5,2,0,6,0,8,20
jsoup-1.22.2,2026-04-20,org.jsoup.parser.TokeniserState$Anonymous8,6,1,0,2,0,8,28
jsoup-1.22.2,2026-04-20,org.jsoup.nodes.Range$Position,15,1,0,1,0,2,34
jsoup-1.22.2,2026-04-20,org.jsoup.parser.TokeniserState$Anonymous3,5,1,0,3,0,8,19
jsoup-1.22.2,2026-04-20,org.jsoup.helper.Re2jRegex,6,2,0,6,0,5,34
jsoup-1.22.2,2026-04-20,org.jsoup.parser.TokeniserState$Anonymous2,1,1,0,3,0,1,5
jsoup-1.22.2,2026-04-20,org.jsoup.parser.TokeniserState$Anonymous5,1,1,0,3,0,1,5
jsoup-1.22.2,2026-04-20,org.jsoup.parser.TokeniserState$Anonymous4,1,1,0,3,0,1,5
jsoup-1.22.2,2026-04-20,org.jsoup.examples.ListLinks,9,1,0,8,3,15,31
jsoup-1.22.2,2026-04-20,org.jsoup.select.Evaluator$IsNthChild,3,3,0,2,3,1,11
jsoup-1.22.2,2026-04-20,org.jsoup.parser.HtmlTreeBuilderState$Constants,0,1,0,0,0,0,41
jsoup-1.22.2,2026-04-20,org.jsoup.safety.Safelist$TagName,2,2,0,3,1,1,8
jsoup-1.22.2,2026-04-20,org.jsoup.helper.AuthenticationHandler$AuthShim,3,1,0,3,3,0,5
jsoup-1.22.2,2026-04-20,org.jsoup.select.Evaluator$Class,4,2,0,2,0,2,15
jsoup-1.22.2,2026-04-20,org.jsoup.nodes.Attributes$Anonymous1,10,1,0,3,0,3,30
jsoup-1.22.2,2026-04-20,org.jsoup.select.StructuralEvaluator$Has,17,3,0,11,13,12,50
jsoup-1.22.2,2026-04-20,org.jsoup.nodes.Printer$Pretty,61,2,0,12,69,31,107
jsoup-1.22.2,2026-04-20,org.jsoup.parser.Token,26,14,10,10,136,2,386
jsoup-1.22.2,2026-04-20,org.jsoup.safety.Cleaner$CleaningVisitor,11,1,0,8,0,9,42
jsoup-1.22.2,2026-04-20,org.jsoup.select.Evaluator$AttributeKeyPair,3,2,0,3,0,9,18
jsoup-1.22.2,2026-04-20,org.jsoup.select.Evaluator$ContainsWholeOwnText,3,2,0,2,0,3,12
jsoup-1.22.2,2026-04-20,org.jsoup.select.Evaluator$IsNthLastOfType,6,3,0,3,3,4,19
jsoup-1.22.2,2026-04-20,org.jsoup.internal.QuietAppendable$StringBuilderAppendable,5,2,0,3,0,4,21
jsoup-1.22.2,2026-04-20,org.jsoup.parser.Tag,52,1,0,5,90,13,136
jsoup-1.22.2,2026-04-20,org.jsoup.parser.Token$Character,10,2,0,3,0,10,38
jsoup-1.22.2,2026-04-20,org.jsoup.select.Evaluator$IsLastOfType,2,4,0,1,1,0,8
jsoup-1.22.2,2026-04-20,org.jsoup.select.Evaluator$Attribute,4,2,0,3,0,2,15
jsoup-1.22.2,2026-04-20,org.jsoup.internal.StringUtil$StringJoiner,5,1,0,4,0,5,25
jsoup-1.22.2,2026-04-20,org.jsoup.select.NodeFilter$FilterResult,0,1,0,0,0,0,6
jsoup-1.22.2,2026-04-20,org.jsoup.Connection$KeyVal,9,1,0,2,36,0,11
jsoup-1.22.2,2026-04-20,org.jsoup.nodes.Entities,85,1,0,11,176,48,247
jsoup-1.22.2,2026-04-20,org.jsoup.internal.SharedConstants,1,1,0,0,0,0,14
jsoup-1.22.2,2026-04-20,org.jsoup.parser.Token$CData,2,3,0,1,1,2,9
jsoup-1.22.2,2026-04-20,org.jsoup.select.Evaluator$AttributeWithValueContaining,4,3,0,4,6,5,14
jsoup-1.22.2,2026-04-20,org.jsoup.select.Elements,102,5,0,17,1770,61,273
jsoup-1.22.2,2026-04-20,org.jsoup.select.Evaluator$AllElements,3,2,0,2,3,0,11
jsoup-1.22.2,2026-04-20,org.jsoup.parser.TokeniserState$Anonymous46,5,1,0,3,0,7,23
jsoup-1.22.2,2026-04-20,org.jsoup.parser.TokeniserState$Anonymous47,5,1,0,3,0,6,23
jsoup-1.22.2,2026-04-20,org.jsoup.parser.TokeniserState$Anonymous48,4,1,0,3,0,10,18
jsoup-1.22.2,2026-04-20,org.jsoup.parser.TokeniserState$Anonymous49,4,1,0,3,0,6,19
jsoup-1.22.2,2026-04-20,org.jsoup.parser.TokeniserState$Anonymous42,3,1,0,2,0,6,17
jsoup-1.22.2,2026-04-20,org.jsoup.nodes.TextNode,19,3,1,8,91,19,55
jsoup-1.22.2,2026-04-20,org.jsoup.parser.TokeniserState$Anonymous43,3,1,0,3,0,6,11
jsoup-1.22.2,2026-04-20,org.jsoup.parser.TokeniserState$Anonymous44,6,1,0,2,0,9,26
jsoup-1.22.2,2026-04-20,org.jsoup.select.Evaluator$AttributeWithValue,4,3,0,3,6,4,14
jsoup-1.22.2,2026-04-20,org.jsoup.parser.TokeniserState$Anonymous45,2,1,0,3,0,6,14
jsoup-1.22.2,2026-04-20,org.jsoup.select.Evaluator$AttributeWithValueNot,4,3,0,3,6,3,14
jsoup-1.22.2,2026-04-20,org.jsoup.internal.QuietAppendable$BaseAppendable,6,2,0,5,0,4,27
jsoup-1.22.2,2026-04-20,org.jsoup.parser.ParseErrorList,8,4,0,2,1,2,28
jsoup-1.22.2,2026-04-20,org.jsoup.SerializationException,4,4,0,0,6,0,14
jsoup-1.22.2,2026-04-20,org.jsoup.select.CombiningEvaluator$Or,11,3,0,6,15,8,31
jsoup-1.22.2,2026-04-20,org.jsoup.select.Evaluator$ContainsText,4,2,0,4,0,5,15
jsoup-1.22.2,2026-04-20,org.jsoup.Connection$Base,18,1,0,4,153,0,20
jsoup-1.22.2,2026-04-20,org.jsoup.parser.TokeniserState$Anonymous50,6,1,0,3,0,7,24
jsoup-1.22.2,2026-04-20,org.jsoup.Progress,1,1,0,1,0,0,3
jsoup-1.22.2,2026-04-20,org.jsoup.parser.TokeniserState$Anonymous51,5,1,0,3,0,7,23
jsoup-1.22.2,2026-04-20,org.jsoup.select.Evaluator$IsNthOfType,7,3,0,3,3,6,20
jsoup-1.22.2,2026-04-20,org.jsoup.select.Evaluator$Id,4,2,0,2,0,3,15
jsoup-1.22.2,2026-04-20,org.jsoup.parser.TokeniserState$Anonymous52,8,1,0,2,0,6,18
jsoup-1.22.2,2026-04-20,org.jsoup.select.StructuralEvaluator$PreviousSibling,8,3,0,4,6,5,19
jsoup-1.22.2,2026-04-20,org.jsoup.parser.TokeniserState$Anonymous57,10,1,0,2,0,5,25
jsoup-1.22.2,2026-04-20,org.jsoup.parser.TokeniserState$Anonymous58,5,1,0,3,0,6,23
jsoup-1.22.2,2026-04-20,org.jsoup.parser.TokeniserState$Anonymous59,5,1,0,3,0,6,23
jsoup-1.22.2,2026-04-20,org.jsoup.internal.QuietAppendable,5,3,4,4,6,0,57
jsoup-1.22.2,2026-04-20,org.jsoup.examples.HtmlToPlainText$FormattingVisitor,18,1,0,5,4,14,44
jsoup-1.22.2,2026-04-20,org.jsoup.select.NodeEvaluator$BlankValue,3,3,0,3,3,2,11
jsoup-1.22.2,2026-04-20,org.jsoup.parser.TokeniserState$Anonymous53,9,1,0,3,0,8,27
jsoup-1.22.2,2026-04-20,org.jsoup.select.Collector,8,1,0,8,21,19,31
jsoup-1.22.2,2026-04-20,org.jsoup.parser.TokeniserState$Anonymous54,10,1,0,3,0,9,26
jsoup-1.22.2,2026-04-20,org.jsoup.parser.TokeniserState$Anonymous55,8,1,0,2,0,10,33
jsoup-1.22.2,2026-04-20,org.jsoup.helper.ValidationException,4,5,0,2,1,8,17
jsoup-1.22.2,2026-04-20,org.jsoup.nodes.Attributes$Dataset$DatasetIterator,5,1,0,2,0,9,17
jsoup-1.22.2,2026-04-20,org.jsoup.parser.TokeniserState$Anonymous56,10,1,0,2,0,5,28
jsoup-1.22.2,2026-04-20,org.jsoup.select.StructuralEvaluator$Not,4,3,0,4,6,3,14
jsoup-1.22.2,2026-04-20,org.jsoup.parser.CharacterReader,163,1,0,7,482,50,417
jsoup-1.22.2,2026-04-20,org.jsoup.select.Evaluator$IsFirstChild,4,2,0,3,1,2,9
jsoup-1.22.2,2026-04-20,org.jsoup.parser.TokeniserState$Anonymous60,10,1,0,2,0,5,26
jsoup-1.22.2,2026-04-20,org.jsoup.parser.TokeniserState$Anonymous61,12,1,0,2,0,5,34
jsoup-1.22.2,2026-04-20,org.jsoup.parser.TokeniserState$Anonymous62,10,1,0,2,0,5,28
jsoup-1.22.2,2026-04-20,org.jsoup.parser.TokeniserState$Anonymous63,10,1,0,2,0,5,25
jsoup-1.22.2,2026-04-20,org.jsoup.select.StructuralEvaluator$Root,4,2,0,2,3,0,11
jsoup-1.22.2,2026-04-20,org.jsoup.helper.HttpConnection$Response,114,2,0,27,174,125,367
jsoup-1.22.2,2026-04-20,org.jsoup.select.NodeVisitor,3,1,0,2,3,1,8
jsoup-1.22.2,2026-04-20,org.jsoup.select.NodeEvaluator,4,10,8,5,6,1,71
jsoup-1.22.2,2026-04-20,org.jsoup.safety.Safelist$Protocol,2,2,0,2,1,0,8
jsoup-1.22.2,2026-04-20,org.jsoup.parser.CharacterReader$CharPredicate,1,1,0,0,0,0,3
jsoup-1.22.2,2026-04-20,org.jsoup.parser.Token$EOF,3,2,0,2,3,1,12
jsoup-1.22.2,2026-04-20,org.jsoup.parser.Token$StartTag,7,3,0,6,6,8,21
jsoup-1.22.2,2026-04-20,org.jsoup.select.Evaluator$AttributeWithValueStarting,4,3,0,4,6,5,14
jsoup-1.22.2,2026-04-20,org.jsoup.parser.TagSet,36,1,0,5,84,33,135
jsoup-1.22.2,2026-04-20,org.jsoup.nodes.DocumentType,21,3,0,8,17,14,57
jsoup-1.22.2,2026-04-20,org.jsoup.Connection$Request,28,1,0,6,378,0,40
jsoup-1.22.2,2026-04-20,org.jsoup.examples.HtmlToPlainText,11,1,0,9,3,17,88
jsoup-1.22.2,2026-04-20,org.jsoup.HttpStatusException,3,4,0,0,0,0,15
jsoup-1.22.2,2026-04-20,org.jsoup.select.QueryParser,131,1,0,68,141,72,318
jsoup-1.22.2,2026-04-20,org.jsoup.select.Evaluator$MatchesWholeText,5,2,0,4,0,5,18
jsoup-1.22.2,2026-04-20,org.jsoup.parser.HtmlTreeBuilderState$Anonymous23,9,1,0,4,0,12,20
jsoup-1.22.2,2026-04-20,org.jsoup.nodes.NodeUtils,7,1,0,14,10,13,28
jsoup-1.22.2,2026-04-20,org.jsoup.parser.HtmlTreeBuilderState$Anonymous22,7,1,0,5,0,17,22
jsoup-1.22.2,2026-04-20,org.jsoup.select.Evaluator$Matches,5,2,0,4,0,5,18
jsoup-1.22.2,2026-04-20,org.jsoup.parser.HtmlTreeBuilderState$Anonymous24,25,1,0,17,1,34,57
jsoup-1.22.2,2026-04-20,org.jsoup.select.Evaluator$IsOnlyChild,3,2,0,3,1,3,9
jsoup-1.22.2,2026-04-20,org.jsoup.Connection$Method,2,1,0,0,0,0,9
jsoup-1.22.2,2026-04-20,org.jsoup.helper.HttpConnection$Base,38,1,0,9,89,30,142
jsoup-1.22.2,2026-04-20,org.jsoup.parser.TokenQueue,106,1,0,5,65,52,301
jsoup-1.22.2,2026-04-20,org.jsoup.parser.ParseSettings,12,1,0,3,0,4,41
jsoup-1.22.2,2026-04-20,org.jsoup.select.NodeFilter,3,1,0,3,3,1,15
jsoup-1.22.2,2026-04-20,org.jsoup.parser.HtmlTreeBuilderState$Anonymous21,11,1,0,4,0,17,30
jsoup-1.22.2,2026-04-20,org.jsoup.parser.HtmlTreeBuilderState$Anonymous20,16,1,0,6,0,22,50
jsoup-1.22.2,2026-04-20,org.jsoup.select.Evaluator$MatchesWholeOwnText,5,2,0,4,0,5,19
jsoup-1.22.2,2026-04-20,org.jsoup.parser.HtmlTreeBuilderState$Anonymous12,16,1,0,8,1,16,55
jsoup-1.22.2,2026-04-20,org.jsoup.parser.HtmlTreeBuilderState$Anonymous11,13,1,0,6,0,17,37
jsoup-1.22.2,2026-04-20,org.jsoup.parser.HtmlTreeBuilderState$Anonymous14,15,1,0,8,1,17,77
jsoup-1.22.2,2026-04-20,org.jsoup.internal.Functions,5,1,0,4,10,0,20
jsoup-1.22.2,2026-04-20,org.jsoup.parser.HtmlTreeBuilderState$Anonymous13,15,1,0,9,3,20,60
jsoup-1.22.2,2026-04-20,org.jsoup.parser.HtmlTreeBuilderState$Anonymous16,31,1,0,9,1,23,77
jsoup-1.22.2,2026-04-20,org.jsoup.helper.W3CDom$W3CBuilder,32,1,0,20,0,35,96
jsoup-1.22.2,2026-04-20,org.jsoup.parser.HtmlTreeBuilderState$Anonymous15,15,1,0,7,3,18,54
jsoup-1.22.2,2026-04-20,org.jsoup.parser.HtmlTreeBuilderState$Anonymous18,17,1,0,5,0,18,61
jsoup-1.22.2,2026-04-20,org.jsoup.parser.HtmlTreeBuilderState$Anonymous17,6,1,0,4,0,12,22
jsoup-1.22.2,2026-04-20,org.jsoup.parser.HtmlTreeBuilderState$Anonymous19,12,1,0,6,0,22,37
jsoup-1.22.2,2026-04-20,org.jsoup.select.Evaluator$ContainsOwnText,3,2,0,4,0,5,12
jsoup-1.22.2,2026-04-20,org.jsoup.parser.TokeniserState,54,1,0,8,15,31,1472
jsoup-1.22.2,2026-04-20,org.jsoup.select.Evaluator$IndexLessThan,5,3,0,2,3,2,11
jsoup-1.22.2,2026-04-20,org.jsoup.helper.RequestDispatch,9,1,0,5,0,8,28
jsoup-1.22.2,2026-04-20,org.jsoup.nodes.Entities$EscapeMode,8,1,0,2,3,6,26
jsoup-1.22.2,2026-04-20,org.jsoup.select.Evaluator$MatchText,7,2,0,6,6,10,25
jsoup-1.22.2,2026-04-20,org.jsoup.parser.HtmlTreeBuilderState$Anonymous10,6,1,0,6,0,16,32
jsoup-1.22.2,2026-04-20,org.jsoup.safety.Cleaner$ElementMeta,1,1,0,1,0,0,8
jsoup-1.22.2,2026-04-20,org.jsoup.select.Evaluator,12,59,61,9,36,4,629
jsoup-1.22.2,2026-04-20,org.jsoup.Connection,43,1,0,11,903,3,158
jsoup-1.22.2,2026-04-20,org.jsoup.internal.SoftPool,7,1,0,2,2,10,30
jsoup-1.22.2,2026-04-20,org.jsoup.select.Evaluator$IsRoot,5,2,0,3,3,1,12
jsoup-1.22.2,2026-04-20,org.jsoup.select.Nodes,40,4,0,6,325,34,129
jsoup-1.22.2,2026-04-20,org.jsoup.nodes.CDataNode,5,4,0,4,10,3,17
jsoup-1.22.2,2026-04-20,org.jsoup.select.Evaluator$IsLastChild,4,2,0,3,1,2,9
jsoup-1.22.2,2026-04-20,org.jsoup.select.Evaluator$IsNthLastChild,4,3,0,2,3,3,12
jsoup-1.22.2,2026-04-20,org.jsoup.helper.RequestAuthenticator,1,1,0,2,0,0,31
jsoup-1.22.2,2026-04-20,org.jsoup.parser.Token$TokenType,0,1,0,0,0,0,1
jsoup-1.22.2,2026-04-20,org.jsoup.nodes.Attribute,85,1,0,11,0,48,176
jsoup-1.22.2,2026-04-20,org.jsoup.nodes.Range$AttributeRange,10,1,0,3,0,7,29
jsoup-1.22.2,2026-04-20,org.jsoup.helper.Re2jRegex$Re2jMatcher,2,1,0,2,0,1,9
jsoup-1.23.1,2026-07-30,org.jsoup.nodes.Document$QuirksMode,0,1,0,0,0,0,1
jsoup-1.23.1,2026-07-30,org.jsoup.helper.DataUtil,77,1,0,22,206,75,229
jsoup-1.23.1,2026-07-30,org.jsoup.Connection$Response,13,1,0,6,78,0,21
jsoup-1.23.1,2026-07-30,org.jsoup.nodes.Range,32,1,0,8,0,15,289
jsoup-1.23.1,2026-07-30,org.jsoup.select.Evaluator$IndexEvaluator,1,2,0,1,0,0,6
jsoup-1.23.1,2026-07-30,org.jsoup.select.Evaluator$IsOnlyOfType,8,2,0,4,1,5,17
jsoup-1.23.1,2026-07-30,org.jsoup.select.Evaluator$ContainsWholeText,4,2,0,2,0,3,15
jsoup-1.23.1,2026-07-30,org.jsoup.nodes.Entities$CoreCharset,3,1,0,1,0,2,6
jsoup-1.23.1,2026-07-30,org.jsoup.internal.ControllableInputStream,56,3,0,9,55,30,173
jsoup-1.23.1,2026-07-30,org.jsoup.safety.Cleaner,20,1,0,16,9,39,127
jsoup-1.23.1,2026-07-30,org.jsoup.nodes.Element,292,5,3,56,11781,216,921
jsoup-1.23.1,2026-07-30,org.jsoup.helper.HttpConnection,60,3,0,17,0,45,991
jsoup-1.23.1,2026-07-30,org.jsoup.helper.UrlBuilder,28,1,0,5,7,30,70
jsoup-1.23.1,2026-07-30,org.jsoup.helper.Regex,15,1,1,5,28,19,71
jsoup-1.23.1,2026-07-30,org.jsoup.select.NodeTraversor,41,1,0,7,6,13,111
jsoup-1.23.1,2026-07-30,org.jsoup.parser.Token$XmlDecl,7,3,0,4,1,5,17
jsoup-1.23.1,2026-07-30,org.jsoup.safety.Safelist$AttributeKey,2,2,0,3,1,1,8
jsoup-1.23.1,2026-07-30,org.jsoup.select.Evaluator$MatchesOwn,5,2,0,4,0,5,18
jsoup-1.23.1,2026-07-30,org.jsoup.select.StructuralEvaluator$Ancestor,8,3,0,4,6,4,19
jsoup-1.23.1,2026-07-30,org.jsoup.select.CombiningEvaluator$And,9,3,0,5,10,5,25
jsoup-1.23.1,2026-07-30,org.jsoup.nodes.NodeIterator,24,1,0,5,0,13,64
jsoup-1.23.1,2026-07-30,org.jsoup.parser.Token$EndTag,2,3,0,2,1,1,8
jsoup-1.23.1,2026-07-30,org.jsoup.helper.HttpConnection$Request,36,2,0,11,355,9,162
jsoup-1.23.1,2026-07-30,org.jsoup.nodes.Document,53,3,0,23,395,46,256
jsoup-1.23.1,2026-07-30,org.jsoup.Jsoup,26,1,0,11,276,25,85
jsoup-1.23.1,2026-07-30,org.jsoup.parser.HtmlTreeBuilder,303,2,0,30,4491,150,785
jsoup-1.23.1,2026-07-30,org.jsoup.helper.Regex$Matcher,1,1,0,0,0,0,3
jsoup-1.23.1,2026-07-30,org.jsoup.nodes.FormElement,27,3,0,18,15,32,69
jsoup-1.23.1,2026-07-30,org.jsoup.UnsupportedMimeTypeException,4,4,0,0,0,1,18
jsoup-1.23.1,2026-07-30,org.jsoup.select.StructuralEvaluator,7,17,14,5,9,9,208
jsoup-1.23.1,2026-07-30,org.jsoup.internal.SimpleBufferedInput,47,3,0,5,9,12,122
jsoup-1.23.1,2026-07-30,org.jsoup.select.NodeEvaluator$InstanceType,4,3,0,2,2,1,18
jsoup-1.23.1,2026-07-30,org.jsoup.helper.AuthenticationHandler$GlobalHandler,4,1,0,3,0,4,15
jsoup-1.23.1,2026-07-30,org.jsoup.parser.StreamParser$ElementIterator,20,1,0,7,0,11,58
jsoup-1.23.1,2026-07-30,org.jsoup.select.NodeEvaluator$MatchesValue,4,3,0,4,0,4,15
jsoup-1.23.1,2026-07-30,org.jsoup.nodes.EntitiesData,1,1,0,0,0,0,10
jsoup-1.23.1,2026-07-30,org.jsoup.parser.StreamParser,20,1,0,12,87,28,142
jsoup-1.23.1,2026-07-30,org.jsoup.select.Evaluator$IndexEquals,4,3,0,2,3,2,11
jsoup-1.23.1,2026-07-30,org.jsoup.select.Selector$SelectorParseException,3,5,0,0,3,1,11
jsoup-1.23.1,2026-07-30,org.jsoup.nodes.LeafNode$TrackedValue,3,1,0,2,0,1,14
jsoup-1.23.1,2026-07-30,org.jsoup.parser.Token$Tag,64,2,0,13,244,36,177
jsoup-1.23.1,2026-07-30,org.jsoup.nodes.XmlDeclaration,14,3,0,8,34,17,46
jsoup-1.23.1,2026-07-30,org.jsoup.parser.Token$Doctype,10,2,0,4,31,4,47
jsoup-1.23.1,2026-07-30,org.jsoup.helper.UrlConnectionExecutor,26,2,0,9,0,45,83
jsoup-1.23.1,2026-07-30,org.jsoup.select.Evaluator$TagEndsWith,3,2,0,2,0,3,12
jsoup-1.23.1,2026-07-30,org.jsoup.helper.CookieUtil,20,1,0,9,10,31,68
jsoup-1.23.1,2026-07-30,org.jsoup.nodes.Printer$Outline,9,3,0,6,3,3,15
jsoup-1.23.1,2026-07-30,org.jsoup.nodes.Element$TextAccumulator,21,1,0,6,9,15,36
jsoup-1.23.1,2026-07-30,org.jsoup.select.Evaluator$Tag,4,2,0,3,0,2,15
jsoup-1.23.1,2026-07-30,org.jsoup.nodes.Document$OutputSettings$Syntax,0,1,0,0,0,0,1
jsoup-1.23.1,2026-07-30,org.jsoup.internal.StringUtil,88,1,0,6,313,54,204
jsoup-1.23.1,2026-07-30,org.jsoup.parser.TokeniserState$Anonymous24,6,1,0,2,0,6,25
jsoup-1.23.1,2026-07-30,org.jsoup.parser.TokeniserState$Anonymous25,3,1,0,3,0,8,19
jsoup-1.23.1,2026-07-30,org.jsoup.parser.TokeniserState$Anonymous26,2,1,0,4,0,8,14
jsoup-1.23.1,2026-07-30,org.jsoup.parser.TokeniserState$Anonymous27,1,1,0,3,0,1,5
jsoup-1.23.1,2026-07-30,org.jsoup.parser.TokeniserState$Anonymous20,2,1,0,2,0,4,11
jsoup-1.23.1,2026-07-30,org.jsoup.parser.TokeniserState$Anonymous21,2,1,0,2,0,4,11
jsoup-1.23.1,2026-07-30,org.jsoup.parser.TokeniserState$Anonymous22,5,1,0,2,0,10,22
jsoup-1.23.1,2026-07-30,org.jsoup.internal.QuietAppendable$BaseAppendable$Action,1,1,0,0,0,0,3
jsoup-1.23.1,2026-07-30,org.jsoup.parser.TokeniserState$Anonymous23,5,1,0,2,0,6,23
jsoup-1.23.1,2026-07-30,org.jsoup.parser.Tokeniser,76,1,0,26,154,64,235
jsoup-1.23.1,2026-07-30,org.jsoup.nodes.Comment,12,3,0,8,36,12,35
jsoup-1.23.1,2026-07-30,org.jsoup.select.Evaluator$IndexGreaterThan,4,3,0,2,3,2,11
jsoup-1.23.1,2026-07-30,org.jsoup.nodes.LeafNode,39,2,5,10,143,22,116
jsoup-1.23.1,2026-07-30,org.jsoup.parser.TokeniserState$Anonymous28,1,1,0,3,0,1,5
jsoup-1.23.1,2026-07-30,org.jsoup.parser.TokeniserState$Anonymous29,5,1,0,2,0,9,22
jsoup-1.23.1,2026-07-30,org.jsoup.helper.RequestAuthenticator$Context,9,1,0,0,5,1,28
jsoup-1.23.1,2026-07-30,org.jsoup.internal.SimpleStreamReader,25,2,0,6,0,28,67
jsoup-1.23.1,2026-07-30,org.jsoup.select.Selector,19,5,0,10,66,15,83
jsoup-1.23.1,2026-07-30,org.jsoup.select.Evaluator$AttributeWithValueEnding,4,3,0,4,6,5,14
jsoup-1.23.1,2026-07-30,org.jsoup.select.StructuralEvaluator$ImmediatePreviousSibling,7,3,0,4,6,5,16
jsoup-1.23.1,2026-07-30,org.jsoup.parser.TokeniserState$Anonymous30,5,1,0,2,0,5,22
jsoup-1.23.1,2026-07-30,org.jsoup.safety.Safelist$AttributeValue,2,2,0,2,1,0,8
jsoup-1.23.1,2026-07-30,org.jsoup.select.NodeEvaluator$ContainsValue,4,3,0,4,0,5,15
jsoup-1.23.1,2026-07-30,org.jsoup.helper.HttpConnection$KeyVal,14,1,0,4,20,4,56
jsoup-1.23.1,2026-07-30,org.jsoup.parser.HtmlTreeBuilderState$Anonymous5,14,1,0,9,1,25,65
jsoup-1.23.1,2026-07-30,org.jsoup.parser.TokeniserState$Anonymous35,16,1,0,4,0,9,31
jsoup-1.23.1,2026-07-30,org.jsoup.parser.HtmlTreeBuilderState$Anonymous4,23,1,0,13,1,37,90
jsoup-1.23.1,2026-07-30,org.jsoup.parser.TokeniserState$Anonymous36,14,1,0,3,0,9,30
jsoup-1.23.1,2026-07-30,org.jsoup.parser.HtmlTreeBuilderState$Anonymous7,5,1,0,3,0,11,19
jsoup-1.23.1,2026-07-30,org.jsoup.parser.TokeniserState$Anonymous37,15,1,0,3,0,8,33
jsoup-1.23.1,2026-07-30,org.jsoup.parser.HtmlTreeBuilderState$Anonymous6,208,1,0,19,10,95,551
jsoup-1.23.1,2026-07-30,org.jsoup.parser.TokeniserState$Anonymous38,7,1,0,4,0,12,25
jsoup-1.23.1,2026-07-30,org.jsoup.parser.HtmlTreeBuilderState$Anonymous1,7,1,0,9,0,23,25
jsoup-1.23.1,2026-07-30,org.jsoup.parser.TokeniserState$Anonymous31,6,1,0,2,0,5,24
jsoup-1.23.1,2026-07-30,org.jsoup.parser.TokeniserState$Anonymous32,2,1,0,2,0,5,12
jsoup-1.23.1,2026-07-30,org.jsoup.parser.HtmlTreeBuilderState$Anonymous3,11,1,0,7,0,21,35
jsoup-1.23.1,2026-07-30,org.jsoup.parser.TokeniserState$Anonymous33,1,1,0,3,0,1,5
jsoup-1.23.1,2026-07-30,org.jsoup.parser.HtmlTreeBuilderState$Anonymous2,10,1,0,7,1,20,34
jsoup-1.23.1,2026-07-30,org.jsoup.parser.TokeniserState$Anonymous34,15,1,0,4,0,9,30
jsoup-1.23.1,2026-07-30,org.jsoup.parser.HtmlTreeBuilderState$Anonymous9,6,1,0,6,0,16,32
jsoup-1.23.1,2026-07-30,org.jsoup.parser.TokeniserState$Anonymous39,7,1,0,4,0,12,25
jsoup-1.23.1,2026-07-30,org.jsoup.parser.HtmlTreeBuilderState$Anonymous8,30,1,0,10,1,39,124
jsoup-1.23.1,2026-07-30,org.jsoup.nodes.Node,163,1,2,20,2530,104,445
jsoup-1.23.1,2026-07-30,org.jsoup.safety.Safelist$TypedValue,7,1,0,2,0,4,19
jsoup-1.23.1,2026-07-30,org.jsoup.parser.HtmlTreeBuilderState,9,1,0,14,6,17,1704
jsoup-1.23.1,2026-07-30,org.jsoup.helper.DataUtil$CharsetDoc,1,1,0,2,0,0,10
jsoup-1.23.1,2026-07-30,org.jsoup.helper.AuthenticationHandler,9,2,0,6,1,9,53
jsoup-1.23.1,2026-07-30,org.jsoup.select.Evaluator$AttributeStarting,6,2,0,6,0,7,20
jsoup-1.23.1,2026-07-30,org.jsoup.parser.TokeniserState$Anonymous40,17,1,0,4,0,12,30
jsoup-1.23.1,2026-07-30,org.jsoup.nodes.DataNode,10,3,0,5,15,8,29
jsoup-1.23.1,2026-07-30,org.jsoup.parser.TokeniserState$Anonymous41,11,1,0,4,0,6,21
jsoup-1.23.1,2026-07-30,org.jsoup.nodes.Attributes,126,2,0,14,366,54,402
jsoup-1.23.1,2026-07-30,org.jsoup.helper.W3CDom,40,1,0,18,135,57,244
jsoup-1.23.1,2026-07-30,org.jsoup.parser.XmlTreeBuilder,57,2,0,33,217,88,190
jsoup-1.23.1,2026-07-30,org.jsoup.helper.RequestExecutor,4,1,1,3,6,0,11
jsoup-1.23.1,2026-07-30,org.jsoup.nodes.Document$OutputSettings,21,1,0,4,102,9,80
jsoup-1.23.1,2026-07-30,org.jsoup.select.CombiningEvaluator,11,6,4,2,0,11,105
jsoup-1.23.1,2026-07-30,org.jsoup.select.Evaluator$ContainsData,3,2,0,3,0,4,12
jsoup-1.23.1,2026-07-30,org.jsoup.nodes.Printer,14,4,2,13,0,18,164
jsoup-1.23.1,2026-07-30,org.jsoup.internal.Normalizer,6,1,0,3,6,5,14
jsoup-1.23.1,2026-07-30,org.jsoup.nodes.Attributes$Dataset$EntrySet,3,3,0,1,1,1,11
jsoup-1.23.1,2026-07-30,org.jsoup.nodes.Attributes$Dataset,4,4,0,2,1,4,43
jsoup-1.23.1,2026-07-30,org.jsoup.parser.TokeniserState$Anonymous13,13,1,0,5,1,12,32
jsoup-1.23.1,2026-07-30,org.jsoup.parser.TokeniserState$Anonymous14,2,1,0,2,0,5,12
jsoup-1.23.1,2026-07-30,org.jsoup.helper.Validate,40,1,0,4,210,4,69
jsoup-1.23.1,2026-07-30,org.jsoup.parser.TokeniserState$Anonymous15,1,1,0,3,0,1,5
jsoup-1.23.1,2026-07-30,org.jsoup.parser.TokeniserState$Anonymous16,1,1,0,3,0,1,5
jsoup-1.23.1,2026-07-30,org.jsoup.select.StructuralEvaluator$ImmediateParentRun,11,3,0,5,0,10,36
jsoup-1.23.1,2026-07-30,org.jsoup.parser.TokeniserState$Anonymous10,10,1,0,3,0,7,22
jsoup-1.23.1,2026-07-30,org.jsoup.parser.TokeniserState$Anonymous11,6,1,0,3,0,13,17
jsoup-1.23.1,2026-07-30,org.jsoup.parser.TokeniserState$Anonymous12,2,1,0,4,0,8,14
jsoup-1.23.1,2026-07-30,org.jsoup.parser.HtmlTreeBuilder$NoscriptState,1,1,0,3,0,0,8
jsoup-1.23.1,2026-07-30,org.jsoup.select.StructuralEvaluator$Is,4,3,0,4,6,3,14
jsoup-1.23.1,2026-07-30,org.jsoup.parser.TokeniserState$Anonymous17,4,1,0,2,0,7,19
jsoup-1.23.1,2026-07-30,org.jsoup.parser.TokeniserState$Anonymous18,1,1,0,3,0,1,5
jsoup-1.23.1,2026-07-30,org.jsoup.parser.TokeniserState$Anonymous19,1,1,0,3,0,1,5
jsoup-1.23.1,2026-07-30,org.jsoup.select.Evaluator$CssNthEvaluator,13,2,0,4,9,4,24
jsoup-1.23.1,2026-07-30,org.jsoup.parser.Token$Comment,6,2,0,3,3,6,27
jsoup-1.23.1,2026-07-30,org.jsoup.select.Evaluator$IsFirstOfType,2,4,0,1,1,0,8
jsoup-1.23.1,2026-07-30,org.jsoup.helper.Regex$JdkMatcher,2,1,0,1,0,1,9
jsoup-1.23.1,2026-07-30,org.jsoup.nodes.Element$NodeList,3,4,0,1,3,0,12
jsoup-1.23.1,2026-07-30,org.jsoup.parser.TokeniserState$Anonymous68,1,1,0,3,0,1,5
jsoup-1.23.1,2026-07-30,org.jsoup.examples.Wikipedia,3,1,0,7,1,9,13
jsoup-1.23.1,2026-07-30,org.jsoup.parser.ParseError,8,1,0,1,0,4,37
jsoup-1.23.1,2026-07-30,org.jsoup.parser.TokeniserState$Anonymous69,3,1,0,4,0,7,10
jsoup-1.23.1,2026-07-30,org.jsoup.safety.Safelist,66,5,0,12,138,87,302
jsoup-1.23.1,2026-07-30,org.jsoup.parser.TokeniserState$Anonymous64,5,1,0,3,0,6,23
jsoup-1.23.1,2026-07-30,org.jsoup.parser.TokeniserState$Anonymous65,5,1,0,3,0,6,23
jsoup-1.23.1,2026-07-30,org.jsoup.parser.TokenData,23,1,0,3,0,12,74
jsoup-1.23.1,2026-07-30,org.jsoup.parser.TreeBuilder,68,1,2,23,338,68,208
jsoup-1.23.1,2026-07-30,org.jsoup.parser.TokeniserState$Anonymous66,10,1,0,2,0,5,26
jsoup-1.23.1,2026-07-30,org.jsoup.parser.TokeniserState$Anonymous67,3,1,0,2,0,3,14
jsoup-1.23.1,2026-07-30,org.jsoup.nodes.PseudoTextElement,3,3,0,5,3,0,9
jsoup-1.23.1,2026-07-30,org.jsoup.parser.TokeniserState$Anonymous1,5,1,0,3,0,8,18
jsoup-1.23.1,2026-07-30,org.jsoup.select.Evaluator$TagStartsWith,3,2,0,2,0,3,12
jsoup-1.23.1,2026-07-30,org.jsoup.parser.Parser,38,1,0,13,271,28,147
jsoup-1.23.1,2026-07-30,org.jsoup.select.Evaluator$IsEmpty,8,2,0,7,1,3,14
jsoup-1.23.1,2026-07-30,org.jsoup.parser.TokeniserState$Anonymous7,3,1,0,3,0,7,15
jsoup-1.23.1,2026-07-30,org.jsoup.parser.TokeniserState$Anonymous6,1,1,0,3,0,1,5
jsoup-1.23.1,2026-07-30,org.jsoup.parser.TokeniserState$Anonymous9,4,1,0,3,0,11,23
jsoup-1.23.1,2026-07-30,org.jsoup.select.Evaluator$AttributeWithValueMatching,5,2,0,6,0,8,20
jsoup-1.23.1,2026-07-30,org.jsoup.parser.TokeniserState$Anonymous8,6,1,0,2,0,8,28
jsoup-1.23.1,2026-07-30,org.jsoup.nodes.Range$Position,15,1,0,2,0,6,35
jsoup-1.23.1,2026-07-30,org.jsoup.parser.TokeniserState$Anonymous3,5,1,0,3,0,8,19
jsoup-1.23.1,2026-07-30,org.jsoup.helper.Re2jRegex,6,2,0,6,0,5,40
jsoup-1.23.1,2026-07-30,org.jsoup.parser.TokeniserState$Anonymous2,1,1,0,3,0,1,5
jsoup-1.23.1,2026-07-30,org.jsoup.parser.TokeniserState$Anonymous5,1,1,0,3,0,1,5
jsoup-1.23.1,2026-07-30,org.jsoup.parser.TokeniserState$Anonymous4,1,1,0,3,0,1,5
jsoup-1.23.1,2026-07-30,org.jsoup.examples.ListLinks,9,1,0,8,3,15,31
jsoup-1.23.1,2026-07-30,org.jsoup.select.Evaluator$IsNthChild,3,3,0,2,3,1,11
jsoup-1.23.1,2026-07-30,org.jsoup.parser.HtmlTreeBuilderState$Constants,0,1,0,0,0,0,39
jsoup-1.23.1,2026-07-30,org.jsoup.safety.Safelist$TagName,2,2,0,3,1,1,8
jsoup-1.23.1,2026-07-30,org.jsoup.helper.AuthenticationHandler$AuthShim,3,1,0,3,3,0,5
jsoup-1.23.1,2026-07-30,org.jsoup.select.Evaluator$Class,4,2,0,2,0,2,15
jsoup-1.23.1,2026-07-30,org.jsoup.nodes.Attributes$Anonymous1,10,1,0,3,0,3,30
jsoup-1.23.1,2026-07-30,org.jsoup.select.StructuralEvaluator$Has,17,3,0,11,13,12,50
jsoup-1.23.1,2026-07-30,org.jsoup.nodes.Printer$Pretty,61,2,0,12,69,31,107
jsoup-1.23.1,2026-07-30,org.jsoup.parser.Token,26,14,10,10,136,2,424
jsoup-1.23.1,2026-07-30,org.jsoup.safety.Cleaner$CleaningVisitor,11,1,0,8,0,9,42
jsoup-1.23.1,2026-07-30,org.jsoup.select.Evaluator$AttributeKeyPair,3,2,0,3,0,9,18
jsoup-1.23.1,2026-07-30,org.jsoup.select.Evaluator$ContainsWholeOwnText,3,2,0,2,0,3,12
jsoup-1.23.1,2026-07-30,org.jsoup.select.Evaluator$IsNthLastOfType,6,3,0,3,3,4,19
jsoup-1.23.1,2026-07-30,org.jsoup.internal.QuietAppendable$StringBuilderAppendable,5,2,0,3,0,4,21
jsoup-1.23.1,2026-07-30,org.jsoup.parser.Tag,55,1,0,6,129,15,146
jsoup-1.23.1,2026-07-30,org.jsoup.parser.Token$Character,10,2,0,3,0,10,38
jsoup-1.23.1,2026-07-30,org.jsoup.select.Evaluator$IsLastOfType,2,4,0,1,1,0,8
jsoup-1.23.1,2026-07-30,org.jsoup.select.Evaluator$Attribute,4,2,0,3,0,2,15
jsoup-1.23.1,2026-07-30,org.jsoup.internal.StringUtil$StringJoiner,5,1,0,4,0,5,25
jsoup-1.23.1,2026-07-30,org.jsoup.select.NodeFilter$FilterResult,0,1,0,0,0,0,6
jsoup-1.23.1,2026-07-30,org.jsoup.Connection$KeyVal,9,1,0,2,36,0,11
jsoup-1.23.1,2026-07-30,org.jsoup.nodes.Entities,85,1,0,11,176,48,247
jsoup-1.23.1,2026-07-30,org.jsoup.internal.SharedConstants,1,1,0,0,0,0,15
jsoup-1.23.1,2026-07-30,org.jsoup.parser.Token$CData,2,3,0,1,1,2,9
jsoup-1.23.1,2026-07-30,org.jsoup.select.Evaluator$AttributeWithValueContaining,4,3,0,4,6,5,14
jsoup-1.23.1,2026-07-30,org.jsoup.select.Elements,102,5,0,17,1770,61,273
jsoup-1.23.1,2026-07-30,org.jsoup.select.Evaluator$AllElements,3,2,0,2,3,0,11
jsoup-1.23.1,2026-07-30,org.jsoup.parser.TokeniserState$Anonymous46,5,1,0,3,0,7,23
jsoup-1.23.1,2026-07-30,org.jsoup.parser.TokeniserState$Anonymous47,5,1,0,3,0,6,23
jsoup-1.23.1,2026-07-30,org.jsoup.parser.TokeniserState$Anonymous48,4,1,0,3,0,10,18
jsoup-1.23.1,2026-07-30,org.jsoup.parser.TokeniserState$Anonymous49,4,1,0,3,0,6,19
jsoup-1.23.1,2026-07-30,org.jsoup.parser.TokeniserState$Anonymous42,3,1,0,2,0,6,17
jsoup-1.23.1,2026-07-30,org.jsoup.nodes.TextNode,19,3,1,8,91,19,55
jsoup-1.23.1,2026-07-30,org.jsoup.parser.TokeniserState$Anonymous43,3,1,0,3,0,6,11
jsoup-1.23.1,2026-07-30,org.jsoup.parser.TokeniserState$Anonymous44,7,1,0,3,0,11,34
jsoup-1.23.1,2026-07-30,org.jsoup.select.Evaluator$AttributeWithValue,4,3,0,3,6,4,14
jsoup-1.23.1,2026-07-30,org.jsoup.parser.TokeniserState$Anonymous45,2,1,0,3,0,6,14
jsoup-1.23.1,2026-07-30,org.jsoup.select.Evaluator$AttributeWithValueNot,4,3,0,3,6,3,14
jsoup-1.23.1,2026-07-30,org.jsoup.internal.QuietAppendable$BaseAppendable,6,2,0,5,0,4,27
jsoup-1.23.1,2026-07-30,org.jsoup.nodes.Range$Spans,38,1,0,5,0,14,108
jsoup-1.23.1,2026-07-30,org.jsoup.parser.ParseErrorList,8,4,0,2,1,2,28
jsoup-1.23.1,2026-07-30,org.jsoup.SerializationException,4,4,0,0,6,0,14
jsoup-1.23.1,2026-07-30,org.jsoup.select.CombiningEvaluator$Or,11,3,0,6,15,8,31
jsoup-1.23.1,2026-07-30,org.jsoup.select.Evaluator$ContainsText,4,2,0,4,0,5,15
jsoup-1.23.1,2026-07-30,org.jsoup.Connection$Base,18,1,0,4,153,0,20
jsoup-1.23.1,2026-07-30,org.jsoup.parser.TokeniserState$Anonymous50,6,1,0,3,0,7,24
jsoup-1.23.1,2026-07-30,org.jsoup.Progress,1,1,0,1,0,0,3
jsoup-1.23.1,2026-07-30,org.jsoup.parser.TokeniserState$Anonymous51,5,1,0,3,0,7,23
jsoup-1.23.1,2026-07-30,org.jsoup.select.Evaluator$IsNthOfType,7,3,0,3,3,6,20
jsoup-1.23.1,2026-07-30,org.jsoup.select.Evaluator$Id,4,2,0,2,0,3,15
jsoup-1.23.1,2026-07-30,org.jsoup.parser.TokeniserState$Anonymous52,8,1,0,2,0,6,18
jsoup-1.23.1,2026-07-30,org.jsoup.select.StructuralEvaluator$PreviousSibling,8,3,0,4,6,5,19
jsoup-1.23.1,2026-07-30,org.jsoup.parser.TokeniserState$Anonymous57,10,1,0,2,0,5,25
jsoup-1.23.1,2026-07-30,org.jsoup.parser.TokeniserState$Anonymous58,5,1,0,3,0,6,23
jsoup-1.23.1,2026-07-30,org.jsoup.parser.TokeniserState$Anonymous59,5,1,0,3,0,6,23
jsoup-1.23.1,2026-07-30,org.jsoup.internal.QuietAppendable,5,3,4,4,6,0,57
jsoup-1.23.1,2026-07-30,org.jsoup.examples.HtmlToPlainText$FormattingVisitor,18,1,0,5,4,14,44
jsoup-1.23.1,2026-07-30,org.jsoup.select.NodeEvaluator$BlankValue,3,3,0,3,3,2,11
jsoup-1.23.1,2026-07-30,org.jsoup.parser.TokeniserState$Anonymous53,9,1,0,3,0,8,27
jsoup-1.23.1,2026-07-30,org.jsoup.select.Collector,8,1,0,8,21,19,31
jsoup-1.23.1,2026-07-30,org.jsoup.parser.TokeniserState$Anonymous54,10,1,0,3,0,9,26
jsoup-1.23.1,2026-07-30,org.jsoup.parser.TokeniserState$Anonymous55,8,1,0,2,0,10,33
jsoup-1.23.1,2026-07-30,org.jsoup.helper.ValidationException,4,5,0,2,1,8,17
jsoup-1.23.1,2026-07-30,org.jsoup.nodes.Attributes$Dataset$DatasetIterator,5,1,0,2,0,9,17
jsoup-1.23.1,2026-07-30,org.jsoup.parser.TokeniserState$Anonymous56,10,1,0,2,0,5,28
jsoup-1.23.1,2026-07-30,org.jsoup.select.StructuralEvaluator$Not,4,3,0,4,6,3,14
jsoup-1.23.1,2026-07-30,org.jsoup.nodes.NodeInternals,8,1,0,7,10,9,25
jsoup-1.23.1,2026-07-30,org.jsoup.parser.CharacterReader,165,1,0,8,202,49,460
jsoup-1.23.1,2026-07-30,org.jsoup.select.Evaluator$IsFirstChild,4,2,0,3,1,2,9
jsoup-1.23.1,2026-07-30,org.jsoup.parser.TokeniserState$Anonymous60,10,1,0,2,0,5,26
jsoup-1.23.1,2026-07-30,org.jsoup.parser.TokeniserState$Anonymous61,12,1,0,2,0,5,34
jsoup-1.23.1,2026-07-30,org.jsoup.parser.TokeniserState$Anonymous62,10,1,0,2,0,5,28
jsoup-1.23.1,2026-07-30,org.jsoup.parser.TokeniserState$Anonymous63,10,1,0,2,0,5,25
jsoup-1.23.1,2026-07-30,org.jsoup.select.StructuralEvaluator$Root,4,2,0,2,3,0,11
jsoup-1.23.1,2026-07-30,org.jsoup.helper.HttpConnection$Response,134,2,0,27,225,133,389
jsoup-1.23.1,2026-07-30,org.jsoup.select.NodeVisitor,3,1,0,2,3,1,8
jsoup-1.23.1,2026-07-30,org.jsoup.select.NodeEvaluator,4,10,8,5,6,1,71
jsoup-1.23.1,2026-07-30,org.jsoup.safety.Safelist$Protocol,2,2,0,2,1,0,8
jsoup-1.23.1,2026-07-30,org.jsoup.parser.CharacterReader$CharPredicate,1,1,0,0,0,0,3
jsoup-1.23.1,2026-07-30,org.jsoup.parser.Token$EOF,3,2,0,2,3,1,12
jsoup-1.23.1,2026-07-30,org.jsoup.parser.Token$StartTag,7,3,0,6,6,8,21
jsoup-1.23.1,2026-07-30,org.jsoup.select.Evaluator$AttributeWithValueStarting,4,3,0,4,6,5,14
jsoup-1.23.1,2026-07-30,org.jsoup.parser.TagSet,37,1,0,5,84,34,136
jsoup-1.23.1,2026-07-30,org.jsoup.nodes.DocumentType,21,3,0,8,17,14,57
jsoup-1.23.1,2026-07-30,org.jsoup.Connection$Request,28,1,0,6,378,0,40
jsoup-1.23.1,2026-07-30,org.jsoup.examples.HtmlToPlainText,11,1,0,9,3,17,88
jsoup-1.23.1,2026-07-30,org.jsoup.HttpStatusException,3,4,0,0,0,0,15
jsoup-1.23.1,2026-07-30,org.jsoup.select.QueryParser,131,1,0,68,141,72,321
jsoup-1.23.1,2026-07-30,org.jsoup.select.Evaluator$MatchesWholeText,5,2,0,4,0,5,18
jsoup-1.23.1,2026-07-30,org.jsoup.parser.HtmlTreeBuilderState$Anonymous23,25,1,0,17,1,34,57
jsoup-1.23.1,2026-07-30,org.jsoup.nodes.NodeUtils,7,1,0,14,10,13,28
jsoup-1.23.1,2026-07-30,org.jsoup.parser.HtmlTreeBuilderState$Anonymous22,9,1,0,4,0,12,20
jsoup-1.23.1,2026-07-30,org.jsoup.select.Evaluator$Matches,5,2,0,4,0,5,18
jsoup-1.23.1,2026-07-30,org.jsoup.select.Evaluator$IsOnlyChild,3,2,0,3,1,3,9
jsoup-1.23.1,2026-07-30,org.jsoup.Connection$Method,2,1,0,0,0,0,9
jsoup-1.23.1,2026-07-30,org.jsoup.helper.HttpConnection$Base,38,1,0,9,89,30,142
jsoup-1.23.1,2026-07-30,org.jsoup.parser.TokenQueue,106,1,0,5,65,52,301
jsoup-1.23.1,2026-07-30,org.jsoup.parser.ParseSettings,12,1,0,3,0,4,41
jsoup-1.23.1,2026-07-30,org.jsoup.select.NodeFilter,3,1,0,3,3,1,15
jsoup-1.23.1,2026-07-30,org.jsoup.parser.HtmlTreeBuilderState$Anonymous21,7,1,0,5,0,17,22
jsoup-1.23.1,2026-07-30,org.jsoup.parser.HtmlTreeBuilderState$Anonymous20,11,1,0,4,0,17,30
jsoup-1.23.1,2026-07-30,org.jsoup.select.Evaluator$MatchesWholeOwnText,5,2,0,4,0,5,19
jsoup-1.23.1,2026-07-30,org.jsoup.parser.HtmlTreeBuilderState$Anonymous12,15,1,0,9,3,19,60
jsoup-1.23.1,2026-07-30,org.jsoup.parser.HtmlTreeBuilderState$Anonymous11,16,1,0,8,1,16,55
jsoup-1.23.1,2026-07-30,org.jsoup.parser.HtmlTreeBuilderState$Anonymous14,15,1,0,7,3,18,54
jsoup-1.23.1,2026-07-30,org.jsoup.internal.Functions,5,1,0,4,10,0,20
jsoup-1.23.1,2026-07-30,org.jsoup.parser.HtmlTreeBuilderState$Anonymous13,15,1,0,8,1,17,77
jsoup-1.23.1,2026-07-30,org.jsoup.parser.HtmlTreeBuilderState$Anonymous16,6,1,0,4,0,12,22
jsoup-1.23.1,2026-07-30,org.jsoup.helper.W3CDom$W3CBuilder,35,1,0,21,6,37,101
jsoup-1.23.1,2026-07-30,org.jsoup.parser.HtmlTreeBuilderState$Anonymous15,32,1,0,9,1,24,80
jsoup-1.23.1,2026-07-30,org.jsoup.parser.HtmlTreeBuilderState$Anonymous18,12,1,0,6,0,22,37
jsoup-1.23.1,2026-07-30,org.jsoup.parser.HtmlTreeBuilderState$Anonymous17,17,1,0,5,0,18,61
jsoup-1.23.1,2026-07-30,org.jsoup.parser.HtmlTreeBuilderState$Anonymous19,16,1,0,6,0,22,50
jsoup-1.23.1,2026-07-30,org.jsoup.select.Evaluator$ContainsOwnText,3,2,0,4,0,5,12
jsoup-1.23.1,2026-07-30,org.jsoup.parser.TokeniserState,54,1,0,8,15,31,1480
jsoup-1.23.1,2026-07-30,org.jsoup.select.Evaluator$IndexLessThan,5,3,0,2,3,2,11
jsoup-1.23.1,2026-07-30,org.jsoup.parser.HtmlTagOptions,15,1,0,1,1,1,41
jsoup-1.23.1,2026-07-30,org.jsoup.helper.RequestDispatch,9,1,0,6,0,9,28
jsoup-1.23.1,2026-07-30,org.jsoup.nodes.Entities$EscapeMode,8,1,0,2,3,6,26
jsoup-1.23.1,2026-07-30,org.jsoup.select.Evaluator$MatchText,7,2,0,6,6,10,25
jsoup-1.23.1,2026-07-30,org.jsoup.parser.HtmlTreeBuilderState$Anonymous10,13,1,0,6,0,17,37
jsoup-1.23.1,2026-07-30,org.jsoup.safety.Cleaner$ElementMeta,1,1,0,1,0,0,8
jsoup-1.23.1,2026-07-30,org.jsoup.select.Evaluator,12,59,61,9,36,4,629
jsoup-1.23.1,2026-07-30,org.jsoup.internal.ControllableInputStream$ProgressState,2,1,0,2,0,1,11
jsoup-1.23.1,2026-07-30,org.jsoup.Connection,43,1,0,11,903,3,158
jsoup-1.23.1,2026-07-30,org.jsoup.internal.SoftPool,7,1,0,2,2,10,30
jsoup-1.23.1,2026-07-30,org.jsoup.select.Evaluator$IsRoot,5,2,0,3,3,1,12
jsoup-1.23.1,2026-07-30,org.jsoup.select.Nodes,40,4,0,6,325,34,129
jsoup-1.23.1,2026-07-30,org.jsoup.nodes.CDataNode,5,4,0,4,10,3,17
jsoup-1.23.1,2026-07-30,org.jsoup.select.Evaluator$IsLastChild,4,2,0,3,1,2,9
jsoup-1.23.1,2026-07-30,org.jsoup.select.Evaluator$IsNthLastChild,4,3,0,2,3,3,12
jsoup-1.23.1,2026-07-30,org.jsoup.helper.RequestAuthenticator,1,1,0,2,0,0,31
jsoup-1.23.1,2026-07-30,org.jsoup.parser.Token$TokenType,0,1,0,0,0,0,1
jsoup-1.23.1,2026-07-30,org.jsoup.nodes.Attribute,84,1,0,11,0,45,170
jsoup-1.23.1,2026-07-30,org.jsoup.nodes.Range$AttributeRange,25,1,0,4,0,10,67
jsoup-1.23.1,2026-07-30,org.jsoup.helper.Re2jRegex$Re2jMatcher,3,1,0,3,0,1,14
jsoup-1.23.1,2026-07-30,org.jsoup.internal.LineMap,18,1,0,2,1,4,38
jsoup-1.23.2,2026-08-26,org.jsoup.nodes.Document$QuirksMode,0,1,0,0,0,0,1
jsoup-1.23.2,2026-08-26,org.jsoup.helper.DataUtil,77,1,0,22,206,75,229
jsoup-1.23.2,2026-08-26,org.jsoup.internal.NamespaceBindings$NamespaceChange,3,1,0,1,0,2,12
jsoup-1.23.2,2026-08-26,org.jsoup.Connection$Response,13,1,0,6,78,0,21
jsoup-1.23.2,2026-08-26,org.jsoup.nodes.Range,32,1,0,8,0,15,293
jsoup-1.23.2,2026-08-26,org.jsoup.select.Evaluator$IndexEvaluator,1,2,0,1,0,0,6
jsoup-1.23.2,2026-08-26,org.jsoup.select.Evaluator$IsOnlyOfType,8,2,0,4,1,5,17
jsoup-1.23.2,2026-08-26,org.jsoup.select.Evaluator$ContainsWholeText,4,2,0,2,0,3,15
jsoup-1.23.2,2026-08-26,org.jsoup.nodes.Entities$CoreCharset,3,1,0,1,0,2,6
jsoup-1.23.2,2026-08-26,org.jsoup.internal.ControllableInputStream,56,3,0,9,55,30,173
jsoup-1.23.2,2026-08-26,org.jsoup.safety.Cleaner,20,1,0,16,9,39,127
jsoup-1.23.2,2026-08-26,org.jsoup.nodes.Element,292,5,3,56,11781,216,921
jsoup-1.23.2,2026-08-26,org.jsoup.helper.HttpConnection,63,3,0,17,0,47,999
jsoup-1.23.2,2026-08-26,org.jsoup.helper.UrlBuilder,29,1,0,5,7,30,72
jsoup-1.23.2,2026-08-26,org.jsoup.helper.Regex,15,1,1,5,28,19,71
jsoup-1.23.2,2026-08-26,org.jsoup.select.NodeTraversor,41,1,0,7,6,13,111
jsoup-1.23.2,2026-08-26,org.jsoup.parser.Token$XmlDecl,7,3,0,4,1,5,17
jsoup-1.23.2,2026-08-26,org.jsoup.safety.Safelist$AttributeKey,2,2,0,3,1,1,8
jsoup-1.23.2,2026-08-26,org.jsoup.select.Evaluator$MatchesOwn,5,2,0,4,0,5,18
jsoup-1.23.2,2026-08-26,org.jsoup.select.StructuralEvaluator$Ancestor,8,3,0,4,6,4,19
jsoup-1.23.2,2026-08-26,org.jsoup.select.CombiningEvaluator$And,9,3,0,5,10,5,25
jsoup-1.23.2,2026-08-26,org.jsoup.nodes.NodeIterator,24,1,0,5,0,13,64
jsoup-1.23.2,2026-08-26,org.jsoup.parser.Token$EndTag,2,3,0,2,1,1,8
jsoup-1.23.2,2026-08-26,org.jsoup.helper.HttpConnection$Request,38,2,0,11,380,9,165
jsoup-1.23.2,2026-08-26,org.jsoup.nodes.Document,53,3,0,23,395,46,256
jsoup-1.23.2,2026-08-26,org.jsoup.Jsoup,26,1,0,11,276,25,85
jsoup-1.23.2,2026-08-26,org.jsoup.parser.HtmlTreeBuilder,304,2,0,31,4706,153,778
jsoup-1.23.2,2026-08-26,org.jsoup.helper.Regex$Matcher,1,1,0,0,0,0,3
jsoup-1.23.2,2026-08-26,org.jsoup.nodes.FormElement,27,3,0,18,15,32,69
jsoup-1.23.2,2026-08-26,org.jsoup.UnsupportedMimeTypeException,4,4,0,0,0,1,18
jsoup-1.23.2,2026-08-26,org.jsoup.select.StructuralEvaluator,7,17,14,5,9,9,208
jsoup-1.23.2,2026-08-26,org.jsoup.internal.SimpleBufferedInput,47,3,0,5,9,12,122
jsoup-1.23.2,2026-08-26,org.jsoup.select.NodeEvaluator$InstanceType,4,3,0,2,2,1,18
jsoup-1.23.2,2026-08-26,org.jsoup.helper.AuthenticationHandler$GlobalHandler,4,1,0,3,0,4,15
jsoup-1.23.2,2026-08-26,org.jsoup.parser.StreamParser$ElementIterator,36,1,0,7,0,24,90
jsoup-1.23.2,2026-08-26,org.jsoup.select.NodeEvaluator$MatchesValue,4,3,0,4,0,4,15
jsoup-1.23.2,2026-08-26,org.jsoup.nodes.EntitiesData,1,1,0,0,0,0,10
jsoup-1.23.2,2026-08-26,org.jsoup.parser.StreamParser,30,1,0,12,69,32,188
jsoup-1.23.2,2026-08-26,org.jsoup.select.Evaluator$IndexEquals,4,3,0,2,3,2,11
jsoup-1.23.2,2026-08-26,org.jsoup.select.Selector$SelectorParseException,3,5,0,0,3,1,11
jsoup-1.23.2,2026-08-26,org.jsoup.nodes.LeafNode$TrackedValue,3,1,0,2,0,1,14
jsoup-1.23.2,2026-08-26,org.jsoup.parser.Token$Tag,64,2,0,13,244,36,177
jsoup-1.23.2,2026-08-26,org.jsoup.nodes.XmlDeclaration,14,3,0,8,34,17,46
jsoup-1.23.2,2026-08-26,org.jsoup.parser.Token$Doctype,10,2,0,4,31,4,47
jsoup-1.23.2,2026-08-26,org.jsoup.helper.UrlConnectionExecutor,26,2,0,9,0,45,83
jsoup-1.23.2,2026-08-26,org.jsoup.select.Evaluator$TagEndsWith,3,2,0,2,0,3,12
jsoup-1.23.2,2026-08-26,org.jsoup.helper.CookieUtil,20,1,0,9,10,31,68
jsoup-1.23.2,2026-08-26,org.jsoup.nodes.Printer$Outline,9,3,0,6,3,3,15
jsoup-1.23.2,2026-08-26,org.jsoup.nodes.Element$TextAccumulator,21,1,0,6,9,15,36
jsoup-1.23.2,2026-08-26,org.jsoup.select.Evaluator$Tag,4,2,0,3,0,2,15
jsoup-1.23.2,2026-08-26,org.jsoup.nodes.Document$OutputSettings$Syntax,0,1,0,0,0,0,1
jsoup-1.23.2,2026-08-26,org.jsoup.internal.StringUtil,96,1,0,6,423,61,221
jsoup-1.23.2,2026-08-26,org.jsoup.parser.TokeniserState$Anonymous24,6,1,0,2,0,6,25
jsoup-1.23.2,2026-08-26,org.jsoup.parser.TokeniserState$Anonymous25,3,1,0,3,0,8,18
jsoup-1.23.2,2026-08-26,org.jsoup.parser.TokeniserState$Anonymous26,1,1,0,3,0,1,5
jsoup-1.23.2,2026-08-26,org.jsoup.parser.TokeniserState$Anonymous27,1,1,0,3,0,1,5
jsoup-1.23.2,2026-08-26,org.jsoup.parser.TokeniserState$Anonymous20,2,1,0,2,0,4,11
jsoup-1.23.2,2026-08-26,org.jsoup.parser.TokeniserState$Anonymous21,2,1,0,2,0,4,11
jsoup-1.23.2,2026-08-26,org.jsoup.parser.TokeniserState$Anonymous22,5,1,0,2,0,10,22
jsoup-1.23.2,2026-08-26,org.jsoup.internal.QuietAppendable$BaseAppendable$Action,1,1,0,0,0,0,3
jsoup-1.23.2,2026-08-26,org.jsoup.parser.TokeniserState$Anonymous23,5,1,0,2,0,6,23
jsoup-1.23.2,2026-08-26,org.jsoup.parser.Tokeniser,77,1,0,26,125,68,232
jsoup-1.23.2,2026-08-26,org.jsoup.nodes.Comment,12,3,0,8,36,12,35
jsoup-1.23.2,2026-08-26,org.jsoup.select.Evaluator$IndexGreaterThan,4,3,0,2,3,2,11
jsoup-1.23.2,2026-08-26,org.jsoup.nodes.LeafNode,39,2,5,10,143,22,116
jsoup-1.23.2,2026-08-26,org.jsoup.parser.TokeniserState$Anonymous28,1,1,0,3,0,1,5
jsoup-1.23.2,2026-08-26,org.jsoup.parser.TokeniserState$Anonymous29,5,1,0,2,0,9,22
jsoup-1.23.2,2026-08-26,org.jsoup.helper.RequestAuthenticator$Context,9,1,0,0,5,1,28
jsoup-1.23.2,2026-08-26,org.jsoup.internal.SimpleStreamReader,25,2,0,6,0,28,67
jsoup-1.23.2,2026-08-26,org.jsoup.select.Selector,19,5,0,10,66,15,83
jsoup-1.23.2,2026-08-26,org.jsoup.select.Evaluator$AttributeWithValueEnding,4,3,0,4,6,5,14
jsoup-1.23.2,2026-08-26,org.jsoup.select.StructuralEvaluator$ImmediatePreviousSibling,7,3,0,4,6,5,16
jsoup-1.23.2,2026-08-26,org.jsoup.parser.TokeniserState$Anonymous30,5,1,0,2,0,5,22
jsoup-1.23.2,2026-08-26,org.jsoup.safety.Safelist$AttributeValue,2,2,0,2,1,0,8
jsoup-1.23.2,2026-08-26,org.jsoup.select.NodeEvaluator$ContainsValue,4,3,0,4,0,5,15
jsoup-1.23.2,2026-08-26,org.jsoup.helper.HttpConnection$KeyVal,14,1,0,5,20,4,56
jsoup-1.23.2,2026-08-26,org.jsoup.parser.HtmlTreeBuilderState$Anonymous5,14,1,0,9,1,25,65
jsoup-1.23.2,2026-08-26,org.jsoup.parser.TokeniserState$Anonymous35,16,1,0,4,0,9,31
jsoup-1.23.2,2026-08-26,org.jsoup.parser.HtmlTreeBuilderState$Anonymous4,23,1,0,12,1,35,87
jsoup-1.23.2,2026-08-26,org.jsoup.parser.TokeniserState$Anonymous36,14,1,0,3,0,9,30
jsoup-1.23.2,2026-08-26,org.jsoup.parser.HtmlTreeBuilderState$Anonymous7,5,1,0,3,0,11,19
jsoup-1.23.2,2026-08-26,org.jsoup.parser.TokeniserState$Anonymous37,15,1,0,3,0,8,33
jsoup-1.23.2,2026-08-26,org.jsoup.parser.HtmlTreeBuilderState$Anonymous6,209,1,0,18,10,90,550
jsoup-1.23.2,2026-08-26,org.jsoup.parser.TokeniserState$Anonymous38,7,1,0,4,0,12,25
jsoup-1.23.2,2026-08-26,org.jsoup.parser.HtmlTreeBuilderState$Anonymous1,7,1,0,9,0,23,25
jsoup-1.23.2,2026-08-26,org.jsoup.parser.TokeniserState$Anonymous31,6,1,0,2,0,5,24
jsoup-1.23.2,2026-08-26,org.jsoup.parser.TokeniserState$Anonymous32,2,1,0,2,0,5,12
jsoup-1.23.2,2026-08-26,org.jsoup.parser.HtmlTreeBuilderState$Anonymous3,11,1,0,7,0,21,35
jsoup-1.23.2,2026-08-26,org.jsoup.parser.TokeniserState$Anonymous33,1,1,0,3,0,1,5
jsoup-1.23.2,2026-08-26,org.jsoup.parser.HtmlTreeBuilderState$Anonymous2,10,1,0,7,1,20,34
jsoup-1.23.2,2026-08-26,org.jsoup.parser.TokeniserState$Anonymous34,15,1,0,4,0,9,30
jsoup-1.23.2,2026-08-26,org.jsoup.parser.HtmlTreeBuilderState$Anonymous9,6,1,0,6,0,16,32
jsoup-1.23.2,2026-08-26,org.jsoup.parser.TokeniserState$Anonymous39,7,1,0,4,0,12,25
jsoup-1.23.2,2026-08-26,org.jsoup.parser.HtmlTreeBuilderState$Anonymous8,31,1,0,10,1,40,124
jsoup-1.23.2,2026-08-26,org.jsoup.nodes.Node,169,1,2,20,2724,107,467
jsoup-1.23.2,2026-08-26,org.jsoup.safety.Safelist$TypedValue,7,1,0,2,0,4,19
jsoup-1.23.2,2026-08-26,org.jsoup.parser.HtmlTreeBuilderState,9,1,0,14,6,17,1709
jsoup-1.23.2,2026-08-26,org.jsoup.helper.DataUtil$CharsetDoc,1,1,0,2,0,0,10
jsoup-1.23.2,2026-08-26,org.jsoup.helper.AuthenticationHandler,9,2,0,6,1,9,53
jsoup-1.23.2,2026-08-26,org.jsoup.select.Evaluator$AttributeStarting,6,2,0,6,0,7,20
jsoup-1.23.2,2026-08-26,org.jsoup.parser.TokeniserState$Anonymous40,17,1,0,4,0,12,30
jsoup-1.23.2,2026-08-26,org.jsoup.nodes.DataNode,10,3,0,5,15,8,29
jsoup-1.23.2,2026-08-26,org.jsoup.parser.TokeniserState$Anonymous41,11,1,0,4,0,6,21
jsoup-1.23.2,2026-08-26,org.jsoup.nodes.Attributes,132,2,0,15,477,59,423
jsoup-1.23.2,2026-08-26,org.jsoup.helper.W3CDom,36,1,0,16,135,51,317
jsoup-1.23.2,2026-08-26,org.jsoup.parser.XmlTreeBuilder,52,2,0,34,160,83,167
jsoup-1.23.2,2026-08-26,org.jsoup.helper.RequestExecutor,4,1,1,3,6,0,11
jsoup-1.23.2,2026-08-26,org.jsoup.nodes.Document$OutputSettings,21,1,0,4,102,9,80
jsoup-1.23.2,2026-08-26,org.jsoup.select.CombiningEvaluator,11,6,4,2,0,11,105
jsoup-1.23.2,2026-08-26,org.jsoup.select.Evaluator$ContainsData,3,2,0,3,0,4,12
jsoup-1.23.2,2026-08-26,org.jsoup.nodes.Printer,14,4,2,13,0,18,164
jsoup-1.23.2,2026-08-26,org.jsoup.internal.Normalizer,6,1,0,2,6,5,14
jsoup-1.23.2,2026-08-26,org.jsoup.nodes.Attributes$Dataset$EntrySet,3,3,0,1,1,1,11
jsoup-1.23.2,2026-08-26,org.jsoup.nodes.Attributes$Dataset,4,4,0,2,1,4,43
jsoup-1.23.2,2026-08-26,org.jsoup.parser.TokeniserState$Anonymous13,1,1,0,3,0,1,5
jsoup-1.23.2,2026-08-26,org.jsoup.parser.TokeniserState$Anonymous14,2,1,0,2,0,4,11
jsoup-1.23.2,2026-08-26,org.jsoup.helper.Validate,40,1,0,4,210,4,69
jsoup-1.23.2,2026-08-26,org.jsoup.parser.TokeniserState$Anonymous15,1,1,0,3,0,1,5
jsoup-1.23.2,2026-08-26,org.jsoup.parser.TokeniserState$Anonymous16,1,1,0,3,0,1,5
jsoup-1.23.2,2026-08-26,org.jsoup.select.StructuralEvaluator$ImmediateParentRun,11,3,0,5,0,10,36
jsoup-1.23.2,2026-08-26,org.jsoup.parser.TokeniserState$Anonymous10,10,1,0,3,0,7,22
jsoup-1.23.2,2026-08-26,org.jsoup.parser.TokeniserState$Anonymous11,2,1,0,2,0,4,11
jsoup-1.23.2,2026-08-26,org.jsoup.parser.TokeniserState$Anonymous12,1,1,0,3,0,1,5
jsoup-1.23.2,2026-08-26,org.jsoup.parser.HtmlTreeBuilder$NoscriptState,1,1,0,3,0,0,8
jsoup-1.23.2,2026-08-26,org.jsoup.select.StructuralEvaluator$Is,4,3,0,4,6,3,14
jsoup-1.23.2,2026-08-26,org.jsoup.parser.TokeniserState$Anonymous17,4,1,0,2,0,6,18
jsoup-1.23.2,2026-08-26,org.jsoup.parser.TokeniserState$Anonymous18,1,1,0,3,0,1,5
jsoup-1.23.2,2026-08-26,org.jsoup.parser.TokeniserState$Anonymous19,1,1,0,3,0,1,5
jsoup-1.23.2,2026-08-26,org.jsoup.select.Evaluator$CssNthEvaluator,13,2,0,4,9,4,24
jsoup-1.23.2,2026-08-26,org.jsoup.parser.Token$Comment,6,2,0,3,3,6,27
jsoup-1.23.2,2026-08-26,org.jsoup.select.Evaluator$IsFirstOfType,2,4,0,1,1,0,8
jsoup-1.23.2,2026-08-26,org.jsoup.helper.Regex$JdkMatcher,2,1,0,1,0,1,9
jsoup-1.23.2,2026-08-26,org.jsoup.nodes.Element$NodeList,3,4,0,1,3,0,12
jsoup-1.23.2,2026-08-26,org.jsoup.parser.TokeniserState$Anonymous68,1,1,0,3,0,1,5
jsoup-1.23.2,2026-08-26,org.jsoup.examples.Wikipedia,3,1,0,7,1,9,13
jsoup-1.23.2,2026-08-26,org.jsoup.parser.ParseError,8,1,0,1,0,4,37
jsoup-1.23.2,2026-08-26,org.jsoup.parser.TokeniserState$Anonymous69,3,1,0,4,0,7,10
jsoup-1.23.2,2026-08-26,org.jsoup.safety.Safelist,69,5,0,13,138,90,302
jsoup-1.23.2,2026-08-26,org.jsoup.parser.TokeniserState$Anonymous64,5,1,0,3,0,6,23
jsoup-1.23.2,2026-08-26,org.jsoup.parser.TokeniserState$Anonymous65,5,1,0,3,0,6,23
jsoup-1.23.2,2026-08-26,org.jsoup.parser.TokenData,23,1,0,3,0,12,73
jsoup-1.23.2,2026-08-26,org.jsoup.parser.TreeBuilder,74,1,2,23,479,76,223
jsoup-1.23.2,2026-08-26,org.jsoup.parser.TokeniserState$Anonymous66,10,1,0,2,0,5,26
jsoup-1.23.2,2026-08-26,org.jsoup.parser.TokeniserState$Anonymous67,3,1,0,2,0,3,14
jsoup-1.23.2,2026-08-26,org.jsoup.nodes.PseudoTextElement,3,3,0,5,3,0,9
jsoup-1.23.2,2026-08-26,org.jsoup.parser.TokeniserState$Anonymous1,5,1,0,3,0,8,18
jsoup-1.23.2,2026-08-26,org.jsoup.select.Evaluator$TagStartsWith,3,2,0,2,0,3,12
jsoup-1.23.2,2026-08-26,org.jsoup.parser.Parser,38,1,0,13,271,27,147
jsoup-1.23.2,2026-08-26,org.jsoup.select.Evaluator$IsEmpty,8,2,0,7,1,3,14
jsoup-1.23.2,2026-08-26,org.jsoup.parser.TokeniserState$Anonymous7,3,1,0,3,0,7,15
jsoup-1.23.2,2026-08-26,org.jsoup.parser.TokeniserState$Anonymous6,1,1,0,3,0,1,5
jsoup-1.23.2,2026-08-26,org.jsoup.parser.TokeniserState$Anonymous9,4,1,0,3,0,11,23
jsoup-1.23.2,2026-08-26,org.jsoup.select.Evaluator$AttributeWithValueMatching,5,2,0,6,0,8,20
jsoup-1.23.2,2026-08-26,org.jsoup.parser.TokeniserState$Anonymous8,6,1,0,2,0,8,28
jsoup-1.23.2,2026-08-26,org.jsoup.nodes.Range$Position,15,1,0,2,0,6,35
jsoup-1.23.2,2026-08-26,org.jsoup.parser.TokeniserState$Anonymous3,5,1,0,3,0,8,19
jsoup-1.23.2,2026-08-26,org.jsoup.helper.Re2jRegex,6,2,0,6,0,5,40
jsoup-1.23.2,2026-08-26,org.jsoup.parser.TokeniserState$Anonymous2,1,1,0,3,0,1,5
jsoup-1.23.2,2026-08-26,org.jsoup.parser.TokeniserState$Anonymous5,1,1,0,3,0,1,5
jsoup-1.23.2,2026-08-26,org.jsoup.parser.TokeniserState$Anonymous4,1,1,0,3,0,1,5
jsoup-1.23.2,2026-08-26,org.jsoup.examples.ListLinks,9,1,0,8,3,15,31
jsoup-1.23.2,2026-08-26,org.jsoup.select.Evaluator$IsNthChild,3,3,0,2,3,1,11
jsoup-1.23.2,2026-08-26,org.jsoup.parser.HtmlTreeBuilderState$Constants,0,1,0,0,0,0,39
jsoup-1.23.2,2026-08-26,org.jsoup.safety.Safelist$TagName,2,2,0,3,1,1,8
jsoup-1.23.2,2026-08-26,org.jsoup.helper.AuthenticationHandler$AuthShim,3,1,0,3,3,0,5
jsoup-1.23.2,2026-08-26,org.jsoup.select.Evaluator$Class,4,2,0,2,0,2,15
jsoup-1.23.2,2026-08-26,org.jsoup.nodes.Attributes$Anonymous1,10,1,0,3,0,3,30
jsoup-1.23.2,2026-08-26,org.jsoup.select.StructuralEvaluator$Has,17,3,0,11,13,12,50
jsoup-1.23.2,2026-08-26,org.jsoup.nodes.Printer$Pretty,61,2,0,12,69,31,107
jsoup-1.23.2,2026-08-26,org.jsoup.parser.Token,26,14,10,10,136,2,424
jsoup-1.23.2,2026-08-26,org.jsoup.safety.Cleaner$CleaningVisitor,11,1,0,8,0,9,42
jsoup-1.23.2,2026-08-26,org.jsoup.select.Evaluator$AttributeKeyPair,3,2,0,3,0,9,18
jsoup-1.23.2,2026-08-26,org.jsoup.select.Evaluator$ContainsWholeOwnText,3,2,0,2,0,3,12
jsoup-1.23.2,2026-08-26,org.jsoup.select.Evaluator$IsNthLastOfType,6,3,0,3,3,4,19
jsoup-1.23.2,2026-08-26,org.jsoup.internal.QuietAppendable$StringBuilderAppendable,5,2,0,3,0,4,21
jsoup-1.23.2,2026-08-26,org.jsoup.parser.Tag,63,1,0,8,131,22,156
jsoup-1.23.2,2026-08-26,org.jsoup.parser.Token$Character,10,2,0,3,0,10,38
jsoup-1.23.2,2026-08-26,org.jsoup.select.Evaluator$IsLastOfType,2,4,0,1,1,0,8
jsoup-1.23.2,2026-08-26,org.jsoup.select.Evaluator$Attribute,4,2,0,3,0,2,15
jsoup-1.23.2,2026-08-26,org.jsoup.internal.StringUtil$StringJoiner,5,1,0,4,0,5,25
jsoup-1.23.2,2026-08-26,org.jsoup.select.NodeFilter$FilterResult,0,1,0,0,0,0,6
jsoup-1.23.2,2026-08-26,org.jsoup.Connection$KeyVal,9,1,0,2,36,0,11
jsoup-1.23.2,2026-08-26,org.jsoup.nodes.Entities,86,1,0,11,174,50,250
jsoup-1.23.2,2026-08-26,org.jsoup.internal.SharedConstants,1,1,0,0,0,0,15
jsoup-1.23.2,2026-08-26,org.jsoup.parser.Token$CData,2,3,0,1,1,2,9
jsoup-1.23.2,2026-08-26,org.jsoup.select.Evaluator$AttributeWithValueContaining,4,3,0,4,6,5,14
jsoup-1.23.2,2026-08-26,org.jsoup.select.Elements,108,5,0,17,2080,65,290
jsoup-1.23.2,2026-08-26,org.jsoup.select.Evaluator$AllElements,3,2,0,2,3,0,11
jsoup-1.23.2,2026-08-26,org.jsoup.parser.TokeniserState$Anonymous46,5,1,0,3,0,7,23
jsoup-1.23.2,2026-08-26,org.jsoup.parser.TokeniserState$Anonymous47,5,1,0,3,0,6,23
jsoup-1.23.2,2026-08-26,org.jsoup.parser.TokeniserState$Anonymous48,4,1,0,3,0,10,18
jsoup-1.23.2,2026-08-26,org.jsoup.parser.TokeniserState$Anonymous49,4,1,0,3,0,6,19
jsoup-1.23.2,2026-08-26,org.jsoup.parser.TokeniserState$Anonymous42,3,1,0,2,0,6,17
jsoup-1.23.2,2026-08-26,org.jsoup.nodes.TextNode,19,3,1,8,91,19,55
jsoup-1.23.2,2026-08-26,org.jsoup.parser.TokeniserState$Anonymous43,3,1,0,3,0,6,11
jsoup-1.23.2,2026-08-26,org.jsoup.parser.TokeniserState$Anonymous44,7,1,0,3,0,11,34
jsoup-1.23.2,2026-08-26,org.jsoup.select.Evaluator$AttributeWithValue,4,3,0,3,6,4,14
jsoup-1.23.2,2026-08-26,org.jsoup.parser.TokeniserState$Anonymous45,2,1,0,3,0,6,14
jsoup-1.23.2,2026-08-26,org.jsoup.select.Evaluator$AttributeWithValueNot,4,3,0,3,6,3,14
jsoup-1.23.2,2026-08-26,org.jsoup.internal.QuietAppendable$BaseAppendable,6,2,0,5,0,4,27
jsoup-1.23.2,2026-08-26,org.jsoup.nodes.Range$Spans,39,1,0,5,4,14,112
jsoup-1.23.2,2026-08-26,org.jsoup.parser.ParseErrorList,8,4,0,2,1,2,28
jsoup-1.23.2,2026-08-26,org.jsoup.SerializationException,4,4,0,0,6,0,14
jsoup-1.23.2,2026-08-26,org.jsoup.select.CombiningEvaluator$Or,11,3,0,6,15,8,31
jsoup-1.23.2,2026-08-26,org.jsoup.select.Evaluator$ContainsText,4,2,0,4,0,5,15
jsoup-1.23.2,2026-08-26,org.jsoup.Connection$Base,18,1,0,4,153,0,20
jsoup-1.23.2,2026-08-26,org.jsoup.parser.TokeniserState$Anonymous50,6,1,0,3,0,7,24
jsoup-1.23.2,2026-08-26,org.jsoup.Progress,1,1,0,1,0,0,3
jsoup-1.23.2,2026-08-26,org.jsoup.parser.TokeniserState$Anonymous51,5,1,0,3,0,7,23
jsoup-1.23.2,2026-08-26,org.jsoup.select.Evaluator$IsNthOfType,7,3,0,3,3,6,20
jsoup-1.23.2,2026-08-26,org.jsoup.select.Evaluator$Id,4,2,0,2,0,3,15
jsoup-1.23.2,2026-08-26,org.jsoup.parser.TokeniserState$Anonymous52,8,1,0,2,0,6,18
jsoup-1.23.2,2026-08-26,org.jsoup.select.StructuralEvaluator$PreviousSibling,8,3,0,4,6,5,19
jsoup-1.23.2,2026-08-26,org.jsoup.parser.TokeniserState$Anonymous57,10,1,0,2,0,5,25
jsoup-1.23.2,2026-08-26,org.jsoup.parser.TokeniserState$Anonymous58,5,1,0,3,0,6,23
jsoup-1.23.2,2026-08-26,org.jsoup.parser.TokeniserState$Anonymous59,5,1,0,3,0,6,23
jsoup-1.23.2,2026-08-26,org.jsoup.internal.QuietAppendable,5,3,4,4,6,0,57
jsoup-1.23.2,2026-08-26,org.jsoup.examples.HtmlToPlainText$FormattingVisitor,18,1,0,5,4,14,44
jsoup-1.23.2,2026-08-26,org.jsoup.select.NodeEvaluator$BlankValue,3,3,0,3,3,2,11
jsoup-1.23.2,2026-08-26,org.jsoup.parser.TokeniserState$Anonymous53,9,1,0,3,0,8,27
jsoup-1.23.2,2026-08-26,org.jsoup.select.Collector,8,1,0,8,21,19,31
jsoup-1.23.2,2026-08-26,org.jsoup.parser.TokeniserState$Anonymous54,10,1,0,3,0,9,26
jsoup-1.23.2,2026-08-26,org.jsoup.parser.TokeniserState$Anonymous55,8,1,0,2,0,10,33
jsoup-1.23.2,2026-08-26,org.jsoup.helper.ValidationException,4,5,0,2,1,8,17
jsoup-1.23.2,2026-08-26,org.jsoup.nodes.Attributes$Dataset$DatasetIterator,5,1,0,2,0,9,17
jsoup-1.23.2,2026-08-26,org.jsoup.parser.TokeniserState$Anonymous56,10,1,0,2,0,5,28
jsoup-1.23.2,2026-08-26,org.jsoup.select.StructuralEvaluator$Not,4,3,0,4,6,3,14
jsoup-1.23.2,2026-08-26,org.jsoup.nodes.NodeInternals,10,1,0,7,15,11,30
jsoup-1.23.2,2026-08-26,org.jsoup.parser.CharacterReader,158,1,0,8,157,48,436
jsoup-1.23.2,2026-08-26,org.jsoup.select.Evaluator$IsFirstChild,4,2,0,3,1,2,9
jsoup-1.23.2,2026-08-26,org.jsoup.parser.TokeniserState$Anonymous60,10,1,0,2,0,5,26
jsoup-1.23.2,2026-08-26,org.jsoup.parser.TokeniserState$Anonymous61,12,1,0,2,0,5,34
jsoup-1.23.2,2026-08-26,org.jsoup.parser.TokeniserState$Anonymous62,10,1,0,2,0,5,28
jsoup-1.23.2,2026-08-26,org.jsoup.parser.TokeniserState$Anonymous63,10,1,0,2,0,5,25
jsoup-1.23.2,2026-08-26,org.jsoup.select.StructuralEvaluator$Root,4,2,0,2,3,0,11
jsoup-1.23.2,2026-08-26,org.jsoup.helper.HttpConnection$Response,134,2,0,27,225,132,391
jsoup-1.23.2,2026-08-26,org.jsoup.select.NodeVisitor,3,1,0,2,3,1,8
jsoup-1.23.2,2026-08-26,org.jsoup.select.NodeEvaluator,4,10,8,5,6,1,71
jsoup-1.23.2,2026-08-26,org.jsoup.safety.Safelist$Protocol,2,2,0,2,1,0,8
jsoup-1.23.2,2026-08-26,org.jsoup.parser.CharacterReader$CharPredicate,1,1,0,0,0,0,3
jsoup-1.23.2,2026-08-26,org.jsoup.parser.Token$EOF,3,2,0,2,3,1,12
jsoup-1.23.2,2026-08-26,org.jsoup.parser.Token$StartTag,7,3,0,6,6,8,21
jsoup-1.23.2,2026-08-26,org.jsoup.select.Evaluator$AttributeWithValueStarting,4,3,0,4,6,5,14
jsoup-1.23.2,2026-08-26,org.jsoup.parser.TagSet,37,1,0,5,84,34,136
jsoup-1.23.2,2026-08-26,org.jsoup.nodes.DocumentType,22,3,0,8,17,15,61
jsoup-1.23.2,2026-08-26,org.jsoup.Connection$Request,28,1,0,6,378,0,40
jsoup-1.23.2,2026-08-26,org.jsoup.examples.HtmlToPlainText,11,1,0,9,3,17,88
jsoup-1.23.2,2026-08-26,org.jsoup.HttpStatusException,3,4,0,0,0,0,15
jsoup-1.23.2,2026-08-26,org.jsoup.select.QueryParser,131,1,0,68,141,72,321
jsoup-1.23.2,2026-08-26,org.jsoup.select.Evaluator$MatchesWholeText,5,2,0,4,0,5,18
jsoup-1.23.2,2026-08-26,org.jsoup.parser.HtmlTreeBuilderState$Anonymous23,30,1,0,17,3,37,65
jsoup-1.23.2,2026-08-26,org.jsoup.nodes.NodeUtils,7,1,0,14,10,13,28
jsoup-1.23.2,2026-08-26,org.jsoup.parser.HtmlTreeBuilderState$Anonymous22,9,1,0,4,0,13,20
jsoup-1.23.2,2026-08-26,org.jsoup.select.Evaluator$Matches,5,2,0,4,0,5,18
jsoup-1.23.2,2026-08-26,org.jsoup.select.Evaluator$IsOnlyChild,3,2,0,3,1,3,9
jsoup-1.23.2,2026-08-26,org.jsoup.Connection$Method,2,1,0,0,0,0,9
jsoup-1.23.2,2026-08-26,org.jsoup.helper.HttpConnection$Base,38,1,0,9,89,30,142
jsoup-1.23.2,2026-08-26,org.jsoup.parser.TokenQueue,106,1,0,5,65,52,301
jsoup-1.23.2,2026-08-26,org.jsoup.parser.ParseSettings,12,1,0,3,0,4,41
jsoup-1.23.2,2026-08-26,org.jsoup.select.NodeFilter,3,1,0,3,3,1,15
jsoup-1.23.2,2026-08-26,org.jsoup.internal.NamespaceBindings,19,1,0,5,21,18,61
jsoup-1.23.2,2026-08-26,org.jsoup.parser.HtmlTreeBuilderState$Anonymous21,7,1,0,5,0,17,22
jsoup-1.23.2,2026-08-26,org.jsoup.parser.HtmlTreeBuilderState$Anonymous20,11,1,0,4,0,17,30
jsoup-1.23.2,2026-08-26,org.jsoup.select.Evaluator$MatchesWholeOwnText,5,2,0,4,0,5,19
jsoup-1.23.2,2026-08-26,org.jsoup.parser.HtmlTreeBuilderState$Anonymous12,15,1,0,9,3,19,60
jsoup-1.23.2,2026-08-26,org.jsoup.parser.HtmlTreeBuilderState$Anonymous11,16,1,0,8,1,16,55
jsoup-1.23.2,2026-08-26,org.jsoup.parser.HtmlTreeBuilderState$Anonymous14,15,1,0,7,3,18,54
jsoup-1.23.2,2026-08-26,org.jsoup.internal.Functions,5,1,0,4,10,0,20
jsoup-1.23.2,2026-08-26,org.jsoup.parser.HtmlTreeBuilderState$Anonymous13,15,1,0,8,1,17,77
jsoup-1.23.2,2026-08-26,org.jsoup.parser.HtmlTreeBuilderState$Anonymous16,6,1,0,4,0,12,22
jsoup-1.23.2,2026-08-26,org.jsoup.helper.W3CDom$W3CBuilder,72,1,0,24,100,76,185
jsoup-1.23.2,2026-08-26,org.jsoup.parser.HtmlTreeBuilderState$Anonymous15,32,1,0,9,1,24,80
jsoup-1.23.2,2026-08-26,org.jsoup.parser.HtmlTreeBuilderState$Anonymous18,13,1,0,6,0,23,38
jsoup-1.23.2,2026-08-26,org.jsoup.parser.HtmlTreeBuilderState$Anonymous17,17,1,0,5,0,18,61
jsoup-1.23.2,2026-08-26,org.jsoup.parser.HtmlTreeBuilderState$Anonymous19,16,1,0,6,0,22,50
jsoup-1.23.2,2026-08-26,org.jsoup.select.Evaluator$ContainsOwnText,3,2,0,4,0,5,12
jsoup-1.23.2,2026-08-26,org.jsoup.parser.TokeniserState,60,1,0,9,22,35,1430
jsoup-1.23.2,2026-08-26,org.jsoup.select.Evaluator$IndexLessThan,5,3,0,2,3,2,11
jsoup-1.23.2,2026-08-26,org.jsoup.parser.HtmlTagOptions,15,1,0,1,1,1,41
jsoup-1.23.2,2026-08-26,org.jsoup.helper.RequestDispatch,9,1,0,6,0,9,28
jsoup-1.23.2,2026-08-26,org.jsoup.nodes.Entities$EscapeMode,8,1,0,2,3,6,26
jsoup-1.23.2,2026-08-26,org.jsoup.select.Evaluator$MatchText,7,2,0,6,6,10,25
jsoup-1.23.2,2026-08-26,org.jsoup.parser.HtmlTreeBuilderState$Anonymous10,13,1,0,6,0,17,37
jsoup-1.23.2,2026-08-26,org.jsoup.safety.Cleaner$ElementMeta,1,1,0,1,0,0,8
jsoup-1.23.2,2026-08-26,org.jsoup.select.Evaluator,12,59,61,9,36,4,629
jsoup-1.23.2,2026-08-26,org.jsoup.internal.ControllableInputStream$ProgressState,2,1,0,2,0,1,11
jsoup-1.23.2,2026-08-26,org.jsoup.Connection,43,1,0,11,903,3,158
jsoup-1.23.2,2026-08-26,org.jsoup.internal.SoftPool,7,1,0,2,2,10,30
jsoup-1.23.2,2026-08-26,org.jsoup.select.Evaluator$IsRoot,5,2,0,3,3,1,12
jsoup-1.23.2,2026-08-26,org.jsoup.select.Nodes,40,4,0,6,325,34,129
jsoup-1.23.2,2026-08-26,org.jsoup.nodes.CDataNode,5,4,0,4,10,3,17
jsoup-1.23.2,2026-08-26,org.jsoup.select.Evaluator$IsLastChild,4,2,0,3,1,2,9
jsoup-1.23.2,2026-08-26,org.jsoup.select.Evaluator$IsNthLastChild,4,3,0,2,3,3,12
jsoup-1.23.2,2026-08-26,org.jsoup.helper.RequestAuthenticator,1,1,0,2,0,0,31
jsoup-1.23.2,2026-08-26,org.jsoup.parser.Token$TokenType,0,1,0,0,0,0,1
jsoup-1.23.2,2026-08-26,org.jsoup.nodes.Attribute,85,1,0,11,0,47,172
jsoup-1.23.2,2026-08-26,org.jsoup.nodes.Range$AttributeRange,25,1,0,4,0,10,67
jsoup-1.23.2,2026-08-26,org.jsoup.helper.Re2jRegex$Re2jMatcher,3,1,0,3,0,1,14
jsoup-1.23.2,2026-08-26,org.jsoup.internal.LineMap,18,1,0,2,1,4,38
